ip,source,lineage,lat,lon,city,country,accuracy_radius,db_version,is_default_centroid,centroid_match,status,fetched_at_utc
node_02125,dbip_lite,dbip_lite,-37.862,144.77,Laverton,AU,,1780278471,False,,success,2026-08-01T09:23:50Z
node_02125,geojs,maxmind_geolite,-37.8846,145.1373,Melbourne,AU,,,False,,success,2026-08-01T09:23:50Z
node_02125,ip2location_lite,ip2location_lite,-37.814007,144.963165,Melbourne,AU,,1780555707,False,,success,2026-08-01T09:23:50Z
node_02125,ip_api,ipapi_com_unverified,-37.8201,144.9636,Melbourne,AU,,,False,,success,2026-08-01T09:23:48Z
node_02125,ipinfo,ipinfo,-37.814,144.9633,Melbourne,AU,,,False,,success,2026-08-01T09:23:50Z
node_02125,ipwho_is,ipwhois_unverified,-37.8135808,144.9625221,Melbourne,AU,,,False,,success,2026-08-01T09:23:49Z
node_02125,maxmind_geolite2,maxmind_geolite,-37.8391,145.0197,Melbourne,AU,50,1780418264,False,,success,2026-08-01T09:23:50Z
node_02125,reallyfreegeoip,maxmind_geolite,-37.8846,145.1373,Melbourne,AU,,,False,,success,2026-08-01T09:34:20Z
node_02114,dbip_lite,dbip_lite,-8.55861,125.574,Dili,TL,,1780278471,False,,success,2026-08-01T09:23:34Z
node_02114,geojs,maxmind_geolite,-8.5591,125.5766,Dili,TL,,,False,,success,2026-08-01T09:23:33Z
node_02114,ip2location_lite,ip2location_lite,-8.47111,126.458,Baucau,TL,,1780555707,False,,success,2026-08-01T09:23:34Z
node_02114,ip_api,ipapi_com_unverified,-8.5591,125.5766,Dili,TL,,,False,,success,2026-08-01T09:23:32Z
node_02114,ipinfo,ipinfo,-8.5586,125.5736,Dili,TL,,,False,,success,2026-08-01T09:23:33Z
node_02114,ipwho_is,ipwhois_unverified,-8.5858325,125.5673285,Vera Cruz,TL,,,False,,success,2026-08-01T09:23:33Z
node_02114,maxmind_geolite2,maxmind_geolite,-8.5716,125.5738,,TL,1000,1780418264,True,no_city,success,2026-08-01T09:23:34Z
node_02114,reallyfreegeoip,maxmind_geolite,-8.5592,125.5766,Dili,TL,,,False,,success,2026-08-01T09:23:33Z
node_02089,dbip_lite,dbip_lite,-8.55288,125.542,Dili,TL,,1780278471,False,,success,2026-08-01T09:22:55Z
node_02089,geojs,maxmind_geolite,-8.5591,125.5766,Dili,TL,,,False,,success,2026-08-01T09:22:54Z
node_02089,ip2location_lite,ip2location_lite,-8.55861,125.573608,Dili,TL,,1780555707,False,,success,2026-08-01T09:22:55Z
node_02089,ip_api,ipapi_com_unverified,-8.5591,125.5766,Dili,TL,,,False,,success,2026-08-01T09:22:53Z
node_02089,ipinfo,ipinfo,-8.5586,125.5736,Dili,TL,,,False,,success,2026-08-01T09:22:54Z
node_02089,ipwho_is,ipwhois_unverified,-8.5858325,125.5673285,Vera Cruz,TL,,,False,,success,2026-08-01T09:22:54Z
node_02089,maxmind_geolite2,maxmind_geolite,-8.5591,125.5766,Dili,TL,50,1780418264,False,,success,2026-08-01T09:22:55Z
node_02089,reallyfreegeoip,maxmind_geolite,-8.5592,125.5766,Dili,TL,,,False,,success,2026-08-01T09:22:54Z
node_02149,dbip_lite,dbip_lite,50.1113,8.71743,Frankfurt am Main (Innenstadt I),DE,,1780278471,False,,success,2026-08-01T09:24:28Z
node_02149,geojs,maxmind_geolite,50.1103,8.7147,Frankfurt am Main,DE,,,False,,success,2026-08-01T09:24:27Z
node_02149,ip2location_lite,ip2location_lite,50.110882,8.681996,Frankfurt am Main,DE,,1780555707,False,,success,2026-08-01T09:24:28Z
node_02149,ip_api,ipapi_com_unverified,50.1103,8.7147,Frankfurt am Main,DE,,,False,,success,2026-08-01T09:24:27Z
node_02149,ipinfo,ipinfo,50.1155,8.6842,Frankfurt am Main,DE,,,False,,success,2026-08-01T09:24:27Z
node_02149,ipwho_is,ipwhois_unverified,50.110859,8.6821259,Frankfurt am Main,DE,,,False,,success,2026-08-01T09:24:27Z
node_02149,maxmind_geolite2,maxmind_geolite,50.1103,8.7147,Frankfurt am Main,DE,20,1780418264,False,,success,2026-08-01T09:24:28Z
node_02149,reallyfreegeoip,maxmind_geolite,50.1103,8.7147,Frankfurt am Main,DE,,,False,,success,2026-08-01T09:24:27Z
node_02059,dbip_lite,dbip_lite,33.7501,-84.3885,Atlanta,US,,1780278471,False,,success,2026-08-01T09:22:01Z
node_02059,geojs,maxmind_geolite,37.751,-97.822,,US,,,True,no_city,success,2026-08-01T09:22:01Z
node_02059,ip2location_lite,ip2location_lite,40.713192,-74.006065,New York City,US,,1780555707,False,,success,2026-08-01T09:22:01Z
node_02059,ip_api,ipapi_com_unverified,40.7128,-74.006,New York,US,,,False,,success,2026-08-01T09:22:00Z
node_02059,ipinfo,ipinfo,29.9913,-93.9585,Port Neches,US,,,False,,success,2026-08-01T09:22:01Z
node_02059,ipwho_is,ipwhois_unverified,37.9091948,-122.3101156,Central Contra Costa,US,,,False,,success,2026-08-01T09:22:01Z
node_02059,maxmind_geolite2,maxmind_geolite,37.751,-97.822,,US,1000,1780418264,True,no_city,success,2026-08-01T09:22:01Z
node_02059,reallyfreegeoip,maxmind_geolite,37.751,-97.822,,US,,,True,no_city,success,2026-08-01T09:34:51Z
node_02144,dbip_lite,dbip_lite,31.9544,35.9106,Amman,JO,,1780278471,False,,success,2026-08-01T09:24:18Z
node_02144,geojs,maxmind_geolite,31.9555,35.9435,Amman,JO,,,False,,success,2026-08-01T09:24:18Z
node_02144,ip2location_lite,ip2location_lite,32.65873,35.886971,Kharja,JO,,1780555707,False,,success,2026-08-01T09:24:18Z
node_02144,ip_api,ipapi_com_unverified,31.9555,35.9435,Amman,JO,,,False,,success,2026-08-01T09:24:17Z
node_02144,ipinfo,ipinfo,32.5556,35.85,Irbid,JO,,,False,,success,2026-08-01T09:24:18Z
node_02144,ipwho_is,ipwhois_unverified,32.0177773,36.0463927,Russeifa,JO,,,False,,success,2026-08-01T09:24:18Z
node_02144,maxmind_geolite2,maxmind_geolite,31.9555,35.9435,Amman,JO,5,1780418264,False,,success,2026-08-01T09:24:18Z
node_02144,reallyfreegeoip,maxmind_geolite,31.9555,35.9435,Amman,JO,,,False,,success,2026-08-01T09:38:24Z
node_02096,dbip_lite,dbip_lite,37.942,23.6462,Piraeus,GR,,1780278471,False,,success,2026-08-01T09:23:06Z
node_02096,geojs,maxmind_geolite,37.9842,23.7353,Athens,GR,,,False,,success,2026-08-01T09:23:06Z
node_02096,ip2location_lite,ip2location_lite,38.37019,21.42952,Mesolongi,GR,,1780555707,False,,success,2026-08-01T09:23:06Z
node_02096,ip_api,ipapi_com_unverified,37.9842,23.7353,Athens,GR,,,False,,success,2026-08-01T09:23:05Z
node_02096,ipinfo,ipinfo,37.9838,23.7278,Athens,GR,,,False,,success,2026-08-01T09:23:06Z
node_02096,ipwho_is,ipwhois_unverified,37.9417273,23.6461937,Piraeus,GR,,,False,,success,2026-08-01T09:23:06Z
node_02096,maxmind_geolite2,maxmind_geolite,37.9842,23.7353,Athens,GR,100,1780418264,False,,success,2026-08-01T09:23:06Z
node_02096,reallyfreegeoip,maxmind_geolite,37.9842,23.7353,Athens,GR,,,False,,success,2026-08-01T09:32:50Z
node_02094,dbip_lite,dbip_lite,39.7803,19.7447,Karousádes,GR,,1780278471,False,,success,2026-08-01T09:23:02Z
node_02094,geojs,maxmind_geolite,37.9842,23.7353,,GR,,,True,no_city,success,2026-08-01T09:23:02Z
node_02094,ip2location_lite,ip2location_lite,37.616669,21.633329,Krestena,GR,,1780555707,False,,success,2026-08-01T09:23:02Z
node_02094,ip_api,ipapi_com_unverified,39.7803,19.7447,Karousádes,GR,,,False,,success,2026-08-01T09:23:00Z
node_02094,ipinfo,ipinfo,37.9838,23.7278,Athens,GR,,,False,,success,2026-08-01T09:23:02Z
node_02094,ipwho_is,ipwhois_unverified,40.7533373,21.4674341,Perasma,GR,,,False,,success,2026-08-01T09:23:01Z
node_02094,maxmind_geolite2,maxmind_geolite,37.9842,23.7353,,GR,100,1780418264,True,no_city,success,2026-08-01T09:23:02Z
node_02094,reallyfreegeoip,maxmind_geolite,37.9842,23.7353,,GR,,,True,no_city,success,2026-08-01T09:34:36Z
node_02104,dbip_lite,dbip_lite,70.0513,24.9718,Lakselv,NO,,1780278471,False,,success,2026-08-01T09:23:19Z
node_02104,geojs,maxmind_geolite,60.3115,5.3453,Rådal,NO,,,False,,success,2026-08-01T09:23:18Z
node_02104,ip2location_lite,ip2location_lite,70.051331,24.971821,Lakselv,NO,,1780555707,False,,success,2026-08-01T09:23:19Z
node_02104,ip_api,ipapi_com_unverified,70.0513,24.9718,Lakselv,NO,,,False,,success,2026-08-01T09:23:18Z
node_02104,ipinfo,ipinfo,58.7657,8.4839,Åmli,NO,,,False,,success,2026-08-01T09:23:18Z
node_02104,ipwho_is,ipwhois_unverified,70.0513251,24.971816,Lakselv,NO,,,False,,success,2026-08-01T09:23:18Z
node_02104,maxmind_geolite2,maxmind_geolite,60.3115,5.3453,Rådal,NO,100,1780418264,False,,success,2026-08-01T09:23:19Z
node_02104,reallyfreegeoip,maxmind_geolite,60.3115,5.3453,Rådal,NO,,,False,,success,2026-08-01T09:23:18Z
node_02172,dbip_lite,dbip_lite,52.1867,5.6055600000000005,Voorthuizen,NL,,1780278471,False,,success,2026-08-01T09:25:04Z
node_02172,geojs,maxmind_geolite,52.3824,4.8995,,NL,,,True,no_city,success,2026-08-01T09:25:03Z
node_02172,ip2location_lite,ip2location_lite,52.218185,6.89578,Enschede,NL,,1780555707,False,,success,2026-08-01T09:25:04Z
node_02172,ip_api,ipapi_com_unverified,52.0333,5.65833,Ede,NL,,,False,,success,2026-08-01T09:25:03Z
node_02172,ipinfo,ipinfo,52.0908,5.1222,Utrecht,NL,,,False,,success,2026-08-01T09:25:03Z
node_02172,ipwho_is,ipwhois_unverified,52.0402166,5.6648634,Ede,NL,,,False,,success,2026-08-01T09:25:03Z
node_02172,maxmind_geolite2,maxmind_geolite,52.3824,4.8995,,NL,100,1780418264,True,no_city,success,2026-08-01T09:25:04Z
node_02172,reallyfreegeoip,maxmind_geolite,52.3824,4.8995,,NL,,,True,no_city,success,2026-08-01T09:25:03Z
node_02157,dbip_lite,dbip_lite,49.1068,15.3702,Volfířov,CZ,,1780278471,False,,success,2026-08-01T09:24:39Z
node_02157,geojs,maxmind_geolite,50.0883,14.4124,Prague,CZ,,,False,,success,2026-08-01T09:24:39Z
node_02157,ip2location_lite,ip2location_lite,49.834888,18.281956,Ostrava,CZ,,1780555707,False,,success,2026-08-01T09:24:39Z
node_02157,ip_api,ipapi_com_unverified,50.0687,14.3947,Prague,CZ,,,False,,success,2026-08-01T09:24:38Z
node_02157,ipinfo,ipinfo,49.8347,18.282,Ostrava,CZ,,,False,,success,2026-08-01T09:24:39Z
node_02157,ipwho_is,ipwhois_unverified,49.1067743,15.3702362,Volfirov,CZ,,,False,,success,2026-08-01T09:24:39Z
node_02157,maxmind_geolite2,maxmind_geolite,50.0471,14.4523,Prague,CZ,100,1780418264,False,,success,2026-08-01T09:24:39Z
node_02157,reallyfreegeoip,maxmind_geolite,50.0883,14.4124,Prague,CZ,,,False,,success,2026-08-01T09:33:04Z
node_02100,dbip_lite,dbip_lite,14.5612,121.219,Teresa,PH,,1780278471,False,,success,2026-08-01T09:23:13Z
node_02100,geojs,maxmind_geolite,14.4621,121.1899,Binangonan,PH,,,False,,success,2026-08-01T09:23:12Z
node_02100,ip2location_lite,ip2location_lite,9.160219,123.492767,San Juan,PH,,1780555707,False,,success,2026-08-01T09:23:13Z
node_02100,ip_api,ipapi_com_unverified,14.4621,121.1899,Binangonan,PH,,,False,,success,2026-08-01T09:23:12Z
node_02100,ipinfo,ipinfo,14.4646,121.1929,Binangonan,PH,,,False,,success,2026-08-01T09:23:12Z
node_02100,ipwho_is,ipwhois_unverified,14.4621417,121.1899486,Binangonan,PH,,,False,,success,2026-08-01T09:23:12Z
node_02100,maxmind_geolite2,maxmind_geolite,14.4621,121.1899,Binangonan,PH,10,1780418264,False,,success,2026-08-01T09:23:13Z
node_02100,reallyfreegeoip,maxmind_geolite,14.4621,121.1899,Binangonan,PH,,,False,,success,2026-08-01T09:23:12Z
node_02110,dbip_lite,dbip_lite,-31.9514,115.862,Perth,AU,,1780278471,False,,success,2026-08-01T09:23:27Z
node_02110,geojs,maxmind_geolite,-31.938,115.8747,Perth,AU,,,False,,success,2026-08-01T09:23:27Z
node_02110,ip2location_lite,ip2location_lite,-31.95224,115.861397,Perth,AU,,1780555707,False,,success,2026-08-01T09:23:27Z
node_02110,ip_api,ipapi_com_unverified,-31.9463,115.8449,Perth,AU,,,False,,success,2026-08-01T09:23:26Z
node_02110,ipinfo,ipinfo,-31.9522,115.8614,Perth,AU,,,False,,success,2026-08-01T09:23:27Z
node_02110,ipwho_is,ipwhois_unverified,-31.9522425,115.8614189,Perth,AU,,,False,,success,2026-08-01T09:23:27Z
node_02110,maxmind_geolite2,maxmind_geolite,-32.0498,115.8861,Perth,AU,20,1780418264,False,,success,2026-08-01T09:23:27Z
node_02110,reallyfreegeoip,maxmind_geolite,-32.0323,115.8972,Perth,AU,,,False,,success,2026-08-01T09:36:34Z
node_02117,dbip_lite,dbip_lite,-37.6899,145.123,St Helena,AU,,1780278471,False,,success,2026-08-01T09:23:38Z
node_02117,geojs,maxmind_geolite,-37.8469,145.2136,Melbourne,AU,,,False,,success,2026-08-01T09:23:38Z
node_02117,ip2location_lite,ip2location_lite,-37.814007,144.963165,Melbourne,AU,,1780555707,False,,success,2026-08-01T09:23:38Z
node_02117,ip_api,ipapi_com_unverified,-37.8355,145.2527,Melbourne,AU,,,False,,success,2026-08-01T09:23:37Z
node_02117,ipinfo,ipinfo,-37.814,144.9633,Melbourne,AU,,,False,,success,2026-08-01T09:23:38Z
node_02117,ipwho_is,ipwhois_unverified,-37.8135808,144.9625221,Melbourne,AU,,,False,,success,2026-08-01T09:23:37Z
node_02117,maxmind_geolite2,maxmind_geolite,-37.8374,145.1923,Melbourne,AU,20,1780418264,False,,success,2026-08-01T09:23:38Z
node_02117,reallyfreegeoip,maxmind_geolite,-37.821,145.1535,Melbourne,AU,,,False,,success,2026-08-01T09:23:38Z
node_02067,dbip_lite,dbip_lite,-33.8369,151.206,North Sydney,AU,,1780278471,False,,success,2026-08-01T09:22:15Z
node_02067,geojs,maxmind_geolite,-33.7811,151.0019,Sydney,AU,,,False,,success,2026-08-01T09:22:14Z
node_02067,ip2location_lite,ip2location_lite,-34.928661,138.598633,Adelaide,AU,,1780555707,False,,success,2026-08-01T09:22:15Z
node_02067,ip_api,ipapi_com_unverified,-33.8322,151.0164,Sydney,AU,,,False,,success,2026-08-01T09:22:14Z
node_02067,ipinfo,ipinfo,-33.8678,151.2073,Sydney,AU,,,False,,success,2026-08-01T09:22:14Z
node_02067,ipwho_is,ipwhois_unverified,-33.8677778,151.207052,Sydney,AU,,,False,,success,2026-08-01T09:22:14Z
node_02067,maxmind_geolite2,maxmind_geolite,-33.894,151.2059,Sydney,AU,50,1780418264,False,,success,2026-08-01T09:22:15Z
node_02067,reallyfreegeoip,maxmind_geolite,-33.7811,151.0019,Sydney,AU,,,False,,success,2026-08-01T09:22:15Z
node_02140,dbip_lite,dbip_lite,-37.814,144.963,Melbourne,AU,,1780278471,False,,success,2026-08-01T09:24:12Z
node_02140,geojs,maxmind_geolite,-37.8159,144.9669,Melbourne,AU,,,False,,success,2026-08-01T09:24:12Z
node_02140,ip2location_lite,ip2location_lite,-37.814007,144.963165,Melbourne,AU,,1780555707,False,,success,2026-08-01T09:24:12Z
node_02140,ip_api,ipapi_com_unverified,-37.8159,144.9669,Melbourne,AU,,,False,,success,2026-08-01T09:24:11Z
node_02140,ipinfo,ipinfo,-37.814,144.9633,Melbourne,AU,,,False,,success,2026-08-01T09:24:12Z
node_02140,ipwho_is,ipwhois_unverified,-37.8135808,144.9625221,Melbourne,AU,,,False,,success,2026-08-01T09:24:12Z
node_02140,maxmind_geolite2,maxmind_geolite,-37.8159,144.9669,Melbourne,AU,20,1780418264,False,,success,2026-08-01T09:24:12Z
node_02140,reallyfreegeoip,maxmind_geolite,-37.8159,144.9669,Melbourne,AU,,,False,,success,2026-08-01T09:37:31Z
node_02190,dbip_lite,dbip_lite,-33.8688,151.209,Sydney,AU,,1780278471,False,,success,2026-08-01T09:25:31Z
node_02190,geojs,maxmind_geolite,-33.8672,151.1997,Sydney,AU,,,False,,success,2026-08-01T09:25:30Z
node_02190,ip2location_lite,ip2location_lite,-33.867779,151.207047,Sydney,AU,,1780555707,False,,success,2026-08-01T09:25:31Z
node_02190,ip_api,ipapi_com_unverified,-33.8672,151.1997,Sydney,AU,,,False,,success,2026-08-01T09:25:30Z
node_02190,ipinfo,ipinfo,-33.8678,151.2073,Sydney,AU,,,False,,success,2026-08-01T09:25:30Z
node_02190,ipwho_is,ipwhois_unverified,-35.2834619,149.1280667,Canberra,AU,,,False,,success,2026-08-01T09:25:30Z
node_02190,maxmind_geolite2,maxmind_geolite,-33.8672,151.1997,Sydney,AU,500,1780418264,True,r>=500km,success,2026-08-01T09:25:31Z
node_02190,reallyfreegeoip,maxmind_geolite,-33.8672,151.1997,Sydney,AU,,,False,,success,2026-08-01T09:25:30Z
node_02099,dbip_lite,dbip_lite,53.5049,8.01418,Sande,DE,,1780278471,False,,success,2026-08-01T09:23:11Z
node_02099,geojs,maxmind_geolite,50.859,8.034,Siegen,DE,,,False,,success,2026-08-01T09:23:11Z
node_02099,ip2location_lite,ip2location_lite,51.519081,6.32363,Geldern,DE,,1780555707,False,,success,2026-08-01T09:23:11Z
node_02099,ip_api,ipapi_com_unverified,50.859,8.034,Siegen,DE,,,False,,success,2026-08-01T09:23:09Z
node_02099,ipinfo,ipinfo,51.3364,6.5538,Krefeld,DE,,,False,,success,2026-08-01T09:23:11Z
node_02099,ipwho_is,ipwhois_unverified,51.5190826,6.3236304,Geldern,DE,,,False,,success,2026-08-01T09:23:10Z
node_02099,maxmind_geolite2,maxmind_geolite,50.8713,8.0108,Siegen,DE,100,1780418264,False,,success,2026-08-01T09:23:11Z
node_02099,reallyfreegeoip,maxmind_geolite,50.859,8.034,Siegen,DE,,,False,,success,2026-08-01T09:23:11Z
node_02188,dbip_lite,dbip_lite,14.3122,121.111,Santa Rosa,PH,,1780278471,False,,success,2026-08-01T09:25:28Z
node_02188,geojs,maxmind_geolite,14.5703,121.0308,Makati City,PH,,,False,,success,2026-08-01T09:25:27Z
node_02188,ip2location_lite,ip2location_lite,14.211655,121.165215,Calamba,PH,,1780555707,False,,success,2026-08-01T09:25:28Z
node_02188,ip_api,ipapi_com_unverified,14.5703,121.0308,Makati City,PH,,,False,,success,2026-08-01T09:25:26Z
node_02188,ipinfo,ipinfo,14.2117,121.1653,Calamba,PH,,,False,,success,2026-08-01T09:25:27Z
node_02188,ipwho_is,ipwhois_unverified,14.5904492,120.9803621,Manila,PH,,,False,,success,2026-08-01T09:25:27Z
node_02188,maxmind_geolite2,maxmind_geolite,14.6475,121.0494,Quezon City,PH,50,1780418264,False,,success,2026-08-01T09:25:28Z
node_02188,reallyfreegeoip,maxmind_geolite,14.5703,121.0308,Makati City,PH,,,False,,success,2026-08-01T09:25:27Z
node_02181,dbip_lite,dbip_lite,14.459,120.939,Bacoor,PH,,1780278471,False,,success,2026-08-01T09:25:17Z
node_02181,geojs,maxmind_geolite,14.5703,121.0308,Makati City,PH,,,False,,success,2026-08-01T09:25:17Z
node_02181,ip2location_lite,ip2location_lite,14.08627,121.14975,Tanauan,PH,,1780555707,False,,success,2026-08-01T09:25:17Z
node_02181,ip_api,ipapi_com_unverified,14.5703,121.0308,Makati City,PH,,,False,,success,2026-08-01T09:25:16Z
node_02181,ipinfo,ipinfo,14.2117,121.1653,Calamba,PH,,,False,,success,2026-08-01T09:25:17Z
node_02181,ipwho_is,ipwhois_unverified,14.5904492,120.9803621,Manila,PH,,,False,,success,2026-08-01T09:25:16Z
node_02181,maxmind_geolite2,maxmind_geolite,14.6475,121.0494,Quezon City,PH,50,1780418264,False,,success,2026-08-01T09:25:17Z
node_02181,reallyfreegeoip,maxmind_geolite,14.5703,121.0308,Makati City,PH,,,False,,success,2026-08-01T09:25:35Z
node_02161,dbip_lite,dbip_lite,35.6581,139.751,Minato,JP,,1780278471,False,,success,2026-08-01T09:24:46Z
node_02161,geojs,maxmind_geolite,35.69,139.69,,JP,,,True,no_city,success,2026-08-01T09:24:45Z
node_02161,ip2location_lite,ip2location_lite,36.751122,139.451263,Shobugahama,JP,,1780555707,False,,success,2026-08-01T09:24:46Z
node_02161,ip_api,ipapi_com_unverified,35.6581,139.751,Minato,JP,,,False,,success,2026-08-01T09:24:45Z
node_02161,ipinfo,ipinfo,35.6895,139.6917,Tokyo,JP,,,False,,success,2026-08-01T09:24:45Z
node_02161,ipwho_is,ipwhois_unverified,35.6812546,139.7667059,Tokyo,JP,,,False,,success,2026-08-01T09:24:45Z
node_02161,maxmind_geolite2,maxmind_geolite,35.69,139.69,,JP,50,1780418264,True,no_city,success,2026-08-01T09:24:46Z
node_02161,reallyfreegeoip,maxmind_geolite,35.69,139.69,,JP,,,True,no_city,success,2026-08-01T09:24:45Z
node_02105,dbip_lite,dbip_lite,6.39209,2.5372500000000002,Ekpé,BJ,,1780278471,False,,success,2026-08-01T09:23:20Z
node_02105,geojs,maxmind_geolite,6.3669,2.4151,Cotonou,BJ,,,False,,success,2026-08-01T09:23:20Z
node_02105,ip2location_lite,ip2location_lite,6.44852,2.35566,Abomey-Calavi,BJ,,1780555707,False,,success,2026-08-01T09:23:20Z
node_02105,ip_api,ipapi_com_unverified,6.3669,2.4151,Cotonou,BJ,,,False,,success,2026-08-01T09:23:19Z
node_02105,ipinfo,ipinfo,6.4485,2.3557,Abomey-Calavi,BJ,,,False,,success,2026-08-01T09:23:20Z
node_02105,ipwho_is,ipwhois_unverified,6.3562374,2.4277745,Cotonou,BJ,,,False,,success,2026-08-01T09:23:19Z
node_02105,maxmind_geolite2,maxmind_geolite,6.3669,2.4151,Cotonou,BJ,20,1780418264,False,,success,2026-08-01T09:23:20Z
node_02105,reallyfreegeoip,maxmind_geolite,6.3669,2.4151,Cotonou,BJ,,,False,,success,2026-08-01T09:32:52Z
node_02166,dbip_lite,dbip_lite,1.8548,102.933,Batu Pahat,MY,,1780278471,False,,success,2026-08-01T09:24:54Z
node_02166,geojs,maxmind_geolite,3.1671,101.6708,Kuala Lumpur,MY,,,False,,success,2026-08-01T09:24:54Z
node_02166,ip2location_lite,ip2location_lite,1.465653,103.757721,Johor Bahru,MY,,1780555707,False,,success,2026-08-01T09:24:54Z
node_02166,ip_api,ipapi_com_unverified,3.1671,101.6708,Kuala Lumpur,MY,,,False,,success,2026-08-01T09:24:53Z
node_02166,ipinfo,ipinfo,1.4655,103.7578,Johor Bahru,MY,,,False,,success,2026-08-01T09:24:54Z
node_02166,ipwho_is,ipwhois_unverified,3.1413013,101.6866215,Kuala Lumpur,MY,,,False,,success,2026-08-01T09:24:54Z
node_02166,maxmind_geolite2,maxmind_geolite,3.107,101.6344,Petaling Jaya,MY,200,1780418264,False,,success,2026-08-01T09:24:54Z
node_02166,reallyfreegeoip,maxmind_geolite,3.1671,101.6708,Kuala Lumpur,MY,,,False,,success,2026-08-01T09:33:08Z
node_02156,dbip_lite,dbip_lite,51.9286,6.34634,Gaanderen,NL,,1780278471,False,,success,2026-08-01T09:24:38Z
node_02156,geojs,maxmind_geolite,51.8737,6.4261,Voorst,NL,,,False,,success,2026-08-01T09:24:38Z
node_02156,ip2location_lite,ip2location_lite,52.378502,4.89998,Amsterdam,NL,,1780555707,False,,success,2026-08-01T09:24:38Z
node_02156,ip_api,ipapi_com_unverified,51.8737,6.4261,Voorst,NL,,,False,,success,2026-08-01T09:24:36Z
node_02156,ipinfo,ipinfo,52.21,5.9694,Apeldoorn,NL,,,False,,success,2026-08-01T09:24:38Z
node_02156,ipwho_is,ipwhois_unverified,51.9650719,6.2888924,Doetinchem,NL,,,False,,success,2026-08-01T09:24:37Z
node_02156,maxmind_geolite2,maxmind_geolite,51.8737,6.4261,Voorst,NL,50,1780418264,False,,success,2026-08-01T09:24:38Z
node_02156,reallyfreegeoip,maxmind_geolite,51.8737,6.4261,Voorst,NL,,,False,,success,2026-08-01T09:38:25Z
node_02057,dbip_lite,dbip_lite,47.0602,15.4513,Graz (Jakomini),AT,,1780278471,False,,success,2026-08-01T09:21:58Z
node_02057,geojs,maxmind_geolite,48.2049,16.3662,Vienna,AT,,,False,,success,2026-08-01T09:21:58Z
node_02057,ip2location_lite,ip2location_lite,48.208889,16.37208,Vienna,AT,,1780555707,False,,success,2026-08-01T09:21:58Z
node_02057,ip_api,ipapi_com_unverified,48.2049,16.3662,Vienna,AT,,,False,,success,2026-08-01T09:21:57Z
node_02057,ipinfo,ipinfo,48.2085,16.3721,Vienna,AT,,,False,,success,2026-08-01T09:21:58Z
node_02057,ipwho_is,ipwhois_unverified,48.2048916,16.3661921,Vienna,AT,,,False,,success,2026-08-01T09:21:58Z
node_02057,maxmind_geolite2,maxmind_geolite,48.1951,16.3483,Vienna,AT,20,1780418264,False,,success,2026-08-01T09:21:58Z
node_02057,reallyfreegeoip,maxmind_geolite,48.2049,16.3662,Vienna,AT,,,False,,success,2026-08-01T09:34:49Z
node_02032,dbip_lite,dbip_lite,-37.8136,144.963,Melbourne,AU,,1780278471,False,,success,2026-08-01T09:21:20Z
node_02032,geojs,maxmind_geolite,-37.8008,144.9876,Melbourne,AU,,,False,,success,2026-08-01T09:21:18Z
node_02032,ip2location_lite,ip2location_lite,-37.814007,144.963165,Melbourne,AU,,1780555707,False,,success,2026-08-01T09:21:20Z
node_02032,ip_api,ipapi_com_unverified,-37.7764,144.8881,Melbourne,AU,,,False,,success,2026-08-01T09:21:18Z
node_02032,ipinfo,ipinfo,-37.814,144.9633,Melbourne,AU,,,False,,success,2026-08-01T09:21:18Z
node_02032,ipwho_is,ipwhois_unverified,-37.8135808,144.9625221,Melbourne,AU,,,False,,success,2026-08-01T09:21:18Z
node_02032,maxmind_geolite2,maxmind_geolite,-37.7953,144.9767,Melbourne,AU,50,1780418264,False,,success,2026-08-01T09:21:19Z
node_02032,reallyfreegeoip,maxmind_geolite,-37.8008,144.9876,Melbourne,AU,,,False,,success,2026-08-01T09:21:18Z
node_02083,dbip_lite,dbip_lite,44.7989,7.28822,Bibiana,IT,,1780278471,False,,success,2026-08-01T09:22:45Z
node_02083,geojs,maxmind_geolite,43.1479,12.1097,,IT,,,True,no_city,success,2026-08-01T09:22:45Z
node_02083,ip2location_lite,ip2location_lite,44.798939,7.28822,Bibiana,IT,,1780555707,False,,success,2026-08-01T09:22:45Z
node_02083,ip_api,ipapi_com_unverified,44.7989,7.28822,Bibiana,IT,,,False,,success,2026-08-01T09:22:44Z
node_02083,ipinfo,ipinfo,45.0705,7.6868,Turin,IT,,,False,,success,2026-08-01T09:22:45Z
node_02083,ipwho_is,ipwhois_unverified,44.7989059,7.2882227,Bibiana,IT,,,False,,success,2026-08-01T09:22:45Z
node_02083,maxmind_geolite2,maxmind_geolite,43.1479,12.1097,,IT,200,1780418264,True,no_city,success,2026-08-01T09:22:45Z
node_02083,reallyfreegeoip,maxmind_geolite,43.1479,12.1097,,IT,,,True,no_city,success,2026-08-01T09:33:52Z
node_02052,dbip_lite,dbip_lite,45.1936,11.3023,Legnago,IT,,1780278471,False,,success,2026-08-01T09:21:51Z
node_02052,geojs,maxmind_geolite,45.4317,10.9859,Verona,IT,,,False,,success,2026-08-01T09:21:51Z
node_02052,ip2location_lite,ip2location_lite,46.492519,11.333447,Bolzano,IT,,1780555707,False,,success,2026-08-01T09:21:51Z
node_02052,ip_api,ipapi_com_unverified,45.4317,10.9859,Verona,IT,,,False,,success,2026-08-01T09:21:50Z
node_02052,ipinfo,ipinfo,45.4385,10.9938,Verona,IT,,,False,,success,2026-08-01T09:21:50Z
node_02052,ipwho_is,ipwhois_unverified,46.4886874,11.33937,Bolzano,IT,,,False,,success,2026-08-01T09:21:50Z
node_02052,maxmind_geolite2,maxmind_geolite,45.4317,10.9859,Verona,IT,50,1780418264,False,,success,2026-08-01T09:21:51Z
node_02052,reallyfreegeoip,maxmind_geolite,45.4317,10.9859,Verona,IT,,,False,,success,2026-08-01T09:21:51Z
node_02139,dbip_lite,dbip_lite,55.6059,13.0007,Malmö,SE,,1780278471,False,,success,2026-08-01T09:24:11Z
node_02139,geojs,maxmind_geolite,57.7065,11.967,Gothenburg,SE,,,False,,success,2026-08-01T09:24:11Z
node_02139,ip2location_lite,ip2location_lite,55.642769,13.20638,Staffanstorp,SE,,1780555707,False,,success,2026-08-01T09:24:11Z
node_02139,ip_api,ipapi_com_unverified,55.6078,12.9982,Malmö,SE,,,False,,success,2026-08-01T09:24:10Z
node_02139,ipinfo,ipinfo,55.6059,13.0007,Malmö,SE,,,False,,success,2026-08-01T09:24:11Z
node_02139,ipwho_is,ipwhois_unverified,55.6053261,13.0038324,Malmo,SE,,,False,,success,2026-08-01T09:24:10Z
node_02139,maxmind_geolite2,maxmind_geolite,57.7065,11.967,Gothenburg,SE,100,1780418264,False,,success,2026-08-01T09:24:11Z
node_02139,reallyfreegeoip,maxmind_geolite,57.7065,11.967,Gothenburg,SE,,,False,,success,2026-08-01T09:37:30Z
node_02116,dbip_lite,dbip_lite,42.3584,-71.0598,Boston,US,,1780278471,False,,success,2026-08-01T09:23:37Z
node_02116,geojs,maxmind_geolite,41.6423,-88.4429,Yorkville,US,,,False,,success,2026-08-01T09:23:36Z
node_02116,ip2location_lite,ip2location_lite,40.753651,-86.068878,Peru,US,,1780555707,False,,success,2026-08-01T09:23:37Z
node_02116,ip_api,ipapi_com_unverified,41.6423,-88.4429,Yorkville,US,,,False,,success,2026-08-01T09:23:36Z
node_02116,ipinfo,ipinfo,41.6411,-88.4473,Yorkville,US,,,False,,success,2026-08-01T09:23:36Z
node_02116,ipwho_is,ipwhois_unverified,41.6411403,-88.4472911,Yorkville,US,,,False,,success,2026-08-01T09:23:36Z
node_02116,maxmind_geolite2,maxmind_geolite,41.6423,-88.4429,Yorkville,US,20,1780418264,False,,success,2026-08-01T09:23:37Z
node_02116,reallyfreegeoip,maxmind_geolite,41.6423,-88.4429,Yorkville,US,,,False,,success,2026-08-01T09:23:36Z
node_02194,dbip_lite,dbip_lite,38.0525,-103.72,Rocky Ford,US,,1780278471,False,,success,2026-08-01T09:25:39Z
node_02194,geojs,maxmind_geolite,33.1177,-96.6791,Allen,US,,,False,,success,2026-08-01T09:25:38Z
node_02194,ip2location_lite,ip2location_lite,33.103088,-96.670624,Allen,US,,1780555707,False,,success,2026-08-01T09:25:39Z
node_02194,ip_api,ipapi_com_unverified,33.1177,-96.6791,Allen,US,,,False,,success,2026-08-01T09:25:38Z
node_02194,ipinfo,ipinfo,33.1032,-96.6706,Allen,US,,,False,,success,2026-08-01T09:25:38Z
node_02194,ipwho_is,ipwhois_unverified,30.3495084,-97.3711177,Elgin,US,,,False,,success,2026-08-01T09:25:38Z
node_02194,maxmind_geolite2,maxmind_geolite,29.9813,-90.1663,,US,500,1780418264,True,no_city,success,2026-08-01T09:25:39Z
node_02194,reallyfreegeoip,maxmind_geolite,33.1177,-96.6791,Allen,US,,,False,,success,2026-08-01T09:25:38Z
node_02121,dbip_lite,dbip_lite,39.2131,-84.5994,White Oak,US,,1780278471,False,,success,2026-08-01T09:23:44Z
node_02121,geojs,maxmind_geolite,32.8137,-96.8704,Dallas,US,,,False,,success,2026-08-01T09:23:44Z
node_02121,ip2location_lite,ip2location_lite,44.979969,-93.263908,Minneapolis,US,,1780555707,False,,success,2026-08-01T09:23:44Z
node_02121,ip_api,ipapi_com_unverified,32.8137,-96.8704,Dallas,US,,,False,,success,2026-08-01T09:23:43Z
node_02121,ipinfo,ipinfo,44.98,-93.2638,Minneapolis,US,,,False,,success,2026-08-01T09:23:44Z
node_02121,ipwho_is,ipwhois_unverified,44.9777746,-93.2648309,Minneapolis,US,,,False,,success,2026-08-01T09:23:43Z
node_02121,maxmind_geolite2,maxmind_geolite,32.7836,-96.8674,Dallas,US,20,1780418264,False,,success,2026-08-01T09:23:44Z
node_02121,reallyfreegeoip,maxmind_geolite,32.8137,-96.8704,Dallas,US,,,False,,success,2026-08-01T09:23:44Z
node_02046,dbip_lite,dbip_lite,44.9778,-93.265,Minneapolis,US,,1780278471,False,,success,2026-08-01T09:21:42Z
node_02046,geojs,maxmind_geolite,44.9121,-93.1717,Saint Paul,US,,,False,,success,2026-08-01T09:21:42Z
node_02046,ip2location_lite,ip2location_lite,44.979969,-93.263908,Minneapolis,US,,1780555707,False,,success,2026-08-01T09:21:43Z
node_02046,ip_api,ipapi_com_unverified,41.6117,-93.8852,Waukee,US,,,False,,success,2026-08-01T09:21:40Z
node_02046,ipinfo,ipinfo,44.98,-93.2638,Minneapolis,US,,,False,,success,2026-08-01T09:21:41Z
node_02046,ipwho_is,ipwhois_unverified,44.9676127,-93.1992291,Saint Paul,US,,,False,,success,2026-08-01T09:21:41Z
node_02046,maxmind_geolite2,maxmind_geolite,44.9689,-93.2843,Minneapolis,US,100,1780418264,False,,success,2026-08-01T09:21:42Z
node_02046,reallyfreegeoip,maxmind_geolite,44.9121,-93.1717,Saint Paul,US,,,False,,success,2026-08-01T09:21:42Z
node_02113,dbip_lite,dbip_lite,44.9778,-93.265,Minneapolis,US,,1780278471,False,,success,2026-08-01T09:23:32Z
node_02113,geojs,maxmind_geolite,44.9121,-93.1717,Saint Paul,US,,,False,,success,2026-08-01T09:23:32Z
node_02113,ip2location_lite,ip2location_lite,44.979969,-93.263908,Minneapolis,US,,1780555707,False,,success,2026-08-01T09:23:32Z
node_02113,ip_api,ipapi_com_unverified,44.8897,-93.35,Edina,US,,,False,,success,2026-08-01T09:23:30Z
node_02113,ipinfo,ipinfo,44.98,-93.2638,Minneapolis,US,,,False,,success,2026-08-01T09:23:32Z
node_02113,ipwho_is,ipwhois_unverified,44.8897006,-93.349449,Edina,US,,,False,,success,2026-08-01T09:23:31Z
node_02113,maxmind_geolite2,maxmind_geolite,44.9689,-93.2843,Minneapolis,US,100,1780418264,False,,success,2026-08-01T09:23:32Z
node_02113,reallyfreegeoip,maxmind_geolite,44.9121,-93.1717,Saint Paul,US,,,False,,success,2026-08-01T09:23:32Z
node_02128,dbip_lite,dbip_lite,38.7071,-121.281,Citrus Heights,US,,1780278471,False,,success,2026-08-01T09:23:54Z
node_02128,geojs,maxmind_geolite,38.6226,-121.3885,Sacramento,US,,,False,,success,2026-08-01T09:23:54Z
node_02128,ip2location_lite,ip2location_lite,38.58157,-121.4944,Sacramento,US,,1780555707,False,,success,2026-08-01T09:23:54Z
node_02128,ip_api,ipapi_com_unverified,38.6226,-121.3885,Sacramento,US,,,False,,success,2026-08-01T09:23:53Z
node_02128,ipinfo,ipinfo,38.5816,-121.4944,Sacramento,US,,,False,,success,2026-08-01T09:23:54Z
node_02128,ipwho_is,ipwhois_unverified,38.5815689,-121.4944116,Sacramento,US,,,False,,success,2026-08-01T09:23:54Z
node_02128,maxmind_geolite2,maxmind_geolite,38.5674,-121.32,Sacramento,US,200,1780418264,False,,success,2026-08-01T09:23:54Z
node_02128,reallyfreegeoip,maxmind_geolite,38.6226,-121.3885,Sacramento,US,,,False,,success,2026-08-01T09:34:22Z
node_02084,dbip_lite,dbip_lite,34.0549,-118.243,Los Angeles,US,,1780278471,False,,success,2026-08-01T09:22:47Z
node_02084,geojs,maxmind_geolite,34.0544,-118.244,,US,,,True,no_city,success,2026-08-01T09:22:47Z
node_02084,ip2location_lite,ip2location_lite,34.05257,-118.243904,Los Angeles,US,,1780555707,False,,success,2026-08-01T09:22:47Z
node_02084,ip_api,ipapi_com_unverified,34.0549,-118.243,Los Angeles,US,,,False,,success,2026-08-01T09:22:45Z
node_02084,ipinfo,ipinfo,34.0522,-118.2437,Los Angeles,US,,,False,,success,2026-08-01T09:22:47Z
node_02084,ipwho_is,ipwhois_unverified,34.0478673,-118.2563044,Los Angeles,US,,,False,,success,2026-08-01T09:22:46Z
node_02084,maxmind_geolite2,maxmind_geolite,34.0038,-117.446,Riverside,US,100,1780418264,False,,success,2026-08-01T09:22:47Z
node_02084,reallyfreegeoip,maxmind_geolite,34.0544,-118.244,,US,,,True,no_city,success,2026-08-01T09:33:52Z
node_02155,dbip_lite,dbip_lite,37.7749,-122.419,San Francisco,US,,1780278471,False,,success,2026-08-01T09:24:36Z
node_02155,geojs,maxmind_geolite,37.7794,-122.4176,San Francisco,US,,,False,,success,2026-08-01T09:24:36Z
node_02155,ip2location_lite,ip2location_lite,37.774929,-122.419418,San Francisco,US,,1780555707,False,,success,2026-08-01T09:24:36Z
node_02155,ip_api,ipapi_com_unverified,37.7794,-122.4176,San Francisco,US,,,False,,success,2026-08-01T09:24:35Z
node_02155,ipinfo,ipinfo,37.7749,-122.4194,San Francisco,US,,,False,,success,2026-08-01T09:24:36Z
node_02155,ipwho_is,ipwhois_unverified,37.7749113,-122.4185412,San Francisco,US,,,False,,success,2026-08-01T09:24:36Z
node_02155,maxmind_geolite2,maxmind_geolite,29.4963,-98.4004,San Antonio,US,200,1780418264,False,,success,2026-08-01T09:24:36Z
node_02155,reallyfreegeoip,maxmind_geolite,29.522,-98.5974,San Antonio,US,,,False,,success,2026-08-01T09:38:25Z
node_02135,dbip_lite,dbip_lite,33.8901,-84.143,Lilburn,US,,1780278471,False,,success,2026-08-01T09:24:05Z
node_02135,geojs,maxmind_geolite,33.792,-84.2049,Stone Mountain,US,,,False,,success,2026-08-01T09:24:05Z
node_02135,ip2location_lite,ip2location_lite,33.748795,-84.387543,Atlanta,US,,1780555707,False,,success,2026-08-01T09:24:05Z
node_02135,ip_api,ipapi_com_unverified,33.792,-84.2049,Stone Mountain,US,,,False,,success,2026-08-01T09:24:04Z
node_02135,ipinfo,ipinfo,33.749,-84.388,Atlanta,US,,,False,,success,2026-08-01T09:24:05Z
node_02135,ipwho_is,ipwhois_unverified,33.7544657,-84.3898151,Atlanta,US,,,False,,success,2026-08-01T09:24:04Z
node_02135,maxmind_geolite2,maxmind_geolite,33.8583,-84.2165,Tucker,US,50,1780418264,False,,success,2026-08-01T09:24:05Z
node_02135,reallyfreegeoip,maxmind_geolite,33.792,-84.2049,Stone Mountain,US,,,False,,success,2026-08-01T09:24:05Z
node_02187,dbip_lite,dbip_lite,29.4241,-98.4936,San Antonio,US,,1780278471,False,,success,2026-08-01T09:25:26Z
node_02187,geojs,maxmind_geolite,33.4602,-112.1334,Phoenix,US,,,False,,success,2026-08-01T09:25:26Z
node_02187,ip2location_lite,ip2location_lite,30.267151,-97.743134,Austin,US,,1780555707,False,,success,2026-08-01T09:25:26Z
node_02187,ip_api,ipapi_com_unverified,33.4602,-112.1334,Phoenix,US,,,False,,success,2026-08-01T09:25:24Z
node_02187,ipinfo,ipinfo,30.2672,-97.7431,Austin,US,,,False,,success,2026-08-01T09:25:26Z
node_02187,ipwho_is,ipwhois_unverified,30.2432457,-97.7215313,Austin,US,,,False,,success,2026-08-01T09:25:25Z
node_02187,maxmind_geolite2,maxmind_geolite,33.491,-112.2491,Phoenix,US,20,1780418264,False,,success,2026-08-01T09:25:26Z
node_02187,reallyfreegeoip,maxmind_geolite,33.4602,-112.1334,Phoenix,US,,,False,,success,2026-08-01T09:25:26Z
node_02195,dbip_lite,dbip_lite,32.319,-84.5171,Buena Vista,US,,1780278471,False,,success,2026-08-01T09:25:40Z
node_02195,geojs,maxmind_geolite,33.8231,-84.3258,Atlanta,US,,,False,,success,2026-08-01T09:25:39Z
node_02195,ip2location_lite,ip2location_lite,33.748795,-84.387543,Atlanta,US,,1780555707,False,,success,2026-08-01T09:25:40Z
node_02195,ip_api,ipapi_com_unverified,33.8895,-84.2921,Atlanta,US,,,False,,success,2026-08-01T09:25:39Z
node_02195,ipinfo,ipinfo,33.749,-84.388,Atlanta,US,,,False,,success,2026-08-01T09:25:39Z
node_02195,ipwho_is,ipwhois_unverified,33.749081,-84.3880348,Atlanta,US,,,False,,success,2026-08-01T09:25:39Z
node_02195,maxmind_geolite2,maxmind_geolite,33.8212,-84.3578,Atlanta,US,50,1780418264,False,,success,2026-08-01T09:25:40Z
node_02195,reallyfreegeoip,maxmind_geolite,33.8231,-84.3258,Atlanta,US,,,False,,success,2026-08-01T09:39:17Z
node_02153,dbip_lite,dbip_lite,39.2904,-76.6122,Baltimore,US,,1780278471,False,,success,2026-08-01T09:24:33Z
node_02153,geojs,maxmind_geolite,38.9522,-77.0253,Washington,US,,,False,,success,2026-08-01T09:24:33Z
node_02153,ip2location_lite,ip2location_lite,39.290379,-76.61219,Baltimore,US,,1780555707,False,,success,2026-08-01T09:24:33Z
node_02153,ip_api,ipapi_com_unverified,38.9522,-77.0253,Washington,US,,,False,,success,2026-08-01T09:24:32Z
node_02153,ipinfo,ipinfo,39.2904,-76.6122,Baltimore,US,,,False,,success,2026-08-01T09:24:33Z
node_02153,ipwho_is,ipwhois_unverified,38.8951741,-77.0363058,Washington,US,,,False,,success,2026-08-01T09:24:33Z
node_02153,maxmind_geolite2,maxmind_geolite,38.9522,-77.0253,Washington,US,50,1780418264,False,,success,2026-08-01T09:24:33Z
node_02153,reallyfreegeoip,maxmind_geolite,38.9522,-77.0253,Washington,US,,,False,,success,2026-08-01T09:33:37Z
node_02199,dbip_lite,dbip_lite,42.8656,-73.771,Clifton Park,US,,1780278471,False,,success,2026-08-01T09:25:46Z
node_02199,geojs,maxmind_geolite,42.6552,-73.802,Albany,US,,,False,,success,2026-08-01T09:25:46Z
node_02199,ip2location_lite,ip2location_lite,43.048119,-76.147423,Syracuse,US,,1780555707,False,,success,2026-08-01T09:25:46Z
node_02199,ip_api,ipapi_com_unverified,42.6701,-73.7754,Albany,US,,,False,,success,2026-08-01T09:25:44Z
node_02199,ipinfo,ipinfo,43.0481,-76.1474,Syracuse,US,,,False,,success,2026-08-01T09:25:45Z
node_02199,ipwho_is,ipwhois_unverified,42.6518209,-73.7544607,Albany,US,,,False,,success,2026-08-01T09:25:45Z
node_02199,maxmind_geolite2,maxmind_geolite,42.8167,-73.9256,Schenectady,US,200,1780418264,False,,success,2026-08-01T09:25:46Z
node_02199,reallyfreegeoip,maxmind_geolite,42.6552,-73.8021,Albany,US,,,False,,success,2026-08-01T09:40:06Z
node_02102,dbip_lite,dbip_lite,42.0045,-87.7301,Lincolnwood,US,,1780278471,False,,success,2026-08-01T09:23:16Z
node_02102,geojs,maxmind_geolite,41.8483,-87.6517,Chicago,US,,,False,,success,2026-08-01T09:23:15Z
node_02102,ip2location_lite,ip2location_lite,41.875771,-87.620605,Chicago,US,,1780555707,False,,success,2026-08-01T09:23:16Z
node_02102,ip_api,ipapi_com_unverified,41.8483,-87.6517,Chicago,US,,,False,,success,2026-08-01T09:23:15Z
node_02102,ipinfo,ipinfo,41.85,-87.65,Chicago,US,,,False,,success,2026-08-01T09:23:15Z
node_02102,ipwho_is,ipwhois_unverified,41.8833426,-87.6324404,Chicago,US,,,False,,success,2026-08-01T09:23:15Z
node_02102,maxmind_geolite2,maxmind_geolite,41.8483,-87.6517,Chicago,US,100,1780418264,False,,success,2026-08-01T09:23:16Z
node_02102,reallyfreegeoip,maxmind_geolite,41.8483,-87.6517,Chicago,US,,,False,,success,2026-08-01T09:23:15Z
node_02198,dbip_lite,dbip_lite,41.85,-87.65,Chicago,US,,1780278471,False,,success,2026-08-01T09:25:44Z
node_02198,geojs,maxmind_geolite,41.8483,-87.6517,Chicago,US,,,False,,success,2026-08-01T09:25:44Z
node_02198,ip2location_lite,ip2location_lite,41.875771,-87.620605,Chicago,US,,1780555707,False,,success,2026-08-01T09:25:44Z
node_02198,ip_api,ipapi_com_unverified,41.8483,-87.6517,Chicago,US,,,False,,success,2026-08-01T09:25:43Z
node_02198,ipinfo,ipinfo,41.85,-87.65,Chicago,US,,,False,,success,2026-08-01T09:25:44Z
node_02198,ipwho_is,ipwhois_unverified,41.8833426,-87.6324404,Chicago,US,,,False,,success,2026-08-01T09:25:44Z
node_02198,maxmind_geolite2,maxmind_geolite,41.8483,-87.6517,Chicago,US,100,1780418264,False,,success,2026-08-01T09:25:44Z
node_02198,reallyfreegeoip,maxmind_geolite,41.8483,-87.6517,Chicago,US,,,False,,success,2026-08-01T09:39:20Z
node_02020,dbip_lite,dbip_lite,32.7157,-117.161,San Diego,US,,1780278471,False,,success,2026-08-01T09:24:24Z
node_02020,geojs,maxmind_geolite,33.1617,-117.2429,Vista,US,,,False,,success,2026-08-01T09:24:23Z
node_02020,ip2location_lite,ip2location_lite,32.733974,-117.144547,San Diego,US,,1780555707,False,,success,2026-08-01T09:24:24Z
node_02020,ip_api,ipapi_com_unverified,33.1981,-117.2471,Vista,US,,,False,,success,2026-08-01T09:24:22Z
node_02020,ipinfo,ipinfo,32.7157,-117.1647,San Diego,US,,,False,,success,2026-08-01T09:24:23Z
node_02020,ipwho_is,ipwhois_unverified,32.7339753,-117.144544,San Diego,US,,,False,,success,2026-08-01T09:24:22Z
node_02020,maxmind_geolite2,maxmind_geolite,33.2109,-117.2232,Vista,US,10,1780418264,False,,success,2026-08-01T09:24:24Z
node_02020,reallyfreegeoip,maxmind_geolite,33.1617,-117.2429,Vista,US,,,False,,success,2026-08-01T09:24:23Z
node_02167,dbip_lite,dbip_lite,43.5077,1.56907,Belberaud,FR,,1780278471,False,,success,2026-08-01T09:24:56Z
node_02167,geojs,maxmind_geolite,43.6046,1.4451,,FR,,,True,no_city,success,2026-08-01T09:24:56Z
node_02167,ip2location_lite,ip2location_lite,43.233231,0.083332,Tarbes,FR,,1780555707,False,,success,2026-08-01T09:24:56Z
node_02167,ip_api,ipapi_com_unverified,43.5077,1.56907,Belberaud,FR,,,False,,success,2026-08-01T09:24:54Z
node_02167,ipinfo,ipinfo,43.539,1.2288,Fonsorbes,FR,,,False,,success,2026-08-01T09:24:56Z
node_02167,ipwho_is,ipwhois_unverified,43.2547405,1.4711833,Gaillac-Toulza,FR,,,False,,success,2026-08-01T09:24:55Z
node_02167,maxmind_geolite2,maxmind_geolite,48.6822,6.1862,,FR,200,1780418264,True,no_city,success,2026-08-01T09:24:56Z
node_02167,reallyfreegeoip,maxmind_geolite,43.6046,1.4451,,FR,,,True,no_city,success,2026-08-01T09:38:26Z
node_02126,dbip_lite,dbip_lite,42.6975,23.3242,Sofia,BG,,1780278471,False,,success,2026-08-01T09:23:51Z
node_02126,geojs,maxmind_geolite,42.6826,23.3223,Sofia,BG,,,False,,success,2026-08-01T09:23:51Z
node_02126,ip2location_lite,ip2location_lite,42.599998,23.033331,Pernik,BG,,1780555707,False,,success,2026-08-01T09:23:51Z
node_02126,ip_api,ipapi_com_unverified,42.6826,23.3223,Sofia,BG,,,False,,success,2026-08-01T09:23:50Z
node_02126,ipinfo,ipinfo,42.6975,23.3241,Sofia,BG,,,False,,success,2026-08-01T09:23:51Z
node_02126,ipwho_is,ipwhois_unverified,42.697508,23.3241507,Sofia,BG,,,False,,success,2026-08-01T09:23:51Z
node_02126,maxmind_geolite2,maxmind_geolite,42.6826,23.3223,Sofia,BG,50,1780418264,False,,success,2026-08-01T09:23:51Z
node_02126,reallyfreegeoip,maxmind_geolite,42.6826,23.3223,Sofia,BG,,,False,,success,2026-08-01T09:34:21Z
node_02184,dbip_lite,dbip_lite,40.2069,-8.41996,Coimbra,PT,,1780278471,False,,success,2026-08-01T09:25:22Z
node_02184,geojs,maxmind_geolite,38.7057,-9.1359,,PT,,,True,no_city,success,2026-08-01T09:25:21Z
node_02184,ip2location_lite,ip2location_lite,38.716751,-9.133368,Lisbon,PT,,1780555707,False,,success,2026-08-01T09:25:22Z
node_02184,ip_api,ipapi_com_unverified,41.7065,-8.79628,Meadela,PT,,,False,,success,2026-08-01T09:25:21Z
node_02184,ipinfo,ipinfo,38.7251,-9.1498,Lisbon,PT,,,False,,success,2026-08-01T09:25:21Z
node_02184,ipwho_is,ipwhois_unverified,38.7294435,-9.1537627,Lisbon,PT,,,False,,success,2026-08-01T09:25:21Z
node_02184,maxmind_geolite2,maxmind_geolite,38.7219,-9.1398,Lisbon,PT,100,1780418264,False,,success,2026-08-01T09:25:22Z
node_02184,reallyfreegeoip,maxmind_geolite,38.7057,-9.1359,,PT,,,True,no_city,success,2026-08-01T09:34:08Z
node_02053,dbip_lite,dbip_lite,45.4098,10.9304,Madonna di Dossobuono,IT,,1780278471,False,,success,2026-08-01T09:21:53Z
node_02053,geojs,maxmind_geolite,46.1345,11.2509,Baselga di Pinè,IT,,,False,,success,2026-08-01T09:21:52Z
node_02053,ip2location_lite,ip2location_lite,37.085152,15.273,Siracusa,IT,,1780555707,False,,success,2026-08-01T09:21:53Z
node_02053,ip_api,ipapi_com_unverified,45.4098,10.9304,Madonna di Dossobuono,IT,,,False,,success,2026-08-01T09:21:51Z
node_02053,ipinfo,ipinfo,43.6072,13.5103,Ancona,IT,,,False,,success,2026-08-01T09:21:52Z
node_02053,ipwho_is,ipwhois_unverified,37.0851472,15.2730946,Siracusa,IT,,,False,,success,2026-08-01T09:21:52Z
node_02053,maxmind_geolite2,maxmind_geolite,46.1355,11.1111,Lavis,IT,200,1780418264,False,,success,2026-08-01T09:21:53Z
node_02053,reallyfreegeoip,maxmind_geolite,46.1345,11.2509,Baselga di Pinè,IT,,,False,,success,2026-08-01T09:21:52Z
node_02050,dbip_lite,dbip_lite,45.4098,10.9304,Madonna di Dossobuono,IT,,1780278471,False,,success,2026-08-01T09:21:48Z
node_02050,geojs,maxmind_geolite,46.4887,11.3394,Bolzano,IT,,,False,,success,2026-08-01T09:21:48Z
node_02050,ip2location_lite,ip2location_lite,46.067657,11.121181,Trento,IT,,1780555707,False,,success,2026-08-01T09:21:48Z
node_02050,ip_api,ipapi_com_unverified,45.4098,10.9304,Madonna di Dossobuono,IT,,,False,,success,2026-08-01T09:21:47Z
node_02050,ipinfo,ipinfo,45.8904,11.0405,Rovereto,IT,,,False,,success,2026-08-01T09:21:47Z
node_02050,ipwho_is,ipwhois_unverified,46.4886874,11.33937,Bolzano,IT,,,False,,success,2026-08-01T09:21:47Z
node_02050,maxmind_geolite2,maxmind_geolite,46.3635,11.3548,Aldino,IT,100,1780418264,False,,success,2026-08-01T09:21:48Z
node_02050,reallyfreegeoip,maxmind_geolite,46.4887,11.3394,Bolzano,IT,,,False,,success,2026-08-01T09:21:48Z
node_02056,dbip_lite,dbip_lite,46.0512,11.4576,Borgo Valsugana,IT,,1780278471,False,,success,2026-08-01T09:21:57Z
node_02056,geojs,maxmind_geolite,45.4433,10.218,Montirone,IT,,,False,,success,2026-08-01T09:21:57Z
node_02056,ip2location_lite,ip2location_lite,46.051411,11.45439,Borgo,IT,,1780555707,False,,success,2026-08-01T09:21:57Z
node_02056,ip_api,ipapi_com_unverified,45.4433,10.218,Montirone,IT,,,False,,success,2026-08-01T09:21:56Z
node_02056,ipinfo,ipinfo,46.0679,11.1211,Trento,IT,,,False,,success,2026-08-01T09:21:56Z
node_02056,ipwho_is,ipwhois_unverified,45.4463814,10.2287707,Montirone,IT,,,False,,success,2026-08-01T09:21:56Z
node_02056,maxmind_geolite2,maxmind_geolite,45.4433,10.218,Montirone,IT,50,1780418264,False,,success,2026-08-01T09:21:57Z
node_02056,reallyfreegeoip,maxmind_geolite,45.4433,10.218,Montirone,IT,,,False,,success,2026-08-01T09:34:49Z
node_02088,dbip_lite,dbip_lite,49.9777,9.96983,Arnstein,DE,,1780278471,False,,success,2026-08-01T09:22:53Z
node_02088,geojs,maxmind_geolite,50.8261,9.0078,Stadtallendorf,DE,,,False,,success,2026-08-01T09:22:53Z
node_02088,ip2location_lite,ip2location_lite,51.34256,9.66277,Nienhagen,DE,,1780555707,False,,success,2026-08-01T09:22:53Z
node_02088,ip_api,ipapi_com_unverified,50.8261,9.0078,Stadtallendorf,DE,,,False,,success,2026-08-01T09:22:52Z
node_02088,ipinfo,ipinfo,51.3167,9.5,Kassel,DE,,,False,,success,2026-08-01T09:22:53Z
node_02088,ipwho_is,ipwhois_unverified,51.0227878,11.5129742,Apolda,DE,,,False,,success,2026-08-01T09:22:52Z
node_02088,maxmind_geolite2,maxmind_geolite,50.1367,8.9243,Hanau,DE,100,1780418264,False,,success,2026-08-01T09:22:53Z
node_02088,reallyfreegeoip,maxmind_geolite,50.8261,9.0078,Stadtallendorf,DE,,,False,,success,2026-08-01T09:22:53Z
node_02170,dbip_lite,dbip_lite,54.5306,36.27,Kaluga,RU,,1780278471,False,,success,2026-08-01T09:25:01Z
node_02170,geojs,maxmind_geolite,50.6028,36.5794,,RU,,,True,no_city,success,2026-08-01T09:25:00Z
node_02170,ip2location_lite,ip2location_lite,55.752258,37.615471,Moscow,RU,,1780555707,False,,success,2026-08-01T09:25:01Z
node_02170,ip_api,ipapi_com_unverified,50.4167,36.9167,Gorod Shebekino,RU,,,False,,success,2026-08-01T09:25:00Z
node_02170,ipinfo,ipinfo,55.752,37.6178,Moscow,RU,,,False,,success,2026-08-01T09:25:00Z
node_02170,ipwho_is,ipwhois_unverified,55.752259,37.6154659,Moscow,RU,,,False,,success,2026-08-01T09:25:00Z
node_02170,maxmind_geolite2,maxmind_geolite,50.6028,36.5794,,RU,500,1780418264,True,no_city,success,2026-08-01T09:25:01Z
node_02170,reallyfreegeoip,maxmind_geolite,50.6028,36.5794,,RU,,,True,no_city,success,2026-08-01T09:34:04Z
node_02154,dbip_lite,dbip_lite,49.3167,7.05,Quierschied,DE,,1780278471,False,,success,2026-08-01T09:24:35Z
node_02154,geojs,maxmind_geolite,49.4991,8.4047,Ludwigshafen am Rhein,DE,,,False,,success,2026-08-01T09:24:35Z
node_02154,ip2location_lite,ip2location_lite,49.506538,8.212274,Freinsheim,DE,,1780555707,False,,success,2026-08-01T09:24:35Z
node_02154,ip_api,ipapi_com_unverified,49.4991,8.4047,Ludwigshafen am Rhein,DE,,,False,,success,2026-08-01T09:24:33Z
node_02154,ipinfo,ipinfo,50.1155,8.6842,Frankfurt am Main,DE,,,False,,success,2026-08-01T09:24:35Z
node_02154,ipwho_is,ipwhois_unverified,49.4840827,8.3735265,Ludwigshafen am Rhein,DE,,,False,,success,2026-08-01T09:24:34Z
node_02154,maxmind_geolite2,maxmind_geolite,49.3826,8.3671,Schifferstadt,DE,50,1780418264,False,,success,2026-08-01T09:24:35Z
node_02154,reallyfreegeoip,maxmind_geolite,49.4991,8.4047,Ludwigshafen am Rhein,DE,,,False,,success,2026-08-01T09:33:38Z
node_02163,dbip_lite,dbip_lite,-23.5017,-47.4581,Sorocaba,BR,,1780278471,False,,success,2026-08-01T09:24:49Z
node_02163,geojs,maxmind_geolite,-22.8951,-47.0439,Campinas,BR,,,False,,success,2026-08-01T09:24:48Z
node_02163,ip2location_lite,ip2location_lite,-22.905743,-47.061001,Campinas,BR,,1780555707,False,,success,2026-08-01T09:24:49Z
node_02163,ip_api,ipapi_com_unverified,-22.8951,-47.0439,Campinas,BR,,,False,,success,2026-08-01T09:24:47Z
node_02163,ipinfo,ipinfo,-22.9056,-47.0608,Campinas,BR,,,False,,success,2026-08-01T09:24:48Z
node_02163,ipwho_is,ipwhois_unverified,-22.9034703,-47.0564631,Campinas,BR,,,False,,success,2026-08-01T09:24:48Z
node_02163,maxmind_geolite2,maxmind_geolite,-22.8951,-47.0439,Campinas,BR,50,1780418264,False,,success,2026-08-01T09:24:49Z
node_02163,reallyfreegeoip,maxmind_geolite,-22.8951,-47.0439,Campinas,BR,,,False,,success,2026-08-01T09:24:48Z
node_02095,dbip_lite,dbip_lite,48.2765,16.4087,Vienna (Floridsdorf),AT,,1780278471,False,,success,2026-08-01T09:23:05Z
node_02095,geojs,maxmind_geolite,48.2049,16.3662,Vienna,AT,,,False,,success,2026-08-01T09:23:05Z
node_02095,ip2location_lite,ip2location_lite,46.77639,13.74778,Feld am See,AT,,1780555707,False,,success,2026-08-01T09:23:05Z
node_02095,ip_api,ipapi_com_unverified,48.2049,16.3662,Vienna,AT,,,False,,success,2026-08-01T09:23:03Z
node_02095,ipinfo,ipinfo,48.2085,16.3721,Vienna,AT,,,False,,success,2026-08-01T09:23:05Z
node_02095,ipwho_is,ipwhois_unverified,48.2048916,16.3661921,Vienna,AT,,,False,,success,2026-08-01T09:23:04Z
node_02095,maxmind_geolite2,maxmind_geolite,48.1535,16.3855,Vienna,AT,100,1780418264,False,,success,2026-08-01T09:23:05Z
node_02095,reallyfreegeoip,maxmind_geolite,48.1933,16.3727,Vienna,AT,,,False,,success,2026-08-01T09:32:49Z
node_02082,dbip_lite,dbip_lite,47.331,9.40996,Appenzell,CH,,1780278471,False,,success,2026-08-01T09:22:42Z
node_02082,geojs,maxmind_geolite,47.1449,8.1551,,CH,,,True,no_city,success,2026-08-01T09:22:42Z
node_02082,ip2location_lite,ip2location_lite,47.225571,8.82228,Rapperswil,CH,,1780555707,False,,success,2026-08-01T09:22:42Z
node_02082,ip_api,ipapi_com_unverified,47.4229,8.36792,Spreitenbach,CH,,,False,,success,2026-08-01T09:22:41Z
node_02082,ipinfo,ipinfo,47.3667,8.55,Zürich,CH,,,False,,success,2026-08-01T09:22:42Z
node_02082,ipwho_is,ipwhois_unverified,47.2298277,8.8596864,Rapperswil-Jona,CH,,,False,,success,2026-08-01T09:22:42Z
node_02082,maxmind_geolite2,maxmind_geolite,47.1449,8.1551,,CH,100,1780418264,True,no_city,success,2026-08-01T09:22:42Z
node_02082,reallyfreegeoip,maxmind_geolite,47.1449,8.1551,,CH,,,True,no_city,success,2026-08-01T09:33:50Z
node_02002,dbip_lite,dbip_lite,47.2029,8.94896,Tuggen,CH,,1780278471,False,,success,2026-08-01T09:22:44Z
node_02002,geojs,maxmind_geolite,47.1449,8.1551,,CH,,,True,no_city,success,2026-08-01T09:22:44Z
node_02002,ip2location_lite,ip2location_lite,47.225571,8.82228,Rapperswil,CH,,1780555707,False,,success,2026-08-01T09:22:44Z
node_02002,ip_api,ipapi_com_unverified,46.981,9.57527,Malans,CH,,,False,,success,2026-08-01T09:22:42Z
node_02002,ipinfo,ipinfo,47.3667,8.55,Zürich,CH,,,False,,success,2026-08-01T09:22:44Z
node_02002,ipwho_is,ipwhois_unverified,47.2298277,8.8596864,Rapperswil-Jona,CH,,,False,,success,2026-08-01T09:22:43Z
node_02002,maxmind_geolite2,maxmind_geolite,47.1449,8.1551,,CH,100,1780418264,True,no_city,success,2026-08-01T09:22:44Z
node_02002,reallyfreegeoip,maxmind_geolite,47.1449,8.1551,,CH,,,True,no_city,success,2026-08-01T09:33:51Z
node_02098,dbip_lite,dbip_lite,53.0667,6.45833,Norg,NL,,1780278471,False,,success,2026-08-01T09:23:09Z
node_02098,geojs,maxmind_geolite,51.9777,5.9037,Arnhem,NL,,,False,,success,2026-08-01T09:23:09Z
node_02098,ip2location_lite,ip2location_lite,52.996838,6.561807,Assen,NL,,1780555707,False,,success,2026-08-01T09:23:09Z
node_02098,ip_api,ipapi_com_unverified,51.9901,5.9009,Arnhem,NL,,,False,,success,2026-08-01T09:23:08Z
node_02098,ipinfo,ipinfo,52.21,5.9694,Apeldoorn,NL,,,False,,success,2026-08-01T09:23:09Z
node_02098,ipwho_is,ipwhois_unverified,52.9968385,6.5618067,Assen,NL,,,False,,success,2026-08-01T09:23:09Z
node_02098,maxmind_geolite2,maxmind_geolite,52.1447,5.5928,Barneveld,NL,50,1780418264,False,,success,2026-08-01T09:23:09Z
node_02098,reallyfreegeoip,maxmind_geolite,51.9777,5.9037,Arnhem,NL,,,False,,success,2026-08-01T09:32:52Z
node_01196,dbip_lite,dbip_lite,-8.5538,125.542,Dili,TL,,1780278471,False,,success,2026-08-01T09:22:06Z
node_01196,geojs,maxmind_geolite,-8.5591,125.5766,Dili,TL,,,False,,success,2026-08-01T09:22:06Z
node_01196,ip2location_lite,ip2location_lite,-8.55861,125.573608,Dili,TL,,1780555707,False,,success,2026-08-01T09:22:06Z
node_01196,ip_api,ipapi_com_unverified,-8.5591,125.5766,Dili,TL,,,False,,success,2026-08-01T09:22:04Z
node_01196,ipinfo,ipinfo,-8.5586,125.5736,Dili,TL,,,False,,success,2026-08-01T09:22:05Z
node_01196,ipwho_is,ipwhois_unverified,-8.5858325,125.5673285,Vera Cruz,TL,,,False,,success,2026-08-01T09:22:05Z
node_01196,maxmind_geolite2,maxmind_geolite,-8.5716,125.5738,,TL,1000,1780418264,True,no_city,success,2026-08-01T09:22:06Z
node_01196,reallyfreegeoip,maxmind_geolite,-8.5592,125.5766,Dili,TL,,,False,,success,2026-08-01T09:22:06Z
node_02160,dbip_lite,dbip_lite,-23.1014,-46.7283,Jarinu,BR,,1780278471,False,,success,2026-08-01T09:24:45Z
node_02160,geojs,maxmind_geolite,-23.6293,-46.6351,São Paulo,BR,,,False,,success,2026-08-01T09:24:44Z
node_02160,ip2location_lite,ip2location_lite,-23.501671,-47.458061,Sorocaba,BR,,1780555707,False,,success,2026-08-01T09:24:45Z
node_02160,ip_api,ipapi_com_unverified,-23.6293,-46.6351,São Paulo,BR,,,False,,success,2026-08-01T09:24:43Z
node_02160,ipinfo,ipinfo,-23.5475,-46.6361,São Paulo,BR,,,False,,success,2026-08-01T09:24:44Z
node_02160,ipwho_is,ipwhois_unverified,-23.6882107,-46.6716436,Sao Paulo,BR,,,False,,success,2026-08-01T09:24:43Z
node_02160,maxmind_geolite2,maxmind_geolite,-22.8951,-47.0439,Campinas,BR,100,1780418264,False,,success,2026-08-01T09:24:45Z
node_02160,reallyfreegeoip,maxmind_geolite,-23.6293,-46.6351,São Paulo,BR,,,False,,success,2026-08-01T09:24:44Z
node_02091,dbip_lite,dbip_lite,51.3988,-2.63964,Dundry,GB,,1780278471,False,,success,2026-08-01T09:22:58Z
node_02091,geojs,maxmind_geolite,50.7023,-1.2973,Newport,GB,,,False,,success,2026-08-01T09:22:57Z
node_02091,ip2location_lite,ip2location_lite,52.821209,1.38746,North Walsham,GB,,1780555707,False,,success,2026-08-01T09:22:58Z
node_02091,ip_api,ipapi_com_unverified,50.7023,-1.2973,Newport,GB,,,False,,success,2026-08-01T09:22:57Z
node_02091,ipinfo,ipinfo,50.73,-1.1621,Ryde,GB,,,False,,success,2026-08-01T09:22:57Z
node_02091,ipwho_is,ipwhois_unverified,50.7023436,-1.2973171,Newport,GB,,,False,,success,2026-08-01T09:22:57Z
node_02091,maxmind_geolite2,maxmind_geolite,50.7023,-1.2973,Newport,GB,10,1780418264,False,,success,2026-08-01T09:22:58Z
node_02091,reallyfreegeoip,maxmind_geolite,50.7023,-1.2973,Newport,GB,,,False,,success,2026-08-01T09:22:57Z
node_02048,dbip_lite,dbip_lite,50.0755,14.4378,Prague,CZ,,1780278471,False,,success,2026-08-01T09:21:45Z
node_02048,geojs,maxmind_geolite,50.0343,14.2665,Jinočany,CZ,,,False,,success,2026-08-01T09:21:44Z
node_02048,ip2location_lite,ip2location_lite,49.465569,14.06922,Cimelice,CZ,,1780555707,False,,success,2026-08-01T09:21:45Z
node_02048,ip_api,ipapi_com_unverified,50.0343,14.2665,Jinočany,CZ,,,False,,success,2026-08-01T09:21:44Z
node_02048,ipinfo,ipinfo,50.0185,14.23,Nučice,CZ,,,False,,success,2026-08-01T09:21:44Z
node_02048,ipwho_is,ipwhois_unverified,50.0326858,14.2686889,Jinocany,CZ,,,False,,success,2026-08-01T09:21:44Z
node_02048,maxmind_geolite2,maxmind_geolite,50.0766,14.4464,Prague,CZ,10,1780418264,False,,success,2026-08-01T09:21:45Z
node_02048,reallyfreegeoip,maxmind_geolite,50.0343,14.2665,Jinočany,CZ,,,False,,success,2026-08-01T09:21:45Z
node_02076,dbip_lite,dbip_lite,-33.5947,-71.6075,San Antonio,CL,,1780278471,False,,success,2026-08-01T09:22:33Z
node_02076,geojs,maxmind_geolite,-33.4521,-70.6536,Santiago,CL,,,False,,success,2026-08-01T09:22:33Z
node_02076,ip2location_lite,ip2location_lite,-22.466599,-68.933311,Calama,CL,,1780555707,False,,success,2026-08-01T09:22:33Z
node_02076,ip_api,ipapi_com_unverified,-33.4521,-70.6536,Santiago,CL,,,False,,success,2026-08-01T09:22:32Z
node_02076,ipinfo,ipinfo,-33.4569,-70.6483,Santiago,CL,,,False,,success,2026-08-01T09:22:32Z
node_02076,ipwho_is,ipwhois_unverified,-33.4568743,-70.6482906,Santiago,CL,,,False,,success,2026-08-01T09:22:32Z
node_02076,maxmind_geolite2,maxmind_geolite,-33.4521,-70.6536,Santiago,CL,100,1780418264,False,,success,2026-08-01T09:22:33Z
node_02076,reallyfreegeoip,maxmind_geolite,-33.4521,-70.6536,Santiago,CL,,,False,,success,2026-08-01T09:22:33Z
node_02112,dbip_lite,dbip_lite,51.223,6.78245,Düsseldorf,DE,,1780278471,False,,success,2026-08-01T09:23:30Z
node_02112,geojs,maxmind_geolite,51.6182,7.6449,Bergkamen,DE,,,False,,success,2026-08-01T09:23:30Z
node_02112,ip2location_lite,ip2location_lite,51.514938,7.466,Dortmund,DE,,1780555707,False,,success,2026-08-01T09:23:30Z
node_02112,ip_api,ipapi_com_unverified,51.6182,7.6449,Bergkamen,DE,,,False,,success,2026-08-01T09:23:29Z
node_02112,ipinfo,ipinfo,51.4434,7.7782,Menden,DE,,,False,,success,2026-08-01T09:23:30Z
node_02112,ipwho_is,ipwhois_unverified,51.5241148,7.527826,Dortmund,DE,,,False,,success,2026-08-01T09:23:30Z
node_02112,maxmind_geolite2,maxmind_geolite,51.4523,7.7741,Menden,DE,20,1780418264,False,,success,2026-08-01T09:23:30Z
node_02112,reallyfreegeoip,maxmind_geolite,51.6182,7.6449,Bergkamen,DE,,,False,,success,2026-08-01T09:37:29Z
node_02130,dbip_lite,dbip_lite,37.8013,-8.674,Cercal,PT,,1780278471,False,,success,2026-08-01T09:23:58Z
node_02130,geojs,maxmind_geolite,38.7057,-9.1359,,PT,,,True,no_city,success,2026-08-01T09:23:57Z
node_02130,ip2location_lite,ip2location_lite,37.088188,-8.2503,Albufeira,PT,,1780555707,False,,success,2026-08-01T09:23:58Z
node_02130,ip_api,ipapi_com_unverified,37.8013,-8.674,Cercal,PT,,,False,,success,2026-08-01T09:23:56Z
node_02130,ipinfo,ipinfo,37.0286,-7.8411,Olhão,PT,,,False,,success,2026-08-01T09:23:57Z
node_02130,ipwho_is,ipwhois_unverified,38.6790636,-9.1569276,Almada,PT,,,False,,success,2026-08-01T09:23:57Z
node_02130,maxmind_geolite2,maxmind_geolite,38.7294,-9.1538,Lisbon,PT,10,1780418264,False,,success,2026-08-01T09:23:58Z
node_02130,reallyfreegeoip,maxmind_geolite,38.7057,-9.1359,,PT,,,True,no_city,success,2026-08-01T09:23:57Z
node_02040,dbip_lite,dbip_lite,29.145,48.1303,Al Mahbūlah,KW,,1780278471,False,,success,2026-08-01T09:21:33Z
node_02040,geojs,maxmind_geolite,29.3706,47.9697,Kuwait City,KW,,,False,,success,2026-08-01T09:21:33Z
node_02040,ip2location_lite,ip2location_lite,29.295074,47.93298,Ar Rabiyah,KW,,1780555707,False,,success,2026-08-01T09:21:33Z
node_02040,ip_api,ipapi_com_unverified,29.3706,47.9697,Kuwait City,KW,,,False,,success,2026-08-01T09:21:31Z
node_02040,ipinfo,ipinfo,29.2775,47.9586,Al Farwānīyah,KW,,,False,,success,2026-08-01T09:21:32Z
node_02040,ipwho_is,ipwhois_unverified,29.3705617,47.9697039,Kuwait City,KW,,,False,,success,2026-08-01T09:21:32Z
node_02040,maxmind_geolite2,maxmind_geolite,29.3706,47.9697,Kuwait City,KW,10,1780418264,False,,success,2026-08-01T09:21:33Z
node_02040,reallyfreegeoip,maxmind_geolite,29.3706,47.9697,Kuwait City,KW,,,False,,success,2026-08-01T09:32:36Z
node_02143,dbip_lite,dbip_lite,31.9539,35.9106,Amman,JO,,1780278471,False,,success,2026-08-01T09:24:17Z
node_02143,geojs,maxmind_geolite,31.9555,35.9435,Amman,JO,,,False,,success,2026-08-01T09:24:17Z
node_02143,ip2location_lite,ip2location_lite,50.110882,8.681996,Frankfurt am Main,DE,,1780555707,False,,success,2026-08-01T09:24:17Z
node_02143,ip_api,ipapi_com_unverified,31.9555,35.9435,Amman,JO,,,False,,success,2026-08-01T09:24:15Z
node_02143,ipinfo,ipinfo,32.5556,35.85,Irbid,JO,,,False,,success,2026-08-01T09:24:17Z
node_02143,ipwho_is,ipwhois_unverified,31.9554508,35.9435205,Amman,JO,,,False,,success,2026-08-01T09:24:16Z
node_02143,maxmind_geolite2,maxmind_geolite,31.9555,35.9435,Amman,JO,20,1780418264,False,,success,2026-08-01T09:24:17Z
node_02143,reallyfreegeoip,maxmind_geolite,31.9555,35.9435,Amman,JO,,,False,,success,2026-08-01T09:37:33Z
node_02062,dbip_lite,dbip_lite,49.7475,13.3776,Pilsen,CZ,,1780278471,False,,success,2026-08-01T09:22:08Z
node_02062,geojs,maxmind_geolite,50.0883,14.4124,Prague,CZ,,,False,,success,2026-08-01T09:22:07Z
node_02062,ip2location_lite,ip2location_lite,49.755939,16.46829,Svitavy,CZ,,1780555707,False,,success,2026-08-01T09:22:08Z
node_02062,ip_api,ipapi_com_unverified,50.1155,14.4124,Prague,CZ,,,False,,success,2026-08-01T09:22:07Z
node_02062,ipinfo,ipinfo,50.088,14.4208,Prague,CZ,,,False,,success,2026-08-01T09:22:07Z
node_02062,ipwho_is,ipwhois_unverified,50.0880921,14.4207767,Prague,CZ,,,False,,success,2026-08-01T09:22:07Z
node_02062,maxmind_geolite2,maxmind_geolite,50.0766,14.4464,Prague,CZ,200,1780418264,False,,success,2026-08-01T09:22:08Z
node_02062,reallyfreegeoip,maxmind_geolite,50.0766,14.4464,Prague,CZ,,,False,,success,2026-08-01T09:22:07Z
node_02055,dbip_lite,dbip_lite,48.4818,13.6106,Sankt Roman,AT,,1780278471,False,,success,2026-08-01T09:21:56Z
node_02055,geojs,maxmind_geolite,48.2049,16.3662,Vienna,AT,,,False,,success,2026-08-01T09:21:55Z
node_02055,ip2location_lite,ip2location_lite,47.166672,13.23333,Huttschlag,AT,,1780555707,False,,success,2026-08-01T09:21:56Z
node_02055,ip_api,ipapi_com_unverified,48.2049,16.3662,Vienna,AT,,,False,,success,2026-08-01T09:21:55Z
node_02055,ipinfo,ipinfo,48.3052,16.3252,Klosterneuburg,AT,,,False,,success,2026-08-01T09:21:55Z
node_02055,ipwho_is,ipwhois_unverified,47.1666653,13.2333251,Huttschlag,AT,,,False,,success,2026-08-01T09:21:55Z
node_02055,maxmind_geolite2,maxmind_geolite,48.2048,16.3801,,AT,100,1780418264,True,no_city,success,2026-08-01T09:21:56Z
node_02055,reallyfreegeoip,maxmind_geolite,48.2049,16.3662,Vienna,AT,,,False,,success,2026-08-01T09:34:48Z
node_02122,dbip_lite,dbip_lite,60.1699,24.9384,Helsinki,FI,,1780278471,False,,success,2026-08-01T09:23:46Z
node_02122,geojs,maxmind_geolite,60.2443,24.8763,Helsinki,FI,,,False,,success,2026-08-01T09:23:45Z
node_02122,ip2location_lite,ip2location_lite,60.169521,24.93545,Helsinki,FI,,1780555707,False,,success,2026-08-01T09:23:46Z
node_02122,ip_api,ipapi_com_unverified,60.2404,25.0795,Helsinki,FI,,,False,,success,2026-08-01T09:23:44Z
node_02122,ipinfo,ipinfo,60.1695,24.9354,Helsinki,FI,,,False,,success,2026-08-01T09:23:45Z
node_02122,ipwho_is,ipwhois_unverified,60.1695198,24.9354458,Helsinki,FI,,,False,,success,2026-08-01T09:23:45Z
node_02122,maxmind_geolite2,maxmind_geolite,60.2443,24.8763,Helsinki,FI,10,1780418264,False,,success,2026-08-01T09:23:46Z
node_02122,reallyfreegeoip,maxmind_geolite,60.2443,24.8763,Helsinki,FI,,,False,,success,2026-08-01T09:37:29Z
node_02051,dbip_lite,dbip_lite,44.3659,10.836500000000001,Sant'Antonio,IT,,1780278471,False,,success,2026-08-01T09:21:50Z
node_02051,geojs,maxmind_geolite,45.8307,11.8406,Crespano del Grappa,IT,,,False,,success,2026-08-01T09:21:49Z
node_02051,ip2location_lite,ip2location_lite,44.647766,10.925567,Modena,IT,,1780555707,False,,success,2026-08-01T09:21:50Z
node_02051,ip_api,ipapi_com_unverified,45.8307,11.8406,Crespano del Grappa,IT,,,False,,success,2026-08-01T09:21:48Z
node_02051,ipinfo,ipinfo,44.4938,11.3387,Bologna,IT,,,False,,success,2026-08-01T09:21:49Z
node_02051,ipwho_is,ipwhois_unverified,44.6533937,10.9230694,Modena,IT,,,False,,success,2026-08-01T09:21:49Z
node_02051,maxmind_geolite2,maxmind_geolite,45.8307,11.8406,Crespano del Grappa,IT,100,1780418264,False,,success,2026-08-01T09:21:50Z
node_02051,reallyfreegeoip,maxmind_geolite,45.8307,11.8406,Crespano del Grappa,IT,,,False,,success,2026-08-01T09:21:49Z
node_02070,dbip_lite,dbip_lite,52.2908,4.58333,Hillegom,NL,,1780278471,False,,success,2026-08-01T09:22:20Z
node_02070,geojs,maxmind_geolite,52.3716,4.8883,Amsterdam,NL,,,False,,success,2026-08-01T09:22:19Z
node_02070,ip2location_lite,ip2location_lite,52.378502,4.89998,Amsterdam,NL,,1780555707,False,,success,2026-08-01T09:22:20Z
node_02070,ip_api,ipapi_com_unverified,52.3716,4.8883,Amsterdam,NL,,,False,,success,2026-08-01T09:22:18Z
node_02070,ipinfo,ipinfo,52.374,4.8897,Amsterdam,NL,,,False,,success,2026-08-01T09:22:19Z
node_02070,ipwho_is,ipwhois_unverified,52.3785024,4.8999816,Amsterdam,NL,,,False,,success,2026-08-01T09:22:19Z
node_02070,maxmind_geolite2,maxmind_geolite,52.3716,4.8883,Amsterdam,NL,20,1780418264,False,,success,2026-08-01T09:22:19Z
node_02070,reallyfreegeoip,maxmind_geolite,52.3716,4.8883,Amsterdam,NL,,,False,,success,2026-08-01T09:34:33Z
node_02127,dbip_lite,dbip_lite,50.1109,8.68213,Frankfurt am Main,DE,,1780278471,False,,success,2026-08-01T09:23:53Z
node_02127,geojs,maxmind_geolite,51.0968,6.842,Dormagen,DE,,,False,,success,2026-08-01T09:23:53Z
node_02127,ip2location_lite,ip2location_lite,51.96209,7.625645,Muenster,DE,,1780555707,False,,success,2026-08-01T09:23:53Z
node_02127,ip_api,ipapi_com_unverified,51.0968,6.842,Dormagen,DE,,,False,,success,2026-08-01T09:23:51Z
node_02127,ipinfo,ipinfo,51.9624,7.6257,Münster,DE,,,False,,success,2026-08-01T09:23:53Z
node_02127,ipwho_is,ipwhois_unverified,51.0967932,6.8316741,Dormagen,DE,,,False,,success,2026-08-01T09:23:52Z
node_02127,maxmind_geolite2,maxmind_geolite,51.0968,6.842,Dormagen,DE,50,1780418264,False,,success,2026-08-01T09:23:53Z
node_02127,reallyfreegeoip,maxmind_geolite,51.0968,6.842,Dormagen,DE,,,False,,success,2026-08-01T09:34:21Z
node_02080,dbip_lite,dbip_lite,56.5352,21.1678,Grobiņa,LV,,1780278471,False,,success,2026-08-01T09:22:39Z
node_02080,geojs,maxmind_geolite,56.9473,24.0979,Riga,LV,,,False,,success,2026-08-01T09:22:39Z
node_02080,ip2location_lite,ip2location_lite,56.941292,24.289825,Ulbroka,LV,,1780555707,False,,success,2026-08-01T09:22:39Z
node_02080,ip_api,ipapi_com_unverified,56.9473,24.0979,Riga,LV,,,False,,success,2026-08-01T09:22:38Z
node_02080,ipinfo,ipinfo,56.946,24.1059,Riga,LV,,,False,,success,2026-08-01T09:22:39Z
node_02080,ipwho_is,ipwhois_unverified,57.070825,24.3368458,Adazi,LV,,,False,,success,2026-08-01T09:22:39Z
node_02080,maxmind_geolite2,maxmind_geolite,56.9473,24.0979,Riga,LV,20,1780418264,False,,success,2026-08-01T09:22:39Z
node_02080,reallyfreegeoip,maxmind_geolite,56.9473,24.0979,Riga,LV,,,False,,success,2026-08-01T09:33:22Z
node_02072,dbip_lite,dbip_lite,48.2028,16.5508,Groß-Enzersdorf,AT,,1780278471,False,,success,2026-08-01T09:22:24Z
node_02072,geojs,maxmind_geolite,48.2049,16.3662,Vienna,AT,,,False,,success,2026-08-01T09:22:24Z
node_02072,ip2location_lite,ip2location_lite,47.233059,9.6,Feldkirch,AT,,1780555707,False,,success,2026-08-01T09:22:24Z
node_02072,ip_api,ipapi_com_unverified,46.6963,14.1141,Markstein,AT,,,False,,success,2026-08-01T09:22:22Z
node_02072,ipinfo,ipinfo,47.8049,16.232,Wiener Neustadt,AT,,,False,,success,2026-08-01T09:22:23Z
node_02072,ipwho_is,ipwhois_unverified,48.2048916,16.3661921,Vienna,AT,,,False,,success,2026-08-01T09:22:23Z
node_02072,maxmind_geolite2,maxmind_geolite,48.2048,16.3801,,AT,100,1780418264,True,no_city,success,2026-08-01T09:22:24Z
node_02072,reallyfreegeoip,maxmind_geolite,48.2049,16.3662,Vienna,AT,,,False,,success,2026-08-01T09:33:18Z
node_02119,dbip_lite,dbip_lite,35.6512,139.705,Daikan’yamachō,JP,,1780278471,False,,success,2026-08-01T09:23:41Z
node_02119,geojs,maxmind_geolite,35.6837,139.6805,Tokyo,JP,,,False,,success,2026-08-01T09:23:41Z
node_02119,ip2location_lite,ip2location_lite,35.867001,139.649994,Saitama,JP,,1780555707,False,,success,2026-08-01T09:23:41Z
node_02119,ip_api,ipapi_com_unverified,35.6837,139.6805,Tokyo,JP,,,False,,success,2026-08-01T09:23:40Z
node_02119,ipinfo,ipinfo,35.5206,139.7172,Kawasaki,JP,,,False,,success,2026-08-01T09:23:41Z
node_02119,ipwho_is,ipwhois_unverified,35.6894973,139.6923172,Tokyo,JP,,,False,,success,2026-08-01T09:23:40Z
node_02119,maxmind_geolite2,maxmind_geolite,35.6798,139.6844,Uehara,JP,20,1780418264,False,,success,2026-08-01T09:23:41Z
node_02119,reallyfreegeoip,maxmind_geolite,35.6837,139.6805,Tokyo,JP,,,False,,success,2026-08-01T09:23:41Z
node_02086,dbip_lite,dbip_lite,35.663,50.997,Shahrak-e Ja‘farīyeh,IR,,1780278471,False,,success,2026-08-01T09:22:51Z
node_02086,geojs,maxmind_geolite,35.698,51.4115,,IR,,,True,no_city,success,2026-08-01T09:22:50Z
node_02086,ip2location_lite,ip2location_lite,35.694241,51.42131,Tehran,IR,,1780555707,False,,success,2026-08-01T09:22:51Z
node_02086,ip_api,ipapi_com_unverified,35.663,50.997,Shahrak-e Ja‘farīyeh,IR,,,False,,success,2026-08-01T09:22:48Z
node_02086,ipinfo,ipinfo,35.6588,51.0577,Shahrīār,IR,,,False,,success,2026-08-01T09:22:50Z
node_02086,ipwho_is,ipwhois_unverified,35.6942417,51.4213081,Tehran,IR,,,False,,success,2026-08-01T09:22:49Z
node_02086,maxmind_geolite2,maxmind_geolite,35.4719,50.9755,Parand,IR,10,1780418264,False,,success,2026-08-01T09:22:51Z
node_02086,reallyfreegeoip,maxmind_geolite,35.698,51.4115,,IR,,,True,no_city,success,2026-08-01T09:22:50Z
node_02141,dbip_lite,dbip_lite,49.7958,9.93336,Würzburg (Altstadt),DE,,1780278471,False,,success,2026-08-01T09:24:14Z
node_02141,geojs,maxmind_geolite,49.7821,9.9285,Würzburg,DE,,,False,,success,2026-08-01T09:24:14Z
node_02141,ip2location_lite,ip2location_lite,49.787991,9.935919,Wuerzburg,DE,,1780555707,False,,success,2026-08-01T09:24:14Z
node_02141,ip_api,ipapi_com_unverified,49.7786,9.9308,Würzburg,DE,,,False,,success,2026-08-01T09:24:12Z
node_02141,ipinfo,ipinfo,49.7939,9.9512,Würzburg,DE,,,False,,success,2026-08-01T09:24:14Z
node_02141,ipwho_is,ipwhois_unverified,49.8021883,9.905312,Wurzburg,DE,,,False,,success,2026-08-01T09:24:13Z
node_02141,maxmind_geolite2,maxmind_geolite,49.7821,9.9285,Würzburg,DE,5,1780418264,False,,success,2026-08-01T09:24:14Z
node_02141,reallyfreegeoip,maxmind_geolite,49.7821,9.9285,Würzburg,DE,,,False,,success,2026-08-01T09:37:32Z
node_02148,dbip_lite,dbip_lite,29.1496,78.4084,Nūrpur,IN,,1780278471,False,,success,2026-08-01T09:24:27Z
node_02148,geojs,maxmind_geolite,29.0533,79.313,DIneshpur,IN,,,False,,success,2026-08-01T09:24:26Z
node_02148,ip2location_lite,ip2location_lite,27.883194,78.083305,Aligarh,IN,,1780555707,False,,success,2026-08-01T09:24:27Z
node_02148,ip_api,ipapi_com_unverified,28.825,77.5429,Modinagar,IN,,,False,,success,2026-08-01T09:24:25Z
node_02148,ipinfo,ipinfo,28.98,77.7064,Meerut,IN,,,False,,success,2026-08-01T09:24:26Z
node_02148,ipwho_is,ipwhois_unverified,27.4949448,79.1833335,Aliganj,IN,,,False,,success,2026-08-01T09:24:25Z
node_02148,maxmind_geolite2,maxmind_geolite,30.3275,78.0325,Dehradun,IN,200,1780418264,False,,success,2026-08-01T09:24:27Z
node_02148,reallyfreegeoip,maxmind_geolite,29.0533,79.313,DIneshpur,IN,,,False,,success,2026-08-01T09:24:26Z
node_02074,dbip_lite,dbip_lite,2.99959,101.393,Port Klang,MY,,1780278471,False,,success,2026-08-01T09:22:28Z
node_02074,geojs,maxmind_geolite,3.1013,101.6915,Kuala Lumpur,MY,,,False,,success,2026-08-01T09:22:28Z
node_02074,ip2location_lite,ip2location_lite,5.283333,100.26667,Bayan Lepas,MY,,1780555707,False,,success,2026-08-01T09:22:28Z
node_02074,ip_api,ipapi_com_unverified,3.1191,101.6747,Kuala Lumpur,MY,,,False,,success,2026-08-01T09:22:27Z
node_02074,ipinfo,ipinfo,1.4655,103.7578,Johor Bahru,MY,,,False,,success,2026-08-01T09:22:28Z
node_02074,ipwho_is,ipwhois_unverified,3.5260826,101.9041223,Bentung,MY,,,False,,success,2026-08-01T09:22:28Z
node_02074,maxmind_geolite2,maxmind_geolite,3.1831,101.6706,Kuala Lumpur,MY,100,1780418264,False,,success,2026-08-01T09:22:28Z
node_02074,reallyfreegeoip,maxmind_geolite,3.1013,101.6915,Kuala Lumpur,MY,,,False,,success,2026-08-01T09:33:21Z
node_02142,dbip_lite,dbip_lite,-41.2708,173.284,Nelson,NZ,,1780278471,False,,success,2026-08-01T09:24:15Z
node_02142,geojs,maxmind_geolite,-41.2869,174.7804,Wellington,NZ,,,False,,success,2026-08-01T09:24:15Z
node_02142,ip2location_lite,ip2location_lite,-41.283329,173.283325,Nelson,NZ,,1780555707,False,,success,2026-08-01T09:24:15Z
node_02142,ip_api,ipapi_com_unverified,-41.3388,174.7456,Wellington,NZ,,,False,,success,2026-08-01T09:24:14Z
node_02142,ipinfo,ipinfo,-41.2167,174.9167,Lower Hutt,NZ,,,False,,success,2026-08-01T09:24:15Z
node_02142,ipwho_is,ipwhois_unverified,-41.2710849,173.2836756,Nelson City,NZ,,,False,,success,2026-08-01T09:24:15Z
node_02142,maxmind_geolite2,maxmind_geolite,-41.3159,174.8185,Wellington,NZ,10,1780418264,False,,success,2026-08-01T09:24:15Z
node_02142,reallyfreegeoip,maxmind_geolite,-41.2869,174.7804,Wellington,NZ,,,False,,success,2026-08-01T09:37:32Z
node_02041,dbip_lite,dbip_lite,50.8514,5.69097,Maastricht,NL,,1780278471,False,,success,2026-08-01T09:21:34Z
node_02041,geojs,maxmind_geolite,51.6059,5.6808,Boekel,NL,,,False,,success,2026-08-01T09:21:34Z
node_02041,ip2location_lite,ip2location_lite,51.441029,5.478038,Eindhoven,NL,,1780555707,False,,success,2026-08-01T09:21:34Z
node_02041,ip_api,ipapi_com_unverified,51.6059,5.6808,Boekel,NL,,,False,,success,2026-08-01T09:21:33Z
node_02041,ipinfo,ipinfo,51.9225,4.4792,Rotterdam,NL,,,False,,success,2026-08-01T09:21:34Z
node_02041,ipwho_is,ipwhois_unverified,51.6059014,5.6807805,Boekel,NL,,,False,,success,2026-08-01T09:21:34Z
node_02041,maxmind_geolite2,maxmind_geolite,51.839,4.9536,Gorinchem,NL,50,1780418264,False,,success,2026-08-01T09:21:34Z
node_02041,reallyfreegeoip,maxmind_geolite,51.6059,5.6808,Boekel,NL,,,False,,success,2026-08-01T09:32:36Z
node_02193,dbip_lite,dbip_lite,53.4841,18.7537,Grudziądz,PL,,1780278471,False,,success,2026-08-01T09:25:35Z
node_02193,geojs,maxmind_geolite,52.2452,21.0613,Warsaw,PL,,,False,,success,2026-08-01T09:25:35Z
node_02193,ip2location_lite,ip2location_lite,52.229771,21.01178,Warsaw,PL,,1780555707,False,,success,2026-08-01T09:25:35Z
node_02193,ip_api,ipapi_com_unverified,52.2299,21.0093,Warsaw,PL,,,False,,success,2026-08-01T09:25:34Z
node_02193,ipinfo,ipinfo,52.2298,21.0118,Warsaw,PL,,,False,,success,2026-08-01T09:25:35Z
node_02193,ipwho_is,ipwhois_unverified,52.2298295,21.0117173,Warsaw,PL,,,False,,success,2026-08-01T09:25:34Z
node_02193,maxmind_geolite2,maxmind_geolite,52.243,21.068,Warsaw,PL,50,1780418264,False,,success,2026-08-01T09:25:35Z
node_02193,reallyfreegeoip,maxmind_geolite,52.2452,21.0613,Warsaw,PL,,,False,,success,2026-08-01T09:25:35Z
node_02134,dbip_lite,dbip_lite,52.2297,21.0122,Warsaw,PL,,1780278471,False,,success,2026-08-01T09:24:04Z
node_02134,geojs,maxmind_geolite,52.2452,21.0613,Warsaw,PL,,,False,,success,2026-08-01T09:24:03Z
node_02134,ip2location_lite,ip2location_lite,52.229771,21.01178,Warsaw,PL,,1780555707,False,,success,2026-08-01T09:24:04Z
node_02134,ip_api,ipapi_com_unverified,52.2452,21.0613,Warsaw,PL,,,False,,success,2026-08-01T09:24:02Z
node_02134,ipinfo,ipinfo,52.2298,21.0118,Warsaw,PL,,,False,,success,2026-08-01T09:24:03Z
node_02134,ipwho_is,ipwhois_unverified,52.2298295,21.0117173,Warsaw,PL,,,False,,success,2026-08-01T09:24:03Z
node_02134,maxmind_geolite2,maxmind_geolite,52.243,21.068,Warsaw,PL,50,1780418264,False,,success,2026-08-01T09:24:04Z
node_02134,reallyfreegeoip,maxmind_geolite,52.2452,21.0613,Warsaw,PL,,,False,,success,2026-08-01T09:24:03Z
node_02073,dbip_lite,dbip_lite,52.7517,0.39516,Kings Lynn,GB,,1780278471,False,,success,2026-08-01T09:22:25Z
node_02073,geojs,maxmind_geolite,51.5909,-0.0215,,GB,,,True,no_city,success,2026-08-01T09:22:25Z
node_02073,ip2location_lite,ip2location_lite,52.25,-0.88333,Northampton,GB,,1780555707,False,,success,2026-08-01T09:22:25Z
node_02073,ip_api,ipapi_com_unverified,51.6311,0.0018,Chingford,GB,,,False,,success,2026-08-01T09:22:24Z
node_02073,ipinfo,ipinfo,51.5085,-0.1257,London,GB,,,False,,success,2026-08-01T09:22:25Z
node_02073,ipwho_is,ipwhois_unverified,52.2502778,-0.8833262,Northampton,GB,,,False,,success,2026-08-01T09:22:25Z
node_02073,maxmind_geolite2,maxmind_geolite,51.4964,-0.1224,,GB,500,1780418264,True,no_city,success,2026-08-01T09:22:25Z
node_02073,reallyfreegeoip,maxmind_geolite,51.6311,0.0018,Chingford,GB,,,False,,success,2026-08-01T09:33:19Z
node_02042,dbip_lite,dbip_lite,52.4814,-1.8998300000000001,Birmingham,GB,,1780278471,False,,success,2026-08-01T09:21:36Z
node_02042,geojs,maxmind_geolite,51.4964,-0.1224,,GB,,,True,no_city,success,2026-08-01T09:21:36Z
node_02042,ip2location_lite,ip2location_lite,51.50853,-0.12574,London,GB,,1780555707,False,,success,2026-08-01T09:21:36Z
node_02042,ip_api,ipapi_com_unverified,51.4615,-0.1409,Lambeth,GB,,,False,,success,2026-08-01T09:21:34Z
node_02042,ipinfo,ipinfo,51.5085,-0.1257,London,GB,,,False,,success,2026-08-01T09:21:35Z
node_02042,ipwho_is,ipwhois_unverified,51.5156177,-0.0919983,London,GB,,,False,,success,2026-08-01T09:21:35Z
node_02042,maxmind_geolite2,maxmind_geolite,55.867,-4.2621,Glasgow,GB,200,1780418264,False,,success,2026-08-01T09:21:36Z
node_02042,reallyfreegeoip,maxmind_geolite,51.4615,-0.1409,Lambeth,GB,,,False,,success,2026-08-01T09:32:37Z
node_02185,dbip_lite,dbip_lite,53.5584,-3.06999,Formby,GB,,1780278471,False,,success,2026-08-01T09:25:23Z
node_02185,geojs,maxmind_geolite,51.4964,-0.1224,,GB,,,True,no_city,success,2026-08-01T09:25:23Z
node_02185,ip2location_lite,ip2location_lite,54.745041,-2.07659,Eastgate,GB,,1780555707,False,,success,2026-08-01T09:25:23Z
node_02185,ip_api,ipapi_com_unverified,51.4615,-0.1409,Lambeth,GB,,,False,,success,2026-08-01T09:25:22Z
node_02185,ipinfo,ipinfo,53.4809,-2.2374,Manchester,GB,,,False,,success,2026-08-01T09:25:23Z
node_02185,ipwho_is,ipwhois_unverified,53.4809238,-2.2373658,Manchester,GB,,,False,,success,2026-08-01T09:25:22Z
node_02185,maxmind_geolite2,maxmind_geolite,55.867,-4.2621,Glasgow,GB,200,1780418264,False,,success,2026-08-01T09:25:23Z
node_02185,reallyfreegeoip,maxmind_geolite,51.4615,-0.1409,Lambeth,GB,,,False,,success,2026-08-01T09:39:16Z
node_02162,dbip_lite,dbip_lite,51.558,-1.78116,Swindon,GB,,1780278471,False,,success,2026-08-01T09:24:47Z
node_02162,geojs,maxmind_geolite,51.4566,-0.968,Reading,GB,,,False,,success,2026-08-01T09:24:47Z
node_02162,ip2location_lite,ip2location_lite,52.370918,-1.26417,Rugby,GB,,1780555707,False,,success,2026-08-01T09:24:47Z
node_02162,ip_api,ipapi_com_unverified,51.4566,-0.968,Reading,GB,,,False,,success,2026-08-01T09:24:46Z
node_02162,ipinfo,ipinfo,51.8797,-0.4175,Luton,GB,,,False,,success,2026-08-01T09:24:47Z
node_02162,ipwho_is,ipwhois_unverified,51.456251,-0.971134,Reading,GB,,,False,,success,2026-08-01T09:24:46Z
node_02162,maxmind_geolite2,maxmind_geolite,55.867,-4.2621,Glasgow,GB,200,1780418264,False,,success,2026-08-01T09:24:47Z
node_02162,reallyfreegeoip,maxmind_geolite,51.4566,-0.968,Reading,GB,,,False,,success,2026-08-01T09:24:47Z
node_02077,dbip_lite,dbip_lite,60.1699,24.9384,Helsinki,FI,,1780278471,False,,success,2026-08-01T09:22:36Z
node_02077,geojs,maxmind_geolite,60.2672,25.0182,Helsinki,FI,,,False,,success,2026-08-01T09:22:35Z
node_02077,ip2location_lite,ip2location_lite,60.719292,24.85878,Vantaa,FI,,1780555707,False,,success,2026-08-01T09:22:36Z
node_02077,ip_api,ipapi_com_unverified,60.2672,25.0182,Helsinki,FI,,,False,,success,2026-08-01T09:22:34Z
node_02077,ipinfo,ipinfo,60.1695,24.9354,Helsinki,FI,,,False,,success,2026-08-01T09:22:35Z
node_02077,ipwho_is,ipwhois_unverified,60.1695198,24.9354458,Helsinki,FI,,,False,,success,2026-08-01T09:22:34Z
node_02077,maxmind_geolite2,maxmind_geolite,60.2525,24.8918,Helsinki,FI,100,1780418264,False,,success,2026-08-01T09:22:36Z
node_02077,reallyfreegeoip,maxmind_geolite,60.2672,25.0182,Helsinki,FI,,,False,,success,2026-08-01T09:22:35Z
node_02169,dbip_lite,dbip_lite,35.7808,51.4361,Tehrān (District 3),IR,,1780278471,False,,success,2026-08-01T09:25:00Z
node_02169,geojs,maxmind_geolite,35.698,51.4115,,IR,,,True,no_city,success,2026-08-01T09:24:59Z
node_02169,ip2location_lite,ip2location_lite,35.694241,51.42131,Tehran,IR,,1780555707,False,,success,2026-08-01T09:25:00Z
node_02169,ip_api,ipapi_com_unverified,35.7808,51.4361,Tehran,IR,,,False,,success,2026-08-01T09:24:58Z
node_02169,ipinfo,ipinfo,35.6944,51.4215,Tehran,IR,,,False,,success,2026-08-01T09:24:59Z
node_02169,ipwho_is,ipwhois_unverified,29.5925621,52.5835506,Shiraz,IR,,,False,,success,2026-08-01T09:24:58Z
node_02169,maxmind_geolite2,maxmind_geolite,35.698,51.4115,,IR,1000,1780418264,True,no_city,success,2026-08-01T09:25:00Z
node_02169,reallyfreegeoip,maxmind_geolite,35.698,51.4115,,IR,,,True,no_city,success,2026-08-01T09:38:27Z
node_02068,dbip_lite,dbip_lite,42.6975,23.3242,Sofia,BG,,1780278471,False,,success,2026-08-01T09:22:17Z
node_02068,geojs,maxmind_geolite,42.6826,23.3223,Sofia,BG,,,False,,success,2026-08-01T09:22:16Z
node_02068,ip2location_lite,ip2location_lite,42.333328,23.549999,Samokov,BG,,1780555707,False,,success,2026-08-01T09:22:17Z
node_02068,ip_api,ipapi_com_unverified,42.6826,23.3223,Sofia,BG,,,False,,success,2026-08-01T09:22:15Z
node_02068,ipinfo,ipinfo,42.6975,23.3241,Sofia,BG,,,False,,success,2026-08-01T09:22:16Z
node_02068,ipwho_is,ipwhois_unverified,42.697508,23.3241507,Sofia,BG,,,False,,success,2026-08-01T09:22:16Z
node_02068,maxmind_geolite2,maxmind_geolite,42.6826,23.3223,Sofia,BG,100,1780418264,False,,success,2026-08-01T09:22:17Z
node_02068,reallyfreegeoip,maxmind_geolite,42.6826,23.3223,Sofia,BG,,,False,,success,2026-08-01T09:22:16Z
node_02078,dbip_lite,dbip_lite,48.83,6.1839,Belleau,FR,,1780278471,False,,success,2026-08-01T09:22:37Z
node_02078,geojs,maxmind_geolite,48.8582,2.3387,,FR,,,True,no_city,success,2026-08-01T09:22:36Z
node_02078,ip2location_lite,ip2location_lite,46.32909,6.37947,Sciez,FR,,1780555707,False,,success,2026-08-01T09:22:37Z
node_02078,ip_api,ipapi_com_unverified,46.0378,4.47526,Grandris,FR,,,False,,success,2026-08-01T09:22:36Z
node_02078,ipinfo,ipinfo,48.0684,-2.9665,Pontivy,FR,,,False,,success,2026-08-01T09:22:36Z
node_02078,ipwho_is,ipwhois_unverified,46.0377538,4.4752581,Grandris,FR,,,False,,success,2026-08-01T09:22:36Z
node_02078,maxmind_geolite2,maxmind_geolite,48.8582,2.3387,,FR,500,1780418264,True,no_city,success,2026-08-01T09:22:37Z
node_02078,reallyfreegeoip,maxmind_geolite,48.8582,2.3387,,FR,,,True,no_city,success,2026-08-01T09:22:36Z
node_02087,dbip_lite,dbip_lite,55.7558,37.6173,Moscow,RU,,1780278471,False,,success,2026-08-01T09:22:52Z
node_02087,geojs,maxmind_geolite,55.7487,37.6187,Moscow,RU,,,False,,success,2026-08-01T09:22:51Z
node_02087,ip2location_lite,ip2location_lite,55.752258,37.615471,Moscow,RU,,1780555707,False,,success,2026-08-01T09:22:52Z
node_02087,ip_api,ipapi_com_unverified,55.7487,37.6187,Moscow,RU,,,False,,success,2026-08-01T09:22:51Z
node_02087,ipinfo,ipinfo,55.752,37.6178,Moscow,RU,,,False,,success,2026-08-01T09:22:51Z
node_02087,ipwho_is,ipwhois_unverified,55.752259,37.6154659,Moscow,RU,,,False,,success,2026-08-01T09:22:51Z
node_02087,maxmind_geolite2,maxmind_geolite,55.7487,37.6187,Moscow,RU,20,1780418264,False,,success,2026-08-01T09:22:52Z
node_02087,reallyfreegeoip,maxmind_geolite,55.7487,37.6187,Moscow,RU,,,False,,success,2026-08-01T09:22:51Z
node_02079,dbip_lite,dbip_lite,39.8028,-105.087,Arvada,US,,1780278471,False,,success,2026-08-01T09:22:38Z
node_02079,geojs,maxmind_geolite,39.8831,-105.1122,Westminster,US,,,False,,success,2026-08-01T09:22:38Z
node_02079,ip2location_lite,ip2location_lite,39.824989,-105.0047,Twin Lakes,US,,1780555707,False,,success,2026-08-01T09:22:38Z
node_02079,ip_api,ipapi_com_unverified,39.8831,-105.1122,Westminster,US,,,False,,success,2026-08-01T09:22:37Z
node_02079,ipinfo,ipinfo,39.8854,-105.1139,Broomfield,US,,,False,,success,2026-08-01T09:22:38Z
node_02079,ipwho_is,ipwhois_unverified,39.6384806,-106.0657422,Northeast Jefferson,US,,,False,,success,2026-08-01T09:22:37Z
node_02079,maxmind_geolite2,maxmind_geolite,39.8831,-105.1122,Westminster,US,20,1780418264,False,,success,2026-08-01T09:22:38Z
node_02079,reallyfreegeoip,maxmind_geolite,39.8831,-105.1122,Westminster,US,,,False,,success,2026-08-01T09:33:21Z
node_02120,dbip_lite,dbip_lite,48.1868,16.4032,Vienna (Landstraße),AT,,1780278471,False,,success,2026-08-01T09:23:43Z
node_02120,geojs,maxmind_geolite,48.2049,16.3662,Vienna,AT,,,False,,success,2026-08-01T09:23:42Z
node_02120,ip2location_lite,ip2location_lite,48.208889,16.37208,Vienna,AT,,1780555707,False,,success,2026-08-01T09:23:43Z
node_02120,ip_api,ipapi_com_unverified,48.2049,16.3662,Vienna,AT,,,False,,success,2026-08-01T09:23:41Z
node_02120,ipinfo,ipinfo,48.2085,16.3721,Vienna,AT,,,False,,success,2026-08-01T09:23:42Z
node_02120,ipwho_is,ipwhois_unverified,48.2048916,16.3661921,Vienna,AT,,,False,,success,2026-08-01T09:23:42Z
node_02120,maxmind_geolite2,maxmind_geolite,48.1535,16.3855,Vienna,AT,50,1780418264,False,,success,2026-08-01T09:23:43Z
node_02120,reallyfreegeoip,maxmind_geolite,48.2049,16.3662,Vienna,AT,,,False,,success,2026-08-01T09:23:42Z
node_02174,dbip_lite,dbip_lite,50.039,14.4759,Vestec (Praha 11),CZ,,1780278471,False,,success,2026-08-01T09:25:07Z
node_02174,geojs,maxmind_geolite,50.0766,14.4464,Prague,CZ,,,False,,success,2026-08-01T09:25:06Z
node_02174,ip2location_lite,ip2location_lite,50.087936,14.420798,Prague,CZ,,1780555707,False,,success,2026-08-01T09:25:07Z
node_02174,ip_api,ipapi_com_unverified,50.0883,14.4124,Prague,CZ,,,False,,success,2026-08-01T09:25:05Z
node_02174,ipinfo,ipinfo,50.088,14.4208,Prague,CZ,,,False,,success,2026-08-01T09:25:06Z
node_02174,ipwho_is,ipwhois_unverified,50.0880921,14.4207767,Prague,CZ,,,False,,success,2026-08-01T09:25:06Z
node_02174,maxmind_geolite2,maxmind_geolite,50.0883,14.4124,Prague,CZ,20,1780418264,False,,success,2026-08-01T09:25:07Z
node_02174,reallyfreegeoip,maxmind_geolite,50.0766,14.4464,Prague,CZ,,,False,,success,2026-08-01T09:25:06Z
node_02183,dbip_lite,dbip_lite,50.2597,19.0217,Katowice,PL,,1780278471,False,,success,2026-08-01T09:25:21Z
node_02183,geojs,maxmind_geolite,50.2603,19.0257,Katowice,PL,,,False,,success,2026-08-01T09:25:20Z
node_02183,ip2location_lite,ip2location_lite,49.21328,22.32795,Cisna,PL,,1780555707,False,,success,2026-08-01T09:25:21Z
node_02183,ip_api,ipapi_com_unverified,50.2603,19.0257,Katowice,PL,,,False,,success,2026-08-01T09:25:19Z
node_02183,ipinfo,ipinfo,50.2597,19.0217,Katowice,PL,,,False,,success,2026-08-01T09:25:20Z
node_02183,ipwho_is,ipwhois_unverified,50.2584666,19.0274691,Katowice,PL,,,False,,success,2026-08-01T09:25:19Z
node_02183,maxmind_geolite2,maxmind_geolite,50.2882,19.014,Katowice,PL,100,1780418264,False,,success,2026-08-01T09:25:21Z
node_02183,reallyfreegeoip,maxmind_geolite,50.2603,19.0257,Katowice,PL,,,False,,success,2026-08-01T09:34:07Z
node_02034,dbip_lite,dbip_lite,59.9122,10.731300000000001,Oslo,NO,,1780278471,False,,success,2026-08-01T09:21:25Z
node_02034,geojs,maxmind_geolite,59.7682,10.0206,Krokstadelva,NO,,,False,,success,2026-08-01T09:21:23Z
node_02034,ip2location_lite,ip2location_lite,59.91275,10.74609,Oslo,NO,,1780555707,False,,success,2026-08-01T09:21:25Z
node_02034,ip_api,ipapi_com_unverified,59.7682,10.0206,Krokstadelva,NO,,,False,,success,2026-08-01T09:21:23Z
node_02034,ipinfo,ipinfo,60.7957,10.6915,Gjøvik,NO,,,False,,success,2026-08-01T09:21:23Z
node_02034,ipwho_is,ipwhois_unverified,59.9126738,10.7461747,Oslo,NO,,,False,,success,2026-08-01T09:21:23Z
node_02034,maxmind_geolite2,maxmind_geolite,59.9133,10.7389,Oslo,NO,100,1780418264,False,,success,2026-08-01T09:21:24Z
node_02034,reallyfreegeoip,maxmind_geolite,59.7682,10.0206,Krokstadelva,NO,,,False,,success,2026-08-01T09:21:23Z
node_02108,dbip_lite,dbip_lite,34.8839,32.3819,Peyia,CY,,1780278471,False,,success,2026-08-01T09:23:24Z
node_02108,geojs,maxmind_geolite,34.6874,33.0366,Limassol,CY,,,False,,success,2026-08-01T09:23:24Z
node_02108,ip2location_lite,ip2location_lite,34.883331,32.383331,Peyia,CY,,1780555707,False,,success,2026-08-01T09:23:24Z
node_02108,ip_api,ipapi_com_unverified,34.6874,33.0366,Limassol,CY,,,False,,success,2026-08-01T09:23:23Z
node_02108,ipinfo,ipinfo,35.1728,33.354,Nicosia,CY,,,False,,success,2026-08-01T09:23:24Z
node_02108,ipwho_is,ipwhois_unverified,34.883329,32.3833328,Pegeia,CY,,,False,,success,2026-08-01T09:23:24Z
node_02108,maxmind_geolite2,maxmind_geolite,34.6874,33.0366,Limassol,CY,50,1780418264,False,,success,2026-08-01T09:23:24Z
node_02108,reallyfreegeoip,maxmind_geolite,34.6874,33.0366,Limassol,CY,,,False,,success,2026-08-01T09:36:33Z
node_02063,dbip_lite,dbip_lite,53.2396,20.17,Działdowo,PL,,1780278471,False,,success,2026-08-01T09:22:09Z
node_02063,geojs,maxmind_geolite,52.2022,20.9862,Warsaw,PL,,,False,,success,2026-08-01T09:22:09Z
node_02063,ip2location_lite,ip2location_lite,52.765701,19.55592,Mochowo,PL,,1780555707,False,,success,2026-08-01T09:22:09Z
node_02063,ip_api,ipapi_com_unverified,52.2299,21.0093,Warsaw,PL,,,False,,success,2026-08-01T09:22:08Z
node_02063,ipinfo,ipinfo,52.2298,21.0118,Warsaw,PL,,,False,,success,2026-08-01T09:22:08Z
node_02063,ipwho_is,ipwhois_unverified,52.2298295,21.0117173,Warsaw,PL,,,False,,success,2026-08-01T09:22:08Z
node_02063,maxmind_geolite2,maxmind_geolite,52.2372,21.0123,Warsaw,PL,200,1780418264,False,,success,2026-08-01T09:22:09Z
node_02063,reallyfreegeoip,maxmind_geolite,52.2022,20.9862,Warsaw,PL,,,False,,success,2026-08-01T09:22:09Z
node_02133,dbip_lite,dbip_lite,53.2396,20.17,Działdowo,PL,,1780278471,False,,success,2026-08-01T09:24:02Z
node_02133,geojs,maxmind_geolite,52.2022,20.9862,Warsaw,PL,,,False,,success,2026-08-01T09:24:02Z
node_02133,ip2location_lite,ip2location_lite,52.765701,19.55592,Mochowo,PL,,1780555707,False,,success,2026-08-01T09:24:02Z
node_02133,ip_api,ipapi_com_unverified,52.2299,21.0093,Warsaw,PL,,,False,,success,2026-08-01T09:24:01Z
node_02133,ipinfo,ipinfo,52.2298,21.0118,Warsaw,PL,,,False,,success,2026-08-01T09:24:02Z
node_02133,ipwho_is,ipwhois_unverified,52.2319581,21.0067249,Warsaw,PL,,,False,,success,2026-08-01T09:24:01Z
node_02133,maxmind_geolite2,maxmind_geolite,52.2372,21.0123,Warsaw,PL,200,1780418264,False,,success,2026-08-01T09:24:02Z
node_02133,reallyfreegeoip,maxmind_geolite,52.2022,20.9862,Warsaw,PL,,,False,,success,2026-08-01T09:24:02Z
node_02197,dbip_lite,dbip_lite,53.4952,-2.23987,Manchester,GB,,1780278471,False,,success,2026-08-01T09:25:43Z
node_02197,geojs,maxmind_geolite,53.5123,-2.3143,Manchester,GB,,,False,,success,2026-08-01T09:25:43Z
node_02197,ip2location_lite,ip2location_lite,53.480949,-2.23743,Manchester,GB,,1780555707,False,,success,2026-08-01T09:25:43Z
node_02197,ip_api,ipapi_com_unverified,53.5123,-2.3143,Manchester,GB,,,False,,success,2026-08-01T09:25:41Z
node_02197,ipinfo,ipinfo,53.5833,-2.4333,Bolton,GB,,,False,,success,2026-08-01T09:25:42Z
node_02197,ipwho_is,ipwhois_unverified,53.4809238,-2.2373658,Manchester,GB,,,False,,success,2026-08-01T09:25:42Z
node_02197,maxmind_geolite2,maxmind_geolite,53.5123,-2.3143,Manchester,GB,20,1780418264,False,,success,2026-08-01T09:25:43Z
node_02197,reallyfreegeoip,maxmind_geolite,53.5123,-2.3143,Manchester,GB,,,False,,success,2026-08-01T09:39:19Z
node_02158,dbip_lite,dbip_lite,-39.6282,175.31,Aotea,NZ,,1780278471,False,,success,2026-08-01T09:24:41Z
node_02158,geojs,maxmind_geolite,-42.0009,173.998,,NZ,,,True,no_city,success,2026-08-01T09:24:41Z
node_02158,ip2location_lite,ip2location_lite,-43.533131,172.633347,Christchurch,NZ,,1780555707,False,,success,2026-08-01T09:24:41Z
node_02158,ip_api,ipapi_com_unverified,-38.7667,177.567,Tiniroto,NZ,,,False,,success,2026-08-01T09:24:39Z
node_02158,ipinfo,ipinfo,-41.2866,174.7756,Wellington,NZ,,,False,,success,2026-08-01T09:24:41Z
node_02158,ipwho_is,ipwhois_unverified,-39.0475497,177.7533776,Nuhaka,NZ,,,False,,success,2026-08-01T09:24:40Z
node_02158,maxmind_geolite2,maxmind_geolite,-42.0009,173.998,,NZ,200,1780418264,True,no_city,success,2026-08-01T09:24:41Z
node_02158,reallyfreegeoip,maxmind_geolite,-42.0009,173.998,,NZ,,,True,no_city,success,2026-08-01T09:24:41Z
node_02136,dbip_lite,dbip_lite,35.7219,51.3347,Tehrān,IR,,1780278471,False,,success,2026-08-01T09:24:07Z
node_02136,geojs,maxmind_geolite,35.698,51.4115,,IR,,,True,no_city,success,2026-08-01T09:24:06Z
node_02136,ip2location_lite,ip2location_lite,35.657108,51.33794,Behdasht,IR,,1780555707,False,,success,2026-08-01T09:24:07Z
node_02136,ip_api,ipapi_com_unverified,35.7219,51.3347,Tehran,IR,,,False,,success,2026-08-01T09:24:05Z
node_02136,ipinfo,ipinfo,35.6944,51.4215,Tehran,IR,,,False,,success,2026-08-01T09:24:06Z
node_02136,ipwho_is,ipwhois_unverified,35.7383285,51.3576233,Aftab,IR,,,False,,success,2026-08-01T09:24:06Z
node_02136,maxmind_geolite2,maxmind_geolite,35.698,51.4115,,IR,1000,1780418264,True,no_city,success,2026-08-01T09:24:07Z
node_02136,reallyfreegeoip,maxmind_geolite,35.698,51.4115,,IR,,,True,no_city,success,2026-08-01T09:24:06Z
node_02177,dbip_lite,dbip_lite,29.6103,52.5311,Shiraz,IR,,1780278471,False,,success,2026-08-01T09:25:12Z
node_02177,geojs,maxmind_geolite,29.6106,52.5245,Shiraz,IR,,,False,,success,2026-08-01T09:25:11Z
node_02177,ip2location_lite,ip2location_lite,29.6036,52.538799,Shiraz,IR,,1780555707,False,,success,2026-08-01T09:25:12Z
node_02177,ip_api,ipapi_com_unverified,29.6106,52.5245,Shiraz,IR,,,False,,success,2026-08-01T09:25:10Z
node_02177,ipinfo,ipinfo,35.6944,51.4215,Tehran,IR,,,False,,success,2026-08-01T09:25:11Z
node_02177,ipwho_is,ipwhois_unverified,29.5925621,52.5835506,Shiraz,IR,,,False,,success,2026-08-01T09:25:10Z
node_02177,maxmind_geolite2,maxmind_geolite,29.6106,52.5245,Shiraz,IR,20,1780418264,False,,success,2026-08-01T09:25:12Z
node_02177,reallyfreegeoip,maxmind_geolite,29.6106,52.5245,Shiraz,IR,,,False,,success,2026-08-01T09:25:11Z
node_02058,dbip_lite,dbip_lite,51.9975,84.9971,Belokurikha,RU,,1780278471,False,,success,2026-08-01T09:22:00Z
node_02058,geojs,maxmind_geolite,53.362,83.7279,Barnaul,RU,,,False,,success,2026-08-01T09:22:00Z
node_02058,ip2location_lite,ip2location_lite,51.995899,84.989601,Belokurikha,RU,,1780555707,False,,success,2026-08-01T09:22:00Z
node_02058,ip_api,ipapi_com_unverified,53.362,83.7279,Barnaul,RU,,,False,,success,2026-08-01T09:21:58Z
node_02058,ipinfo,ipinfo,53.362,83.7279,Barnaul,RU,,,False,,success,2026-08-01T09:21:59Z
node_02058,ipwho_is,ipwhois_unverified,53.3623784,83.7278988,Barnaul,RU,,,False,,success,2026-08-01T09:21:59Z
node_02058,maxmind_geolite2,maxmind_geolite,53.362,83.7279,Barnaul,RU,10,1780418264,False,,success,2026-08-01T09:22:00Z
node_02058,reallyfreegeoip,maxmind_geolite,53.362,83.7279,Barnaul,RU,,,False,,success,2026-08-01T09:34:50Z
node_02147,dbip_lite,dbip_lite,45.4643,9.18951,Milan,IT,,1780278471,False,,success,2026-08-01T09:24:25Z
node_02147,geojs,maxmind_geolite,45.4722,9.1922,,IT,,,True,no_city,success,2026-08-01T09:24:24Z
node_02147,ip2location_lite,ip2location_lite,45.464336,9.188547,Milan,IT,,1780555707,False,,success,2026-08-01T09:24:25Z
node_02147,ip_api,ipapi_com_unverified,45.4643,9.18951,Milan,IT,,,False,,success,2026-08-01T09:24:24Z
node_02147,ipinfo,ipinfo,45.4643,9.1895,Milan,IT,,,False,,success,2026-08-01T09:24:24Z
node_02147,ipwho_is,ipwhois_unverified,45.4722127,9.1922423,Milan,IT,,,False,,success,2026-08-01T09:24:24Z
node_02147,maxmind_geolite2,maxmind_geolite,45.4722,9.1922,,IT,50,1780418264,True,no_city,success,2026-08-01T09:24:25Z
node_02147,reallyfreegeoip,maxmind_geolite,45.4722,9.1922,,IT,,,True,no_city,success,2026-08-01T09:24:24Z
node_02097,dbip_lite,dbip_lite,28.4204,-81.503,Doctor Phillips,US,,1780278471,False,,success,2026-08-01T09:23:08Z
node_02097,geojs,maxmind_geolite,28.4986,-81.5353,Windermere,US,,,False,,success,2026-08-01T09:23:08Z
node_02097,ip2location_lite,ip2location_lite,28.53834,-81.379242,Orlando,US,,1780555707,False,,success,2026-08-01T09:23:08Z
node_02097,ip_api,ipapi_com_unverified,28.4986,-81.5353,Windermere,US,,,False,,success,2026-08-01T09:23:06Z
node_02097,ipinfo,ipinfo,28.5383,-81.3792,Orlando,US,,,False,,success,2026-08-01T09:23:08Z
node_02097,ipwho_is,ipwhois_unverified,28.5384092,-81.3788823,Orlando,US,,,False,,success,2026-08-01T09:23:07Z
node_02097,maxmind_geolite2,maxmind_geolite,28.4986,-81.5353,Windermere,US,10,1780418264,False,,success,2026-08-01T09:23:08Z
node_02097,reallyfreegeoip,maxmind_geolite,28.4986,-81.5354,Windermere,US,,,False,,success,2026-08-01T09:32:51Z
node_02191,dbip_lite,dbip_lite,24.6877,46.7219,Riyadh,SA,,1780278471,False,,success,2026-08-01T09:25:32Z
node_02191,geojs,maxmind_geolite,24.6869,46.7224,Riyadh,SA,,,False,,success,2026-08-01T09:25:32Z
node_02191,ip2location_lite,ip2location_lite,24.687729,46.721767,Riyadh,SA,,1780555707,False,,success,2026-08-01T09:25:32Z
node_02191,ip_api,ipapi_com_unverified,24.6869,46.7224,Riyadh,SA,,,False,,success,2026-08-01T09:25:31Z
node_02191,ipinfo,ipinfo,24.6877,46.7219,Riyadh,SA,,,False,,success,2026-08-01T09:25:32Z
node_02191,ipwho_is,ipwhois_unverified,24.6877293,46.7218526,Riyadh,SA,,,False,,success,2026-08-01T09:25:31Z
node_02191,maxmind_geolite2,maxmind_geolite,24.6869,46.7224,Riyadh,SA,10,1780418264,False,,success,2026-08-01T09:25:32Z
node_02191,reallyfreegeoip,maxmind_geolite,24.6869,46.7224,Riyadh,SA,,,False,,success,2026-08-01T09:25:32Z
node_02092,dbip_lite,dbip_lite,55.6501,12.3016,Taastrup,DK,,1780278471,False,,success,2026-08-01T09:22:59Z
node_02092,geojs,maxmind_geolite,55.6808,12.542,Copenhagen,DK,,,False,,success,2026-08-01T09:22:59Z
node_02092,ip2location_lite,ip2location_lite,55.675941,12.56553,Copenhagen,DK,,1780555707,False,,success,2026-08-01T09:22:59Z
node_02092,ip_api,ipapi_com_unverified,55.7056,12.5683,Copenhagen,DK,,,False,,success,2026-08-01T09:22:58Z
node_02092,ipinfo,ipinfo,55.6759,12.5655,Copenhagen,DK,,,False,,success,2026-08-01T09:22:59Z
node_02092,ipwho_is,ipwhois_unverified,55.6761229,12.5682536,Copenhagen,DK,,,False,,success,2026-08-01T09:22:58Z
node_02092,maxmind_geolite2,maxmind_geolite,55.674,12.5696,,DK,10,1780418264,True,no_city,success,2026-08-01T09:22:59Z
node_02092,reallyfreegeoip,maxmind_geolite,55.6808,12.542,Copenhagen,DK,,,False,,success,2026-08-01T09:34:34Z
node_02182,dbip_lite,dbip_lite,40.4093,49.8671,Baku,AZ,,1780278471,False,,success,2026-08-01T09:25:18Z
node_02182,geojs,maxmind_geolite,40.3771,49.8875,Baku,AZ,,,False,,success,2026-08-01T09:25:18Z
node_02182,ip2location_lite,ip2location_lite,40.377949,49.891933,Baku,AZ,,1780555707,False,,success,2026-08-01T09:25:18Z
node_02182,ip_api,ipapi_com_unverified,40.3771,49.8875,Baku,AZ,,,False,,success,2026-08-01T09:25:17Z
node_02182,ipinfo,ipinfo,40.3777,49.892,Baku,AZ,,,False,,success,2026-08-01T09:25:18Z
node_02182,ipwho_is,ipwhois_unverified,40.3770952,49.8874718,Baku,AZ,,,False,,success,2026-08-01T09:25:18Z
node_02182,maxmind_geolite2,maxmind_geolite,40.3771,49.8875,Baku,AZ,20,1780418264,False,,success,2026-08-01T09:25:18Z
node_02182,reallyfreegeoip,maxmind_geolite,40.3771,49.8875,Baku,AZ,,,False,,success,2026-08-01T09:34:06Z
node_02045,dbip_lite,dbip_lite,47.4748,-122.273,Tukwila,US,,1780278471,False,,success,2026-08-01T09:21:40Z
node_02045,geojs,maxmind_geolite,47.3014,-122.6062,Gig Harbor,US,,,False,,success,2026-08-01T09:21:40Z
node_02045,ip2location_lite,ip2location_lite,47.474045,-122.260963,Tukwila,US,,1780555707,False,,success,2026-08-01T09:21:40Z
node_02045,ip_api,ipapi_com_unverified,47.3014,-122.6062,Gig Harbor,US,,,False,,success,2026-08-01T09:21:39Z
node_02045,ipinfo,ipinfo,47.0529,-122.2943,Graham,US,,,False,,success,2026-08-01T09:21:40Z
node_02045,ipwho_is,ipwhois_unverified,47.6038321,-122.3300622,Seattle,US,,,False,,success,2026-08-01T09:21:40Z
node_02045,maxmind_geolite2,maxmind_geolite,47.7327,-122.6536,Poulsbo,US,100,1780418264,False,,success,2026-08-01T09:21:40Z
node_02045,reallyfreegeoip,maxmind_geolite,47.3014,-122.6062,Gig Harbor,US,,,False,,success,2026-08-01T09:34:47Z
node_02175,dbip_lite,dbip_lite,50.5498,-119.152,Enderby,CA,,1780278471,False,,success,2026-08-01T09:25:08Z
node_02175,geojs,maxmind_geolite,49.213,-123.0951,Vancouver,CA,,,False,,success,2026-08-01T09:25:08Z
node_02175,ip2location_lite,ip2location_lite,49.240822,-123.116714,Vancouver,CA,,1780555707,False,,success,2026-08-01T09:25:08Z
node_02175,ip_api,ipapi_com_unverified,49.2643,-123.0961,Vancouver,CA,,,False,,success,2026-08-01T09:25:07Z
node_02175,ipinfo,ipinfo,49.1063,-122.8251,Surrey,CA,,,False,,success,2026-08-01T09:25:08Z
node_02175,ipwho_is,ipwhois_unverified,49.2459073,-123.1012622,Riley Park,CA,,,False,,success,2026-08-01T09:25:07Z
node_02175,maxmind_geolite2,maxmind_geolite,49.2462,-123.108,Vancouver,CA,20,1780418264,False,,success,2026-08-01T09:25:08Z
node_02175,reallyfreegeoip,maxmind_geolite,49.2514,-123.0972,Vancouver,CA,,,False,,success,2026-08-01T09:25:08Z
node_01286,dbip_lite,dbip_lite,36.154,-95.9928,Tulsa,US,,1780278471,False,,success,2026-08-01T09:23:03Z
node_01286,geojs,maxmind_geolite,36.0432,-95.8072,Broken Arrow,US,,,False,,success,2026-08-01T09:23:03Z
node_01286,ip2location_lite,ip2location_lite,36.15398,-95.992783,Tulsa,US,,1780555707,False,,success,2026-08-01T09:23:03Z
node_01286,ip_api,ipapi_com_unverified,36.0432,-95.8072,Broken Arrow,US,,,False,,success,2026-08-01T09:23:02Z
node_01286,ipinfo,ipinfo,36.154,-95.9928,Tulsa,US,,,False,,success,2026-08-01T09:23:03Z
node_01286,ipwho_is,ipwhois_unverified,36.1551299,-95.9895265,Tulsa,US,,,False,,success,2026-08-01T09:23:03Z
node_01286,maxmind_geolite2,maxmind_geolite,36.0432,-95.8072,Broken Arrow,US,10,1780418264,False,,success,2026-08-01T09:23:03Z
node_01286,reallyfreegeoip,maxmind_geolite,36.0432,-95.8072,Broken Arrow,US,,,False,,success,2026-08-01T09:32:48Z
node_02075,dbip_lite,dbip_lite,28.682,-81.2629,Winter Springs,US,,1780278471,False,,success,2026-08-01T09:22:30Z
node_02075,geojs,maxmind_geolite,28.6841,-81.2812,Winter Springs,US,,,False,,success,2026-08-01T09:22:30Z
node_02075,ip2location_lite,ip2location_lite,28.698944,-81.307846,Winter Springs,US,,1780555707,False,,success,2026-08-01T09:22:30Z
node_02075,ip_api,ipapi_com_unverified,28.6841,-81.2812,Winter Springs,US,,,False,,success,2026-08-01T09:22:28Z
node_02075,ipinfo,ipinfo,28.6989,-81.3081,Winter Springs,US,,,False,,success,2026-08-01T09:22:29Z
node_02075,ipwho_is,ipwhois_unverified,28.5421218,-81.3790448,Orlando,US,,,False,,success,2026-08-01T09:22:29Z
node_02075,maxmind_geolite2,maxmind_geolite,28.6841,-81.2812,Winter Springs,US,5,1780418264,False,,success,2026-08-01T09:22:30Z
node_02075,reallyfreegeoip,maxmind_geolite,28.6841,-81.2812,Winter Springs,US,,,False,,success,2026-08-01T09:22:30Z
node_01241,dbip_lite,dbip_lite,33.7488,-84.3877,Atlanta,US,,1780278471,False,,success,2026-08-01T09:22:32Z
node_01241,geojs,maxmind_geolite,33.7838,-84.4455,Atlanta,US,,,False,,success,2026-08-01T09:22:31Z
node_01241,ip2location_lite,ip2location_lite,33.924271,-84.37854,Sandy Springs,US,,1780555707,False,,success,2026-08-01T09:22:32Z
node_01241,ip_api,ipapi_com_unverified,33.8336,-84.3797,Atlanta,US,,,False,,success,2026-08-01T09:22:30Z
node_01241,ipinfo,ipinfo,33.749,-84.388,Atlanta,US,,,False,,success,2026-08-01T09:22:31Z
node_01241,ipwho_is,ipwhois_unverified,33.7544657,-84.3898151,Atlanta,US,,,False,,success,2026-08-01T09:22:31Z
node_01241,maxmind_geolite2,maxmind_geolite,33.7697,-84.3754,Atlanta,US,20,1780418264,False,,success,2026-08-01T09:22:32Z
node_01241,reallyfreegeoip,maxmind_geolite,33.7838,-84.4455,Atlanta,US,,,False,,success,2026-08-01T09:22:31Z
node_02049,dbip_lite,dbip_lite,42.9956,-71.4548,Manchester,US,,1780278471,False,,success,2026-08-01T09:21:47Z
node_02049,geojs,maxmind_geolite,42.8651,-71.4934,Merrimack,US,,,False,,success,2026-08-01T09:21:46Z
node_02049,ip2location_lite,ip2location_lite,42.99564,-71.454788,Manchester,US,,1780555707,False,,success,2026-08-01T09:21:47Z
node_02049,ip_api,ipapi_com_unverified,42.8651,-71.4934,Merrimack,US,,,False,,success,2026-08-01T09:21:45Z
node_02049,ipinfo,ipinfo,42.9956,-71.4548,Manchester,US,,,False,,success,2026-08-01T09:21:46Z
node_02049,ipwho_is,ipwhois_unverified,42.8650867,-71.4933527,Merrimack,US,,,False,,success,2026-08-01T09:21:46Z
node_02049,maxmind_geolite2,maxmind_geolite,42.8651,-71.4934,Merrimack,US,20,1780418264,False,,success,2026-08-01T09:21:47Z
node_02049,reallyfreegeoip,maxmind_geolite,42.8651,-71.4934,Merrimack,US,,,False,,success,2026-08-01T09:21:46Z
node_02039,dbip_lite,dbip_lite,47.4121,-88.2268,Mohawk,US,,1780278471,False,,success,2026-08-01T09:21:31Z
node_02039,geojs,maxmind_geolite,47.3038,-88.3648,Mohawk,US,,,False,,success,2026-08-01T09:21:31Z
node_02039,ip2location_lite,ip2location_lite,47.297531,-88.395737,Ahmeek,US,,1780555707,False,,success,2026-08-01T09:21:31Z
node_02039,ip_api,ipapi_com_unverified,47.3038,-88.3648,Mohawk,US,,,False,,success,2026-08-01T09:21:30Z
node_02039,ipinfo,ipinfo,47.4582,-88.1623,Eagle Harbor,US,,,False,,success,2026-08-01T09:21:31Z
node_02039,ipwho_is,ipwhois_unverified,47.2975334,-88.3957426,Ahmeek,US,,,False,,success,2026-08-01T09:21:31Z
node_02039,maxmind_geolite2,maxmind_geolite,47.3038,-88.3648,Mohawk,US,500,1780418264,True,r>=500km,success,2026-08-01T09:21:31Z
node_02039,reallyfreegeoip,maxmind_geolite,47.3038,-88.3648,Mohawk,US,,,False,,success,2026-08-01T09:32:35Z
node_02037,dbip_lite,dbip_lite,40.3267,-78.922,Johnstown,US,,1780278471,False,,success,2026-08-01T09:21:29Z
node_02037,geojs,maxmind_geolite,40.3237,-79.3649,Latrobe,US,,,False,,success,2026-08-01T09:21:28Z
node_02037,ip2location_lite,ip2location_lite,40.326794,-78.921783,Johnstown,US,,1780555707,False,,success,2026-08-01T09:21:29Z
node_02037,ip_api,ipapi_com_unverified,40.6189,-79.159,Indiana,US,,,False,,success,2026-08-01T09:21:28Z
node_02037,ipinfo,ipinfo,40.3267,-78.922,Johnstown,US,,,False,,success,2026-08-01T09:21:28Z
node_02037,ipwho_is,ipwhois_unverified,40.3046819,-78.9186659,Johnstown,US,,,False,,success,2026-08-01T09:21:28Z
node_02037,maxmind_geolite2,maxmind_geolite,40.3965,-80.0442,Pittsburgh,US,200,1780418264,False,,success,2026-08-01T09:21:29Z
node_02037,reallyfreegeoip,maxmind_geolite,40.3237,-79.3649,Latrobe,US,,,False,,success,2026-08-01T09:21:28Z
node_02131,dbip_lite,dbip_lite,40.7357,-74.1724,Newark,US,,1780278471,False,,success,2026-08-01T09:24:00Z
node_02131,geojs,maxmind_geolite,39.934,-74.891,Mount Laurel,US,,,False,,success,2026-08-01T09:23:59Z
node_02131,ip2location_lite,ip2location_lite,39.952934,-74.903702,Mount Laurel,US,,1780555707,False,,success,2026-08-01T09:24:00Z
node_02131,ip_api,ipapi_com_unverified,39.934,-74.891,Mount Laurel,US,,,False,,success,2026-08-01T09:23:58Z
node_02131,ipinfo,ipinfo,39.0146,-74.8816,Rio Grande,US,,,False,,success,2026-08-01T09:23:59Z
node_02131,ipwho_is,ipwhois_unverified,40.0397937,-74.9590355,Philadelphia,US,,,False,,success,2026-08-01T09:23:58Z
node_02131,maxmind_geolite2,maxmind_geolite,39.934,-74.891,Mount Laurel,US,20,1780418264,False,,success,2026-08-01T09:24:00Z
node_02131,reallyfreegeoip,maxmind_geolite,39.934,-74.891,Mount Laurel,US,,,False,,success,2026-08-01T09:23:59Z
node_02124,dbip_lite,dbip_lite,44.9778,-93.265,Minneapolis,US,,1780278471,False,,success,2026-08-01T09:23:48Z
node_02124,geojs,maxmind_geolite,44.9399,-93.2548,Minneapolis,US,,,False,,success,2026-08-01T09:23:48Z
node_02124,ip2location_lite,ip2location_lite,44.979969,-93.263908,Minneapolis,US,,1780555707,False,,success,2026-08-01T09:23:48Z
node_02124,ip_api,ipapi_com_unverified,44.8782,-93.3716,Minneapolis,US,,,False,,success,2026-08-01T09:23:47Z
node_02124,ipinfo,ipinfo,44.98,-93.2638,Minneapolis,US,,,False,,success,2026-08-01T09:23:48Z
node_02124,ipwho_is,ipwhois_unverified,44.9777746,-93.2648309,Minneapolis,US,,,False,,success,2026-08-01T09:23:48Z
node_02124,maxmind_geolite2,maxmind_geolite,37.751,-97.822,,US,1000,1780418264,True,no_city,success,2026-08-01T09:23:48Z
node_02124,reallyfreegeoip,maxmind_geolite,44.9399,-93.2548,Minneapolis,US,,,False,,success,2026-08-01T09:34:19Z
node_02106,dbip_lite,dbip_lite,61.2176,-149.9,Anchorage,US,,1780278471,False,,success,2026-08-01T09:23:21Z
node_02106,geojs,maxmind_geolite,61.2199,-149.9077,Anchorage,US,,,False,,success,2026-08-01T09:23:21Z
node_02106,ip2location_lite,ip2location_lite,61.218063,-149.899643,Anchorage,US,,1780555707,False,,success,2026-08-01T09:23:21Z
node_02106,ip_api,ipapi_com_unverified,61.218,-149.9002,Anchorage,US,,,False,,success,2026-08-01T09:23:20Z
node_02106,ipinfo,ipinfo,61.2181,-149.9003,Anchorage,US,,,False,,success,2026-08-01T09:23:21Z
node_02106,ipwho_is,ipwhois_unverified,61.2181201,-149.8993211,Anchorage,US,,,False,,success,2026-08-01T09:23:21Z
node_02106,maxmind_geolite2,maxmind_geolite,61.2199,-149.9077,Anchorage,US,100,1780418264,False,,success,2026-08-01T09:23:21Z
node_02106,reallyfreegeoip,maxmind_geolite,61.2199,-149.9077,Anchorage,US,,,False,,success,2026-08-01T09:32:53Z
node_02146,dbip_lite,dbip_lite,33.4255,-111.94,Tempe,US,,1780278471,False,,success,2026-08-01T09:24:22Z
node_02146,geojs,maxmind_geolite,33.4532,-112.0748,Phoenix,US,,,False,,success,2026-08-01T09:24:21Z
node_02146,ip2location_lite,ip2location_lite,33.414768,-111.909309,Tempe,US,,1780555707,False,,success,2026-08-01T09:24:22Z
node_02146,ip_api,ipapi_com_unverified,33.4917,-111.9837,Phoenix,US,,,False,,success,2026-08-01T09:24:20Z
node_02146,ipinfo,ipinfo,33.4148,-111.9093,Tempe,US,,,False,,success,2026-08-01T09:24:21Z
node_02146,ipwho_is,ipwhois_unverified,33.4531903,-112.0747635,Phoenix,US,,,False,,success,2026-08-01T09:24:21Z
node_02146,maxmind_geolite2,maxmind_geolite,33.508,-112.0995,Phoenix,US,50,1780418264,False,,success,2026-08-01T09:24:22Z
node_02146,reallyfreegeoip,maxmind_geolite,33.4532,-112.0748,Phoenix,US,,,False,,success,2026-08-01T09:24:21Z
node_02103,dbip_lite,dbip_lite,46.0276,0.51492,Alloue,FR,,1780278471,False,,success,2026-08-01T09:23:18Z
node_02103,geojs,maxmind_geolite,44.8412,-0.5806,,FR,,,True,no_city,success,2026-08-01T09:23:17Z
node_02103,ip2location_lite,ip2location_lite,44.840485,-0.580795,Bordeaux,FR,,1780555707,False,,success,2026-08-01T09:23:18Z
node_02103,ip_api,ipapi_com_unverified,43.5615,-1.44911,Ondres,FR,,,False,,success,2026-08-01T09:23:16Z
node_02103,ipinfo,ipinfo,44.8412,-0.5805,Bordeaux,FR,,,False,,success,2026-08-01T09:23:17Z
node_02103,ipwho_is,ipwhois_unverified,45.7501747,1.2888396,Le Vigen,FR,,,False,,success,2026-08-01T09:23:16Z
node_02103,maxmind_geolite2,maxmind_geolite,44.8412,-0.5806,,FR,200,1780418264,True,no_city,success,2026-08-01T09:23:18Z
node_02103,reallyfreegeoip,maxmind_geolite,44.8412,-0.5806,,FR,,,True,no_city,success,2026-08-01T09:23:17Z
node_02065,dbip_lite,dbip_lite,37.9838,23.7278,Athens,GR,,1780278471,False,,success,2026-08-01T09:22:12Z
node_02065,geojs,maxmind_geolite,37.9842,23.7353,Athens,GR,,,False,,success,2026-08-01T09:22:12Z
node_02065,ip2location_lite,ip2location_lite,37.842209,23.77651,Voula,GR,,1780555707,False,,success,2026-08-01T09:22:12Z
node_02065,ip_api,ipapi_com_unverified,37.9842,23.7353,Athens,GR,,,False,,success,2026-08-01T09:22:11Z
node_02065,ipinfo,ipinfo,37.9838,23.7278,Athens,GR,,,False,,success,2026-08-01T09:22:11Z
node_02065,ipwho_is,ipwhois_unverified,37.9837559,23.7275008,Athens,GR,,,False,,success,2026-08-01T09:22:11Z
node_02065,maxmind_geolite2,maxmind_geolite,37.9842,23.7353,Athens,GR,20,1780418264,False,,success,2026-08-01T09:22:12Z
node_02065,reallyfreegeoip,maxmind_geolite,37.9842,23.7353,Athens,GR,,,False,,success,2026-08-01T09:22:12Z
node_02173,dbip_lite,dbip_lite,46.625,13.8268,Untere Fellach,AT,,1780278471,False,,success,2026-08-01T09:25:05Z
node_02173,geojs,maxmind_geolite,48.1859,14.1214,Marchtrenk,AT,,,False,,success,2026-08-01T09:25:05Z
node_02173,ip2location_lite,ip2location_lite,48.099972,16.284182,Maria Enzersdorf,AT,,1780555707,False,,success,2026-08-01T09:25:05Z
node_02173,ip_api,ipapi_com_unverified,48.1455,16.5137,Mannswörth,AT,,,False,,success,2026-08-01T09:25:04Z
node_02173,ipinfo,ipinfo,47.8049,16.232,Wiener Neustadt,AT,,,False,,success,2026-08-01T09:25:05Z
node_02173,ipwho_is,ipwhois_unverified,48.1049968,16.5848987,Schwechat,AT,,,False,,success,2026-08-01T09:25:04Z
node_02173,maxmind_geolite2,maxmind_geolite,48.2048,16.3801,,AT,100,1780418264,True,no_city,success,2026-08-01T09:25:05Z
node_02173,reallyfreegeoip,maxmind_geolite,48.2048,16.3801,,AT,,,True,no_city,success,2026-08-01T09:25:05Z
node_02179,dbip_lite,dbip_lite,48.0333,16.4333,Velm,AT,,1780278471,False,,success,2026-08-01T09:25:15Z
node_02179,geojs,maxmind_geolite,48.1859,14.1214,Marchtrenk,AT,,,False,,success,2026-08-01T09:25:14Z
node_02179,ip2location_lite,ip2location_lite,47.73333,16.4,Mattersburg,AT,,1780555707,False,,success,2026-08-01T09:25:15Z
node_02179,ip_api,ipapi_com_unverified,48.0333,16.4333,Velm,AT,,,False,,success,2026-08-01T09:25:13Z
node_02179,ipinfo,ipinfo,47.8049,16.232,Wiener Neustadt,AT,,,False,,success,2026-08-01T09:25:14Z
node_02179,ipwho_is,ipwhois_unverified,48.0702319,16.4473689,Himberg,AT,,,False,,success,2026-08-01T09:25:13Z
node_02179,maxmind_geolite2,maxmind_geolite,48.2048,16.3801,,AT,100,1780418264,True,no_city,success,2026-08-01T09:25:15Z
node_02179,reallyfreegeoip,maxmind_geolite,48.2048,16.3801,,AT,,,True,no_city,success,2026-08-01T09:25:14Z
node_02192,dbip_lite,dbip_lite,48.0383,14.2077,Bad Hall,AT,,1780278471,False,,success,2026-08-01T09:25:34Z
node_02192,geojs,maxmind_geolite,48.2048,16.3801,,AT,,,True,no_city,success,2026-08-01T09:25:33Z
node_02192,ip2location_lite,ip2location_lite,48.339249,16.72016,Ganserndorf,AT,,1780555707,False,,success,2026-08-01T09:25:34Z
node_02192,ip_api,ipapi_com_unverified,48.0383,14.2077,Bad Hall,AT,,,False,,success,2026-08-01T09:25:32Z
node_02192,ipinfo,ipinfo,47.4143,9.7419,Dornbirn,AT,,,False,,success,2026-08-01T09:25:33Z
node_02192,ipwho_is,ipwhois_unverified,48.3392503,16.7201628,Ganserndorf,AT,,,False,,success,2026-08-01T09:25:33Z
node_02192,maxmind_geolite2,maxmind_geolite,48.2048,16.3801,,AT,200,1780418264,True,no_city,success,2026-08-01T09:25:34Z
node_02192,reallyfreegeoip,maxmind_geolite,48.2048,16.3801,,AT,,,True,no_city,success,2026-08-01T09:25:33Z
node_02115,dbip_lite,dbip_lite,50.6259,1.6564100000000002,Nesles,FR,,1780278471,False,,success,2026-08-01T09:23:36Z
node_02115,geojs,maxmind_geolite,48.8558,2.3494,,FR,,,True,no_city,success,2026-08-01T09:23:35Z
node_02115,ip2location_lite,ip2location_lite,50.625881,1.65641,Nesles,FR,,1780555707,False,,success,2026-08-01T09:23:36Z
node_02115,ip_api,ipapi_com_unverified,50.6259,1.65641,Nesles,FR,,,False,,success,2026-08-01T09:23:34Z
node_02115,ipinfo,ipinfo,48.606,2.4876,Corbeil-Essonnes,FR,,,False,,success,2026-08-01T09:23:35Z
node_02115,ipwho_is,ipwhois_unverified,43.6918943,-1.3297297,Tosse,FR,,,False,,success,2026-08-01T09:23:34Z
node_02115,maxmind_geolite2,maxmind_geolite,48.8582,2.3387,,FR,200,1780418264,True,no_city,success,2026-08-01T09:23:36Z
node_02115,reallyfreegeoip,maxmind_geolite,48.8558,2.3494,,FR,,,True,no_city,success,2026-08-01T09:23:35Z
node_02129,dbip_lite,dbip_lite,43.6768,4.63031,Arles,FR,,1780278471,False,,success,2026-08-01T09:23:56Z
node_02129,geojs,maxmind_geolite,48.8558,2.3494,,FR,,,True,no_city,success,2026-08-01T09:23:56Z
node_02129,ip2location_lite,ip2location_lite,43.309071,6.63849,Sainte-Maxime,FR,,1780555707,False,,success,2026-08-01T09:23:56Z
node_02129,ip_api,ipapi_com_unverified,43.6768,4.63031,Arles,FR,,,False,,success,2026-08-01T09:23:54Z
node_02129,ipinfo,ipinfo,45.7491,4.8479,Lyon,FR,,,False,,success,2026-08-01T09:23:56Z
node_02129,ipwho_is,ipwhois_unverified,48.7065454,2.8704725,Fontenay-Tresigny,FR,,,False,,success,2026-08-01T09:23:55Z
node_02129,maxmind_geolite2,maxmind_geolite,48.8558,2.3494,,FR,100,1780418264,True,no_city,success,2026-08-01T09:23:56Z
node_02129,reallyfreegeoip,maxmind_geolite,48.8558,2.3494,,FR,,,True,no_city,success,2026-08-01T09:23:56Z
node_02189,dbip_lite,dbip_lite,50.7248,1.6137299999999999,Boulogne-sur-Mer,FR,,1780278471,False,,success,2026-08-01T09:25:30Z
node_02189,geojs,maxmind_geolite,48.8558,2.3494,,FR,,,True,no_city,success,2026-08-01T09:25:29Z
node_02189,ip2location_lite,ip2location_lite,43.559269,-0.27321,Garlin,FR,,1780555707,False,,success,2026-08-01T09:25:30Z
node_02189,ip_api,ipapi_com_unverified,50.7248,1.61373,Boulogne-sur-Mer,FR,,,False,,success,2026-08-01T09:25:28Z
node_02189,ipinfo,ipinfo,45.7491,4.8479,Lyon,FR,,,False,,success,2026-08-01T09:25:29Z
node_02189,ipwho_is,ipwhois_unverified,50.7258932,1.6338666,Saint-Martin-Boulogne,FR,,,False,,success,2026-08-01T09:25:28Z
node_02189,maxmind_geolite2,maxmind_geolite,48.8582,2.3387,,FR,200,1780418264,True,no_city,success,2026-08-01T09:25:30Z
node_02189,reallyfreegeoip,maxmind_geolite,48.8558,2.3494,,FR,,,True,no_city,success,2026-08-01T09:25:29Z
node_02071,dbip_lite,dbip_lite,50.6429,13.9945,Trmice,CZ,,1780278471,False,,success,2026-08-01T09:22:21Z
node_02071,geojs,maxmind_geolite,50.0848,14.4112,,CZ,,,True,no_city,success,2026-08-01T09:22:21Z
node_02071,ip2location_lite,ip2location_lite,50.162842,16.274879,Rychnov nad Kneznou,CZ,,1780555707,False,,success,2026-08-01T09:22:21Z
node_02071,ip_api,ipapi_com_unverified,49.2265,17.6707,Zlín,CZ,,,False,,success,2026-08-01T09:22:20Z
node_02071,ipinfo,ipinfo,50.0358,16.4988,Letohrad,CZ,,,False,,success,2026-08-01T09:22:20Z
node_02071,ipwho_is,ipwhois_unverified,50.6404153,13.8242453,Teplice,CZ,,,False,,success,2026-08-01T09:22:20Z
node_02071,maxmind_geolite2,maxmind_geolite,50.0766,14.4464,Prague,CZ,100,1780418264,False,,success,2026-08-01T09:22:21Z
node_02071,reallyfreegeoip,maxmind_geolite,50.0848,14.4112,,CZ,,,True,no_city,success,2026-08-01T09:33:48Z
node_02137,dbip_lite,dbip_lite,50.0755,14.4378,Prague,CZ,,1780278471,False,,success,2026-08-01T09:24:09Z
node_02137,geojs,maxmind_geolite,50.0883,14.4124,Prague,CZ,,,False,,success,2026-08-01T09:24:08Z
node_02137,ip2location_lite,ip2location_lite,50.131729,14.33879,Horomerice,CZ,,1780555707,False,,success,2026-08-01T09:24:09Z
node_02137,ip_api,ipapi_com_unverified,50.0802,14.4652,Prague,CZ,,,False,,success,2026-08-01T09:24:07Z
node_02137,ipinfo,ipinfo,50.088,14.4208,Prague,CZ,,,False,,success,2026-08-01T09:24:08Z
node_02137,ipwho_is,ipwhois_unverified,50.663225,14.998869,Cesky Dub,CZ,,,False,,success,2026-08-01T09:24:07Z
node_02137,maxmind_geolite2,maxmind_geolite,50.7379,15.2349,Rychnov u Jablonce nad Nisou,CZ,100,1780418264,False,,success,2026-08-01T09:24:09Z
node_02137,reallyfreegeoip,maxmind_geolite,50.6632,14.9989,Český Dub,CZ,,,False,,success,2026-08-01T09:24:08Z
node_02060,dbip_lite,dbip_lite,49.5955,17.2518,Olomouc,CZ,,1780278471,False,,success,2026-08-01T09:22:03Z
node_02060,geojs,maxmind_geolite,50.0883,14.4124,Prague,CZ,,,False,,success,2026-08-01T09:22:03Z
node_02060,ip2location_lite,ip2location_lite,50.724312,15.17108,Jablonec nad Nisou,CZ,,1780555707,False,,success,2026-08-01T09:22:03Z
node_02060,ip_api,ipapi_com_unverified,50.0883,14.4124,Prague,CZ,,,False,,success,2026-08-01T09:22:01Z
node_02060,ipinfo,ipinfo,50.7822,14.2148,Děčín,CZ,,,False,,success,2026-08-01T09:22:02Z
node_02060,ipwho_is,ipwhois_unverified,49.5954634,17.2517633,Olomouc,CZ,,,False,,success,2026-08-01T09:22:02Z
node_02060,maxmind_geolite2,maxmind_geolite,50.0883,14.4124,Prague,CZ,100,1780418264,False,,success,2026-08-01T09:22:03Z
node_02060,reallyfreegeoip,maxmind_geolite,50.0883,14.4124,Prague,CZ,,,False,,success,2026-08-01T09:36:31Z
node_02151,dbip_lite,dbip_lite,41.596,14.234,Isernia,IT,,1780278471,False,,success,2026-08-01T09:24:30Z
node_02151,geojs,maxmind_geolite,43.0662,12.6187,Assisi,IT,,,False,,success,2026-08-01T09:24:30Z
node_02151,ip2location_lite,ip2location_lite,42.024529,14.25912,Torricella Peligna,IT,,1780555707,False,,success,2026-08-01T09:24:30Z
node_02151,ip_api,ipapi_com_unverified,41.596,14.234,Isernia,IT,,,False,,success,2026-08-01T09:24:29Z
node_02151,ipinfo,ipinfo,42.4584,14.2028,Pescara,IT,,,False,,success,2026-08-01T09:24:30Z
node_02151,ipwho_is,ipwhois_unverified,41.6002168,14.2382203,Isernia,IT,,,False,,success,2026-08-01T09:24:30Z
node_02151,maxmind_geolite2,maxmind_geolite,43.1479,12.1097,,IT,200,1780418264,True,no_city,success,2026-08-01T09:24:30Z
node_02151,reallyfreegeoip,maxmind_geolite,43.0662,12.6187,Assisi,IT,,,False,,success,2026-08-01T09:33:36Z
node_02186,dbip_lite,dbip_lite,48.624,7.7021,Niederhausbergen,FR,,1780278471,False,,success,2026-08-01T09:25:24Z
node_02186,geojs,maxmind_geolite,48.6822,6.1862,,FR,,,True,no_city,success,2026-08-01T09:25:24Z
node_02186,ip2location_lite,ip2location_lite,49.40538,5.98138,Tressange,FR,,1780555707,False,,success,2026-08-01T09:25:24Z
node_02186,ip_api,ipapi_com_unverified,48.7621,7.95326,Drusenheim,FR,,,False,,success,2026-08-01T09:25:23Z
node_02186,ipinfo,ipinfo,48.5839,7.7455,Strasbourg,FR,,,False,,success,2026-08-01T09:25:24Z
node_02186,ipwho_is,ipwhois_unverified,49.4026536,5.9808368,Tressange,FR,,,False,,success,2026-08-01T09:25:24Z
node_02186,maxmind_geolite2,maxmind_geolite,48.5848,7.7419,Strasbourg,FR,100,1780418264,False,,success,2026-08-01T09:25:24Z
node_02186,reallyfreegeoip,maxmind_geolite,48.6822,6.1862,,FR,,,True,no_city,success,2026-08-01T09:39:17Z
node_02109,dbip_lite,dbip_lite,47.7336,16.1434,Breitenau,AT,,1780278471,False,,success,2026-08-01T09:23:26Z
node_02109,geojs,maxmind_geolite,47.9413,16.2583,Günselsdorf,AT,,,False,,success,2026-08-01T09:23:26Z
node_02109,ip2location_lite,ip2location_lite,48.208889,16.37208,Vienna,AT,,1780555707,False,,success,2026-08-01T09:23:26Z
node_02109,ip_api,ipapi_com_unverified,47.9413,16.2583,Günselsdorf,AT,,,False,,success,2026-08-01T09:23:24Z
node_02109,ipinfo,ipinfo,47.8049,16.232,Wiener Neustadt,AT,,,False,,success,2026-08-01T09:23:26Z
node_02109,ipwho_is,ipwhois_unverified,48.2048916,16.3661921,Vienna,AT,,,False,,success,2026-08-01T09:23:25Z
node_02109,maxmind_geolite2,maxmind_geolite,48.1611,16.4452,Vienna,AT,50,1780418264,False,,success,2026-08-01T09:23:26Z
node_02109,reallyfreegeoip,maxmind_geolite,47.9413,16.2583,Günselsdorf,AT,,,False,,success,2026-08-01T09:36:33Z
node_02064,dbip_lite,dbip_lite,51.0509,13.7383,Dresden,DE,,1780278471,False,,success,2026-08-01T09:22:11Z
node_02064,geojs,maxmind_geolite,48.767,9.1827,Stuttgart,DE,,,False,,success,2026-08-01T09:22:10Z
node_02064,ip2location_lite,ip2location_lite,49.447781,11.06833,Nuremberg,DE,,1780555707,False,,success,2026-08-01T09:22:11Z
node_02064,ip_api,ipapi_com_unverified,48.767,9.1827,Stuttgart,DE,,,False,,success,2026-08-01T09:22:09Z
node_02064,ipinfo,ipinfo,49.4504,11.0778,Nuremberg,DE,,,False,,success,2026-08-01T09:22:10Z
node_02064,ipwho_is,ipwhois_unverified,49.4542466,11.07758,Nuremberg,DE,,,False,,success,2026-08-01T09:22:10Z
node_02064,maxmind_geolite2,maxmind_geolite,48.767,9.1827,Stuttgart,DE,100,1780418264,False,,success,2026-08-01T09:22:11Z
node_02064,reallyfreegeoip,maxmind_geolite,48.767,9.1827,Stuttgart,DE,,,False,,success,2026-08-01T09:22:10Z
node_02176,dbip_lite,dbip_lite,48.1374,11.5755,Munich,DE,,1780278471,False,,success,2026-08-01T09:25:10Z
node_02176,geojs,maxmind_geolite,48.1203,11.5807,Munich,DE,,,False,,success,2026-08-01T09:25:09Z
node_02176,ip2location_lite,ip2location_lite,48.137428,11.57549,Munich,DE,,1780555707,False,,success,2026-08-01T09:25:10Z
node_02176,ip_api,ipapi_com_unverified,48.1475,11.5865,Munich,DE,,,False,,success,2026-08-01T09:25:08Z
node_02176,ipinfo,ipinfo,48.1374,11.5755,Munich,DE,,,False,,success,2026-08-01T09:25:09Z
node_02176,ipwho_is,ipwhois_unverified,48.1374279,11.5754894,Munich,DE,,,False,,success,2026-08-01T09:25:09Z
node_02176,maxmind_geolite2,maxmind_geolite,48.1475,11.5865,Munich,DE,100,1780418264,False,,success,2026-08-01T09:25:10Z
node_02176,reallyfreegeoip,maxmind_geolite,48.1203,11.5807,Munich,DE,,,False,,success,2026-08-01T09:25:09Z
node_01977,dbip_lite,dbip_lite,56.9514,24.1238,Riga (Centra rajons),LV,,1780278471,False,,success,2026-08-01T09:21:21Z
node_01977,geojs,maxmind_geolite,56.9473,24.0979,Riga,LV,,,False,,success,2026-08-01T09:21:20Z
node_01977,ip2location_lite,ip2location_lite,56.945999,24.10589,Riga,LV,,1780555707,False,,success,2026-08-01T09:21:22Z
node_01977,ip_api,ipapi_com_unverified,56.9473,24.0979,Riga,LV,,,False,,success,2026-08-01T09:21:20Z
node_01977,ipinfo,ipinfo,56.946,24.1059,Riga,LV,,,False,,success,2026-08-01T09:21:20Z
node_01977,ipwho_is,ipwhois_unverified,56.9493926,24.1051785,Riga,LV,,,False,,success,2026-08-01T09:21:20Z
node_01977,maxmind_geolite2,maxmind_geolite,56.9473,24.0979,Riga,LV,5,1780418264,False,,success,2026-08-01T09:21:21Z
node_01977,reallyfreegeoip,maxmind_geolite,56.9473,24.0979,Riga,LV,,,False,,success,2026-08-01T09:21:20Z
node_02061,dbip_lite,dbip_lite,56.346,21.064,Nīca,LV,,1780278471,False,,success,2026-08-01T09:22:04Z
node_02061,geojs,maxmind_geolite,56.9473,24.0979,Riga,LV,,,False,,success,2026-08-01T09:22:04Z
node_02061,ip2location_lite,ip2location_lite,56.650002,23.71278,Jelgava,LV,,1780555707,False,,success,2026-08-01T09:22:04Z
node_02061,ip_api,ipapi_com_unverified,56.9473,24.0979,Riga,LV,,,False,,success,2026-08-01T09:22:03Z
node_02061,ipinfo,ipinfo,56.946,24.1059,Riga,LV,,,False,,success,2026-08-01T09:22:04Z
node_02061,ipwho_is,ipwhois_unverified,56.4798911,23.3889501,Tervete,LV,,,False,,success,2026-08-01T09:22:04Z
node_02061,maxmind_geolite2,maxmind_geolite,56.9473,24.0979,Riga,LV,20,1780418264,False,,success,2026-08-01T09:22:04Z
node_02061,reallyfreegeoip,maxmind_geolite,56.9473,24.0979,Riga,LV,,,False,,success,2026-08-01T09:22:33Z
node_02036,dbip_lite,dbip_lite,56.7445,24.4008,Baldone,LV,,1780278471,False,,success,2026-08-01T09:21:27Z
node_02036,geojs,maxmind_geolite,56.9473,24.0979,Riga,LV,,,False,,success,2026-08-01T09:21:26Z
node_02036,ip2location_lite,ip2location_lite,56.608261,26.753771,Varaklani,LV,,1780555707,False,,success,2026-08-01T09:21:28Z
node_02036,ip_api,ipapi_com_unverified,56.9473,24.0979,Riga,LV,,,False,,success,2026-08-01T09:21:26Z
node_02036,ipinfo,ipinfo,56.946,24.1059,Riga,LV,,,False,,success,2026-08-01T09:21:26Z
node_02036,ipwho_is,ipwhois_unverified,56.9493926,24.1051785,Riga,LV,,,False,,success,2026-08-01T09:21:26Z
node_02036,maxmind_geolite2,maxmind_geolite,56.9473,24.0979,Riga,LV,20,1780418264,False,,success,2026-08-01T09:21:27Z
node_02036,reallyfreegeoip,maxmind_geolite,56.9473,24.0979,Riga,LV,,,False,,success,2026-08-01T09:21:26Z
node_02023,dbip_lite,dbip_lite,47.3833,16.0,Rohrbach an der Lafnitz,AT,,1780278471,False,,success,2026-08-01T09:24:51Z
node_02023,geojs,maxmind_geolite,48.2049,16.3662,Vienna,AT,,,False,,success,2026-08-01T09:24:51Z
node_02023,ip2location_lite,ip2location_lite,48.208889,16.37208,Vienna,AT,,1780555707,False,,success,2026-08-01T09:24:51Z
node_02023,ip_api,ipapi_com_unverified,48.1535,16.3855,Vienna,AT,,,False,,success,2026-08-01T09:24:50Z
node_02023,ipinfo,ipinfo,48.2085,16.3721,Vienna,AT,,,False,,success,2026-08-01T09:24:51Z
node_02023,ipwho_is,ipwhois_unverified,48.40025,15.9786794,Absdorf,AT,,,False,,success,2026-08-01T09:24:51Z
node_02023,maxmind_geolite2,maxmind_geolite,48.2583,16.3377,Vienna,AT,100,1780418264,False,,success,2026-08-01T09:24:51Z
node_02023,reallyfreegeoip,maxmind_geolite,48.4002,15.9787,Absdorf,AT,,,False,,success,2026-08-01T09:33:06Z
node_02090,dbip_lite,dbip_lite,42.4753,13.9899,Picciano,IT,,1780278471,False,,success,2026-08-01T09:22:57Z
node_02090,geojs,maxmind_geolite,44.9986,7.675,Moncalieri,IT,,,False,,success,2026-08-01T09:22:56Z
node_02090,ip2location_lite,ip2location_lite,42.364941,14.07581,Cepagatti,IT,,1780555707,False,,success,2026-08-01T09:22:57Z
node_02090,ip_api,ipapi_com_unverified,41.8104,14.3752,Agnone,IT,,,False,,success,2026-08-01T09:22:55Z
node_02090,ipinfo,ipinfo,42.6612,13.699,Teramo,IT,,,False,,success,2026-08-01T09:22:56Z
node_02090,ipwho_is,ipwhois_unverified,42.3650643,14.0741925,Cepagatti,IT,,,False,,success,2026-08-01T09:22:55Z
node_02090,maxmind_geolite2,maxmind_geolite,45.0508,9.6972,Piacenza,IT,200,1780418264,False,,success,2026-08-01T09:22:57Z
node_02090,reallyfreegeoip,maxmind_geolite,44.9986,7.675,Moncalieri,IT,,,False,,success,2026-08-01T09:22:56Z
node_02047,dbip_lite,dbip_lite,48.8714,2.32125,Paris,FR,,1780278471,False,,success,2026-08-01T09:21:44Z
node_02047,geojs,maxmind_geolite,48.8582,2.3387,,FR,,,True,no_city,success,2026-08-01T09:21:43Z
node_02047,ip2location_lite,ip2location_lite,49.504768,5.74755,Rehon,FR,,1780555707,False,,success,2026-08-01T09:21:44Z
node_02047,ip_api,ipapi_com_unverified,48.8714,2.32125,Paris,FR,,,False,,success,2026-08-01T09:21:43Z
node_02047,ipinfo,ipinfo,49.1125,2.2149,Parmain,FR,,,False,,success,2026-08-01T09:21:43Z
node_02047,ipwho_is,ipwhois_unverified,48.8534113,2.3487886,Paris,FR,,,False,,success,2026-08-01T09:21:43Z
node_02047,maxmind_geolite2,maxmind_geolite,48.8582,2.3387,,FR,200,1780418264,True,no_city,success,2026-08-01T09:21:44Z
node_02047,reallyfreegeoip,maxmind_geolite,48.8582,2.3387,,FR,,,True,no_city,success,2026-08-01T09:21:43Z
node_02101,dbip_lite,dbip_lite,47.7691,7.30295,Pfastatt,FR,,1780278471,False,,success,2026-08-01T09:23:15Z
node_02101,geojs,maxmind_geolite,47.7463,7.3276,Mulhouse,FR,,,False,,success,2026-08-01T09:23:14Z
node_02101,ip2location_lite,ip2location_lite,47.823059,7.3594,Ruelisheim,FR,,1780555707,False,,success,2026-08-01T09:23:15Z
node_02101,ip_api,ipapi_com_unverified,47.7463,7.3276,Mulhouse,FR,,,False,,success,2026-08-01T09:23:13Z
node_02101,ipinfo,ipinfo,47.752,7.3287,Mulhouse,FR,,,False,,success,2026-08-01T09:23:14Z
node_02101,ipwho_is,ipwhois_unverified,47.8241116,7.3574419,Ruelisheim,FR,,,False,,success,2026-08-01T09:23:13Z
node_02101,maxmind_geolite2,maxmind_geolite,47.7689,7.3029,Pfastatt,FR,5,1780418264,False,,success,2026-08-01T09:23:15Z
node_02101,reallyfreegeoip,maxmind_geolite,47.7463,7.3276,Mulhouse,FR,,,False,,success,2026-08-01T09:23:14Z
node_02054,dbip_lite,dbip_lite,52.8946,18.4079,Gniewkowo,PL,,1780278471,False,,success,2026-08-01T09:21:54Z
node_02054,geojs,maxmind_geolite,53.1496,18.117,Bydgoszcz,PL,,,False,,success,2026-08-01T09:21:54Z
node_02054,ip2location_lite,ip2location_lite,53.083984,18.22571,Solec Kujawski,PL,,1780555707,False,,success,2026-08-01T09:21:55Z
node_02054,ip_api,ipapi_com_unverified,53.1151,17.9713,Bydgoszcz,PL,,,False,,success,2026-08-01T09:21:53Z
node_02054,ipinfo,ipinfo,53.528,18.2127,Lniano,PL,,,False,,success,2026-08-01T09:21:53Z
node_02054,ipwho_is,ipwhois_unverified,53.1626108,18.1720769,Bydgoszcz,PL,,,False,,success,2026-08-01T09:21:53Z
node_02054,maxmind_geolite2,maxmind_geolite,53.1223,18.0054,Bydgoszcz,PL,50,1780418264,False,,success,2026-08-01T09:21:54Z
node_02054,reallyfreegeoip,maxmind_geolite,53.1496,18.117,Bydgoszcz,PL,,,False,,success,2026-08-01T09:21:54Z
node_02118,dbip_lite,dbip_lite,48.23,13.9192,Bad Schallerbach,AT,,1780278471,False,,success,2026-08-01T09:23:40Z
node_02118,geojs,maxmind_geolite,48.2049,16.3662,Vienna,AT,,,False,,success,2026-08-01T09:23:39Z
node_02118,ip2location_lite,ip2location_lite,48.208889,16.37208,Vienna,AT,,1780555707,False,,success,2026-08-01T09:23:40Z
node_02118,ip_api,ipapi_com_unverified,48.2049,16.3662,Vienna,AT,,,False,,success,2026-08-01T09:23:38Z
node_02118,ipinfo,ipinfo,48.2085,16.3721,Vienna,AT,,,False,,success,2026-08-01T09:23:39Z
node_02118,ipwho_is,ipwhois_unverified,48.2048916,16.3661921,Vienna,AT,,,False,,success,2026-08-01T09:23:39Z
node_02118,maxmind_geolite2,maxmind_geolite,48.2372,16.3771,Vienna,AT,5,1780418264,False,,success,2026-08-01T09:23:40Z
node_02118,reallyfreegeoip,maxmind_geolite,48.2049,16.3662,Vienna,AT,,,False,,success,2026-08-01T09:23:39Z
node_02159,dbip_lite,dbip_lite,48.2085,16.3721,Vienna,AT,,1780278471,False,,success,2026-08-01T09:24:43Z
node_02159,geojs,maxmind_geolite,48.2049,16.3662,Vienna,AT,,,False,,success,2026-08-01T09:24:42Z
node_02159,ip2location_lite,ip2location_lite,48.208889,16.37208,Vienna,AT,,1780555707,False,,success,2026-08-01T09:24:43Z
node_02159,ip_api,ipapi_com_unverified,48.2049,16.3662,Vienna,AT,,,False,,success,2026-08-01T09:24:41Z
node_02159,ipinfo,ipinfo,48.2085,16.3721,Vienna,AT,,,False,,success,2026-08-01T09:24:42Z
node_02159,ipwho_is,ipwhois_unverified,48.2048916,16.3661921,Vienna,AT,,,False,,success,2026-08-01T09:24:42Z
node_02159,maxmind_geolite2,maxmind_geolite,48.1535,16.3855,Vienna,AT,5,1780418264,False,,success,2026-08-01T09:24:43Z
node_02159,reallyfreegeoip,maxmind_geolite,48.2049,16.3662,Vienna,AT,,,False,,success,2026-08-01T09:24:42Z
node_02111,dbip_lite,dbip_lite,48.2081,16.3713,Vienna,AT,,1780278471,False,,success,2026-08-01T09:23:29Z
node_02111,geojs,maxmind_geolite,48.2049,16.3662,Vienna,AT,,,False,,success,2026-08-01T09:23:29Z
node_02111,ip2location_lite,ip2location_lite,48.121071,16.340361,Vosendorf,AT,,1780555707,False,,success,2026-08-01T09:23:29Z
node_02111,ip_api,ipapi_com_unverified,48.2049,16.3662,Vienna,AT,,,False,,success,2026-08-01T09:23:27Z
node_02111,ipinfo,ipinfo,48.2085,16.3721,Vienna,AT,,,False,,success,2026-08-01T09:23:29Z
node_02111,ipwho_is,ipwhois_unverified,48.2048916,16.3661921,Vienna,AT,,,False,,success,2026-08-01T09:23:28Z
node_02111,maxmind_geolite2,maxmind_geolite,48.1773,16.2456,Vienna,AT,10,1780418264,False,,success,2026-08-01T09:23:29Z
node_02111,reallyfreegeoip,maxmind_geolite,48.2049,16.3662,Vienna,AT,,,False,,success,2026-08-01T09:36:35Z
node_02138,dbip_lite,dbip_lite,50.9775,-1.44547,North Baddesley,GB,,1780278471,False,,success,2026-08-01T09:24:10Z
node_02138,geojs,maxmind_geolite,51.4964,-0.1224,,GB,,,True,no_city,success,2026-08-01T09:24:09Z
node_02138,ip2location_lite,ip2location_lite,53.341839,-2.635,Daresbury,GB,,1780555707,False,,success,2026-08-01T09:24:10Z
node_02138,ip_api,ipapi_com_unverified,52.4814,-1.89983,Birmingham,GB,,,False,,success,2026-08-01T09:24:09Z
node_02138,ipinfo,ipinfo,51.5085,-0.1257,London,GB,,,False,,success,2026-08-01T09:24:09Z
node_02138,ipwho_is,ipwhois_unverified,52.4752306,1.751586,Lowestoft,GB,,,False,,success,2026-08-01T09:24:09Z
node_02138,maxmind_geolite2,maxmind_geolite,51.4964,-0.1224,,GB,200,1780418264,True,no_city,success,2026-08-01T09:24:10Z
node_02138,reallyfreegeoip,maxmind_geolite,51.4964,-0.1224,,GB,,,True,no_city,success,2026-08-01T09:34:23Z
node_02066,dbip_lite,dbip_lite,62.95,26.75,Tervo,FI,,1780278471,False,,success,2026-08-01T09:22:14Z
node_02066,geojs,maxmind_geolite,60.1717,24.9349,,FI,,,True,no_city,success,2026-08-01T09:22:13Z
node_02066,ip2location_lite,ip2location_lite,63.39399,26.02412,Pohja,FI,,1780555707,False,,success,2026-08-01T09:22:14Z
node_02066,ip_api,ipapi_com_unverified,62.95,26.75,Tervo,FI,,,False,,success,2026-08-01T09:22:12Z
node_02066,ipinfo,ipinfo,60.1695,24.9354,Helsinki,FI,,,False,,success,2026-08-01T09:22:13Z
node_02066,ipwho_is,ipwhois_unverified,60.1695198,24.9354458,Helsinki,FI,,,False,,success,2026-08-01T09:22:13Z
node_02066,maxmind_geolite2,maxmind_geolite,60.2141,24.896,Helsinki,FI,100,1780418264,False,,success,2026-08-01T09:22:14Z
node_02066,reallyfreegeoip,maxmind_geolite,60.1717,24.9349,,FI,,,True,no_city,success,2026-08-01T09:22:13Z
node_02069,dbip_lite,dbip_lite,60.8667,26.7,Kouvola,FI,,1780278471,False,,success,2026-08-01T09:22:18Z
node_02069,geojs,maxmind_geolite,60.1717,24.9349,,FI,,,True,no_city,success,2026-08-01T09:22:17Z
node_02069,ip2location_lite,ip2location_lite,60.94006,26.797899,Valkeala,FI,,1780555707,False,,success,2026-08-01T09:22:18Z
node_02069,ip_api,ipapi_com_unverified,60.8667,26.7,Kouvola,FI,,,False,,success,2026-08-01T09:22:17Z
node_02069,ipinfo,ipinfo,61.4991,23.7871,Tampere,FI,,,False,,success,2026-08-01T09:22:17Z
node_02069,ipwho_is,ipwhois_unverified,61.2055758,26.0381338,Heinola,FI,,,False,,success,2026-08-01T09:22:17Z
node_02069,maxmind_geolite2,maxmind_geolite,60.1719,24.9347,,FI,200,1780418264,True,no_city,success,2026-08-01T09:22:18Z
node_02069,reallyfreegeoip,maxmind_geolite,60.1717,24.9349,,FI,,,True,no_city,success,2026-08-01T09:22:18Z
node_02152,dbip_lite,dbip_lite,43.6929,3.8058,Saint-Gély-du-Fesc,FR,,1780278471,False,,success,2026-08-01T09:24:32Z
node_02152,geojs,maxmind_geolite,43.6107,3.8809,Montpellier,FR,,,False,,success,2026-08-01T09:24:32Z
node_02152,ip2location_lite,ip2location_lite,43.610958,3.877065,Montpellier,FR,,1780555707,False,,success,2026-08-01T09:24:32Z
node_02152,ip_api,ipapi_com_unverified,43.6107,3.8809,Montpellier,FR,,,False,,success,2026-08-01T09:24:30Z
node_02152,ipinfo,ipinfo,44.116,4.8999,Jonquières,FR,,,False,,success,2026-08-01T09:24:32Z
node_02152,ipwho_is,ipwhois_unverified,43.6107064,3.8809024,Montpellier,FR,,,False,,success,2026-08-01T09:24:31Z
node_02152,maxmind_geolite2,maxmind_geolite,43.6107,3.8809,Montpellier,FR,50,1780418264,False,,success,2026-08-01T09:24:32Z
node_02152,reallyfreegeoip,maxmind_geolite,43.6107,3.8809,Montpellier,FR,,,False,,success,2026-08-01T09:33:36Z
node_02180,dbip_lite,dbip_lite,38.7678,-9.1013,Lisbon,PT,,1780278471,False,,success,2026-08-01T09:25:16Z
node_02180,geojs,maxmind_geolite,38.7057,-9.1359,,PT,,,True,no_city,success,2026-08-01T09:25:15Z
node_02180,ip2location_lite,ip2location_lite,38.679066,-9.156928,Almada,PT,,1780555707,False,,success,2026-08-01T09:25:16Z
node_02180,ip_api,ipapi_com_unverified,38.7659,-9.0983,Lisbon,PT,,,False,,success,2026-08-01T09:25:15Z
node_02180,ipinfo,ipinfo,38.7251,-9.1498,Lisbon,PT,,,False,,success,2026-08-01T09:25:15Z
node_02180,ipwho_is,ipwhois_unverified,38.7294435,-9.1537627,Lisbon,PT,,,False,,success,2026-08-01T09:25:15Z
node_02180,maxmind_geolite2,maxmind_geolite,38.7057,-9.1359,,PT,100,1780418264,True,no_city,success,2026-08-01T09:25:16Z
node_02180,reallyfreegeoip,maxmind_geolite,38.7057,-9.1359,,PT,,,True,no_city,success,2026-08-01T09:34:06Z
node_02164,dbip_lite,dbip_lite,52.525,5.71806,Dronten,NL,,1780278471,False,,success,2026-08-01T09:24:50Z
node_02164,geojs,maxmind_geolite,52.5241,5.7319,Dronten,NL,,,False,,success,2026-08-01T09:24:50Z
node_02164,ip2location_lite,ip2location_lite,52.525002,5.717999,Dronten,NL,,1780555707,False,,success,2026-08-01T09:24:50Z
node_02164,ip_api,ipapi_com_unverified,52.5241,5.7319,Dronten,NL,,,False,,success,2026-08-01T09:24:49Z
node_02164,ipinfo,ipinfo,52.0908,5.1222,Utrecht,NL,,,False,,success,2026-08-01T09:24:50Z
node_02164,ipwho_is,ipwhois_unverified,52.5347411,5.7218102,Dronten,NL,,,False,,success,2026-08-01T09:24:49Z
node_02164,maxmind_geolite2,maxmind_geolite,52.5378,5.6966,Dronten,NL,5,1780418264,False,,success,2026-08-01T09:24:50Z
node_02164,reallyfreegeoip,maxmind_geolite,52.5241,5.7319,Dronten,NL,,,False,,success,2026-08-01T09:33:05Z
node_02168,dbip_lite,dbip_lite,55.1009,14.7066,Rønne,DK,,1780278471,False,,success,2026-08-01T09:24:57Z
node_02168,geojs,maxmind_geolite,55.7123,12.0564,,DK,,,True,no_city,success,2026-08-01T09:24:57Z
node_02168,ip2location_lite,ip2location_lite,55.75769,12.48899,Buddinge,DK,,1780555707,False,,success,2026-08-01T09:24:57Z
node_02168,ip_api,ipapi_com_unverified,55.458,12.1821,Køge,DK,,,False,,success,2026-08-01T09:24:56Z
node_02168,ipinfo,ipinfo,55.6759,12.5655,Copenhagen,DK,,,False,,success,2026-08-01T09:24:57Z
node_02168,ipwho_is,ipwhois_unverified,55.7383794,12.4696107,Gladsaxe,DK,,,False,,success,2026-08-01T09:24:57Z
node_02168,maxmind_geolite2,maxmind_geolite,55.7123,12.0564,,DK,100,1780418264,True,no_city,success,2026-08-01T09:24:57Z
node_02168,reallyfreegeoip,maxmind_geolite,55.7123,12.0564,,DK,,,True,no_city,success,2026-08-01T09:38:27Z
node_02196,dbip_lite,dbip_lite,54.9515,77.287,Tagan,RU,,1780278471,False,,success,2026-08-01T09:25:41Z
node_02196,geojs,maxmind_geolite,55.0386,82.9425,Novosibirsk,RU,,,False,,success,2026-08-01T09:25:41Z
node_02196,ip2location_lite,ip2location_lite,55.041737,82.934502,Novosibirsk,RU,,1780555707,False,,success,2026-08-01T09:25:41Z
node_02196,ip_api,ipapi_com_unverified,55.0386,82.9425,Novosibirsk,RU,,,False,,success,2026-08-01T09:25:40Z
node_02196,ipinfo,ipinfo,55.0226,82.9317,Novosibirsk,RU,,,False,,success,2026-08-01T09:25:41Z
node_02196,ipwho_is,ipwhois_unverified,55.0417406,82.9345191,Novosibirsk,RU,,,False,,success,2026-08-01T09:25:41Z
node_02196,maxmind_geolite2,maxmind_geolite,55.0386,82.9425,Novosibirsk,RU,20,1780418264,False,,success,2026-08-01T09:25:41Z
node_02196,reallyfreegeoip,maxmind_geolite,55.0386,82.9425,Novosibirsk,RU,,,False,,success,2026-08-01T09:39:18Z
node_02093,dbip_lite,dbip_lite,55.0313,82.9195,Novosibirsk,RU,,1780278471,False,,success,2026-08-01T09:23:00Z
node_02093,geojs,maxmind_geolite,55.7386,37.6068,,RU,,,True,no_city,success,2026-08-01T09:23:00Z
node_02093,ip2location_lite,ip2location_lite,55.041737,82.934502,Novosibirsk,RU,,1780555707,False,,success,2026-08-01T09:23:00Z
node_02093,ip_api,ipapi_com_unverified,55.0313,82.9195,Novosibirsk,RU,,,False,,success,2026-08-01T09:22:59Z
node_02093,ipinfo,ipinfo,55.0226,82.9317,Novosibirsk,RU,,,False,,success,2026-08-01T09:23:00Z
node_02093,ipwho_is,ipwhois_unverified,55.0417406,82.9345191,Novosibirsk,RU,,,False,,success,2026-08-01T09:23:00Z
node_02093,maxmind_geolite2,maxmind_geolite,55.7386,37.6068,,RU,1000,1780418264,True,no_city,success,2026-08-01T09:23:00Z
node_02093,reallyfreegeoip,maxmind_geolite,55.7386,37.6068,,RU,,,True,no_city,success,2026-08-01T09:34:35Z
node_02035,dbip_lite,dbip_lite,45.764,4.83566,Lyon,FR,,1780278471,False,,success,2026-08-01T09:21:26Z
node_02035,geojs,maxmind_geolite,48.8582,2.3387,,FR,,,True,no_city,success,2026-08-01T09:21:25Z
node_02035,ip2location_lite,ip2location_lite,44.939201,5.0936,Charpey,FR,,1780555707,False,,success,2026-08-01T09:21:26Z
node_02035,ip_api,ipapi_com_unverified,45.764,4.83566,Lyon,FR,,,False,,success,2026-08-01T09:21:25Z
node_02035,ipinfo,ipinfo,48.8534,2.3488,Paris,FR,,,False,,success,2026-08-01T09:21:25Z
node_02035,ipwho_is,ipwhois_unverified,44.4990507,0.1666724,Marmande,FR,,,False,,success,2026-08-01T09:21:25Z
node_02035,maxmind_geolite2,maxmind_geolite,48.8582,2.3387,,FR,500,1780418264,True,no_city,success,2026-08-01T09:21:26Z
node_02035,reallyfreegeoip,maxmind_geolite,48.8582,2.3387,,FR,,,True,no_city,success,2026-08-01T09:21:25Z
node_02178,dbip_lite,dbip_lite,38.7991,20.7406,Plagiá,GR,,1780278471,False,,success,2026-08-01T09:25:13Z
node_02178,geojs,maxmind_geolite,37.9842,23.7353,Athens,GR,,,False,,success,2026-08-01T09:25:12Z
node_02178,ip2location_lite,ip2location_lite,38.900002,22.116671,Sperkhias,GR,,1780555707,False,,success,2026-08-01T09:25:13Z
node_02178,ip_api,ipapi_com_unverified,37.9842,23.7353,Athens,GR,,,False,,success,2026-08-01T09:25:12Z
node_02178,ipinfo,ipinfo,38.9415,22.1153,Makrakómi,GR,,,False,,success,2026-08-01T09:25:12Z
node_02178,ipwho_is,ipwhois_unverified,38.9093329,22.1249115,Spercheiada,GR,,,False,,success,2026-08-01T09:25:12Z
node_02178,maxmind_geolite2,maxmind_geolite,37.9842,23.7353,Athens,GR,20,1780418264,False,,success,2026-08-01T09:25:13Z
node_02178,reallyfreegeoip,maxmind_geolite,37.9842,23.7353,Athens,GR,,,False,,success,2026-08-01T09:25:12Z
node_01996,dbip_lite,dbip_lite,56.0656,12.2851,Græsted,DK,,1780278471,False,,success,2026-08-01T09:22:22Z
node_01996,geojs,maxmind_geolite,55.6852,12.5623,Copenhagen,DK,,,False,,success,2026-08-01T09:22:22Z
node_01996,ip2location_lite,ip2location_lite,56.022831,12.19752,Helsinge,DK,,1780555707,False,,success,2026-08-01T09:22:22Z
node_01996,ip_api,ipapi_com_unverified,55.6852,12.5623,Copenhagen,DK,,,False,,success,2026-08-01T09:22:21Z
node_01996,ipinfo,ipinfo,55.6759,12.5655,Copenhagen,DK,,,False,,success,2026-08-01T09:22:22Z
node_01996,ipwho_is,ipwhois_unverified,55.6761229,12.5682536,Copenhagen,DK,,,False,,success,2026-08-01T09:22:22Z
node_01996,maxmind_geolite2,maxmind_geolite,55.6813,12.4039,Glostrup Municipality,DK,20,1780418264,False,,success,2026-08-01T09:22:22Z
node_01996,reallyfreegeoip,maxmind_geolite,55.6808,12.542,Copenhagen,DK,,,False,,success,2026-08-01T09:33:50Z
node_02165,dbip_lite,dbip_lite,47.9065,-3.83501,Melgven,FR,,1780278471,False,,success,2026-08-01T09:24:53Z
node_02165,geojs,maxmind_geolite,48.8558,2.3494,,FR,,,True,no_city,success,2026-08-01T09:24:53Z
node_02165,ip2location_lite,ip2location_lite,42.435299,1.9447,Bourg-Madame,FR,,1780555707,False,,success,2026-08-01T09:24:53Z
node_02165,ip_api,ipapi_com_unverified,48.4322,-1.01514,Saint-Mars-sur-la-Futaie,FR,,,False,,success,2026-08-01T09:24:51Z
node_02165,ipinfo,ipinfo,48.8534,2.3488,Paris,FR,,,False,,success,2026-08-01T09:24:53Z
node_02165,ipwho_is,ipwhois_unverified,48.8534113,2.3487886,Paris,FR,,,False,,success,2026-08-01T09:24:52Z
node_02165,maxmind_geolite2,maxmind_geolite,48.8558,2.3494,,FR,200,1780418264,True,no_city,success,2026-08-01T09:24:53Z
node_02165,reallyfreegeoip,maxmind_geolite,48.8558,2.3494,,FR,,,True,no_city,success,2026-08-01T09:33:07Z
node_02043,dbip_lite,dbip_lite,51.8175,4.63333,Zwijndrecht,NL,,1780278471,False,,success,2026-08-01T09:21:37Z
node_02043,geojs,maxmind_geolite,51.8401,4.6326,Hendrik-Ido-Ambacht,NL,,,False,,success,2026-08-01T09:21:37Z
node_02043,ip2location_lite,ip2location_lite,51.916672,4.60278,Krimpen aan den IJssel,NL,,1780555707,False,,success,2026-08-01T09:21:37Z
node_02043,ip_api,ipapi_com_unverified,51.8401,4.6326,Hendrik-Ido-Ambacht,NL,,,False,,success,2026-08-01T09:21:36Z
node_02043,ipinfo,ipinfo,51.8317,4.6875,Papendrecht,NL,,,False,,success,2026-08-01T09:21:37Z
node_02043,ipwho_is,ipwhois_unverified,51.8320197,4.6877554,Papendrecht,NL,,,False,,success,2026-08-01T09:21:37Z
node_02043,maxmind_geolite2,maxmind_geolite,51.8401,4.6326,Hendrik-Ido-Ambacht,NL,20,1780418264,False,,success,2026-08-01T09:21:37Z
node_02043,reallyfreegeoip,maxmind_geolite,51.8401,4.6326,Hendrik-Ido-Ambacht,NL,,,False,,success,2026-08-01T09:32:38Z
node_02033,dbip_lite,dbip_lite,51.223,6.78245,Düsseldorf,DE,,1780278471,False,,success,2026-08-01T09:21:23Z
node_02033,geojs,maxmind_geolite,51.1582,7.1053,Solingen,DE,,,False,,success,2026-08-01T09:21:22Z
node_02033,ip2location_lite,ip2location_lite,50.734478,7.095081,Bonn,DE,,1780555707,False,,success,2026-08-01T09:21:23Z
node_02033,ip_api,ipapi_com_unverified,51.1582,7.1053,Solingen,DE,,,False,,success,2026-08-01T09:21:22Z
node_02033,ipinfo,ipinfo,50.9333,6.95,Köln,DE,,,False,,success,2026-08-01T09:21:22Z
node_02033,ipwho_is,ipwhois_unverified,51.1734309,7.0845434,Solingen,DE,,,False,,success,2026-08-01T09:21:22Z
node_02033,maxmind_geolite2,maxmind_geolite,51.4056,7.2645,Witten,DE,100,1780418264,False,,success,2026-08-01T09:21:23Z
node_02033,reallyfreegeoip,maxmind_geolite,51.1582,7.1053,Solingen,DE,,,False,,success,2026-08-01T09:21:22Z
node_02081,dbip_lite,dbip_lite,51.223,6.78245,Düsseldorf,DE,,1780278471,False,,success,2026-08-01T09:22:41Z
node_02081,geojs,maxmind_geolite,51.2294,6.7855,Düsseldorf,DE,,,False,,success,2026-08-01T09:22:41Z
node_02081,ip2location_lite,ip2location_lite,50.776546,6.083599,Aachen,DE,,1780555707,False,,success,2026-08-01T09:22:41Z
node_02081,ip_api,ipapi_com_unverified,51.2294,6.7855,Düsseldorf,DE,,,False,,success,2026-08-01T09:22:39Z
node_02081,ipinfo,ipinfo,51.5149,7.466,Dortmund,DE,,,False,,success,2026-08-01T09:22:41Z
node_02081,ipwho_is,ipwhois_unverified,51.2215287,6.7761725,Dusseldorf,DE,,,False,,success,2026-08-01T09:22:40Z
node_02081,maxmind_geolite2,maxmind_geolite,51.2652,7.1303,Wuppertal,DE,100,1780418264,False,,success,2026-08-01T09:22:41Z
node_02081,reallyfreegeoip,maxmind_geolite,51.2294,6.7855,Düsseldorf,DE,,,False,,success,2026-08-01T09:33:23Z
node_02107,dbip_lite,dbip_lite,46.9108,15.9304,Gossendorf,AT,,1780278471,False,,success,2026-08-01T09:23:23Z
node_02107,geojs,maxmind_geolite,46.886,15.5196,Wildon,AT,,,False,,success,2026-08-01T09:23:23Z
node_02107,ip2location_lite,ip2location_lite,46.916672,15.91667,Gossendorf,AT,,1780555707,False,,success,2026-08-01T09:23:23Z
node_02107,ip_api,ipapi_com_unverified,46.886,15.5196,Wildon,AT,,,False,,success,2026-08-01T09:23:21Z
node_02107,ipinfo,ipinfo,46.7816,15.5384,Leibnitz,AT,,,False,,success,2026-08-01T09:23:23Z
node_02107,ipwho_is,ipwhois_unverified,46.9527822,15.8886091,Feldbach,AT,,,False,,success,2026-08-01T09:23:22Z
node_02107,maxmind_geolite2,maxmind_geolite,46.886,15.5196,Wildon,AT,20,1780418264,False,,success,2026-08-01T09:23:23Z
node_02107,reallyfreegeoip,maxmind_geolite,46.886,15.5196,Wildon,AT,,,False,,success,2026-08-01T09:36:32Z
node_02145,dbip_lite,dbip_lite,51.5072,-0.127586,London,GB,,1780278471,False,,success,2026-08-01T09:24:20Z
node_02145,geojs,maxmind_geolite,52.4064,-1.5082,Coventry,GB,,,False,,success,2026-08-01T09:24:20Z
node_02145,ip2location_lite,ip2location_lite,52.18446,-0.68759,Warrington,GB,,1780555707,False,,success,2026-08-01T09:24:20Z
node_02145,ip_api,ipapi_com_unverified,52.4064,-1.5082,Coventry,GB,,,False,,success,2026-08-01T09:24:18Z
node_02145,ipinfo,ipinfo,53.5833,-2.4333,Bolton,GB,,,False,,success,2026-08-01T09:24:20Z
node_02145,ipwho_is,ipwhois_unverified,52.4486246,-1.5498535,Coventry,GB,,,False,,success,2026-08-01T09:24:19Z
node_02145,maxmind_geolite2,maxmind_geolite,52.4064,-1.5082,Coventry,GB,50,1780418264,False,,success,2026-08-01T09:24:20Z
node_02145,reallyfreegeoip,maxmind_geolite,52.4064,-1.5082,Coventry,GB,,,False,,success,2026-08-01T09:24:20Z
node_02150,dbip_lite,dbip_lite,55.6591,37.5229,Obruchevo,RU,,1780278471,False,,success,2026-08-01T09:24:29Z
node_02150,geojs,maxmind_geolite,55.7487,37.6187,Moscow,RU,,,False,,success,2026-08-01T09:24:29Z
node_02150,ip2location_lite,ip2location_lite,55.86861,37.122219,Dedovsk,RU,,1780555707,False,,success,2026-08-01T09:24:29Z
node_02150,ip_api,ipapi_com_unverified,55.7487,37.6187,Moscow,RU,,,False,,success,2026-08-01T09:24:28Z
node_02150,ipinfo,ipinfo,55.752,37.6178,Moscow,RU,,,False,,success,2026-08-01T09:24:29Z
node_02150,ipwho_is,ipwhois_unverified,55.752259,37.6154659,Moscow,RU,,,False,,success,2026-08-01T09:24:28Z
node_02150,maxmind_geolite2,maxmind_geolite,55.7487,37.6187,Moscow,RU,100,1780418264,False,,success,2026-08-01T09:24:29Z
node_02150,reallyfreegeoip,maxmind_geolite,55.7487,37.6187,Moscow,RU,,,False,,success,2026-08-01T09:33:34Z
node_02171,dbip_lite,dbip_lite,51.8548,6.86659,Borken (Gemen),DE,,1780278471,False,,success,2026-08-01T09:25:03Z
node_02171,geojs,maxmind_geolite,52.2667,7.7278,Ibbenbueren,DE,,,False,,success,2026-08-01T09:25:02Z
node_02171,ip2location_lite,ip2location_lite,51.514938,7.466,Dortmund,DE,,1780555707,False,,success,2026-08-01T09:25:03Z
node_02171,ip_api,ipapi_com_unverified,52.2667,7.7278,Ibbenbueren,DE,,,False,,success,2026-08-01T09:25:01Z
node_02171,ipinfo,ipinfo,51.9435,7.1681,Coesfeld,DE,,,False,,success,2026-08-01T09:25:02Z
node_02171,ipwho_is,ipwhois_unverified,52.2715378,7.7470699,Ibbenbueren,DE,,,False,,success,2026-08-01T09:25:02Z
node_02171,maxmind_geolite2,maxmind_geolite,51.9868,7.4152,Havixbeck,DE,100,1780418264,False,,success,2026-08-01T09:25:03Z
node_02171,reallyfreegeoip,maxmind_geolite,52.2667,7.7278,Ibbenbueren,DE,,,False,,success,2026-08-01T09:25:02Z
node_02038,dbip_lite,dbip_lite,35.565,45.4329,Sulaymaniyah,IQ,,1780278471,False,,success,2026-08-01T09:21:30Z
node_02038,geojs,maxmind_geolite,33.0,44.0,,IQ,,,True,no_city,success,2026-08-01T09:21:29Z
node_02038,ip2location_lite,ip2location_lite,35.561131,45.437489,As Sulaymaniyah,IQ,,1780555707,False,,success,2026-08-01T09:21:30Z
node_02038,ip_api,ipapi_com_unverified,35.565,45.4329,Sulaymaniyah,IQ,,,False,,success,2026-08-01T09:21:29Z
node_02038,ipinfo,ipinfo,35.565,45.4329,Sulaymaniyah,IQ,,,False,,success,2026-08-01T09:21:29Z
node_02038,ipwho_is,ipwhois_unverified,35.5611735,45.4128489,Sulaymaniyah,IQ,,,False,,success,2026-08-01T09:21:29Z
node_02038,maxmind_geolite2,maxmind_geolite,33.0,44.0,,IQ,1000,1780418264,True,no_city,success,2026-08-01T09:21:30Z
node_02038,reallyfreegeoip,maxmind_geolite,33.0,44.0,,IQ,,,True,no_city,success,2026-08-01T09:32:34Z
node_01998,dbip_lite,dbip_lite,59.8,17.3667,Hagby,SE,,1780278471,False,,success,2026-08-01T09:22:27Z
node_01998,geojs,maxmind_geolite,59.2328,18.2924,Tyresö Municipality,SE,,,False,,success,2026-08-01T09:22:27Z
node_01998,ip2location_lite,ip2location_lite,59.599998,17.5,Yttergran,SE,,1780555707,False,,success,2026-08-01T09:22:27Z
node_01998,ip_api,ipapi_com_unverified,59.2328,18.2924,Tyresö Municipality,SE,,,False,,success,2026-08-01T09:22:25Z
node_01998,ipinfo,ipinfo,59.4227,17.8351,Jakobsberg,SE,,,False,,success,2026-08-01T09:22:26Z
node_01998,ipwho_is,ipwhois_unverified,59.666667,17.5333327,Habo kommun,SE,,,False,,success,2026-08-01T09:22:26Z
node_01998,maxmind_geolite2,maxmind_geolite,59.5307,18.0785,Vallentuna,SE,50,1780418264,False,,success,2026-08-01T09:22:27Z
node_01998,reallyfreegeoip,maxmind_geolite,59.2328,18.2924,Tyresö Municipality,SE,,,False,,success,2026-08-01T09:33:20Z
node_02044,dbip_lite,dbip_lite,43.15,23.7,Mezdra,BG,,1780278471,False,,success,2026-08-01T09:21:39Z
node_02044,geojs,maxmind_geolite,42.6826,23.3223,Sofia,BG,,,False,,success,2026-08-01T09:21:38Z
node_02044,ip2location_lite,ip2location_lite,42.01667,24.866671,Asenovgrad,BG,,1780555707,False,,success,2026-08-01T09:21:39Z
node_02044,ip_api,ipapi_com_unverified,42.6826,23.3223,Sofia,BG,,,False,,success,2026-08-01T09:21:37Z
node_02044,ipinfo,ipinfo,42.6975,23.3241,Sofia,BG,,,False,,success,2026-08-01T09:21:38Z
node_02044,ipwho_is,ipwhois_unverified,42.4962834,27.4645694,Burgas,BG,,,False,,success,2026-08-01T09:21:38Z
node_02044,maxmind_geolite2,maxmind_geolite,42.6826,23.3223,Sofia,BG,100,1780418264,False,,success,2026-08-01T09:21:39Z
node_02044,reallyfreegeoip,maxmind_geolite,42.6826,23.3223,Sofia,BG,,,False,,success,2026-08-01T09:34:46Z
node_02031,dbip_lite,dbip_lite,51.8425,5.85278,Nijmegen,NL,,1780278471,False,,success,2026-08-01T09:21:17Z
node_02031,geojs,maxmind_geolite,51.8486,5.8508,Nijmegen,NL,,,False,,success,2026-08-01T09:21:15Z
node_02031,ip2location_lite,ip2location_lite,51.842499,5.85278,Nijmegen,NL,,1780555707,False,,success,2026-08-01T09:21:18Z
node_02031,ip_api,ipapi_com_unverified,51.8486,5.8508,Nijmegen,NL,,,False,,success,2026-08-01T09:21:14Z
node_02031,ipinfo,ipinfo,52.0767,4.2986,The Hague,NL,,,False,,success,2026-08-01T09:21:14Z
node_02031,ipwho_is,ipwhois_unverified,51.8424743,5.8527775,Nijmegen,NL,,,False,,success,2026-08-01T09:21:14Z
node_02031,maxmind_geolite2,maxmind_geolite,51.8063,5.8262,Nijmegen,NL,5,1780418264,False,,success,2026-08-01T09:21:16Z
node_02031,reallyfreegeoip,maxmind_geolite,51.8486,5.8508,Nijmegen,NL,,,False,,success,2026-08-01T09:21:15Z
node_02132,dbip_lite,dbip_lite,34.1336,-117.908,Azusa,US,,1780278471,False,,success,2026-08-01T09:24:01Z
node_02132,geojs,maxmind_geolite,34.0456,-118.2694,Los Angeles,US,,,False,,success,2026-08-01T09:24:00Z
node_02132,ip2location_lite,ip2location_lite,34.133621,-117.907562,Azusa,US,,1780555707,False,,success,2026-08-01T09:24:01Z
node_02132,ip_api,ipapi_com_unverified,33.972,-118.242,Los Angeles,US,,,False,,success,2026-08-01T09:24:00Z
node_02132,ipinfo,ipinfo,34.1336,-117.9076,Azusa,US,,,False,,success,2026-08-01T09:24:00Z
node_02132,ipwho_is,ipwhois_unverified,34.0536909,-118.2427663,Los Angeles,US,,,False,,success,2026-08-01T09:24:00Z
node_02132,maxmind_geolite2,maxmind_geolite,34.074,-118.2611,Los Angeles,US,20,1780418264,False,,success,2026-08-01T09:24:01Z
node_02132,reallyfreegeoip,maxmind_geolite,34.0456,-118.2694,Los Angeles,US,,,False,,success,2026-08-01T09:24:00Z
node_02085,dbip_lite,dbip_lite,45.1718,-93.8748,Buffalo,US,,1780278471,False,,success,2026-08-01T09:22:48Z
node_02085,geojs,maxmind_geolite,45.1889,-93.553,Rogers,US,,,False,,success,2026-08-01T09:22:48Z
node_02085,ip2location_lite,ip2location_lite,45.171906,-93.874802,Buffalo,US,,1780555707,False,,success,2026-08-01T09:22:48Z
node_02085,ip_api,ipapi_com_unverified,45.1889,-93.553,Rogers,US,,,False,,success,2026-08-01T09:22:47Z
node_02085,ipinfo,ipinfo,45.1719,-93.8747,Buffalo,US,,,False,,success,2026-08-01T09:22:48Z
node_02085,ipwho_is,ipwhois_unverified,45.0883319,-93.7344067,Rockford,US,,,False,,success,2026-08-01T09:22:48Z
node_02085,maxmind_geolite2,maxmind_geolite,45.1889,-93.553,Rogers,US,10,1780418264,False,,success,2026-08-01T09:22:48Z
node_02085,reallyfreegeoip,maxmind_geolite,45.0887,-93.7313,Rockford,US,,,False,,success,2026-08-01T09:33:53Z
node_02123,dbip_lite,dbip_lite,47.6061,-122.333,Seattle,US,,1780278471,False,,success,2026-08-01T09:23:47Z
node_02123,geojs,maxmind_geolite,47.6109,-122.3303,Seattle,US,,,False,,success,2026-08-01T09:23:47Z
node_02123,ip2location_lite,ip2location_lite,47.604309,-122.329842,Seattle,US,,1780555707,False,,success,2026-08-01T09:23:47Z
node_02123,ip_api,ipapi_com_unverified,47.6062,-122.332,Seattle,US,,,False,,success,2026-08-01T09:23:46Z
node_02123,ipinfo,ipinfo,47.6062,-122.3321,Seattle,US,,,False,,success,2026-08-01T09:23:47Z
node_02123,ipwho_is,ipwhois_unverified,47.6043089,-122.3298447,Seattle,US,,,False,,success,2026-08-01T09:23:46Z
node_02123,maxmind_geolite2,maxmind_geolite,47.6109,-122.3303,Seattle,US,100,1780418264,False,,success,2026-08-01T09:23:47Z
node_02123,reallyfreegeoip,maxmind_geolite,47.6109,-122.3303,Seattle,US,,,False,,success,2026-08-01T09:34:18Z
