ip,source,lineage,lat,lon,city,country,accuracy_radius,db_version,is_default_centroid,centroid_match,status,fetched_at_utc
node_01162,dbip_lite,dbip_lite,42.6526,-73.7562,Albany,US,,1780278471,False,,success,2026-06-07T13:30:02Z
node_01162,geojs,maxmind_geolite,42.7227,-73.8178,Albany,US,,,False,,success,2026-06-07T13:36:33Z
node_01162,ip2location_lite,ip2location_lite,42.622021,-73.832619,Delmar,US,,1780555707,False,,success,2026-06-07T13:30:02Z
node_01162,ip_api,ipapi_com_unverified,42.7227,-73.8178,Albany,US,,,False,,success,2026-06-07T13:36:32Z
node_01162,ipinfo,ipinfo,42.622,-73.8326,Delmar,US,,,False,,success,2026-06-07T13:36:32Z
node_01162,ipwho_is,ipwhois_unverified,42.6525793,-73.7562317,Albany,US,,,False,,success,2026-06-07T13:36:32Z
node_01162,maxmind_geolite2,maxmind_geolite,42.7227,-73.8178,Albany,US,10,1780418264,False,,success,2026-06-07T13:30:02Z
node_01162,reallyfreegeoip,maxmind_geolite,42.723,-73.8177,Albany,US,,,False,,success,2026-06-07T13:36:33Z
node_01317,dbip_lite,dbip_lite,-26.2056,28.0337,Johannesburg,ZA,,1780278471,False,,success,2026-06-07T13:30:04Z
node_01317,geojs,maxmind_geolite,-26.2309,28.0583,Johannesburg,ZA,,,False,,success,2026-06-07T13:40:25Z
node_01317,ip2location_lite,ip2location_lite,-26.20225,28.04355,Johannesburg,ZA,,1780555707,False,,success,2026-06-07T13:30:04Z
node_01317,ip_api,ipapi_com_unverified,-26.2056,28.0337,Johannesburg,ZA,,,False,,success,2026-06-07T13:40:25Z
node_01317,ipinfo,ipinfo,-26.2023,28.0436,Johannesburg,ZA,,,False,,success,2026-06-07T13:40:25Z
node_01317,ipwho_is,ipwhois_unverified,-26.2041028,28.0473051,Johannesburg,ZA,,,False,,success,2026-06-07T13:40:25Z
node_01317,maxmind_geolite2,maxmind_geolite,-26.2309,28.0583,Johannesburg,ZA,20,1780418264,False,,success,2026-06-07T13:30:04Z
node_01317,reallyfreegeoip,maxmind_geolite,-28.9984,23.9888,,ZA,,,True,no_city,success,2026-06-07T13:40:26Z
node_01159,dbip_lite,dbip_lite,-33.9346,18.8668,Stellenbosch,ZA,,1780278471,False,,success,2026-06-07T13:30:02Z
node_01159,geojs,maxmind_geolite,-33.9258,18.4259,Cape Town,ZA,,,False,,success,2026-06-07T13:36:28Z
node_01159,ip2location_lite,ip2location_lite,-33.934387,18.867214,Stellenbosch,ZA,,1780555707,False,,success,2026-06-07T13:30:02Z
node_01159,ip_api,ipapi_com_unverified,-33.914,18.4129,Cape Town,ZA,,,False,,success,2026-06-07T13:36:27Z
node_01159,ipinfo,ipinfo,-33.9258,18.4232,Cape Town,ZA,,,False,,success,2026-06-07T13:36:28Z
node_01159,ipwho_is,ipwhois_unverified,-33.9321045,18.860152,Stellenbosch,ZA,,,False,,success,2026-06-07T13:36:28Z
node_01159,maxmind_geolite2,maxmind_geolite,-33.9258,18.4259,Cape Town,ZA,50,1780418264,False,,success,2026-06-07T13:30:02Z
node_01159,reallyfreegeoip,maxmind_geolite,-33.91,18.4304,Cape Town,ZA,,,False,,success,2026-06-07T13:36:28Z
node_01348,dbip_lite,dbip_lite,11.6387,122.334,Bañga,PH,,1780278471,False,,success,2026-06-07T13:30:04Z
node_01348,geojs,maxmind_geolite,14.5955,120.9721,,PH,,,True,no_city,success,2026-06-07T13:41:12Z
node_01348,ip2location_lite,ip2location_lite,11.70611,122.364441,Kalibo,PH,,1780555707,False,,success,2026-06-07T13:30:04Z
node_01348,ip_api,ipapi_com_unverified,11.6439,122.308,Malinao,PH,,,False,,success,2026-06-07T13:41:11Z
node_01348,ipinfo,ipinfo,11.7061,122.3644,Kalibo (poblacion),PH,,,False,,success,2026-06-07T13:41:12Z
node_01348,ipwho_is,ipwhois_unverified,11.6112548,122.2249049,Malinao,PH,,,False,,success,2026-06-07T13:41:12Z
node_01348,maxmind_geolite2,maxmind_geolite,14.5955,120.9721,,PH,500,1780418264,True,no_city,success,2026-06-07T13:30:04Z
node_01348,reallyfreegeoip,maxmind_geolite,6.3508,124.8149,Kalibo,PH,,,False,,success,2026-06-07T13:41:12Z
node_01194,dbip_lite,dbip_lite,28.6988,77.2737,Yamuna Vihar,IN,,1780278471,False,,success,2026-06-07T13:30:03Z
node_01194,geojs,maxmind_geolite,28.6327,77.2198,New Delhi,IN,,,False,,success,2026-06-07T13:37:21Z
node_01194,ip2location_lite,ip2location_lite,28.635485,77.224121,New Delhi,IN,,1780555707,False,,success,2026-06-07T13:30:03Z
node_01194,ip_api,ipapi_com_unverified,28.6327,77.2198,New Delhi,IN,,,False,,success,2026-06-07T13:37:20Z
node_01194,ipinfo,ipinfo,28.6266,77.2794,Gharonda Neemka Bangar,IN,,,False,,success,2026-06-07T13:37:20Z
node_01194,ipwho_is,ipwhois_unverified,28.7009403,77.2721047,Delhi,IN,,,False,,success,2026-06-07T13:37:20Z
node_01194,maxmind_geolite2,maxmind_geolite,28.6327,77.2198,New Delhi,IN,20,1780418264,False,,success,2026-06-07T13:30:03Z
node_01194,reallyfreegeoip,maxmind_geolite,28.6542,77.2373,Delhi,IN,,,False,,success,2026-06-07T13:37:21Z
node_01460,dbip_lite,dbip_lite,23.7731,90.4206,Dhaka,BD,,1780278471,False,,success,2026-06-07T13:30:04Z
node_01460,geojs,maxmind_geolite,23.7891,90.4126,Dhaka,BD,,,False,,success,2026-06-07T13:44:00Z
node_01460,ip2location_lite,ip2location_lite,23.710394,90.407112,Dhaka,BD,,1780555707,False,,success,2026-06-07T13:30:04Z
node_01460,ip_api,ipapi_com_unverified,23.7891,90.4126,Dhaka,BD,,,False,,success,2026-06-07T13:43:59Z
node_01460,ipinfo,ipinfo,23.7916,90.4152,Kafrul,BD,,,False,,success,2026-06-07T13:44:00Z
node_01460,ipwho_is,ipwhois_unverified,23.810332,90.4125181,Dhaka,BD,,,False,,success,2026-06-07T13:44:00Z
node_01460,maxmind_geolite2,maxmind_geolite,23.7891,90.4126,Dhaka,BD,20,1780418264,False,,success,2026-06-07T13:30:04Z
node_01460,reallyfreegeoip,maxmind_geolite,23.7018,90.3742,,BD,,,True,no_city,success,2026-06-07T13:44:00Z
node_01463,dbip_lite,dbip_lite,41.3275,19.8187,Tirana,AL,,1780278471,False,,success,2026-06-07T13:30:04Z
node_01463,geojs,maxmind_geolite,53.645,10.0782,Hamburg,DE,,,False,,success,2026-06-07T13:44:04Z
node_01463,ip2location_lite,ip2location_lite,50.028702,8.53363,Frankfurt Main Flughafen,DE,,1780555707,False,,success,2026-06-07T13:30:04Z
node_01463,ip_api,ipapi_com_unverified,53.645,10.0782,Hamburg,DE,,,False,,success,2026-06-07T13:44:04Z
node_01463,ipinfo,ipinfo,50.1155,8.6842,Frankfurt am Main,DE,,,False,,success,2026-06-07T13:44:04Z
node_01463,ipwho_is,ipwhois_unverified,50.0379326,8.5621518,Frankfurt am Main,DE,,,False,,success,2026-06-07T13:44:04Z
node_01463,maxmind_geolite2,maxmind_geolite,53.645,10.0782,Hamburg,DE,20,1780418264,False,,success,2026-06-07T13:30:04Z
node_01463,reallyfreegeoip,maxmind_geolite,41.3253,19.8184,Tirana,AL,,,False,,success,2026-06-07T13:44:05Z
node_01295,dbip_lite,dbip_lite,28.6214,77.2148,New Delhi,IN,,1780278471,False,,success,2026-06-07T13:30:03Z
node_01295,geojs,maxmind_geolite,28.6542,77.2373,Delhi,IN,,,False,,success,2026-06-07T13:39:52Z
node_01295,ip2location_lite,ip2location_lite,20.566669,78.833328,Hinganghat,IN,,1780555707,False,,success,2026-06-07T13:30:03Z
node_01295,ip_api,ipapi_com_unverified,28.6542,77.2373,Delhi,IN,,,False,,success,2026-06-07T13:39:52Z
node_01295,ipinfo,ipinfo,28.6519,77.2315,Delhi,IN,,,False,,success,2026-06-07T13:39:52Z
node_01295,ipwho_is,ipwhois_unverified,20.5505728,78.8411405,Hinganghat,IN,,,False,,success,2026-06-07T13:39:52Z
node_01295,maxmind_geolite2,maxmind_geolite,28.6542,77.2373,Delhi,IN,20,1780418264,False,,success,2026-06-07T13:30:03Z
node_01295,reallyfreegeoip,maxmind_geolite,28.6542,77.2373,Delhi,IN,,,False,,success,2026-06-07T13:39:53Z
node_01545,dbip_lite,dbip_lite,-44.3904,171.237,Timaru,NZ,,1780278471,False,,success,2026-06-07T13:30:04Z
node_01545,geojs,maxmind_geolite,-36.8017,174.7533,Auckland,NZ,,,False,,success,2026-06-07T13:46:07Z
node_01545,ip2location_lite,ip2location_lite,-36.866669,174.766663,Auckland,NZ,,1780555707,False,,success,2026-06-07T13:30:04Z
node_01545,ip_api,ipapi_com_unverified,-36.8504,174.7675,Auckland,NZ,,,False,,success,2026-06-07T13:46:07Z
node_01545,ipinfo,ipinfo,-40.9167,175.0167,Paraparaumu,NZ,,,False,,success,2026-06-07T13:46:07Z
node_01545,ipwho_is,ipwhois_unverified,-44.3969718,171.2549729,Timaru,NZ,,,False,,success,2026-06-07T13:46:07Z
node_01545,maxmind_geolite2,maxmind_geolite,-36.8017,174.7533,Auckland,NZ,500,1780418264,True,r>=500km,success,2026-06-07T13:30:04Z
node_01545,reallyfreegeoip,maxmind_geolite,-42.0009,173.998,,NZ,,,True,no_city,success,2026-06-07T13:46:08Z
node_01457,dbip_lite,dbip_lite,-37.245,175.02,Pokeno,NZ,,1780278471,False,,success,2026-06-07T13:30:04Z
node_01457,geojs,maxmind_geolite,-42.0009,173.998,,NZ,,,True,no_city,success,2026-06-07T13:43:55Z
node_01457,ip2location_lite,ip2location_lite,-36.866669,174.766663,Auckland,NZ,,1780555707,False,,success,2026-06-07T13:30:04Z
node_01457,ip_api,ipapi_com_unverified,-36.8903,174.771,Auckland,NZ,,,False,,success,2026-06-07T13:43:55Z
node_01457,ipinfo,ipinfo,-36.8485,174.7635,Auckland,NZ,,,False,,success,2026-06-07T13:43:55Z
node_01457,ipwho_is,ipwhois_unverified,-36.8484597,174.7633315,Auckland,NZ,,,False,,success,2026-06-07T13:43:55Z
node_01457,maxmind_geolite2,maxmind_geolite,-42.0009,173.998,,NZ,500,1780418264,True,no_city,success,2026-06-07T13:30:04Z
node_01457,reallyfreegeoip,maxmind_geolite,-42.0009,173.998,,NZ,,,True,no_city,success,2026-06-07T13:43:56Z
node_01429,dbip_lite,dbip_lite,19.1559,72.8362,Mumbai (Motilal Nagar I),IN,,1780278471,False,,success,2026-06-07T13:30:04Z
node_01429,geojs,maxmind_geolite,21.9974,79.0011,,IN,,,True,no_city,success,2026-06-07T13:43:13Z
node_01429,ip2location_lite,ip2location_lite,19.075975,72.87738,Mumbai,IN,,1780555707,False,,success,2026-06-07T13:30:04Z
node_01429,ip_api,ipapi_com_unverified,19.1559,72.8362,Mumbai,IN,,,False,,success,2026-06-07T13:43:13Z
node_01429,ipinfo,ipinfo,18.9808,72.8338,Mumbai,IN,,,False,,success,2026-06-07T13:43:13Z
node_01429,ipwho_is,ipwhois_unverified,19.0759837,72.8776559,Mumbai,IN,,,False,,success,2026-06-07T13:43:13Z
node_01429,maxmind_geolite2,maxmind_geolite,21.9974,79.0011,,IN,1000,1780418264,True,no_city,success,2026-06-07T13:30:04Z
node_01429,reallyfreegeoip,maxmind_geolite,21.9974,79.0011,,IN,,,True,no_city,success,2026-06-07T13:43:14Z
node_01468,dbip_lite,dbip_lite,-33.8688,151.209,Sydney,AU,,1780278471,False,,success,2026-06-07T13:30:04Z
node_01468,geojs,maxmind_geolite,-33.8978,151.1899,Sydney,AU,,,False,,success,2026-06-07T13:44:12Z
node_01468,ip2location_lite,ip2location_lite,-33.902538,151.185791,Erskineville,AU,,1780555707,False,,success,2026-06-07T13:30:04Z
node_01468,ip_api,ipapi_com_unverified,-33.8978,151.1899,Sydney,AU,,,False,,success,2026-06-07T13:44:11Z
node_01468,ipinfo,ipinfo,-33.8678,151.2073,Sydney,AU,,,False,,success,2026-06-07T13:44:12Z
node_01468,ipwho_is,ipwhois_unverified,-33.90476,151.18479,Erskineville,AU,,,False,,success,2026-06-07T13:44:12Z
node_01468,maxmind_geolite2,maxmind_geolite,-33.8978,151.1899,Sydney,AU,20,1780418264,False,,success,2026-06-07T13:30:04Z
node_01468,reallyfreegeoip,maxmind_geolite,-33.8979,151.1897,Sydney,AU,,,False,,success,2026-06-07T13:44:12Z
node_01220,dbip_lite,dbip_lite,44.4938,11.3387,Bologna,IT,,1780278471,False,,success,2026-06-07T13:30:03Z
node_01220,geojs,maxmind_geolite,45.4722,9.1922,Milan,IT,,,False,,success,2026-06-07T13:38:00Z
node_01220,ip2location_lite,ip2location_lite,45.464336,9.188547,Milan,IT,,1780555707,False,,success,2026-06-07T13:30:03Z
node_01220,ip_api,ipapi_com_unverified,45.4722,9.1922,Milan,IT,,,False,,success,2026-06-07T13:37:59Z
node_01220,ipinfo,ipinfo,45.4643,9.1895,Milan,IT,,,False,,success,2026-06-07T13:37:59Z
node_01220,ipwho_is,ipwhois_unverified,45.4654219,9.1859243,Milan,IT,,,False,,success,2026-06-07T13:37:59Z
node_01220,maxmind_geolite2,maxmind_geolite,45.4722,9.1922,Milan,IT,20,1780418264,False,,success,2026-06-07T13:30:03Z
node_01220,reallyfreegeoip,maxmind_geolite,43.6547,-79.3623,Toronto,CA,,,False,,success,2026-06-07T13:38:00Z
node_01574,dbip_lite,dbip_lite,37.3387,-121.885,San Jose,US,,1780278471,False,,success,2026-06-07T13:30:04Z
node_01574,geojs,maxmind_geolite,37.3388,-121.8916,San Jose,US,,,False,,success,2026-06-07T13:46:51Z
node_01574,ip2location_lite,ip2location_lite,37.33939,-121.894958,San Jose,US,,1780555707,False,,success,2026-06-07T13:30:04Z
node_01574,ip_api,ipapi_com_unverified,37.3382,-121.8863,San Jose,US,,,False,,success,2026-06-07T13:46:50Z
node_01574,ipinfo,ipinfo,37.3394,-121.895,San Jose,US,,,False,,success,2026-06-07T13:46:51Z
node_01574,ipwho_is,ipwhois_unverified,37.3382082,-121.8863286,San Jose,US,,,False,,success,2026-06-07T13:46:51Z
node_01574,maxmind_geolite2,maxmind_geolite,37.3388,-121.8916,San Jose,US,20,1780418264,False,,success,2026-06-07T13:30:04Z
node_01574,reallyfreegeoip,maxmind_geolite,37.1835,-121.7714,San Jose,US,,,False,,success,2026-06-07T13:46:51Z
node_01311,dbip_lite,dbip_lite,28.6341,77.0577,Hashtsāl,IN,,1780278471,False,,success,2026-06-07T13:30:03Z
node_01311,geojs,maxmind_geolite,28.6327,77.2198,New Delhi,IN,,,False,,success,2026-06-07T13:40:16Z
node_01311,ip2location_lite,ip2location_lite,28.466713,77.033669,Gurgaon,IN,,1780555707,False,,success,2026-06-07T13:30:03Z
node_01311,ip_api,ipapi_com_unverified,28.6327,77.2198,New Delhi,IN,,,False,,success,2026-06-07T13:40:16Z
node_01311,ipinfo,ipinfo,28.6519,77.2315,Delhi,IN,,,False,,success,2026-06-07T13:40:16Z
node_01311,ipwho_is,ipwhois_unverified,28.6139391,77.2090212,New Delhi,IN,,,False,,success,2026-06-07T13:40:16Z
node_01311,maxmind_geolite2,maxmind_geolite,28.6327,77.2198,New Delhi,IN,10,1780418264,False,,success,2026-06-07T13:30:03Z
node_01311,reallyfreegeoip,maxmind_geolite,28.652,77.1663,New Delhi,IN,,,False,,success,2026-06-07T13:40:17Z
node_01501,dbip_lite,dbip_lite,40.8541,-96.7173,Lincoln,US,,1780278471,False,,success,2026-06-07T13:30:04Z
node_01501,geojs,maxmind_geolite,41.3393,-96.0507,Omaha,US,,,False,,success,2026-06-07T13:45:01Z
node_01501,ip2location_lite,ip2location_lite,40.800571,-96.676361,Lincoln,US,,1780555707,False,,success,2026-06-07T13:30:04Z
node_01501,ip_api,ipapi_com_unverified,40.8513,-96.7369,Lincoln,US,,,False,,success,2026-06-07T13:45:01Z
node_01501,ipinfo,ipinfo,41.4297,-97.3684,Columbus,US,,,False,,success,2026-06-07T13:45:01Z
node_01501,ipwho_is,ipwhois_unverified,40.8257625,-96.6851982,Lincoln,US,,,False,,success,2026-06-07T13:45:01Z
node_01501,maxmind_geolite2,maxmind_geolite,41.3393,-96.0507,Omaha,US,100,1780418264,False,,success,2026-06-07T13:30:04Z
node_01501,reallyfreegeoip,maxmind_geolite,41.2854,-96.1494,Omaha,US,,,False,,success,2026-06-07T13:45:02Z
node_01536,dbip_lite,dbip_lite,42.8864,-78.8784,Buffalo,US,,1780278471,False,,success,2026-06-07T13:30:04Z
node_01536,geojs,maxmind_geolite,42.8864,-78.8784,Buffalo,US,,,False,,success,2026-06-07T13:45:54Z
node_01536,ip2location_lite,ip2location_lite,34.106529,-117.593109,Rancho Cucamonga,US,,1780555707,False,,success,2026-06-07T13:30:04Z
node_01536,ip_api,ipapi_com_unverified,42.8864,-78.8784,Buffalo,US,,,False,,success,2026-06-07T13:45:53Z
node_01536,ipinfo,ipinfo,42.8865,-78.8784,Buffalo,US,,,False,,success,2026-06-07T13:45:54Z
node_01536,ipwho_is,ipwhois_unverified,38.7745565,-75.1393498,Lewes,US,,,False,,success,2026-06-07T13:45:54Z
node_01536,maxmind_geolite2,maxmind_geolite,42.8864,-78.8784,Buffalo,US,20,1780418264,False,,success,2026-06-07T13:30:04Z
node_01536,reallyfreegeoip,maxmind_geolite,42.8856,-78.8736,Buffalo,US,,,False,,success,2026-06-07T13:45:54Z
node_01236,dbip_lite,dbip_lite,51.1815,4.24137,Haasdonk,BE,,1780278471,False,,success,2026-06-07T13:30:03Z
node_01236,geojs,maxmind_geolite,51.2192,4.3917,Antwerp,BE,,,False,,success,2026-06-07T13:38:24Z
node_01236,ip2location_lite,ip2location_lite,51.24118,4.96651,Kasterlee,BE,,1780555707,False,,success,2026-06-07T13:30:03Z
node_01236,ip_api,ipapi_com_unverified,51.1649,4.4001,Antwerp,BE,,,False,,success,2026-06-07T13:38:23Z
node_01236,ipinfo,ipinfo,50.8505,4.3488,Brussels,BE,,,False,,success,2026-06-07T13:38:24Z
node_01236,ipwho_is,ipwhois_unverified,51.1810333,4.2378789,Beveren,BE,,,False,,success,2026-06-07T13:38:24Z
node_01236,maxmind_geolite2,maxmind_geolite,51.2192,4.3917,Antwerp,BE,20,1780418264,False,,success,2026-06-07T13:30:03Z
node_01236,reallyfreegeoip,maxmind_geolite,51.2192,4.3917,Antwerp,BE,,,False,,success,2026-06-07T13:38:24Z
node_01347,dbip_lite,dbip_lite,49.2151,14.9599,Lodhéřov,CZ,,1780278471,False,,success,2026-06-07T13:30:04Z
node_01347,geojs,maxmind_geolite,48.8539,16.7685,Pohořelice,CZ,,,False,,success,2026-06-07T13:41:10Z
node_01347,ip2location_lite,ip2location_lite,49.990719,14.05055,Hyskov,CZ,,1780555707,False,,success,2026-06-07T13:30:04Z
node_01347,ip_api,ipapi_com_unverified,48.8539,16.7685,Pohořelice,CZ,,,False,,success,2026-06-07T13:41:10Z
node_01347,ipinfo,ipinfo,50.088,14.4208,Prague,CZ,,,True,"hub:50.088,14.421",success,2026-06-07T13:41:10Z
node_01347,ipwho_is,ipwhois_unverified,49.9907293,14.0505538,Hýskov,CZ,,,False,,success,2026-06-07T13:41:10Z
node_01347,maxmind_geolite2,maxmind_geolite,48.8539,16.7685,Pohořelice,CZ,50,1780418264,False,,success,2026-06-07T13:30:04Z
node_01347,reallyfreegeoip,maxmind_geolite,50.0471,14.4523,Prague,CZ,,,False,,success,2026-06-07T13:41:11Z
node_01383,dbip_lite,dbip_lite,51.0037,14.4526,Šluknov,CZ,,1780278471,False,,success,2026-06-07T13:30:04Z
node_01383,geojs,maxmind_geolite,49.5474,15.3675,Humpolec,CZ,,,False,,success,2026-06-07T13:42:04Z
node_01383,ip2location_lite,ip2location_lite,50.087936,14.420798,Prague,CZ,,1780555707,False,,success,2026-06-07T13:30:04Z
node_01383,ip_api,ipapi_com_unverified,49.4708,15.0017,Pacov,CZ,,,False,,success,2026-06-07T13:42:04Z
node_01383,ipinfo,ipinfo,50.088,14.4208,Prague,CZ,,,True,"hub:50.088,14.421",success,2026-06-07T13:42:04Z
node_01383,ipwho_is,ipwhois_unverified,51.0036925,14.4525992,Šluknov,CZ,,,False,,success,2026-06-07T13:42:04Z
node_01383,maxmind_geolite2,maxmind_geolite,49.5474,15.3675,Humpolec,CZ,100,1780418264,False,,success,2026-06-07T13:30:04Z
node_01383,reallyfreegeoip,maxmind_geolite,50.0883,14.4124,Prague,CZ,,,False,,success,2026-06-07T13:42:05Z
node_01158,dbip_lite,dbip_lite,48.9716,14.5328,Dobrá Voda u Českých Budějovic,CZ,,1780278471,False,,success,2026-06-07T13:30:02Z
node_01158,geojs,maxmind_geolite,48.9345,14.4134,České Budějovice,CZ,,,False,,success,2026-06-07T13:36:27Z
node_01158,ip2location_lite,ip2location_lite,49.044991,17.47011,Kunovice,CZ,,1780555707,False,,success,2026-06-07T13:30:02Z
node_01158,ip_api,ipapi_com_unverified,48.9345,14.4134,České Budějovice,CZ,,,False,,success,2026-06-07T13:36:26Z
node_01158,ipinfo,ipinfo,50.088,14.4208,Prague,CZ,,,True,"hub:50.088,14.421",success,2026-06-07T13:36:26Z
node_01158,ipwho_is,ipwhois_unverified,48.9756578,14.480255,Ceske Budejovice,CZ,,,False,,success,2026-06-07T13:36:26Z
node_01158,maxmind_geolite2,maxmind_geolite,48.9345,14.4134,České Budějovice,CZ,100,1780418264,False,,success,2026-06-07T13:30:02Z
node_01158,reallyfreegeoip,maxmind_geolite,50.0883,14.4124,Prague,CZ,,,False,,success,2026-06-07T13:36:27Z
node_01382,dbip_lite,dbip_lite,50.4516,15.3207,Holín,CZ,,1780278471,False,,success,2026-06-07T13:30:04Z
node_01382,geojs,maxmind_geolite,49.954,14.0998,Beroun,CZ,,,False,,success,2026-06-07T13:42:03Z
node_01382,ip2location_lite,ip2location_lite,48.799782,16.100611,Vrbovec,CZ,,1780555707,False,,success,2026-06-07T13:30:04Z
node_01382,ip_api,ipapi_com_unverified,50.0802,14.4652,Prague,CZ,,,False,,success,2026-06-07T13:42:02Z
node_01382,ipinfo,ipinfo,50.088,14.4208,Prague,CZ,,,True,"hub:50.088,14.421",success,2026-06-07T13:42:03Z
node_01382,ipwho_is,ipwhois_unverified,48.7997779,16.1006159,Vrbovec,CZ,,,False,,success,2026-06-07T13:42:03Z
node_01382,maxmind_geolite2,maxmind_geolite,49.954,14.0998,Beroun,CZ,100,1780418264,False,,success,2026-06-07T13:30:04Z
node_01382,reallyfreegeoip,maxmind_geolite,50.0883,14.4124,Prague,CZ,,,False,,success,2026-06-07T13:42:03Z
node_01109,dbip_lite,dbip_lite,55.459,65.3493,Kurgan,RU,,1780278471,False,,success,2026-06-07T13:30:01Z
node_01109,geojs,maxmind_geolite,55.4503,65.3288,Kurgan,RU,,,False,,success,2026-06-07T13:35:13Z
node_01109,ip2location_lite,ip2location_lite,55.450001,65.333328,Kurgan,RU,,1780555707,False,,success,2026-06-07T13:30:01Z
node_01109,ip_api,ipapi_com_unverified,55.4503,65.3288,Kurgan,RU,,,False,,success,2026-06-07T13:35:12Z
node_01109,ipinfo,ipinfo,55.449,65.3434,Kurgan,RU,,,False,,success,2026-06-07T13:35:13Z
node_01109,ipwho_is,ipwhois_unverified,55.4649113,65.3053512,Kurgan,RU,,,False,,success,2026-06-07T13:35:13Z
node_01109,maxmind_geolite2,maxmind_geolite,55.4503,65.3288,Kurgan,RU,10,1780418264,False,,success,2026-06-07T13:30:01Z
node_01109,reallyfreegeoip,maxmind_geolite,55.4483,65.3271,Kurgan,RU,,,False,,success,2026-06-07T13:35:13Z
node_01309,dbip_lite,dbip_lite,52.1275,5.06806,Oud-Zuilen,NL,,1780278471,False,,success,2026-06-07T13:30:03Z
node_01309,geojs,maxmind_geolite,52.3824,4.8995,,NL,,,True,no_city,success,2026-06-07T13:40:13Z
node_01309,ip2location_lite,ip2location_lite,52.218185,6.89578,Enschede,NL,,1780555707,False,,success,2026-06-07T13:30:03Z
node_01309,ip_api,ipapi_com_unverified,53.2192,6.56667,Groningen,NL,,,False,,success,2026-06-07T13:40:13Z
node_01309,ipinfo,ipinfo,52.0908,5.1222,Utrecht,NL,,,False,,success,2026-06-07T13:40:13Z
node_01309,ipwho_is,ipwhois_unverified,53.2193835,6.5665018,Groningen,NL,,,False,,success,2026-06-07T13:40:13Z
node_01309,maxmind_geolite2,maxmind_geolite,52.3824,4.8995,,NL,50,1780418264,True,no_city,success,2026-06-07T13:30:03Z
node_01309,reallyfreegeoip,maxmind_geolite,52.0394,5.6493,Ede,NL,,,False,,success,2026-06-07T13:40:13Z
node_01093,dbip_lite,dbip_lite,39.7863,-8.84738,Barreiros,PT,,1780278471,False,,success,2026-06-07T13:29:59Z
node_01093,geojs,maxmind_geolite,38.7294,-9.1538,,PT,,,True,no_city,success,2026-06-07T13:34:49Z
node_01093,ip2location_lite,ip2location_lite,40.218262,-8.05403,Arganil,PT,,1780555707,False,,success,2026-06-07T13:29:59Z
node_01093,ip_api,ipapi_com_unverified,39.7863,-8.84738,Barreiros,PT,,,False,,success,2026-06-07T13:34:48Z
node_01093,ipinfo,ipinfo,38.7251,-9.1498,Lisbon,PT,,,False,,success,2026-06-07T13:34:49Z
node_01093,ipwho_is,ipwhois_unverified,38.6608149,-9.0790724,Barreiro,PT,,,False,,success,2026-06-07T13:34:49Z
node_01093,maxmind_geolite2,maxmind_geolite,38.7294,-9.1538,,PT,50,1780418264,True,no_city,success,2026-06-07T13:29:59Z
node_01093,reallyfreegeoip,maxmind_geolite,38.731,-9.1373,Lisbon,PT,,,False,,success,2026-06-07T13:34:49Z
node_01454,dbip_lite,dbip_lite,23.1317,113.266,Guangzhou,CN,,1780278471,False,,success,2026-06-07T13:30:04Z
node_01454,geojs,maxmind_geolite,34.7732,113.722,,CN,,,True,no_city,success,2026-06-07T13:43:51Z
node_01454,ip2location_lite,ip2location_lite,34.757778,113.648613,Zhengzhou,CN,,1780555707,False,,success,2026-06-07T13:30:04Z
node_01454,ip_api,ipapi_com_unverified,23.1317,113.266,Guangzhou,CN,,,False,,success,2026-06-07T13:43:50Z
node_01454,ipinfo,ipinfo,39.9075,116.3972,Beijing,CN,,,False,,success,2026-06-07T13:43:51Z
node_01454,ipwho_is,ipwhois_unverified,39.904211,116.407395,Beijing,CN,,,False,,success,2026-06-07T13:43:51Z
node_01454,maxmind_geolite2,maxmind_geolite,34.7732,113.722,,CN,1000,1780418264,True,no_city,success,2026-06-07T13:30:04Z
node_01454,reallyfreegeoip,maxmind_geolite,34.7732,113.722,,CN,,,True,no_city,success,2026-06-07T13:43:51Z
node_01303,dbip_lite,dbip_lite,-33.7439,151.142,Pymble,AU,,1780278471,False,,success,2026-06-07T13:30:03Z
node_01303,geojs,maxmind_geolite,-33.766,151.1575,Sydney,AU,,,False,,success,2026-06-07T13:40:04Z
node_01303,ip2location_lite,ip2location_lite,-33.867779,151.207047,Sydney,AU,,1780555707,False,,success,2026-06-07T13:30:03Z
node_01303,ip_api,ipapi_com_unverified,-33.7409,151.1999,Sydney,AU,,,False,,success,2026-06-07T13:40:04Z
node_01303,ipinfo,ipinfo,-33.8678,151.2073,Sydney,AU,,,False,,success,2026-06-07T13:40:04Z
node_01303,ipwho_is,ipwhois_unverified,-33.7455788,151.1374068,Pymble,AU,,,False,,success,2026-06-07T13:40:04Z
node_01303,maxmind_geolite2,maxmind_geolite,-33.766,151.1575,Sydney,AU,20,1780418264,False,,success,2026-06-07T13:30:03Z
node_01303,reallyfreegeoip,maxmind_geolite,-33.766,151.1575,Sydney,AU,,,False,,success,2026-06-07T13:40:05Z
node_01259,dbip_lite,dbip_lite,-37.2,175.867,Whangamata,NZ,,1780278471,False,,success,2026-06-07T13:30:03Z
node_01259,geojs,maxmind_geolite,-36.8426,174.7273,Auckland,NZ,,,False,,success,2026-06-07T13:38:58Z
node_01259,ip2location_lite,ip2location_lite,-37.783329,175.283325,Hamilton,NZ,,1780555707,False,,success,2026-06-07T13:30:03Z
node_01259,ip_api,ipapi_com_unverified,-36.8426,174.7273,Auckland,NZ,,,False,,success,2026-06-07T13:38:58Z
node_01259,ipinfo,ipinfo,-36.8485,174.7635,Auckland,NZ,,,False,,success,2026-06-07T13:38:58Z
node_01259,ipwho_is,ipwhois_unverified,-37.7870012,175.279253,Hamilton,NZ,,,False,,success,2026-06-07T13:38:58Z
node_01259,maxmind_geolite2,maxmind_geolite,-36.8426,174.7273,Auckland,NZ,50,1780418264,False,,success,2026-06-07T13:30:03Z
node_01259,reallyfreegeoip,maxmind_geolite,-36.8506,174.7679,Auckland,NZ,,,False,,success,2026-06-07T13:38:59Z
node_01433,dbip_lite,dbip_lite,-37.8136,144.963,Melbourne,AU,,1780278471,False,,success,2026-06-07T13:30:04Z
node_01433,geojs,maxmind_geolite,-37.7444,144.7597,Melbourne,AU,,,False,,success,2026-06-07T13:43:19Z
node_01433,ip2location_lite,ip2location_lite,-37.814007,144.963165,Melbourne,AU,,1780555707,False,,success,2026-06-07T13:30:04Z
node_01433,ip_api,ipapi_com_unverified,-37.8159,144.9669,Melbourne,AU,,,False,,success,2026-06-07T13:43:19Z
node_01433,ipinfo,ipinfo,-37.814,144.9633,Melbourne,AU,,,False,,success,2026-06-07T13:43:19Z
node_01433,ipwho_is,ipwhois_unverified,-37.8136276,144.9630576,Melbourne,AU,,,False,,success,2026-06-07T13:43:19Z
node_01433,maxmind_geolite2,maxmind_geolite,-37.7444,144.7597,Melbourne,AU,50,1780418264,False,,success,2026-06-07T13:30:04Z
node_01433,reallyfreegeoip,maxmind_geolite,-27.4679,153.0325,Brisbane,AU,,,False,,success,2026-06-07T13:43:20Z
node_01419,dbip_lite,dbip_lite,49.4543,11.0746,Nuremberg,DE,,1780278471,False,,success,2026-06-07T13:30:04Z
node_01419,geojs,maxmind_geolite,49.4527,11.0783,Nuremberg,DE,,,False,,success,2026-06-07T13:42:58Z
node_01419,ip2location_lite,ip2location_lite,49.447781,11.06833,Nuremberg,DE,,1780555707,False,,success,2026-06-07T13:30:04Z
node_01419,ip_api,ipapi_com_unverified,49.4527,11.0783,Nuremberg,DE,,,False,,success,2026-06-07T13:42:57Z
node_01419,ipinfo,ipinfo,49.4542,11.0775,Nuremberg,DE,,,False,,success,2026-06-07T13:42:58Z
node_01419,ipwho_is,ipwhois_unverified,49.4254092,11.0796553,Nuremberg,DE,,,False,,success,2026-06-07T13:42:58Z
node_01419,maxmind_geolite2,maxmind_geolite,49.4527,11.0783,Nuremberg,DE,20,1780418264,False,,success,2026-06-07T13:30:04Z
node_01419,reallyfreegeoip,maxmind_geolite,49.4527,11.0783,Nuremberg,DE,,,False,,success,2026-06-07T13:42:59Z
node_01432,dbip_lite,dbip_lite,-33.8688,151.209,Sydney,AU,,1780278471,False,,success,2026-06-07T13:30:04Z
node_01432,geojs,maxmind_geolite,-27.4417,153.0197,Brisbane,AU,,,False,,success,2026-06-07T13:43:18Z
node_01432,ip2location_lite,ip2location_lite,-33.867779,151.207047,Sydney,AU,,1780555707,False,,success,2026-06-07T13:30:04Z
node_01432,ip_api,ipapi_com_unverified,-33.8688,151.209,Sydney,AU,,,False,,success,2026-06-07T13:43:17Z
node_01432,ipinfo,ipinfo,-33.8678,151.2073,Sydney,AU,,,False,,success,2026-06-07T13:43:18Z
node_01432,ipwho_is,ipwhois_unverified,-33.8688197,151.2092955,Sydney,AU,,,False,,success,2026-06-07T13:43:18Z
node_01432,maxmind_geolite2,maxmind_geolite,-27.4417,153.0197,Brisbane,AU,100,1780418264,False,,success,2026-06-07T13:30:04Z
node_01432,reallyfreegeoip,maxmind_geolite,-33.8715,151.2006,Sydney,AU,,,False,,success,2026-06-07T13:43:18Z
node_01352,dbip_lite,dbip_lite,24.2101,120.573,Buzi,TW,,1780278471,False,,success,2026-06-07T13:30:04Z
node_01352,geojs,maxmind_geolite,24.144,120.6844,Taichung,TW,,,False,,success,2026-06-07T13:41:18Z
node_01352,ip2location_lite,ip2location_lite,24.146866,120.684006,Taichung,TW,,1780555707,False,,success,2026-06-07T13:30:04Z
node_01352,ip_api,ipapi_com_unverified,24.144,120.6844,Taichung,TW,,,False,,success,2026-06-07T13:41:17Z
node_01352,ipinfo,ipinfo,24.1469,120.6839,Taichung,TW,,,False,,success,2026-06-07T13:41:18Z
node_01352,ipwho_is,ipwhois_unverified,24.1631651,120.6746691,Taichung,TW,,,False,,success,2026-06-07T13:41:18Z
node_01352,maxmind_geolite2,maxmind_geolite,24.144,120.6844,Taichung,TW,5,1780418264,False,,success,2026-06-07T13:30:04Z
node_01352,reallyfreegeoip,maxmind_geolite,24.144,120.6844,Taichung,TW,,,False,,success,2026-06-07T13:41:18Z
node_01123,dbip_lite,dbip_lite,-43.55,172.55,Wigram,NZ,,1780278471,False,,success,2026-06-07T13:30:01Z
node_01123,geojs,maxmind_geolite,-43.5195,172.6165,Christchurch,NZ,,,False,,success,2026-06-07T13:35:34Z
node_01123,ip2location_lite,ip2location_lite,-43.528332,172.590134,Riccarton,NZ,,1780555707,False,,success,2026-06-07T13:30:01Z
node_01123,ip_api,ipapi_com_unverified,-43.5555,172.6183,Christchurch,NZ,,,False,,success,2026-06-07T13:35:33Z
node_01123,ipinfo,ipinfo,-43.5333,172.6333,Christchurch,NZ,,,False,,success,2026-06-07T13:35:34Z
node_01123,ipwho_is,ipwhois_unverified,-43.5535602,172.5588379,Christchurch,NZ,,,False,,success,2026-06-07T13:35:34Z
node_01123,maxmind_geolite2,maxmind_geolite,-43.5195,172.6165,Christchurch,NZ,200,1780418264,False,,success,2026-06-07T13:30:01Z
node_01123,reallyfreegeoip,maxmind_geolite,-43.5379,172.6151,Christchurch,NZ,,,False,,success,2026-06-07T13:35:34Z
node_01341,dbip_lite,dbip_lite,12.8549,77.6633,Electronic City Phase I,IN,,1780278471,False,,success,2026-06-07T13:30:04Z
node_01341,geojs,maxmind_geolite,12.9753,77.591,Bengaluru,IN,,,False,,success,2026-06-07T13:41:01Z
node_01341,ip2location_lite,ip2location_lite,12.307357,76.649712,Mysore,IN,,1780555707,False,,success,2026-06-07T13:30:04Z
node_01341,ip_api,ipapi_com_unverified,12.9753,77.591,Bengaluru,IN,,,False,,success,2026-06-07T13:41:01Z
node_01341,ipinfo,ipinfo,12.9719,77.5937,Bengaluru,IN,,,False,,success,2026-06-07T13:41:01Z
node_01341,ipwho_is,ipwhois_unverified,12.9715987,77.5945627,Bengaluru,IN,,,False,,success,2026-06-07T13:41:01Z
node_01341,maxmind_geolite2,maxmind_geolite,12.9753,77.591,Bengaluru,IN,5,1780418264,False,,success,2026-06-07T13:30:04Z
node_01341,reallyfreegeoip,maxmind_geolite,12.9634,77.5855,Bengaluru,IN,,,False,,success,2026-06-07T13:41:02Z
node_01200,dbip_lite,dbip_lite,4.17242,73.5019,Malé (Maafannu),MV,,1780278471,False,,success,2026-06-07T13:30:03Z
node_01200,geojs,maxmind_geolite,4.1772,73.5107,Malé,MV,,,False,,success,2026-06-07T13:37:30Z
node_01200,ip2location_lite,ip2location_lite,4.174787,73.508942,Male,MV,,1780555707,False,,success,2026-06-07T13:30:03Z
node_01200,ip_api,ipapi_com_unverified,4.1772,73.5107,Malé,MV,,,False,,success,2026-06-07T13:37:29Z
node_01200,ipinfo,ipinfo,4.1752,73.5092,Male,MV,,,False,,success,2026-06-07T13:37:29Z
node_01200,ipwho_is,ipwhois_unverified,4.1754959,73.5093474,Malé,MV,,,False,,success,2026-06-07T13:37:29Z
node_01200,maxmind_geolite2,maxmind_geolite,4.1772,73.5107,Malé,MV,5,1780418264,False,,success,2026-06-07T13:30:03Z
node_01200,reallyfreegeoip,maxmind_geolite,3.2,73.0,,MV,,,True,no_city,success,2026-06-07T13:37:30Z
node_01569,dbip_lite,dbip_lite,35.6906,139.77,Chiyoda City,JP,,1780278471,False,,success,2026-06-07T13:30:04Z
node_01569,geojs,maxmind_geolite,34.0724,134.5624,Tokushima,JP,,,False,,success,2026-06-07T13:46:43Z
node_01569,ip2location_lite,ip2location_lite,34.066978,134.549805,Tokushima,JP,,1780555707,False,,success,2026-06-07T13:30:04Z
node_01569,ip_api,ipapi_com_unverified,34.0807,134.5678,Tokushima,JP,,,False,,success,2026-06-07T13:46:43Z
node_01569,ipinfo,ipinfo,35.6895,139.6917,Tokyo,JP,,,False,,success,2026-06-07T13:46:43Z
node_01569,ipwho_is,ipwhois_unverified,34.0702703,134.5548438,Tokushima,JP,,,False,,success,2026-06-07T13:46:43Z
node_01569,maxmind_geolite2,maxmind_geolite,34.0724,134.5624,Tokushima,JP,50,1780418264,False,,success,2026-06-07T13:30:04Z
node_01569,reallyfreegeoip,maxmind_geolite,35.6897,139.6895,,JP,,,True,no_city,success,2026-06-07T13:46:44Z
node_01160,dbip_lite,dbip_lite,-43.5333,172.633,Christchurch,NZ,,1780278471,False,,success,2026-06-07T13:30:02Z
node_01160,geojs,maxmind_geolite,-43.5333,172.6333,Christchurch,NZ,,,False,,success,2026-06-07T13:36:30Z
node_01160,ip2location_lite,ip2location_lite,-43.583328,172.383331,Rolleston,NZ,,1780555707,False,,success,2026-06-07T13:30:02Z
node_01160,ip_api,ipapi_com_unverified,-43.5264,172.525,Christchurch,NZ,,,False,,success,2026-06-07T13:36:29Z
node_01160,ipinfo,ipinfo,-43.5333,172.6333,Christchurch,NZ,,,False,,success,2026-06-07T13:36:29Z
node_01160,ipwho_is,ipwhois_unverified,-43.5320544,172.6362254,Christchurch,NZ,,,False,,success,2026-06-07T13:36:29Z
node_01160,maxmind_geolite2,maxmind_geolite,-43.5333,172.6333,Christchurch,NZ,200,1780418264,False,,success,2026-06-07T13:30:02Z
node_01160,reallyfreegeoip,maxmind_geolite,-43.5607,172.6718,Christchurch,NZ,,,False,,success,2026-06-07T13:36:30Z
node_01165,dbip_lite,dbip_lite,28.3769,129.494,Amami,JP,,1780278471,False,,success,2026-06-07T13:30:02Z
node_01165,geojs,maxmind_geolite,31.5703,130.5315,Kagoshima,JP,,,False,,success,2026-06-07T13:36:37Z
node_01165,ip2location_lite,ip2location_lite,28.316999,129.449997,Amami,JP,,1780555707,False,,success,2026-06-07T13:30:02Z
node_01165,ip_api,ipapi_com_unverified,31.5721,130.551,Kagoshima,JP,,,False,,success,2026-06-07T13:36:36Z
node_01165,ipinfo,ipinfo,31.5667,130.55,Kagoshima,JP,,,False,,success,2026-06-07T13:36:37Z
node_01165,ipwho_is,ipwhois_unverified,31.5965535,130.5571158,Kagoshima,JP,,,False,,success,2026-06-07T13:36:37Z
node_01165,maxmind_geolite2,maxmind_geolite,31.5703,130.5315,Kagoshima,JP,50,1780418264,False,,success,2026-06-07T13:30:02Z
node_01165,reallyfreegeoip,maxmind_geolite,31.5759,130.5619,Kagoshima,JP,,,False,,success,2026-06-07T13:36:37Z
node_01547,dbip_lite,dbip_lite,53.3498,-6.2603100000000005,Dublin,IE,,1780278471,False,,success,2026-06-07T13:30:04Z
node_01547,geojs,maxmind_geolite,53.3354,-6.252,Dublin,IE,,,False,,success,2026-06-07T13:46:10Z
node_01547,ip2location_lite,ip2location_lite,53.344151,-6.267249,Dublin,IE,,1780555707,False,,success,2026-06-07T13:30:04Z
node_01547,ip_api,ipapi_com_unverified,53.3478,-6.2597,Dublin,IE,,,False,,success,2026-06-07T13:46:10Z
node_01547,ipinfo,ipinfo,53.3331,-6.2489,Dublin,IE,,,False,,success,2026-06-07T13:46:10Z
node_01547,ipwho_is,ipwhois_unverified,53.3165322,-6.3425318,Dublin,IE,,,False,,success,2026-06-07T13:46:10Z
node_01547,maxmind_geolite2,maxmind_geolite,53.3354,-6.252,Dublin,IE,20,1780418264,False,,success,2026-06-07T13:30:04Z
node_01547,reallyfreegeoip,maxmind_geolite,53.3379,-6.2591,Dublin,IE,,,False,,success,2026-06-07T13:46:11Z
node_01511,dbip_lite,dbip_lite,50.6697,4.61587,Ottignies-Louvain-la-Neuve (Louvain-la-Neuve),BE,,1780278471,False,,success,2026-06-07T13:30:04Z
node_01511,geojs,maxmind_geolite,50.7995,4.4204,Watermael-Boitsfort,BE,,,False,,success,2026-06-07T13:45:16Z
node_01511,ip2location_lite,ip2location_lite,50.668289,4.61443,Louvain-la-Neuve,BE,,1780555707,False,,success,2026-06-07T13:30:04Z
node_01511,ip_api,ipapi_com_unverified,50.7995,4.4204,Watermael-Boitsfort,BE,,,False,,success,2026-06-07T13:45:16Z
node_01511,ipinfo,ipinfo,50.6683,4.6144,Louvain-la-Neuve,BE,,,False,,success,2026-06-07T13:45:16Z
node_01511,ipwho_is,ipwhois_unverified,50.7881573,4.4180065,Watermael-Boitsfort,BE,,,False,,success,2026-06-07T13:45:16Z
node_01511,maxmind_geolite2,maxmind_geolite,50.7995,4.4204,Watermael-Boitsfort,BE,5,1780418264,False,,success,2026-06-07T13:30:04Z
node_01511,reallyfreegeoip,maxmind_geolite,50.4156,4.171,Binche,BE,,,False,,success,2026-06-07T13:45:17Z
node_01516,dbip_lite,dbip_lite,55.9349,23.3137,Šiauliai,LT,,1780278471,False,,success,2026-06-07T13:30:04Z
node_01516,geojs,maxmind_geolite,55.9399,23.3132,Šiauliai,LT,,,False,,success,2026-06-07T13:45:24Z
node_01516,ip2location_lite,ip2location_lite,55.93338,23.316755,Siauliai,LT,,1780555707,False,,success,2026-06-07T13:30:04Z
node_01516,ip_api,ipapi_com_unverified,55.9399,23.3132,Šiauliai,LT,,,False,,success,2026-06-07T13:45:23Z
node_01516,ipinfo,ipinfo,55.9333,23.3167,Šiauliai,LT,,,False,,success,2026-06-07T13:45:24Z
node_01516,ipwho_is,ipwhois_unverified,55.9339151,23.3155824,Šiauliai,LT,,,False,,success,2026-06-07T13:45:24Z
node_01516,maxmind_geolite2,maxmind_geolite,55.9399,23.3132,Šiauliai,LT,20,1780418264,False,,success,2026-06-07T13:30:04Z
node_01516,reallyfreegeoip,maxmind_geolite,0.0,0.0,,,,,True,no_city,success,2026-06-07T13:45:24Z
node_01533,dbip_lite,dbip_lite,55.9349,23.3137,Šiauliai,LT,,1780278471,False,,success,2026-06-07T13:30:04Z
node_01533,geojs,maxmind_geolite,55.9399,23.3132,Šiauliai,LT,,,False,,success,2026-06-07T13:45:49Z
node_01533,ip2location_lite,ip2location_lite,55.93338,23.316755,Siauliai,LT,,1780555707,False,,success,2026-06-07T13:30:04Z
node_01533,ip_api,ipapi_com_unverified,55.9399,23.3132,Šiauliai,LT,,,False,,success,2026-06-07T13:45:49Z
node_01533,ipinfo,ipinfo,55.9333,23.3167,Šiauliai,LT,,,False,,success,2026-06-07T13:45:49Z
node_01533,ipwho_is,ipwhois_unverified,55.9339151,23.3155824,Šiauliai,LT,,,False,,success,2026-06-07T13:45:49Z
node_01533,maxmind_geolite2,maxmind_geolite,55.9399,23.3132,Šiauliai,LT,20,1780418264,False,,success,2026-06-07T13:30:04Z
node_01533,reallyfreegeoip,maxmind_geolite,0.0,0.0,,,,,True,no_city,success,2026-06-07T13:45:50Z
node_01136,dbip_lite,dbip_lite,48.5791,7.76379,Strasbourg,FR,,1780278471,False,,success,2026-06-07T13:30:01Z
node_01136,geojs,maxmind_geolite,48.5848,7.7419,Strasbourg,FR,,,False,,success,2026-06-07T13:35:54Z
node_01136,ip2location_lite,ip2location_lite,48.528961,7.715191,Illkirch-Graffenstaden,FR,,1780555707,False,,success,2026-06-07T13:30:01Z
node_01136,ip_api,ipapi_com_unverified,48.5848,7.7419,Strasbourg,FR,,,False,,success,2026-06-07T13:35:53Z
node_01136,ipinfo,ipinfo,48.5839,7.7455,Strasbourg,FR,,,False,,success,2026-06-07T13:35:53Z
node_01136,ipwho_is,ipwhois_unverified,48.5734053,7.7521113,Strasbourg,FR,,,False,,success,2026-06-07T13:35:53Z
node_01136,maxmind_geolite2,maxmind_geolite,48.5848,7.7419,Strasbourg,FR,5,1780418264,False,,success,2026-06-07T13:30:01Z
node_01136,reallyfreegeoip,maxmind_geolite,48.5855,7.7418,Strasbourg,FR,,,False,,success,2026-06-07T13:35:54Z
node_01421,dbip_lite,dbip_lite,50.1013,8.62643,Frankfurt am Main (Innenstadt I),DE,,1780278471,False,,success,2026-06-07T13:30:04Z
node_01421,geojs,maxmind_geolite,50.1049,8.6295,Frankfurt am Main,DE,,,False,,success,2026-06-07T13:43:01Z
node_01421,ip2location_lite,ip2location_lite,50.110882,8.681996,Frankfurt am Main,DE,,1780555707,False,,success,2026-06-07T13:30:04Z
node_01421,ip_api,ipapi_com_unverified,50.1049,8.6295,Frankfurt am Main,DE,,,False,,success,2026-06-07T13:43:01Z
node_01421,ipinfo,ipinfo,50.1025,8.6299,Frankfurt am Main,DE,,,False,,success,2026-06-07T13:43:01Z
node_01421,ipwho_is,ipwhois_unverified,50.1109221,8.6821267,Frankfurt,DE,,,False,,success,2026-06-07T13:43:01Z
node_01421,maxmind_geolite2,maxmind_geolite,50.1049,8.6295,Frankfurt am Main,DE,20,1780418264,False,,success,2026-06-07T13:30:04Z
node_01421,reallyfreegeoip,maxmind_geolite,50.1049,8.6295,Frankfurt am Main,DE,,,False,,success,2026-06-07T13:43:02Z
node_01155,dbip_lite,dbip_lite,31.7648,34.9948,Bet Shemesh,IL,,1780278471,False,,success,2026-06-07T13:30:02Z
node_01155,geojs,maxmind_geolite,31.8943,34.8192,Rehovot,IL,,,False,,success,2026-06-07T13:36:22Z
node_01155,ip2location_lite,ip2location_lite,31.78204,35.219635,West Jerusalem,IL,,1780555707,False,,success,2026-06-07T13:30:02Z
node_01155,ip_api,ipapi_com_unverified,31.7648,34.9948,Bet Shemesh,IL,,,False,,success,2026-06-07T13:36:21Z
node_01155,ipinfo,ipinfo,31.769,35.2163,Jerusalem,IL,,,False,,success,2026-06-07T13:36:22Z
node_01155,ipwho_is,ipwhois_unverified,31.892773,34.811272,Rehovot,IL,,,False,,success,2026-06-07T13:36:22Z
node_01155,maxmind_geolite2,maxmind_geolite,31.8943,34.8192,Rehovot,IL,20,1780418264,False,,success,2026-06-07T13:30:02Z
node_01155,reallyfreegeoip,maxmind_geolite,31.7674,35.2186,Jerusalem,IL,,,False,,success,2026-06-07T13:36:22Z
node_01188,dbip_lite,dbip_lite,37.7749,-122.419,San Francisco,US,,1780278471,False,,success,2026-06-07T13:30:03Z
node_01188,geojs,maxmind_geolite,37.7562,-122.4866,San Francisco,US,,,False,,success,2026-06-07T13:37:12Z
node_01188,ip2location_lite,ip2location_lite,37.774929,-122.419418,San Francisco,US,,1780555707,False,,success,2026-06-07T13:30:03Z
node_01188,ip_api,ipapi_com_unverified,37.7506,-122.4121,San Francisco,US,,,False,,success,2026-06-07T13:37:11Z
node_01188,ipinfo,ipinfo,37.3394,-121.895,San Jose,US,,,False,,success,2026-06-07T13:37:11Z
node_01188,ipwho_is,ipwhois_unverified,38.440429,-122.7140548,Santa Rosa,US,,,False,,success,2026-06-07T13:37:11Z
node_01188,maxmind_geolite2,maxmind_geolite,37.7562,-122.4866,San Francisco,US,10,1780418264,False,,success,2026-06-07T13:30:03Z
node_01188,reallyfreegeoip,maxmind_geolite,37.8611,-122.2564,Berkeley,US,,,False,,success,2026-06-07T13:37:12Z
node_01292,dbip_lite,dbip_lite,37.3387,-121.885,San Jose,US,,1780278471,False,,success,2026-06-07T13:30:03Z
node_01292,geojs,maxmind_geolite,37.7797,-122.4159,San Francisco,US,,,False,,success,2026-06-07T13:39:48Z
node_01292,ip2location_lite,ip2location_lite,37.558552,-122.27108,Foster City,US,,1780555707,False,,success,2026-06-07T13:30:03Z
node_01292,ip_api,ipapi_com_unverified,37.7797,-122.4159,San Francisco,US,,,False,,success,2026-06-07T13:39:47Z
node_01292,ipinfo,ipinfo,37.7749,-122.4194,San Francisco,US,,,False,,success,2026-06-07T13:39:48Z
node_01292,ipwho_is,ipwhois_unverified,37.718128,-122.4343849,San Francisco,US,,,False,,success,2026-06-07T13:39:48Z
node_01292,maxmind_geolite2,maxmind_geolite,37.7797,-122.4159,San Francisco,US,5,1780418264,False,,success,2026-06-07T13:30:03Z
node_01292,reallyfreegeoip,maxmind_geolite,37.7797,-122.4159,San Francisco,US,,,False,,success,2026-06-07T13:39:48Z
node_01244,dbip_lite,dbip_lite,33.8584,-84.3402,Brookhaven,US,,1780278471,False,,success,2026-06-07T13:30:03Z
node_01244,geojs,maxmind_geolite,33.8336,-84.3797,Atlanta,US,,,False,,success,2026-06-07T13:38:36Z
node_01244,ip2location_lite,ip2location_lite,33.748795,-84.387543,Atlanta,US,,1780555707,False,,success,2026-06-07T13:30:03Z
node_01244,ip_api,ipapi_com_unverified,33.8654,-84.3385,Atlanta,US,,,False,,success,2026-06-07T13:38:35Z
node_01244,ipinfo,ipinfo,33.749,-84.388,Atlanta,US,,,False,,success,2026-06-07T13:38:36Z
node_01244,ipwho_is,ipwhois_unverified,33.7489954,-84.3879824,Atlanta,US,,,False,,success,2026-06-07T13:38:36Z
node_01244,maxmind_geolite2,maxmind_geolite,33.8336,-84.3797,Atlanta,US,10,1780418264,False,,success,2026-06-07T13:30:03Z
node_01244,reallyfreegeoip,maxmind_geolite,33.7855,-84.3612,Atlanta,US,,,False,,success,2026-06-07T13:38:36Z
node_01439,dbip_lite,dbip_lite,50.4663,4.8605,Namur,BE,,1780278471,False,,success,2026-06-07T13:30:04Z
node_01439,geojs,maxmind_geolite,50.4694,4.8661,Namur,BE,,,False,,success,2026-06-07T13:43:28Z
node_01439,ip2location_lite,ip2location_lite,50.467167,4.867504,Namur,BE,,1780555707,False,,success,2026-06-07T13:30:04Z
node_01439,ip_api,ipapi_com_unverified,50.4694,4.8661,Namur,BE,,,False,,success,2026-06-07T13:43:28Z
node_01439,ipinfo,ipinfo,50.4669,4.8675,Namur,BE,,,False,,success,2026-06-07T13:43:28Z
node_01439,ipwho_is,ipwhois_unverified,50.4673883,4.8719854,Namur,BE,,,False,,success,2026-06-07T13:43:28Z
node_01439,maxmind_geolite2,maxmind_geolite,50.4694,4.8661,Namur,BE,5,1780418264,False,,success,2026-06-07T13:30:04Z
node_01439,reallyfreegeoip,maxmind_geolite,50.4689,4.8622,Namur,BE,,,False,,success,2026-06-07T13:43:29Z
node_01517,dbip_lite,dbip_lite,51.5072,-0.127586,London,GB,,1780278471,False,,success,2026-06-07T13:30:04Z
node_01517,geojs,maxmind_geolite,50.2389,-5.2295,Redruth,GB,,,False,,success,2026-06-07T13:45:25Z
node_01517,ip2location_lite,ip2location_lite,50.723598,-3.52751,Exeter,GB,,1780555707,False,,success,2026-06-07T13:30:04Z
node_01517,ip_api,ipapi_com_unverified,50.11,-5.2808,Helston,GB,,,False,,success,2026-06-07T13:45:25Z
node_01517,ipinfo,ipinfo,50.4667,-5.0333,Mawgan Porth,GB,,,False,,success,2026-06-07T13:45:25Z
node_01517,ipwho_is,ipwhois_unverified,50.718412,-3.533899,Exeter,GB,,,False,,success,2026-06-07T13:45:25Z
node_01517,maxmind_geolite2,maxmind_geolite,50.2389,-5.2295,Redruth,GB,50,1780418264,False,,success,2026-06-07T13:30:04Z
node_01517,reallyfreegeoip,maxmind_geolite,51.4964,-0.1224,,GB,,,True,no_city,success,2026-06-07T13:45:26Z
node_01522,dbip_lite,dbip_lite,35.694,139.754,Chiyoda City,JP,,1780278471,False,,success,2026-06-07T13:30:04Z
node_01522,geojs,maxmind_geolite,35.6164,139.7425,Tokyo,JP,,,False,,success,2026-06-07T13:45:33Z
node_01522,ip2location_lite,ip2location_lite,35.689499,139.692322,Tokyo,JP,,1780555707,False,,success,2026-06-07T13:30:04Z
node_01522,ip_api,ipapi_com_unverified,35.6164,139.7425,Tokyo,JP,,,False,,success,2026-06-07T13:45:32Z
node_01522,ipinfo,ipinfo,35.6895,139.6917,Tokyo,JP,,,False,,success,2026-06-07T13:45:33Z
node_01522,ipwho_is,ipwhois_unverified,35.6952553,139.7620134,Chiyoda City,JP,,,False,,success,2026-06-07T13:45:33Z
node_01522,maxmind_geolite2,maxmind_geolite,35.6164,139.7425,Tokyo,JP,20,1780418264,False,,success,2026-06-07T13:30:04Z
node_01522,reallyfreegeoip,maxmind_geolite,38.9258,-77.3939,Herndon,US,,,False,,success,2026-06-07T13:45:33Z
node_01575,dbip_lite,dbip_lite,21.4902,39.2246,Jeddah (Al Fayha'a),SA,,1780278471,False,,success,2026-06-07T13:30:04Z
node_01575,geojs,maxmind_geolite,26.4336,50.1116,,SA,,,True,no_city,success,2026-06-07T13:46:52Z
node_01575,ip2location_lite,ip2location_lite,21.516939,39.21917,Jeddah,SA,,1780555707,False,,success,2026-06-07T13:30:04Z
node_01575,ip_api,ipapi_com_unverified,21.5168,39.2192,Jeddah,SA,,,False,,success,2026-06-07T13:46:52Z
node_01575,ipinfo,ipinfo,21.4901,39.1862,Jeddah,SA,,,False,,success,2026-06-07T13:46:52Z
node_01575,ipwho_is,ipwhois_unverified,21.2854067,39.2375507,Jeddah,SA,,,False,,success,2026-06-07T13:46:52Z
node_01575,maxmind_geolite2,maxmind_geolite,26.4336,50.1116,,SA,20,1780418264,True,no_city,success,2026-06-07T13:30:04Z
node_01575,reallyfreegeoip,maxmind_geolite,26.4336,50.1116,,SA,,,True,no_city,success,2026-06-07T13:46:53Z
node_01177,dbip_lite,dbip_lite,49.0123,8.40805,Karlsruhe (Innenstadt-Ost),DE,,1780278471,False,,success,2026-06-07T13:30:02Z
node_01177,geojs,maxmind_geolite,51.2993,9.491,,DE,,,True,no_city,success,2026-06-07T13:36:55Z
node_01177,ip2location_lite,ip2location_lite,49.009392,8.42446,Oststadt,DE,,1780555707,False,,success,2026-06-07T13:30:02Z
node_01177,ip_api,ipapi_com_unverified,49.0123,8.40805,Karlsruhe,DE,,,False,,success,2026-06-07T13:36:54Z
node_01177,ipinfo,ipinfo,49.0094,8.4044,Karlsruhe,DE,,,False,,success,2026-06-07T13:36:55Z
node_01177,ipwho_is,ipwhois_unverified,49.0068901,8.4036527,Karlsruhe,DE,,,False,,success,2026-06-07T13:36:55Z
node_01177,maxmind_geolite2,maxmind_geolite,51.2993,9.491,,DE,200,1780418264,True,no_city,success,2026-06-07T13:30:02Z
node_01177,reallyfreegeoip,maxmind_geolite,51.2993,9.491,,DE,,,True,no_city,success,2026-06-07T13:36:55Z
node_01221,dbip_lite,dbip_lite,45.5964,-73.3348,Sainte-Julie,CA,,1780278471,False,,success,2026-06-07T13:30:03Z
node_01221,geojs,maxmind_geolite,45.5839,-73.3312,Sainte-Julie,CA,,,False,,success,2026-06-07T13:38:01Z
node_01221,ip2location_lite,ip2location_lite,45.508839,-73.587807,Montreal,CA,,1780555707,False,,success,2026-06-07T13:30:03Z
node_01221,ip_api,ipapi_com_unverified,45.5839,-73.3312,Sainte-Julie,CA,,,False,,success,2026-06-07T13:38:00Z
node_01221,ipinfo,ipinfo,45.5834,-73.3325,Sainte-Julie,CA,,,False,,success,2026-06-07T13:38:01Z
node_01221,ipwho_is,ipwhois_unverified,45.5924997,-73.3426988,Sainte-Julie,CA,,,False,,success,2026-06-07T13:38:01Z
node_01221,maxmind_geolite2,maxmind_geolite,45.5839,-73.3312,Sainte-Julie,CA,20,1780418264,False,,success,2026-06-07T13:30:03Z
node_01221,reallyfreegeoip,maxmind_geolite,45.5839,-73.3312,Sainte-Julie,CA,,,False,,success,2026-06-07T13:38:01Z
node_01287,dbip_lite,dbip_lite,40.7357,-74.1724,Newark,US,,1780278471,False,,success,2026-06-07T13:30:03Z
node_01287,geojs,maxmind_geolite,40.873,-73.8233,The Bronx,US,,,False,,success,2026-06-07T13:39:40Z
node_01287,ip2location_lite,ip2location_lite,29.763029,-95.362061,Houston,US,,1780555707,False,,success,2026-06-07T13:30:03Z
node_01287,ip_api,ipapi_com_unverified,40.8881,-73.8414,The Bronx,US,,,False,,success,2026-06-07T13:39:40Z
node_01287,ipinfo,ipinfo,40.7166,-74.0146,New York City,US,,,False,,success,2026-06-07T13:39:40Z
node_01287,ipwho_is,ipwhois_unverified,40.8447819,-73.8648268,New York,US,,,False,,success,2026-06-07T13:39:40Z
node_01287,maxmind_geolite2,maxmind_geolite,40.873,-73.8233,The Bronx,US,20,1780418264,False,,success,2026-06-07T13:30:03Z
node_01287,reallyfreegeoip,maxmind_geolite,40.6221,-74.2446,Linden,US,,,False,,success,2026-06-07T13:39:41Z
node_01257,dbip_lite,dbip_lite,46.7012,6.6754,Pailly,CH,,1780278471,False,,success,2026-06-07T13:30:03Z
node_01257,geojs,maxmind_geolite,46.5189,6.6362,Lausanne,CH,,,False,,success,2026-06-07T13:38:55Z
node_01257,ip2location_lite,ip2location_lite,47.225571,8.82228,Rapperswil,CH,,1780555707,False,,success,2026-06-07T13:30:03Z
node_01257,ip_api,ipapi_com_unverified,46.1877,6.0981,Onex,CH,,,False,,success,2026-06-07T13:38:55Z
node_01257,ipinfo,ipinfo,46.2022,6.1457,Geneva,CH,,,False,,success,2026-06-07T13:38:55Z
node_01257,ipwho_is,ipwhois_unverified,47.0637909,7.4105763,Rapperswil,CH,,,False,,success,2026-06-07T13:38:55Z
node_01257,maxmind_geolite2,maxmind_geolite,46.5189,6.6362,Lausanne,CH,100,1780418264,False,,success,2026-06-07T13:30:03Z
node_01257,reallyfreegeoip,maxmind_geolite,46.1911,6.1404,Geneva,CH,,,False,,success,2026-06-07T13:38:56Z
node_01107,dbip_lite,dbip_lite,52.3558,4.95573,Amsterdam (Amsterdam-Zuidoost),NL,,1780278471,False,,success,2026-06-07T13:30:00Z
node_01107,geojs,maxmind_geolite,51.2486,5.84,Leveroy,NL,,,False,,success,2026-06-07T13:35:10Z
node_01107,ip2location_lite,ip2location_lite,52.339642,4.96256,Diemen,NL,,1780555707,False,,success,2026-06-07T13:30:01Z
node_01107,ip_api,ipapi_com_unverified,51.2486,5.84,Leveroy,NL,,,False,,success,2026-06-07T13:35:09Z
node_01107,ipinfo,ipinfo,52.5083,5.475,Lelystad,NL,,,False,,success,2026-06-07T13:35:10Z
node_01107,ipwho_is,ipwhois_unverified,52.3702157,4.8951679,Amsterdam,NL,,,True,"hub:52.37,4.895",success,2026-06-07T13:35:10Z
node_01107,maxmind_geolite2,maxmind_geolite,51.2486,5.84,Leveroy,NL,10,1780418264,False,,success,2026-06-07T13:30:00Z
node_01107,reallyfreegeoip,maxmind_geolite,51.5652,5.0552,Tilburg,NL,,,False,,success,2026-06-07T13:35:10Z
node_01565,dbip_lite,dbip_lite,51.098,17.0321,Wroclaw (Krzyki),PL,,1780278471,False,,success,2026-06-07T13:30:04Z
node_01565,geojs,maxmind_geolite,51.1046,17.03,Wroclaw,PL,,,False,,success,2026-06-07T13:46:37Z
node_01565,ip2location_lite,ip2location_lite,51.09996,17.033762,Wroclaw,PL,,1780555707,False,,success,2026-06-07T13:30:04Z
node_01565,ip_api,ipapi_com_unverified,51.101,17.0295,Wroclaw,PL,,,False,,success,2026-06-07T13:46:37Z
node_01565,ipinfo,ipinfo,52.2298,21.0118,Warsaw,PL,,,False,,success,2026-06-07T13:46:37Z
node_01565,ipwho_is,ipwhois_unverified,51.1078852,17.0385376,Wrocław,PL,,,False,,success,2026-06-07T13:46:37Z
node_01565,maxmind_geolite2,maxmind_geolite,51.1046,17.03,Wroclaw,PL,20,1780418264,False,,success,2026-06-07T13:30:04Z
node_01565,reallyfreegeoip,maxmind_geolite,51.104,17.039,Wroclaw,PL,,,False,,success,2026-06-07T13:46:38Z
node_01351,dbip_lite,dbip_lite,40.8337,-75.7138,Lehighton,US,,1780278471,False,,success,2026-06-07T13:30:04Z
node_01351,geojs,maxmind_geolite,40.2332,-76.1372,Denver,US,,,False,,success,2026-06-07T13:41:16Z
node_01351,ip2location_lite,ip2location_lite,40.713192,-74.006065,New York City,US,,1780555707,False,,success,2026-06-07T13:30:04Z
node_01351,ip_api,ipapi_com_unverified,40.2332,-76.1372,Denver,US,,,False,,success,2026-06-07T13:41:16Z
node_01351,ipinfo,ipinfo,40.8337,-75.7138,Lehighton,US,,,False,,success,2026-06-07T13:41:16Z
node_01351,ipwho_is,ipwhois_unverified,40.2230627,-76.0982658,Denver,US,,,False,,success,2026-06-07T13:41:16Z
node_01351,maxmind_geolite2,maxmind_geolite,40.2332,-76.1372,Denver,US,20,1780418264,False,,success,2026-06-07T13:30:04Z
node_01351,reallyfreegeoip,maxmind_geolite,40.2332,-76.1373,Denver,US,,,False,,success,2026-06-07T13:41:17Z
node_01363,dbip_lite,dbip_lite,49.054,7.4375,Bitche,FR,,1780278471,False,,success,2026-06-07T13:30:04Z
node_01363,geojs,maxmind_geolite,49.0148,7.3414,Enchenberg,FR,,,False,,success,2026-06-07T13:41:34Z
node_01363,ip2location_lite,ip2location_lite,49.050091,7.42672,Bitche,FR,,1780555707,False,,success,2026-06-07T13:30:04Z
node_01363,ip_api,ipapi_com_unverified,49.0032,7.381,Lemberg,FR,,,False,,success,2026-06-07T13:41:34Z
node_01363,ipinfo,ipinfo,49.035,7.3593,Lambach,FR,,,False,,success,2026-06-07T13:41:34Z
node_01363,ipwho_is,ipwhois_unverified,49.0007189,7.379266,Lemberg,FR,,,False,,success,2026-06-07T13:41:34Z
node_01363,maxmind_geolite2,maxmind_geolite,49.0148,7.3414,Enchenberg,FR,5,1780418264,False,,success,2026-06-07T13:30:04Z
node_01363,reallyfreegeoip,maxmind_geolite,49.0148,7.3414,Enchenberg,FR,,,False,,success,2026-06-07T13:41:35Z
node_01164,dbip_lite,dbip_lite,21.3095,-157.859,Honolulu (Downtown),US,,1780278471,False,,success,2026-06-07T13:30:02Z
node_01164,geojs,maxmind_geolite,20.0232,-155.6729,Waimea,US,,,False,,success,2026-06-07T13:36:36Z
node_01164,ip2location_lite,ip2location_lite,20.02306,-155.671677,Waimea,US,,1780555707,False,,success,2026-06-07T13:30:02Z
node_01164,ip_api,ipapi_com_unverified,20.0081,-155.7052,Waimea,US,,,False,,success,2026-06-07T13:36:35Z
node_01164,ipinfo,ipinfo,19.9394,-155.7893,Waikoloa,US,,,False,,success,2026-06-07T13:36:35Z
node_01164,ipwho_is,ipwhois_unverified,20.0230556,-155.6716667,Waimea,US,,,False,,success,2026-06-07T13:36:35Z
node_01164,maxmind_geolite2,maxmind_geolite,20.0232,-155.6729,Waimea,US,20,1780418264,False,,success,2026-06-07T13:30:02Z
node_01164,reallyfreegeoip,maxmind_geolite,19.494,-154.9443,Pahoa,US,,,False,,success,2026-06-07T13:36:36Z
node_01445,dbip_lite,dbip_lite,40.5992,22.9861,Pylaia,GR,,1780278471,False,,success,2026-06-07T13:30:04Z
node_01445,geojs,maxmind_geolite,40.6439,22.9358,Thessaloniki,GR,,,False,,success,2026-06-07T13:43:37Z
node_01445,ip2location_lite,ip2location_lite,40.640331,22.943905,Thessaloniki,GR,,1780555707,False,,success,2026-06-07T13:30:04Z
node_01445,ip_api,ipapi_com_unverified,40.6439,22.9358,Thessaloniki,GR,,,False,,success,2026-06-07T13:43:37Z
node_01445,ipinfo,ipinfo,40.6407,22.9349,Thessaloníki,GR,,,False,,success,2026-06-07T13:43:37Z
node_01445,ipwho_is,ipwhois_unverified,40.6027503,22.9896482,Pylaia,GR,,,False,,success,2026-06-07T13:43:37Z
node_01445,maxmind_geolite2,maxmind_geolite,40.6439,22.9358,Thessaloniki,GR,10,1780418264,False,,success,2026-06-07T13:30:04Z
node_01445,reallyfreegeoip,maxmind_geolite,40.6439,22.9358,Thessaloniki,GR,,,False,,success,2026-06-07T13:43:38Z
node_01434,dbip_lite,dbip_lite,51.5307,-0.12308000000000001,King's Cross,GB,,1780278471,False,,success,2026-06-07T13:30:04Z
node_01434,geojs,maxmind_geolite,51.5327,-0.0996,Camden,GB,,,False,,success,2026-06-07T13:43:21Z
node_01434,ip2location_lite,ip2location_lite,51.50853,-0.12574,London,GB,,1780555707,False,,success,2026-06-07T13:30:04Z
node_01434,ip_api,ipapi_com_unverified,51.5081,-0.1278,London,GB,,,False,,success,2026-06-07T13:43:20Z
node_01434,ipinfo,ipinfo,51.5085,-0.1257,London,GB,,,True,"hub:51.508,-0.126",success,2026-06-07T13:43:21Z
node_01434,ipwho_is,ipwhois_unverified,51.5073509,-0.1277583,London,GB,,,False,,success,2026-06-07T13:43:21Z
node_01434,maxmind_geolite2,maxmind_geolite,51.5327,-0.0996,Camden,GB,100,1780418264,False,,success,2026-06-07T13:30:04Z
node_01434,reallyfreegeoip,maxmind_geolite,51.5112,0.03,Newham,GB,,,False,,success,2026-06-07T13:43:21Z
node_01576,dbip_lite,dbip_lite,34.7062,135.493,Osaka,JP,,1780278471,False,,success,2026-06-07T13:30:04Z
node_01576,geojs,maxmind_geolite,38.2676,140.87,Sendai,JP,,,False,,success,2026-06-07T13:46:54Z
node_01576,ip2location_lite,ip2location_lite,34.694218,135.502228,Osaka,JP,,1780555707,False,,success,2026-06-07T13:30:04Z
node_01576,ip_api,ipapi_com_unverified,38.2676,140.87,Sendai,JP,,,False,,success,2026-06-07T13:46:53Z
node_01576,ipinfo,ipinfo,34.6938,135.5011,Osaka,JP,,,False,,success,2026-06-07T13:46:54Z
node_01576,ipwho_is,ipwhois_unverified,34.6937378,135.5021651,Osaka,JP,,,False,,success,2026-06-07T13:46:54Z
node_01576,maxmind_geolite2,maxmind_geolite,38.2676,140.87,Sendai,JP,20,1780418264,False,,success,2026-06-07T13:30:04Z
node_01576,reallyfreegeoip,maxmind_geolite,35.6897,139.6895,,JP,,,True,no_city,success,2026-06-07T13:46:54Z
node_01399,dbip_lite,dbip_lite,51.8461,6.86103,Borken,DE,,1780278471,False,,success,2026-06-07T13:30:04Z
node_01399,geojs,maxmind_geolite,51.2288,6.4905,Mönchengladbach,DE,,,False,,success,2026-06-07T13:42:28Z
node_01399,ip2location_lite,ip2location_lite,51.582432,6.24603,Kevelaer,DE,,1780555707,False,,success,2026-06-07T13:30:04Z
node_01399,ip_api,ipapi_com_unverified,51.1475,6.4718,Mönchengladbach,DE,,,False,,success,2026-06-07T13:42:28Z
node_01399,ipinfo,ipinfo,50.9333,6.95,Köln,DE,,,False,,success,2026-06-07T13:42:28Z
node_01399,ipwho_is,ipwhois_unverified,51.581349,6.245758,Kevelaer,DE,,,False,,success,2026-06-07T13:42:28Z
node_01399,maxmind_geolite2,maxmind_geolite,51.2288,6.4905,Mönchengladbach,DE,100,1780418264,False,,success,2026-06-07T13:30:04Z
node_01399,reallyfreegeoip,maxmind_geolite,51.2672,6.5497,Willich,DE,,,False,,success,2026-06-07T13:42:29Z
node_01179,dbip_lite,dbip_lite,63.4305,10.3951,Trondheim,NO,,1780278471,False,,success,2026-06-07T13:30:02Z
node_01179,geojs,maxmind_geolite,62.7355,7.1612,Molde,NO,,,False,,success,2026-06-07T13:36:58Z
node_01179,ip2location_lite,ip2location_lite,62.472252,6.15492,Alesund,NO,,1780555707,False,,success,2026-06-07T13:30:02Z
node_01179,ip_api,ipapi_com_unverified,62.1407,6.0708,Volda,NO,,,False,,success,2026-06-07T13:36:57Z
node_01179,ipinfo,ipinfo,63.4305,10.3951,Trondheim,NO,,,False,,success,2026-06-07T13:36:58Z
node_01179,ipwho_is,ipwhois_unverified,62.1452551,6.0747977,Volda,NO,,,False,,success,2026-06-07T13:36:58Z
node_01179,maxmind_geolite2,maxmind_geolite,62.7355,7.1612,Molde,NO,200,1780418264,False,,success,2026-06-07T13:30:02Z
node_01179,reallyfreegeoip,maxmind_geolite,62.1407,6.0708,Volda,NO,,,False,,success,2026-06-07T13:36:58Z
node_01331,dbip_lite,dbip_lite,30.4548,-97.6223,Pflugerville,US,,1780278471,False,,success,2026-06-07T13:30:04Z
node_01331,geojs,maxmind_geolite,30.4381,-97.6146,Pflugerville,US,,,False,,success,2026-06-07T13:40:47Z
node_01331,ip2location_lite,ip2location_lite,30.439369,-97.620003,Pflugerville,US,,1780555707,False,,success,2026-06-07T13:30:04Z
node_01331,ip_api,ipapi_com_unverified,30.4381,-97.6146,Pflugerville,US,,,False,,success,2026-06-07T13:40:46Z
node_01331,ipinfo,ipinfo,30.4394,-97.62,Pflugerville,US,,,False,,success,2026-06-07T13:40:46Z
node_01331,ipwho_is,ipwhois_unverified,30.4393696,-97.6200043,Pflugerville,US,,,False,,success,2026-06-07T13:40:46Z
node_01331,maxmind_geolite2,maxmind_geolite,30.4381,-97.6146,Pflugerville,US,20,1780418264,False,,success,2026-06-07T13:30:04Z
node_01331,reallyfreegeoip,maxmind_geolite,37.374,-121.8595,San Jose,US,,,False,,success,2026-06-07T13:40:47Z
node_01526,dbip_lite,dbip_lite,-33.8688,151.209,Sydney,AU,,1780278471,False,,success,2026-06-07T13:30:04Z
node_01526,geojs,maxmind_geolite,-33.8672,151.1997,Sydney,AU,,,False,,success,2026-06-07T13:45:39Z
node_01526,ip2location_lite,ip2location_lite,-33.867779,151.207047,Sydney,AU,,1780555707,False,,success,2026-06-07T13:30:04Z
node_01526,ip_api,ipapi_com_unverified,-33.8672,151.1997,Sydney,AU,,,False,,success,2026-06-07T13:45:38Z
node_01526,ipinfo,ipinfo,-33.8678,151.2073,Sydney,AU,,,False,,success,2026-06-07T13:45:39Z
node_01526,ipwho_is,ipwhois_unverified,-33.8688197,151.2092955,Sydney,AU,,,False,,success,2026-06-07T13:45:39Z
node_01526,maxmind_geolite2,maxmind_geolite,-33.8672,151.1997,Sydney,AU,20,1780418264,False,,success,2026-06-07T13:30:04Z
node_01526,reallyfreegeoip,maxmind_geolite,-33.494,143.2104,,AU,,,True,no_city,success,2026-06-07T13:45:39Z
node_01500,dbip_lite,dbip_lite,41.8781,-87.6298,Chicago,US,,1780278471,False,,success,2026-06-07T13:30:04Z
node_01500,geojs,maxmind_geolite,36.942,-90.1601,Puxico,US,,,False,,success,2026-06-07T13:45:00Z
node_01500,ip2location_lite,ip2location_lite,36.950562,-90.158607,Puxico,US,,1780555707,False,,success,2026-06-07T13:30:04Z
node_01500,ip_api,ipapi_com_unverified,36.942,-90.1601,Puxico,US,,,False,,success,2026-06-07T13:44:59Z
node_01500,ipinfo,ipinfo,36.7959,-89.9579,Dexter,US,,,False,,success,2026-06-07T13:45:00Z
node_01500,ipwho_is,ipwhois_unverified,41.8781136,-87.6297982,Chicago,US,,,False,,success,2026-06-07T13:45:00Z
node_01500,maxmind_geolite2,maxmind_geolite,36.942,-90.1601,Puxico,US,20,1780418264,False,,success,2026-06-07T13:30:04Z
node_01500,reallyfreegeoip,maxmind_geolite,36.7884,-89.9643,Dexter,US,,,False,,success,2026-06-07T13:45:00Z
node_01530,dbip_lite,dbip_lite,42.0519,-82.5988,Leamington,CA,,1780278471,False,,success,2026-06-07T13:30:04Z
node_01530,geojs,maxmind_geolite,44.2654,-79.5337,Stoney Point,CA,,,False,,success,2026-06-07T13:45:45Z
node_01530,ip2location_lite,ip2location_lite,44.266811,-79.532921,Stoney Point,CA,,1780555707,False,,success,2026-06-07T13:30:04Z
node_01530,ip_api,ipapi_com_unverified,42.3,-82.7167,Belle River,CA,,,False,,success,2026-06-07T13:45:44Z
node_01530,ipinfo,ipinfo,42.0501,-82.5998,Leamington,CA,,,False,,success,2026-06-07T13:45:45Z
node_01530,ipwho_is,ipwhois_unverified,42.0531634,-82.5998874,Leamington,CA,,,False,,success,2026-06-07T13:45:45Z
node_01530,maxmind_geolite2,maxmind_geolite,44.2654,-79.5337,Stoney Point,CA,20,1780418264,False,,success,2026-06-07T13:30:04Z
node_01530,reallyfreegeoip,maxmind_geolite,44.2699,-79.5369,Stoney Point,CA,,,False,,success,2026-06-07T13:45:45Z
node_01494,dbip_lite,dbip_lite,42.21,-76.4913,Spencer,US,,1780278471,False,,success,2026-06-07T13:30:04Z
node_01494,geojs,maxmind_geolite,42.2098,-76.4933,Spencer,US,,,False,,success,2026-06-07T13:44:51Z
node_01494,ip2location_lite,ip2location_lite,42.098858,-75.917923,Binghamton,US,,1780555707,False,,success,2026-06-07T13:30:04Z
node_01494,ip_api,ipapi_com_unverified,42.2098,-76.4933,Spencer,US,,,False,,success,2026-06-07T13:44:50Z
node_01494,ipinfo,ipinfo,42.2098,-76.4933,Spencer,US,,,False,,success,2026-06-07T13:44:51Z
node_01494,ipwho_is,ipwhois_unverified,42.2437759,-76.487816,Spencer,US,,,False,,success,2026-06-07T13:44:51Z
node_01494,maxmind_geolite2,maxmind_geolite,42.2098,-76.4933,Spencer,US,20,1780418264,False,,success,2026-06-07T13:30:04Z
node_01494,reallyfreegeoip,maxmind_geolite,42.2098,-76.4933,Spencer,US,,,False,,success,2026-06-07T13:44:51Z
node_01503,dbip_lite,dbip_lite,30.7074,-97.6885,Georgetown,US,,1780278471,False,,success,2026-06-07T13:30:04Z
node_01503,geojs,maxmind_geolite,30.6622,-97.931,Liberty Hill,US,,,False,,success,2026-06-07T13:45:04Z
node_01503,ip2location_lite,ip2location_lite,32.589859,-96.856949,DeSoto,US,,1780555707,False,,success,2026-06-07T13:30:04Z
node_01503,ip_api,ipapi_com_unverified,30.6622,-97.931,Liberty Hill,US,,,False,,success,2026-06-07T13:45:04Z
node_01503,ipinfo,ipinfo,30.6738,-97.5847,Weir,US,,,False,,success,2026-06-07T13:45:04Z
node_01503,ipwho_is,ipwhois_unverified,30.6332618,-97.6779842,Georgetown,US,,,False,,success,2026-06-07T13:45:04Z
node_01503,maxmind_geolite2,maxmind_geolite,30.6622,-97.931,Liberty Hill,US,20,1780418264,False,,success,2026-06-07T13:30:04Z
node_01503,reallyfreegeoip,maxmind_geolite,30.6492,-97.9286,Liberty Hill,US,,,False,,success,2026-06-07T13:45:05Z
node_01509,dbip_lite,dbip_lite,49.4543,11.0746,Nuremberg,DE,,1780278471,False,,success,2026-06-07T13:30:04Z
node_01509,geojs,maxmind_geolite,49.4527,11.0783,Nuremberg,DE,,,False,,success,2026-06-07T13:45:13Z
node_01509,ip2location_lite,ip2location_lite,49.447781,11.06833,Nuremberg,DE,,1780555707,False,,success,2026-06-07T13:30:04Z
node_01509,ip_api,ipapi_com_unverified,49.4527,11.0783,Nuremberg,DE,,,False,,success,2026-06-07T13:45:13Z
node_01509,ipinfo,ipinfo,49.4542,11.0775,Nuremberg,DE,,,False,,success,2026-06-07T13:45:13Z
node_01509,ipwho_is,ipwhois_unverified,49.4254092,11.0796553,Nuremberg,DE,,,False,,success,2026-06-07T13:45:13Z
node_01509,maxmind_geolite2,maxmind_geolite,49.4527,11.0783,Nuremberg,DE,20,1780418264,False,,success,2026-06-07T13:30:04Z
node_01509,reallyfreegeoip,maxmind_geolite,49.4527,11.0783,Nuremberg,DE,,,False,,success,2026-06-07T13:45:14Z
node_01482,dbip_lite,dbip_lite,-6.25534,106.833,Jakarta,ID,,1780278471,False,,success,2026-06-07T13:30:04Z
node_01482,geojs,maxmind_geolite,-6.2574,106.8453,Jakarta,ID,,,False,,success,2026-06-07T13:44:33Z
node_01482,ip2location_lite,ip2location_lite,-6.208678,106.84549,Jakarta,ID,,1780555707,False,,success,2026-06-07T13:30:04Z
node_01482,ip_api,ipapi_com_unverified,-6.2574,106.8453,Jakarta,ID,,,False,,success,2026-06-07T13:44:32Z
node_01482,ipinfo,ipinfo,-6.2559,106.8401,Jakarta,ID,,,False,,success,2026-06-07T13:44:33Z
node_01482,ipwho_is,ipwhois_unverified,-6.1683295,106.7588494,West Jakarta City,ID,,,False,,success,2026-06-07T13:44:33Z
node_01482,maxmind_geolite2,maxmind_geolite,-6.2574,106.8453,Jakarta,ID,20,1780418264,False,,success,2026-06-07T13:30:04Z
node_01482,reallyfreegeoip,maxmind_geolite,0.0,0.0,,,,,True,no_city,success,2026-06-07T13:44:33Z
node_01465,dbip_lite,dbip_lite,-43.5333,172.633,Christchurch,NZ,,1780278471,False,,success,2026-06-07T13:30:04Z
node_01465,geojs,maxmind_geolite,-44.3912,171.2496,Timaru,NZ,,,False,,success,2026-06-07T13:44:07Z
node_01465,ip2location_lite,ip2location_lite,-44.400005,171.250076,Timaru,NZ,,1780555707,False,,success,2026-06-07T13:30:04Z
node_01465,ip_api,ipapi_com_unverified,-44.3912,171.2496,Timaru,NZ,,,False,,success,2026-06-07T13:44:07Z
node_01465,ipinfo,ipinfo,-43.5333,172.6333,Christchurch,NZ,,,False,,success,2026-06-07T13:44:07Z
node_01465,ipwho_is,ipwhois_unverified,-43.5320544,172.6362254,Christchurch,NZ,,,False,,success,2026-06-07T13:44:07Z
node_01465,maxmind_geolite2,maxmind_geolite,-44.3912,171.2496,Timaru,NZ,5,1780418264,False,,success,2026-06-07T13:30:04Z
node_01465,reallyfreegeoip,maxmind_geolite,-44.3912,171.2496,Timaru,NZ,,,False,,success,2026-06-07T13:44:08Z
node_01372,dbip_lite,dbip_lite,-36.8509,174.764,Auckland,NZ,,1780278471,False,,success,2026-06-07T13:30:04Z
node_01372,geojs,maxmind_geolite,-36.8504,174.7675,Auckland,NZ,,,False,,success,2026-06-07T13:41:48Z
node_01372,ip2location_lite,ip2location_lite,-36.866669,174.766663,Auckland,NZ,,1780555707,False,,success,2026-06-07T13:30:04Z
node_01372,ip_api,ipapi_com_unverified,-36.8504,174.7675,Auckland,NZ,,,False,,success,2026-06-07T13:41:47Z
node_01372,ipinfo,ipinfo,-36.8485,174.7635,Auckland,NZ,,,False,,success,2026-06-07T13:41:48Z
node_01372,ipwho_is,ipwhois_unverified,-36.8484597,174.7633315,Auckland,NZ,,,False,,success,2026-06-07T13:41:48Z
node_01372,maxmind_geolite2,maxmind_geolite,-36.8504,174.7675,Auckland,NZ,20,1780418264,False,,success,2026-06-07T13:30:04Z
node_01372,reallyfreegeoip,maxmind_geolite,-44.3912,171.2496,Timaru,NZ,,,False,,success,2026-06-07T13:41:48Z
node_01568,dbip_lite,dbip_lite,40.7128,-74.006,New York,US,,1780278471,False,,success,2026-06-07T13:30:04Z
node_01568,geojs,maxmind_geolite,37.751,-97.822,,US,,,True,no_city,success,2026-06-07T13:46:42Z
node_01568,ip2location_lite,ip2location_lite,52.378502,4.89998,Amsterdam,NL,,1780555707,True,"hub:52.379,4.9",success,2026-06-07T13:30:04Z
node_01568,ip_api,ipapi_com_unverified,40.7128,-74.006,New York,US,,,False,,success,2026-06-07T13:46:41Z
node_01568,ipinfo,ipinfo,52.374,4.8897,Amsterdam,NL,,,False,,success,2026-06-07T13:46:42Z
node_01568,ipwho_is,ipwhois_unverified,52.3702157,4.8951679,Amsterdam,NL,,,True,"hub:52.37,4.895",success,2026-06-07T13:46:42Z
node_01568,maxmind_geolite2,maxmind_geolite,37.751,-97.822,,US,1000,1780418264,True,no_city,success,2026-06-07T13:30:04Z
node_01568,reallyfreegeoip,maxmind_geolite,37.751,-97.822,,US,,,True,no_city,success,2026-06-07T13:46:42Z
node_01456,dbip_lite,dbip_lite,14.5995,120.984,Manila,PH,,1780278471,False,,success,2026-06-07T13:30:04Z
node_01456,geojs,maxmind_geolite,14.5971,120.9798,Manila,PH,,,False,,success,2026-06-07T13:43:54Z
node_01456,ip2location_lite,ip2location_lite,14.6042,120.982201,Manila,PH,,1780555707,False,,success,2026-06-07T13:30:04Z
node_01456,ip_api,ipapi_com_unverified,14.5971,120.9798,Manila,PH,,,False,,success,2026-06-07T13:43:53Z
node_01456,ipinfo,ipinfo,14.6042,120.9822,Manila,PH,,,False,,success,2026-06-07T13:43:54Z
node_01456,ipwho_is,ipwhois_unverified,14.5995124,120.9842195,Manila,PH,,,False,,success,2026-06-07T13:43:54Z
node_01456,maxmind_geolite2,maxmind_geolite,14.5971,120.9798,Manila,PH,20,1780418264,False,,success,2026-06-07T13:30:04Z
node_01456,reallyfreegeoip,maxmind_geolite,14.6019,120.9896,Manila,PH,,,False,,success,2026-06-07T13:43:54Z
node_01394,dbip_lite,dbip_lite,-26.2678,27.8585,Soweto,ZA,,1780278471,False,,success,2026-06-07T13:30:04Z
node_01394,geojs,maxmind_geolite,-26.2309,28.0583,Johannesburg,ZA,,,False,,success,2026-06-07T13:42:21Z
node_01394,ip2location_lite,ip2location_lite,-26.20225,28.04355,Johannesburg,ZA,,1780555707,False,,success,2026-06-07T13:30:04Z
node_01394,ip_api,ipapi_com_unverified,-26.2309,28.0583,Johannesburg,ZA,,,False,,success,2026-06-07T13:42:20Z
node_01394,ipinfo,ipinfo,-26.2023,28.0436,Johannesburg,ZA,,,False,,success,2026-06-07T13:42:21Z
node_01394,ipwho_is,ipwhois_unverified,-26.2041028,28.0473051,Johannesburg,ZA,,,False,,success,2026-06-07T13:42:21Z
node_01394,maxmind_geolite2,maxmind_geolite,-26.2309,28.0583,Johannesburg,ZA,100,1780418264,False,,success,2026-06-07T13:30:04Z
node_01394,reallyfreegeoip,maxmind_geolite,-26.2309,28.0583,Johannesburg,ZA,,,False,,success,2026-06-07T13:42:21Z
node_01368,dbip_lite,dbip_lite,40.8054,-74.0241,North Bergen,US,,1780278471,False,,success,2026-06-07T13:30:04Z
node_01368,geojs,maxmind_geolite,40.7964,-74.0203,North Bergen,US,,,False,,success,2026-06-07T13:41:42Z
node_01368,ip2location_lite,ip2location_lite,40.804077,-74.012367,North Bergen,US,,1780555707,False,,success,2026-06-07T13:30:04Z
node_01368,ip_api,ipapi_com_unverified,40.7964,-74.0203,North Bergen,US,,,False,,success,2026-06-07T13:41:41Z
node_01368,ipinfo,ipinfo,40.8043,-74.0121,North Bergen,US,,,False,,success,2026-06-07T13:41:42Z
node_01368,ipwho_is,ipwhois_unverified,40.8042674,-74.012084,North Bergen,US,,,False,,success,2026-06-07T13:41:42Z
node_01368,maxmind_geolite2,maxmind_geolite,40.7964,-74.0203,North Bergen,US,20,1780418264,False,,success,2026-06-07T13:30:04Z
node_01368,reallyfreegeoip,maxmind_geolite,40.7924,-74.0097,North Bergen,US,,,False,,success,2026-06-07T13:41:42Z
node_01554,dbip_lite,dbip_lite,27.9501,-82.4553,Tampa (Downtown),US,,1780278471,False,,success,2026-06-07T13:30:04Z
node_01554,geojs,maxmind_geolite,27.96,-82.4614,Tampa,US,,,False,,success,2026-06-07T13:46:21Z
node_01554,ip2location_lite,ip2location_lite,27.947519,-82.458427,Tampa,US,,1780555707,False,,success,2026-06-07T13:30:04Z
node_01554,ip_api,ipapi_com_unverified,27.96,-82.4614,Tampa,US,,,False,,success,2026-06-07T13:46:20Z
node_01554,ipinfo,ipinfo,27.9475,-82.4584,Tampa,US,,,False,,success,2026-06-07T13:46:21Z
node_01554,ipwho_is,ipwhois_unverified,27.950575,-82.4571776,Tampa,US,,,False,,success,2026-06-07T13:46:21Z
node_01554,maxmind_geolite2,maxmind_geolite,27.96,-82.4614,Tampa,US,20,1780418264,False,,success,2026-06-07T13:30:04Z
node_01554,reallyfreegeoip,maxmind_geolite,27.96,-82.4614,Tampa,US,,,False,,success,2026-06-07T13:46:21Z
node_01232,dbip_lite,dbip_lite,-30.1724,30.7657,Magabeni,ZA,,1780278471,False,,success,2026-06-07T13:30:03Z
node_01232,geojs,maxmind_geolite,-29.863,31.0266,Durban,ZA,,,False,,success,2026-06-07T13:38:18Z
node_01232,ip2location_lite,ip2location_lite,-29.857529,31.029112,Durban,ZA,,1780555707,False,,success,2026-06-07T13:30:03Z
node_01232,ip_api,ipapi_com_unverified,-29.8553,31.0428,Durban,ZA,,,False,,success,2026-06-07T13:38:17Z
node_01232,ipinfo,ipinfo,-29.8579,31.0292,Durban,ZA,,,False,,success,2026-06-07T13:38:18Z
node_01232,ipwho_is,ipwhois_unverified,-29.8586804,31.0218404,Durban,ZA,,,False,,success,2026-06-07T13:38:18Z
node_01232,maxmind_geolite2,maxmind_geolite,-29.863,31.0266,Durban,ZA,20,1780418264,False,,success,2026-06-07T13:30:03Z
node_01232,reallyfreegeoip,maxmind_geolite,-29.8556,31.0449,Durban,ZA,,,False,,success,2026-06-07T13:38:18Z
node_01486,dbip_lite,dbip_lite,40.7128,-74.006,New York,US,,1780278471,False,,success,2026-06-07T13:30:04Z
node_01486,geojs,maxmind_geolite,37.751,-97.822,,US,,,True,no_city,success,2026-06-07T13:44:39Z
node_01486,ip2location_lite,ip2location_lite,40.612598,-74.1782,Bloomfield,US,,1780555707,False,,success,2026-06-07T13:30:04Z
node_01486,ip_api,ipapi_com_unverified,40.7128,-74.006,New York,US,,,False,,success,2026-06-07T13:44:38Z
node_01486,ipinfo,ipinfo,40.7143,-74.006,New York City,US,,,False,,success,2026-06-07T13:44:39Z
node_01486,ipwho_is,ipwhois_unverified,40.7127837,-74.0059413,New York,US,,,False,,success,2026-06-07T13:44:39Z
node_01486,maxmind_geolite2,maxmind_geolite,37.751,-97.822,,US,1000,1780418264,True,no_city,success,2026-06-07T13:30:04Z
node_01486,reallyfreegeoip,maxmind_geolite,37.751,-97.822,,US,,,True,no_city,success,2026-06-07T13:44:39Z
node_01497,dbip_lite,dbip_lite,40.7687,-111.886,Salt Lake City (Downtown),US,,1780278471,False,,success,2026-06-07T13:30:04Z
node_01497,geojs,maxmind_geolite,38.4687,-107.88,Montrose,US,,,False,,success,2026-06-07T13:44:55Z
node_01497,ip2location_lite,ip2location_lite,38.478397,-107.876251,Montrose,US,,1780555707,False,,success,2026-06-07T13:30:04Z
node_01497,ip_api,ipapi_com_unverified,38.4687,-107.88,Montrose,US,,,False,,success,2026-06-07T13:44:55Z
node_01497,ipinfo,ipinfo,38.4783,-107.8762,Montrose,US,,,False,,success,2026-06-07T13:44:55Z
node_01497,ipwho_is,ipwhois_unverified,38.4783198,-107.8761738,Montrose,US,,,False,,success,2026-06-07T13:44:55Z
node_01497,maxmind_geolite2,maxmind_geolite,38.4687,-107.88,Montrose,US,10,1780418264,False,,success,2026-06-07T13:30:04Z
node_01497,reallyfreegeoip,maxmind_geolite,38.4687,-107.88,Montrose,US,,,False,,success,2026-06-07T13:44:56Z
node_01423,dbip_lite,dbip_lite,45.4813,-73.7918,Pointe-Claire,CA,,1780278471,False,,success,2026-06-07T13:30:04Z
node_01423,geojs,maxmind_geolite,45.4499,-73.8104,Montreal,CA,,,False,,success,2026-06-07T13:43:04Z
node_01423,ip2location_lite,ip2location_lite,45.508839,-73.587807,Montreal,CA,,1780555707,False,,success,2026-06-07T13:30:04Z
node_01423,ip_api,ipapi_com_unverified,45.4499,-73.8104,Montreal,CA,,,False,,success,2026-06-07T13:43:04Z
node_01423,ipinfo,ipinfo,45.5088,-73.5878,Montréal,CA,,,False,,success,2026-06-07T13:43:04Z
node_01423,ipwho_is,ipwhois_unverified,45.5016889,-73.567256,Montreal,CA,,,False,,success,2026-06-07T13:43:04Z
node_01423,maxmind_geolite2,maxmind_geolite,45.4499,-73.8104,Montreal,CA,20,1780418264,False,,success,2026-06-07T13:30:04Z
node_01423,reallyfreegeoip,maxmind_geolite,45.4348,-73.8629,Beaconsfield,CA,,,False,,success,2026-06-07T13:43:05Z
node_01443,dbip_lite,dbip_lite,50.3167,9.0,Glauburg,DE,,1780278471,False,,success,2026-06-07T13:30:04Z
node_01443,geojs,maxmind_geolite,50.2833,8.8333,Niddatal,DE,,,False,,success,2026-06-07T13:43:34Z
node_01443,ip2location_lite,ip2location_lite,50.290451,8.98016,Lindheim,DE,,1780555707,False,,success,2026-06-07T13:30:04Z
node_01443,ip_api,ipapi_com_unverified,50.2833,8.8333,Niddatal,DE,,,False,,success,2026-06-07T13:43:34Z
node_01443,ipinfo,ipinfo,50.1155,8.6842,Frankfurt am Main,DE,,,False,,success,2026-06-07T13:43:34Z
node_01443,ipwho_is,ipwhois_unverified,50.2985897,8.8136246,Niddatal,DE,,,False,,success,2026-06-07T13:43:34Z
node_01443,maxmind_geolite2,maxmind_geolite,50.2833,8.8333,Niddatal,DE,5,1780418264,False,,success,2026-06-07T13:30:04Z
node_01443,reallyfreegeoip,maxmind_geolite,50.2809,8.9513,Altenstadt,DE,,,False,,success,2026-06-07T13:43:35Z
node_01278,dbip_lite,dbip_lite,33.9317,-117.86,Brea,US,,1780278471,False,,success,2026-06-07T13:30:03Z
node_01278,geojs,maxmind_geolite,34.2149,-119.1761,Oxnard,US,,,False,,success,2026-06-07T13:39:27Z
node_01278,ip2location_lite,ip2location_lite,33.916702,-117.900146,Brea,US,,1780555707,False,,success,2026-06-07T13:30:03Z
node_01278,ip_api,ipapi_com_unverified,33.9339,-117.8854,Brea,US,,,False,,success,2026-06-07T13:39:26Z
node_01278,ipinfo,ipinfo,33.9167,-117.9001,Brea,US,,,False,,success,2026-06-07T13:39:27Z
node_01278,ipwho_is,ipwhois_unverified,33.9166805,-117.9000604,Brea,US,,,False,,success,2026-06-07T13:39:27Z
node_01278,maxmind_geolite2,maxmind_geolite,34.2149,-119.1761,Oxnard,US,5,1780418264,False,,success,2026-06-07T13:30:03Z
node_01278,reallyfreegeoip,maxmind_geolite,33.9682,-118.3603,Inglewood,US,,,False,,success,2026-06-07T13:39:27Z
node_01333,dbip_lite,dbip_lite,48.147,-103.618,Williston,US,,1780278471,False,,success,2026-06-07T13:30:04Z
node_01333,geojs,maxmind_geolite,33.8212,-84.3578,Atlanta,US,,,False,,success,2026-06-07T13:40:49Z
node_01333,ip2location_lite,ip2location_lite,44.979969,-93.263908,Minneapolis,US,,1780555707,False,,success,2026-06-07T13:30:04Z
node_01333,ip_api,ipapi_com_unverified,33.9395,-84.2008,Norcross,US,,,False,,success,2026-06-07T13:40:49Z
node_01333,ipinfo,ipinfo,44.98,-93.2638,Minneapolis,US,,,False,,success,2026-06-07T13:40:49Z
node_01333,ipwho_is,ipwhois_unverified,33.9412127,-84.2135309,Norcross,US,,,False,,success,2026-06-07T13:40:49Z
node_01333,maxmind_geolite2,maxmind_geolite,33.8212,-84.3578,Atlanta,US,50,1780418264,False,,success,2026-06-07T13:30:04Z
node_01333,reallyfreegeoip,maxmind_geolite,44.9834,-93.2623,Minneapolis,US,,,False,,success,2026-06-07T13:40:50Z
node_01234,dbip_lite,dbip_lite,34.0522,-118.244,Los Angeles,US,,1780278471,False,,success,2026-06-07T13:30:03Z
node_01234,geojs,maxmind_geolite,33.9555,-118.2863,Los Angeles,US,,,False,,success,2026-06-07T13:38:21Z
node_01234,ip2location_lite,ip2location_lite,34.05257,-118.243904,Los Angeles,US,,1780555707,False,,success,2026-06-07T13:30:03Z
node_01234,ip_api,ipapi_com_unverified,33.9993,-118.2868,Los Angeles,US,,,False,,success,2026-06-07T13:38:20Z
node_01234,ipinfo,ipinfo,33.2407,-117.3025,Oceanside,US,,,False,,success,2026-06-07T13:38:21Z
node_01234,ipwho_is,ipwhois_unverified,34.0522342,-118.2436849,Los Angeles,US,,,False,,success,2026-06-07T13:38:21Z
node_01234,maxmind_geolite2,maxmind_geolite,33.9555,-118.2863,Los Angeles,US,20,1780418264,False,,success,2026-06-07T13:30:03Z
node_01234,reallyfreegeoip,maxmind_geolite,33.9484,-118.2493,Los Angeles,US,,,False,,success,2026-06-07T13:38:21Z
node_01402,dbip_lite,dbip_lite,37.5485,-121.989,Fremont,US,,1780278471,False,,success,2026-06-07T13:30:04Z
node_01402,geojs,maxmind_geolite,37.5483,-121.9886,Fremont,US,,,False,,success,2026-06-07T13:42:33Z
node_01402,ip2location_lite,ip2location_lite,37.548271,-121.988571,Fremont,US,,1780555707,False,,success,2026-06-07T13:30:04Z
node_01402,ip_api,ipapi_com_unverified,37.5625,-122.0004,Fremont,US,,,False,,success,2026-06-07T13:42:32Z
node_01402,ipinfo,ipinfo,37.5483,-121.9886,Fremont,US,,,False,,success,2026-06-07T13:42:33Z
node_01402,ipwho_is,ipwhois_unverified,37.5482697,-121.9885719,Fremont,US,,,False,,success,2026-06-07T13:42:33Z
node_01402,maxmind_geolite2,maxmind_geolite,37.5483,-121.9886,Fremont,US,20,1780418264,False,,success,2026-06-07T13:30:04Z
node_01402,reallyfreegeoip,maxmind_geolite,37.5625,-122.0004,Fremont,US,,,False,,success,2026-06-07T13:42:33Z
node_01488,dbip_lite,dbip_lite,39.5481,-104.974,Highlands Ranch,US,,1780278471,False,,success,2026-06-07T13:30:04Z
node_01488,geojs,maxmind_geolite,39.7321,-104.9555,Denver,US,,,False,,success,2026-06-07T13:44:42Z
node_01488,ip2location_lite,ip2location_lite,39.553913,-104.969307,Highlands Ranch,US,,1780555707,False,,success,2026-06-07T13:30:04Z
node_01488,ip_api,ipapi_com_unverified,39.7593,-104.9651,Denver,US,,,False,,success,2026-06-07T13:44:41Z
node_01488,ipinfo,ipinfo,39.7392,-104.9847,Denver,US,,,False,,success,2026-06-07T13:44:42Z
node_01488,ipwho_is,ipwhois_unverified,39.5480789,-104.9739333,Highlands Ranch,US,,,False,,success,2026-06-07T13:44:42Z
node_01488,maxmind_geolite2,maxmind_geolite,39.7321,-104.9555,Denver,US,10,1780418264,False,,success,2026-06-07T13:30:04Z
node_01488,reallyfreegeoip,maxmind_geolite,39.8401,-105.0027,Denver,US,,,False,,success,2026-06-07T13:44:42Z
node_01180,dbip_lite,dbip_lite,22.2678,114.132,Pok Fu Lam,HK,,1780278471,False,,success,2026-06-07T13:30:02Z
node_01180,geojs,maxmind_geolite,22.2578,114.1657,,HK,,,True,no_city,success,2026-06-07T13:37:00Z
node_01180,ip2location_lite,ip2location_lite,22.285521,114.157692,Lo So Shing,HK,,1780555707,False,,success,2026-06-07T13:30:02Z
node_01180,ip_api,ipapi_com_unverified,22.2678,114.132,Pok Fu Lam,HK,,,False,,success,2026-06-07T13:36:59Z
node_01180,ipinfo,ipinfo,22.2783,114.1747,Hong Kong,HK,,,False,,success,2026-06-07T13:36:59Z
node_01180,ipwho_is,ipwhois_unverified,22.204197,114.125892,New Territories,HK,,,False,,success,2026-06-07T13:36:59Z
node_01180,maxmind_geolite2,maxmind_geolite,22.2578,114.1657,,HK,5,1780418264,True,no_city,success,2026-06-07T13:30:02Z
node_01180,reallyfreegeoip,maxmind_geolite,22.2908,114.1501,,HK,,,True,no_city,success,2026-06-07T13:37:00Z
node_01297,dbip_lite,dbip_lite,51.3364,6.55381,Krefeld,DE,,1780278471,False,,success,2026-06-07T13:30:03Z
node_01297,geojs,maxmind_geolite,51.4469,6.687,Duisburg,DE,,,False,,success,2026-06-07T13:39:55Z
node_01297,ip2location_lite,ip2location_lite,52.007481,8.546015,Bielefeld,DE,,1780555707,False,,success,2026-06-07T13:30:03Z
node_01297,ip_api,ipapi_com_unverified,52.0468,8.5512,Bielefeld,DE,,,False,,success,2026-06-07T13:39:55Z
node_01297,ipinfo,ipinfo,51.4325,6.7652,Duisburg,DE,,,False,,success,2026-06-07T13:39:55Z
node_01297,ipwho_is,ipwhois_unverified,52.0302285,8.5324708,Bielefeld,DE,,,False,,success,2026-06-07T13:39:55Z
node_01297,maxmind_geolite2,maxmind_geolite,51.4469,6.687,Duisburg,DE,100,1780418264,False,,success,2026-06-07T13:30:03Z
node_01297,reallyfreegeoip,maxmind_geolite,51.1683,6.4398,Mönchengladbach,DE,,,False,,success,2026-06-07T13:39:56Z
node_01238,dbip_lite,dbip_lite,48.7111,18.5339,Nováky,SK,,1780278471,False,,success,2026-06-07T13:30:03Z
node_01238,geojs,maxmind_geolite,48.7717,18.63,Prievidza,SK,,,False,,success,2026-06-07T13:38:27Z
node_01238,ip2location_lite,ip2location_lite,48.77446,18.627501,Prievidza,SK,,1780555707,False,,success,2026-06-07T13:30:03Z
node_01238,ip_api,ipapi_com_unverified,48.7717,18.63,Prievidza,SK,,,False,,success,2026-06-07T13:38:26Z
node_01238,ipinfo,ipinfo,48.7745,18.6275,Prievidza,SK,,,False,,success,2026-06-07T13:38:27Z
node_01238,ipwho_is,ipwhois_unverified,48.7745206,18.6245383,Prievidza,SK,,,False,,success,2026-06-07T13:38:27Z
node_01238,maxmind_geolite2,maxmind_geolite,48.7717,18.63,Prievidza,SK,50,1780418264,False,,success,2026-06-07T13:30:03Z
node_01238,reallyfreegeoip,maxmind_geolite,48.7701,18.4939,Diviaky nad Nitricou,SK,,,False,,success,2026-06-07T13:38:27Z
node_01199,dbip_lite,dbip_lite,48.85,2.6,Champs-sur-Marne,FR,,1780278471,False,,success,2026-06-07T13:30:03Z
node_01199,geojs,maxmind_geolite,48.8538,2.5616,Noisy-le-Grand,FR,,,False,,success,2026-06-07T13:37:28Z
node_01199,ip2location_lite,ip2location_lite,48.840988,2.70165,Bussy-Saint-Georges,FR,,1780555707,False,,success,2026-06-07T13:30:03Z
node_01199,ip_api,ipapi_com_unverified,48.8538,2.5616,Noisy-le-Grand,FR,,,False,,success,2026-06-07T13:37:27Z
node_01199,ipinfo,ipinfo,48.8534,2.3488,Paris,FR,,,True,"hub:48.853,2.349",success,2026-06-07T13:37:28Z
node_01199,ipwho_is,ipwhois_unverified,48.842205,2.69802,Bussy-Saint-Georges,FR,,,False,,success,2026-06-07T13:37:28Z
node_01199,maxmind_geolite2,maxmind_geolite,48.8538,2.5616,Noisy-le-Grand,FR,5,1780418264,False,,success,2026-06-07T13:30:03Z
node_01199,reallyfreegeoip,maxmind_geolite,48.83,2.5538,Villiers-sur-Marne,FR,,,False,,success,2026-06-07T13:37:28Z
node_01404,dbip_lite,dbip_lite,45.764,4.83566,Lyon,FR,,1780278471,False,,success,2026-06-07T13:30:04Z
node_01404,geojs,maxmind_geolite,48.7719,2.0176,Trappes,FR,,,False,,success,2026-06-07T13:42:36Z
node_01404,ip2location_lite,ip2location_lite,48.782009,2.193365,Velizy-Villacoublay,FR,,1780555707,False,,success,2026-06-07T13:30:04Z
node_01404,ip_api,ipapi_com_unverified,48.7698,2.0309,Montigny-le-Bretonneux,FR,,,False,,success,2026-06-07T13:42:35Z
node_01404,ipinfo,ipinfo,48.7269,2.283,Massy,FR,,,False,,success,2026-06-07T13:42:36Z
node_01404,ipwho_is,ipwhois_unverified,48.7738734,2.0360157,Montigny-le-Bretonneux,FR,,,False,,success,2026-06-07T13:42:36Z
node_01404,maxmind_geolite2,maxmind_geolite,48.7719,2.0176,Trappes,FR,10,1780418264,False,,success,2026-06-07T13:30:04Z
node_01404,reallyfreegeoip,maxmind_geolite,48.7722,2.0102,Trappes,FR,,,False,,success,2026-06-07T13:42:36Z
node_01276,dbip_lite,dbip_lite,48.8575,2.35138,Paris,FR,,1780278471,True,"hub:48.858,2.351",success,2026-06-07T13:30:03Z
node_01276,geojs,maxmind_geolite,43.4588,3.4189,Pézenas,FR,,,False,,success,2026-06-07T13:39:24Z
node_01276,ip2location_lite,ip2location_lite,43.394859,3.36752,Montblanc,FR,,1780555707,False,,success,2026-06-07T13:30:03Z
node_01276,ip_api,ipapi_com_unverified,43.4588,3.4189,Pézenas,FR,,,False,,success,2026-06-07T13:39:23Z
node_01276,ipinfo,ipinfo,43.3412,3.214,Béziers,FR,,,False,,success,2026-06-07T13:39:24Z
node_01276,ipwho_is,ipwhois_unverified,48.856614,2.3522219,Paris,FR,,,True,"hub:48.857,2.352",success,2026-06-07T13:39:24Z
node_01276,maxmind_geolite2,maxmind_geolite,43.4588,3.4189,Pézenas,FR,100,1780418264,False,,success,2026-06-07T13:30:03Z
node_01276,reallyfreegeoip,maxmind_geolite,43.5347,3.4932,Campagnan,FR,,,False,,success,2026-06-07T13:39:24Z
node_01198,dbip_lite,dbip_lite,45.764,4.83566,Lyon,FR,,1780278471,False,,success,2026-06-07T13:30:03Z
node_01198,geojs,maxmind_geolite,48.3877,-4.4839,Brest,FR,,,False,,success,2026-06-07T13:37:27Z
node_01198,ip2location_lite,ip2location_lite,48.599998,-4.11667,Plouzevede,FR,,1780555707,False,,success,2026-06-07T13:30:03Z
node_01198,ip_api,ipapi_com_unverified,48.3877,-4.4839,Brest,FR,,,False,,success,2026-06-07T13:37:26Z
node_01198,ipinfo,ipinfo,48.8534,2.3488,Paris,FR,,,True,"hub:48.853,2.349",success,2026-06-07T13:37:26Z
node_01198,ipwho_is,ipwhois_unverified,48.596207,-4.113679,Plouzévédé,FR,,,False,,success,2026-06-07T13:37:26Z
node_01198,maxmind_geolite2,maxmind_geolite,48.3877,-4.4839,Brest,FR,100,1780418264,False,,success,2026-06-07T13:30:03Z
node_01198,reallyfreegeoip,maxmind_geolite,48.3877,-4.4839,Brest,FR,,,False,,success,2026-06-07T13:37:27Z
node_01172,dbip_lite,dbip_lite,38.861,-9.06453,Póvoa de Santa Iria,PT,,1780278471,False,,success,2026-06-07T13:30:02Z
node_01172,geojs,maxmind_geolite,38.6821,-9.162,Almada,PT,,,False,,success,2026-06-07T13:36:48Z
node_01172,ip2location_lite,ip2location_lite,38.716751,-9.133368,Lisbon,PT,,1780555707,False,,success,2026-06-07T13:30:02Z
node_01172,ip_api,ipapi_com_unverified,38.8591,-9.0571,Póvoa de Santa Iria,PT,,,False,,success,2026-06-07T13:36:47Z
node_01172,ipinfo,ipinfo,38.861,-9.0645,Póvoa de Santa Iria,PT,,,False,,success,2026-06-07T13:36:47Z
node_01172,ipwho_is,ipwhois_unverified,38.7222524,-9.1393366,Lisbon,PT,,,False,,success,2026-06-07T13:36:47Z
node_01172,maxmind_geolite2,maxmind_geolite,38.6821,-9.162,Almada,PT,20,1780418264,False,,success,2026-06-07T13:30:02Z
node_01172,reallyfreegeoip,maxmind_geolite,38.7057,-9.1359,,PT,,,True,no_city,success,2026-06-07T13:36:48Z
node_01191,dbip_lite,dbip_lite,51.2074,3.44511,Maldegem,BE,,1780278471,False,,success,2026-06-07T13:30:03Z
node_01191,geojs,maxmind_geolite,51.1805,3.5587,Eeklo,BE,,,False,,success,2026-06-07T13:37:16Z
node_01191,ip2location_lite,ip2location_lite,51.105301,3.704,Evergem,BE,,1780555707,False,,success,2026-06-07T13:30:03Z
node_01191,ip_api,ipapi_com_unverified,51.2075,3.4978,Adegem,BE,,,False,,success,2026-06-07T13:37:15Z
node_01191,ipinfo,ipinfo,51.187,3.5565,Eeklo,BE,,,False,,success,2026-06-07T13:37:16Z
node_01191,ipwho_is,ipwhois_unverified,51.1852719,3.5638899,Eeklo,BE,,,False,,success,2026-06-07T13:37:16Z
node_01191,maxmind_geolite2,maxmind_geolite,51.1805,3.5587,Eeklo,BE,10,1780418264,False,,success,2026-06-07T13:30:03Z
node_01191,reallyfreegeoip,maxmind_geolite,51.2104,3.4448,Maldegem,BE,,,False,,success,2026-06-07T13:37:16Z
node_01225,dbip_lite,dbip_lite,48.065,17.113,Jarovce,SK,,1780278471,False,,success,2026-06-07T13:30:03Z
node_01225,geojs,maxmind_geolite,48.1577,17.1471,Bratislava,SK,,,False,,success,2026-06-07T13:38:07Z
node_01225,ip2location_lite,ip2location_lite,48.17997,17.139549,Nove Mesto,SK,,1780555707,False,,success,2026-06-07T13:30:03Z
node_01225,ip_api,ipapi_com_unverified,48.1225,17.1393,Bratislava,SK,,,False,,success,2026-06-07T13:38:06Z
node_01225,ipinfo,ipinfo,48.1482,17.1067,Bratislava,SK,,,False,,success,2026-06-07T13:38:07Z
node_01225,ipwho_is,ipwhois_unverified,48.6834697,20.1138148,Revúca,SK,,,False,,success,2026-06-07T13:38:07Z
node_01225,maxmind_geolite2,maxmind_geolite,48.1577,17.1471,Bratislava,SK,100,1780418264,False,,success,2026-06-07T13:30:03Z
node_01225,reallyfreegeoip,maxmind_geolite,48.1837,17.1409,Bratislava,SK,,,False,,success,2026-06-07T13:38:07Z
node_01401,dbip_lite,dbip_lite,52.0667,5.19861,Bunnik,NL,,1780278471,False,,success,2026-06-07T13:30:04Z
node_01401,geojs,maxmind_geolite,52.1976,5.4631,Nijkerkerveen,NL,,,False,,success,2026-06-07T13:42:31Z
node_01401,ip2location_lite,ip2location_lite,52.10461,4.27557,Scheveningen,NL,,1780555707,False,,success,2026-06-07T13:30:04Z
node_01401,ip_api,ipapi_com_unverified,52.1599,5.3954,Amersfoort,NL,,,False,,success,2026-06-07T13:42:31Z
node_01401,ipinfo,ipinfo,52.0333,5.6583,Ede,NL,,,False,,success,2026-06-07T13:42:31Z
node_01401,ipwho_is,ipwhois_unverified,52.195124,5.4665941,Nijkerkerveen,NL,,,False,,success,2026-06-07T13:42:31Z
node_01401,maxmind_geolite2,maxmind_geolite,52.1976,5.4631,Nijkerkerveen,NL,50,1780418264,False,,success,2026-06-07T13:30:04Z
node_01401,reallyfreegeoip,maxmind_geolite,52.6325,4.7538,Alkmaar,NL,,,False,,success,2026-06-07T13:42:32Z
node_01462,dbip_lite,dbip_lite,55.7558,37.6173,Moscow,RU,,1780278471,False,,success,2026-06-07T13:30:04Z
node_01462,geojs,maxmind_geolite,55.7487,37.6187,Moscow,RU,,,False,,success,2026-06-07T13:44:03Z
node_01462,ip2location_lite,ip2location_lite,55.752258,37.615471,Moscow,RU,,1780555707,False,,success,2026-06-07T13:30:04Z
node_01462,ip_api,ipapi_com_unverified,55.7487,37.6187,Moscow,RU,,,False,,success,2026-06-07T13:44:02Z
node_01462,ipinfo,ipinfo,55.752,37.6178,Moscow,RU,,,False,,success,2026-06-07T13:44:03Z
node_01462,ipwho_is,ipwhois_unverified,55.755826,37.6173,Moscow,RU,,,False,,success,2026-06-07T13:44:03Z
node_01462,maxmind_geolite2,maxmind_geolite,55.7487,37.6187,Moscow,RU,20,1780418264,False,,success,2026-06-07T13:30:04Z
node_01462,reallyfreegeoip,maxmind_geolite,55.7483,37.6171,Moscow,RU,,,False,,success,2026-06-07T13:44:03Z
node_01453,dbip_lite,dbip_lite,-31.0905,150.929,Tamworth,AU,,1780278471,False,,success,2026-06-07T13:30:04Z
node_01453,geojs,maxmind_geolite,-33.9023,151.1743,Sydney,AU,,,False,,success,2026-06-07T13:43:49Z
node_01453,ip2location_lite,ip2location_lite,-35.283459,149.128067,Canberra,AU,,1780555707,False,,success,2026-06-07T13:30:04Z
node_01453,ip_api,ipapi_com_unverified,-33.8672,151.1997,Sydney,AU,,,False,,success,2026-06-07T13:43:49Z
node_01453,ipinfo,ipinfo,-33.8678,151.2073,Sydney,AU,,,False,,success,2026-06-07T13:43:49Z
node_01453,ipwho_is,ipwhois_unverified,-31.092748,150.9320334,Tamworth,AU,,,False,,success,2026-06-07T13:43:49Z
node_01453,maxmind_geolite2,maxmind_geolite,-33.9023,151.1743,Sydney,AU,20,1780418264,False,,success,2026-06-07T13:30:04Z
node_01453,reallyfreegeoip,maxmind_geolite,-33.8906,151.0463,Sydney,AU,,,False,,success,2026-06-07T13:43:50Z
node_01196,dbip_lite,dbip_lite,-8.5538,125.542,Dili,TL,,1780278471,False,,success,2026-06-07T13:30:03Z
node_01196,geojs,maxmind_geolite,-8.5716,125.5738,,TL,,,True,no_city,success,2026-06-07T13:37:24Z
node_01196,ip2location_lite,ip2location_lite,-8.55861,125.573608,Dili,TL,,1780555707,False,,success,2026-06-07T13:30:03Z
node_01196,ip_api,ipapi_com_unverified,-8.5538,125.542,Dili,TL,,,False,,success,2026-06-07T13:37:23Z
node_01196,ipinfo,ipinfo,-8.5586,125.5736,Dili,TL,,,False,,success,2026-06-07T13:37:23Z
node_01196,ipwho_is,ipwhois_unverified,-8.5568557,125.5603143,Díli,TL,,,False,,success,2026-06-07T13:37:23Z
node_01196,maxmind_geolite2,maxmind_geolite,-8.5716,125.5738,,TL,1000,1780418264,True,no_city,success,2026-06-07T13:30:03Z
node_01196,reallyfreegeoip,maxmind_geolite,-8.5592,125.5766,Dili,TL,,,False,,success,2026-06-07T13:37:24Z
node_01332,dbip_lite,dbip_lite,-16.5,-68.15,La Paz,BO,,1780278471,False,,success,2026-06-07T13:30:04Z
node_01332,geojs,maxmind_geolite,-16.5002,-68.1493,La Paz,BO,,,False,,success,2026-06-07T13:40:48Z
node_01332,ip2location_lite,ip2location_lite,-16.499929,-68.149994,La Paz,BO,,1780555707,False,,success,2026-06-07T13:30:04Z
node_01332,ip_api,ipapi_com_unverified,-16.5002,-68.1493,La Paz,BO,,,False,,success,2026-06-07T13:40:47Z
node_01332,ipinfo,ipinfo,-16.5,-68.15,La Paz,BO,,,False,,success,2026-06-07T13:40:48Z
node_01332,ipwho_is,ipwhois_unverified,-16.489689,-68.1192936,La Paz,BO,,,False,,success,2026-06-07T13:40:48Z
node_01332,maxmind_geolite2,maxmind_geolite,-16.5002,-68.1493,La Paz,BO,200,1780418264,False,,success,2026-06-07T13:30:04Z
node_01332,reallyfreegeoip,maxmind_geolite,-16.5002,-68.1493,La Paz,BO,,,False,,success,2026-06-07T13:40:48Z
node_01550,dbip_lite,dbip_lite,-26.8587,-58.3064,Pilar,PY,,1780278471,False,,success,2026-06-07T13:30:04Z
node_01550,geojs,maxmind_geolite,-25.348,-57.4464,Capiatá,PY,,,False,,success,2026-06-07T13:46:15Z
node_01550,ip2location_lite,ip2location_lite,-25.35,-57.416672,Capiata,PY,,1780555707,False,,success,2026-06-07T13:30:04Z
node_01550,ip_api,ipapi_com_unverified,-25.348,-57.4464,Capiatá,PY,,,False,,success,2026-06-07T13:46:14Z
node_01550,ipinfo,ipinfo,-25.3552,-57.4455,Capiatá,PY,,,False,,success,2026-06-07T13:46:15Z
node_01550,ipwho_is,ipwhois_unverified,-25.3699511,-57.4514127,Capiata,PY,,,False,,success,2026-06-07T13:46:15Z
node_01550,maxmind_geolite2,maxmind_geolite,-25.348,-57.4464,Capiatá,PY,20,1780418264,False,,success,2026-06-07T13:30:04Z
node_01550,reallyfreegeoip,maxmind_geolite,-25.348,-57.4464,Capiatá,PY,,,False,,success,2026-06-07T13:46:15Z
node_01320,dbip_lite,dbip_lite,-36.827,-73.0498,Concepción,CL,,1780278471,False,,success,2026-06-07T13:30:04Z
node_01320,geojs,maxmind_geolite,-33.4521,-70.6536,Santiago,CL,,,False,,success,2026-06-07T13:40:30Z
node_01320,ip2location_lite,ip2location_lite,-33.616669,-70.583328,Puente Alto,CL,,1780555707,False,,success,2026-06-07T13:30:04Z
node_01320,ip_api,ipapi_com_unverified,-33.4521,-70.6536,Santiago,CL,,,False,,success,2026-06-07T13:40:29Z
node_01320,ipinfo,ipinfo,-33.4569,-70.6483,Santiago,CL,,,False,,success,2026-06-07T13:40:30Z
node_01320,ipwho_is,ipwhois_unverified,-33.6186082,-70.5906057,Puente Alto,CL,,,False,,success,2026-06-07T13:40:30Z
node_01320,maxmind_geolite2,maxmind_geolite,-33.4521,-70.6536,Santiago,CL,100,1780418264,False,,success,2026-06-07T13:30:04Z
node_01320,reallyfreegeoip,maxmind_geolite,-33.4521,-70.6536,Santiago,CL,,,False,,success,2026-06-07T13:40:30Z
node_01508,dbip_lite,dbip_lite,23.1317,113.266,Guangzhou,CN,,1780278471,False,,success,2026-06-07T13:30:04Z
node_01508,geojs,maxmind_geolite,23.0242,113.1334,Foshan,CN,,,False,,success,2026-06-07T13:45:12Z
node_01508,ip2location_lite,ip2location_lite,23.02677,113.131477,Foshan,CN,,1780555707,False,,success,2026-06-07T13:30:04Z
node_01508,ip_api,ipapi_com_unverified,23.0242,113.1334,Foshan,CN,,,False,,success,2026-06-07T13:45:11Z
node_01508,ipinfo,ipinfo,22.5455,114.0683,Shenzhen,CN,,,False,,success,2026-06-07T13:45:12Z
node_01508,ipwho_is,ipwhois_unverified,23.021479,113.121436,Foshan,CN,,,False,,success,2026-06-07T13:45:12Z
node_01508,maxmind_geolite2,maxmind_geolite,23.0242,113.1334,Foshan,CN,10,1780418264,False,,success,2026-06-07T13:30:04Z
node_01508,reallyfreegeoip,maxmind_geolite,23.0261,113.1371,Foshan,CN,,,False,,success,2026-06-07T13:45:12Z
node_01325,dbip_lite,dbip_lite,36.1716,-115.139,Las Vegas,US,,1780278471,False,,success,2026-06-07T13:30:04Z
node_01325,geojs,maxmind_geolite,36.175,-115.1372,Las Vegas,US,,,False,,success,2026-06-07T13:40:37Z
node_01325,ip2location_lite,ip2location_lite,36.174969,-115.137222,Las Vegas,US,,1780555707,False,,success,2026-06-07T13:30:04Z
node_01325,ip_api,ipapi_com_unverified,36.1685,-115.1164,Las Vegas,US,,,False,,success,2026-06-07T13:40:37Z
node_01325,ipinfo,ipinfo,36.175,-115.1372,Las Vegas,US,,,False,,success,2026-06-07T13:40:37Z
node_01325,ipwho_is,ipwhois_unverified,36.1147074,-115.1728497,Las Vegas,US,,,False,,success,2026-06-07T13:40:37Z
node_01325,maxmind_geolite2,maxmind_geolite,36.175,-115.1372,Las Vegas,US,20,1780418264,False,,success,2026-06-07T13:30:04Z
node_01325,reallyfreegeoip,maxmind_geolite,36.1685,-115.1164,Las Vegas,US,,,False,,success,2026-06-07T13:40:38Z
node_01099,dbip_lite,dbip_lite,50.0573,14.6841,Květnice,CZ,,1780278471,False,,success,2026-06-07T13:30:00Z
node_01099,geojs,maxmind_geolite,50.0471,14.4523,Prague,CZ,,,False,,success,2026-06-07T13:34:58Z
node_01099,ip2location_lite,ip2location_lite,49.99168,14.65427,Ricany,CZ,,1780555707,False,,success,2026-06-07T13:30:00Z
node_01099,ip_api,ipapi_com_unverified,50.0471,14.4523,Prague,CZ,,,False,,success,2026-06-07T13:34:57Z
node_01099,ipinfo,ipinfo,50.088,14.4208,Prague,CZ,,,True,"hub:50.088,14.421",success,2026-06-07T13:34:58Z
node_01099,ipwho_is,ipwhois_unverified,50.0572634,14.6841216,Květnice,CZ,,,False,,success,2026-06-07T13:34:58Z
node_01099,maxmind_geolite2,maxmind_geolite,50.0471,14.4523,Prague,CZ,20,1780418264,False,,success,2026-06-07T13:30:00Z
node_01099,reallyfreegeoip,maxmind_geolite,50.0853,14.4614,Prague,CZ,,,False,,success,2026-06-07T13:34:58Z
node_01274,dbip_lite,dbip_lite,50.8322,4.73348,Oud-Heverlee (Haasrode),BE,,1780278471,False,,success,2026-06-07T13:30:03Z
node_01274,geojs,maxmind_geolite,50.8509,4.3447,,BE,,,True,no_city,success,2026-06-07T13:39:21Z
node_01274,ip2location_lite,ip2location_lite,50.828758,4.75949,Bierbeek,BE,,1780555707,False,,success,2026-06-07T13:30:03Z
node_01274,ip_api,ipapi_com_unverified,50.8322,4.73348,Oud-Heverlee,BE,,,False,,success,2026-06-07T13:39:20Z
node_01274,ipinfo,ipinfo,50.9057,4.3922,Schaerbeek,BE,,,False,,success,2026-06-07T13:39:21Z
node_01274,ipwho_is,ipwhois_unverified,50.8279,4.75981,Bierbeek,BE,,,False,,success,2026-06-07T13:39:21Z
node_01274,maxmind_geolite2,maxmind_geolite,50.8509,4.3447,,BE,100,1780418264,True,no_city,success,2026-06-07T13:30:03Z
node_01274,reallyfreegeoip,maxmind_geolite,50.8509,4.3447,,BE,,,True,no_city,success,2026-06-07T13:39:21Z
node_01161,dbip_lite,dbip_lite,55.4757,9.13385,Vejen Municipality,DK,,1780278471,False,,success,2026-06-07T13:30:02Z
node_01161,geojs,maxmind_geolite,55.6386,8.5008,Varde,DK,,,False,,success,2026-06-07T13:36:31Z
node_01161,ip2location_lite,ip2location_lite,55.48333,9.15,Vejen,DK,,1780555707,False,,success,2026-06-07T13:30:02Z
node_01161,ip_api,ipapi_com_unverified,55.6386,8.5008,Varde,DK,,,False,,success,2026-06-07T13:36:30Z
node_01161,ipinfo,ipinfo,54.909,9.7892,Sønderborg,DK,,,False,,success,2026-06-07T13:36:31Z
node_01161,ipwho_is,ipwhois_unverified,55.6460162,12.2979366,Taastrup,DK,,,False,,success,2026-06-07T13:36:31Z
node_01161,maxmind_geolite2,maxmind_geolite,55.6386,8.5008,Varde,DK,100,1780418264,False,,success,2026-06-07T13:30:02Z
node_01161,reallyfreegeoip,maxmind_geolite,55.2305,10.4512,Ringe,DK,,,False,,success,2026-06-07T13:36:31Z
node_01397,dbip_lite,dbip_lite,50.1109,8.68213,Frankfurt am Main,DE,,1780278471,False,,success,2026-06-07T13:30:04Z
node_01397,geojs,maxmind_geolite,51.232,7.6065,Lüdenscheid,DE,,,False,,success,2026-06-07T13:42:25Z
node_01397,ip2location_lite,ip2location_lite,51.229679,7.64188,Vogelberg,DE,,1780555707,False,,success,2026-06-07T13:30:04Z
node_01397,ip_api,ipapi_com_unverified,51.232,7.6065,Lüdenscheid,DE,,,False,,success,2026-06-07T13:42:25Z
node_01397,ipinfo,ipinfo,51.2198,7.6273,Lüdenscheid,DE,,,False,,success,2026-06-07T13:42:25Z
node_01397,ipwho_is,ipwhois_unverified,51.2191038,7.63126,Lüdenscheid,DE,,,False,,success,2026-06-07T13:42:25Z
node_01397,maxmind_geolite2,maxmind_geolite,51.232,7.6065,Lüdenscheid,DE,10,1780418264,False,,success,2026-06-07T13:30:04Z
node_01397,reallyfreegeoip,maxmind_geolite,51.3804,7.777,Hemer,DE,,,False,,success,2026-06-07T13:42:26Z
node_01261,dbip_lite,dbip_lite,52.2271,21.0003,Warsaw (Ochota),PL,,1780278471,False,,success,2026-06-07T13:30:03Z
node_01261,geojs,maxmind_geolite,52.2394,21.0362,,PL,,,True,no_city,success,2026-06-07T13:39:01Z
node_01261,ip2location_lite,ip2location_lite,51.75,19.466669,Lodz,PL,,1780555707,False,,success,2026-06-07T13:30:03Z
node_01261,ip_api,ipapi_com_unverified,52.2271,21.0003,Warsaw,PL,,,False,,success,2026-06-07T13:39:00Z
node_01261,ipinfo,ipinfo,51.7706,19.4739,Łódź,PL,,,False,,success,2026-06-07T13:39:01Z
node_01261,ipwho_is,ipwhois_unverified,51.7592485,19.4559833,Łódź,PL,,,False,,success,2026-06-07T13:39:01Z
node_01261,maxmind_geolite2,maxmind_geolite,52.2394,21.0362,,PL,200,1780418264,True,no_city,success,2026-06-07T13:30:03Z
node_01261,reallyfreegeoip,maxmind_geolite,52.2394,21.0362,,PL,,,True,no_city,success,2026-06-07T13:39:02Z
node_01291,dbip_lite,dbip_lite,52.3676,4.90414,Amsterdam,NL,,1780278471,False,,success,2026-06-07T13:30:03Z
node_01291,geojs,maxmind_geolite,52.3824,4.8995,,NL,,,True,no_city,success,2026-06-07T13:39:46Z
node_01291,ip2location_lite,ip2location_lite,51.627499,5.075,Loon op Zand,NL,,1780555707,False,,success,2026-06-07T13:30:03Z
node_01291,ip_api,ipapi_com_unverified,52.3676,4.90414,Amsterdam,NL,,,False,,success,2026-06-07T13:39:46Z
node_01291,ipinfo,ipinfo,52.5083,5.475,Lelystad,NL,,,False,,success,2026-06-07T13:39:46Z
node_01291,ipwho_is,ipwhois_unverified,52.3702157,4.8951679,Amsterdam,NL,,,True,"hub:52.37,4.895",success,2026-06-07T13:39:46Z
node_01291,maxmind_geolite2,maxmind_geolite,52.3824,4.8995,,NL,100,1780418264,True,no_city,success,2026-06-07T13:30:03Z
node_01291,reallyfreegeoip,maxmind_geolite,52.3824,4.8995,,NL,,,True,no_city,success,2026-06-07T13:39:46Z
node_01271,dbip_lite,dbip_lite,59.3294,18.0687,Stockholm,SE,,1780278471,False,,success,2026-06-07T13:30:03Z
node_01271,geojs,maxmind_geolite,59.3247,18.056,,SE,,,True,no_city,success,2026-06-07T13:39:16Z
node_01271,ip2location_lite,ip2location_lite,57.930347,12.533604,Alingsas,SE,,1780555707,False,,success,2026-06-07T13:30:03Z
node_01271,ip_api,ipapi_com_unverified,59.3294,18.0687,Stockholm,SE,,,False,,success,2026-06-07T13:39:16Z
node_01271,ipinfo,ipinfo,57.721,12.9401,Borås,SE,,,False,,success,2026-06-07T13:39:16Z
node_01271,ipwho_is,ipwhois_unverified,59.3293235,18.0685808,Stockholm,SE,,,False,,success,2026-06-07T13:39:16Z
node_01271,maxmind_geolite2,maxmind_geolite,59.3247,18.056,,SE,10,1780418264,True,no_city,success,2026-06-07T13:30:03Z
node_01271,reallyfreegeoip,maxmind_geolite,59.3241,18.0517,Stockholm,SE,,,False,,success,2026-06-07T13:39:17Z
node_01202,dbip_lite,dbip_lite,53.2914,-6.68917,Clane,IE,,1780278471,False,,success,2026-06-07T13:30:03Z
node_01202,geojs,maxmind_geolite,53.2176,-6.6669,Naas,IE,,,False,,success,2026-06-07T13:37:33Z
node_01202,ip2location_lite,ip2location_lite,53.344151,-6.267249,Dublin,IE,,1780555707,False,,success,2026-06-07T13:30:03Z
node_01202,ip_api,ipapi_com_unverified,52.5267,-7.13722,Thomastown,IE,,,False,,success,2026-06-07T13:37:32Z
node_01202,ipinfo,ipinfo,53.3331,-6.2489,Dublin,IE,,,False,,success,2026-06-07T13:37:32Z
node_01202,ipwho_is,ipwhois_unverified,52.5270825,-7.1388211,Thomastown,IE,,,False,,success,2026-06-07T13:37:32Z
node_01202,maxmind_geolite2,maxmind_geolite,53.2176,-6.6669,Naas,IE,50,1780418264,False,,success,2026-06-07T13:30:03Z
node_01202,reallyfreegeoip,maxmind_geolite,53.3471,-6.2447,,IE,,,True,no_city,success,2026-06-07T13:37:33Z
node_01387,dbip_lite,dbip_lite,50.6138,3.04236,Lille,FR,,1780278471,False,,success,2026-06-07T13:30:04Z
node_01387,geojs,maxmind_geolite,50.6375,3.0542,Lille,FR,,,False,,success,2026-06-07T13:42:10Z
node_01387,ip2location_lite,ip2location_lite,50.632809,3.058829,Lille,FR,,1780555707,False,,success,2026-06-07T13:30:04Z
node_01387,ip_api,ipapi_com_unverified,50.6375,3.0542,Lille,FR,,,False,,success,2026-06-07T13:42:10Z
node_01387,ipinfo,ipinfo,50.6339,3.0551,Lille,FR,,,False,,success,2026-06-07T13:42:10Z
node_01387,ipwho_is,ipwhois_unverified,50.62925,3.057256,Lille,FR,,,False,,success,2026-06-07T13:42:10Z
node_01387,maxmind_geolite2,maxmind_geolite,50.6375,3.0542,Lille,FR,20,1780418264,False,,success,2026-06-07T13:30:04Z
node_01387,reallyfreegeoip,maxmind_geolite,50.624,3.0511,Lille,FR,,,False,,success,2026-06-07T13:42:11Z
node_01168,dbip_lite,dbip_lite,49.6784,13.2256,Zbůch,CZ,,1780278471,False,,success,2026-06-07T13:30:02Z
node_01168,geojs,maxmind_geolite,49.7215,13.236,Tlučná,CZ,,,False,,success,2026-06-07T13:36:42Z
node_01168,ip2location_lite,ip2location_lite,49.729881,13.27628,Vejprnice,CZ,,1780555707,False,,success,2026-06-07T13:30:02Z
node_01168,ip_api,ipapi_com_unverified,49.7215,13.236,Tlučná,CZ,,,False,,success,2026-06-07T13:36:41Z
node_01168,ipinfo,ipinfo,49.7475,13.3776,Pilsen,CZ,,,False,,success,2026-06-07T13:36:41Z
node_01168,ipwho_is,ipwhois_unverified,49.7242619,13.2353526,Tlučná,CZ,,,False,,success,2026-06-07T13:36:41Z
node_01168,maxmind_geolite2,maxmind_geolite,49.7215,13.236,Tlučná,CZ,10,1780418264,False,,success,2026-06-07T13:30:02Z
node_01168,reallyfreegeoip,maxmind_geolite,49.699,13.3112,Pilsen,CZ,,,False,,success,2026-06-07T13:36:42Z
node_01185,dbip_lite,dbip_lite,55.496,9.47305,Kolding,DK,,1780278471,False,,success,2026-06-07T13:30:03Z
node_01185,geojs,maxmind_geolite,55.4812,9.1379,Vejen Municipality,DK,,,False,,success,2026-06-07T13:37:07Z
node_01185,ip2location_lite,ip2location_lite,55.48333,9.15,Vejen,DK,,1780555707,False,,success,2026-06-07T13:30:03Z
node_01185,ip_api,ipapi_com_unverified,55.4812,9.1379,Vejen Municipality,DK,,,False,,success,2026-06-07T13:37:06Z
node_01185,ipinfo,ipinfo,56.0901,8.244,Ringkøbing,DK,,,False,,success,2026-06-07T13:37:07Z
node_01185,ipwho_is,ipwhois_unverified,55.479224,9.137997,Vejen,DK,,,False,,success,2026-06-07T13:37:07Z
node_01185,maxmind_geolite2,maxmind_geolite,55.4812,9.1379,Vejen Municipality,DK,10,1780418264,False,,success,2026-06-07T13:30:03Z
node_01185,reallyfreegeoip,maxmind_geolite,55.4817,9.1383,Vejen Municipality,DK,,,False,,success,2026-06-07T13:37:07Z
node_01233,dbip_lite,dbip_lite,53.5363,9.99452,Hamburg,DE,,1780278471,False,,success,2026-06-07T13:30:03Z
node_01233,geojs,maxmind_geolite,51.2993,9.491,,DE,,,True,no_city,success,2026-06-07T13:38:19Z
node_01233,ip2location_lite,ip2location_lite,53.549999,9.93333,Altona,DE,,1780555707,False,,success,2026-06-07T13:30:03Z
node_01233,ip_api,ipapi_com_unverified,53.5363,9.99452,Hamburg,DE,,,False,,success,2026-06-07T13:38:19Z
node_01233,ipinfo,ipinfo,53.5422,10.0018,Hamburg,DE,,,False,,success,2026-06-07T13:38:19Z
node_01233,ipwho_is,ipwhois_unverified,53.5510846,9.9936818,Hamburg,DE,,,False,,success,2026-06-07T13:38:19Z
node_01233,maxmind_geolite2,maxmind_geolite,51.2993,9.491,,DE,200,1780418264,True,no_city,success,2026-06-07T13:30:03Z
node_01233,reallyfreegeoip,maxmind_geolite,51.2993,9.491,,DE,,,True,no_city,success,2026-06-07T13:38:20Z
node_01134,dbip_lite,dbip_lite,51.5072,-0.127586,London,GB,,1780278471,False,,success,2026-06-07T13:30:01Z
node_01134,geojs,maxmind_geolite,51.4964,-0.1224,,GB,,,True,no_city,success,2026-06-07T13:35:51Z
node_01134,ip2location_lite,ip2location_lite,51.19828,-0.54417,Wonersh,GB,,1780555707,False,,success,2026-06-07T13:30:01Z
node_01134,ip_api,ipapi_com_unverified,51.5072,-0.127586,London,GB,,,False,,success,2026-06-07T13:35:50Z
node_01134,ipinfo,ipinfo,51.2118,-0.5697,Shalford,GB,,,False,,success,2026-06-07T13:35:50Z
node_01134,ipwho_is,ipwhois_unverified,51.5073509,-0.1277583,London,GB,,,False,,success,2026-06-07T13:35:50Z
node_01134,maxmind_geolite2,maxmind_geolite,51.4964,-0.1224,,GB,200,1780418264,True,no_city,success,2026-06-07T13:30:01Z
node_01134,reallyfreegeoip,maxmind_geolite,38.7057,-9.1359,,PT,,,True,no_city,success,2026-06-07T13:35:51Z
node_01375,dbip_lite,dbip_lite,48.8575,2.35138,Paris,FR,,1780278471,True,"hub:48.858,2.351",success,2026-06-07T13:30:04Z
node_01375,geojs,maxmind_geolite,48.8558,2.3494,Paris,FR,,,False,,success,2026-06-07T13:41:52Z
node_01375,ip2location_lite,ip2location_lite,48.782009,2.193365,Velizy-Villacoublay,FR,,1780555707,False,,success,2026-06-07T13:30:04Z
node_01375,ip_api,ipapi_com_unverified,48.8558,2.3494,Paris,FR,,,False,,success,2026-06-07T13:41:52Z
node_01375,ipinfo,ipinfo,48.8534,2.3488,Paris,FR,,,True,"hub:48.853,2.349",success,2026-06-07T13:41:52Z
node_01375,ipwho_is,ipwhois_unverified,48.856614,2.3522219,Paris,FR,,,True,"hub:48.857,2.352",success,2026-06-07T13:41:52Z
node_01375,maxmind_geolite2,maxmind_geolite,48.8558,2.3494,Paris,FR,20,1780418264,False,,success,2026-06-07T13:30:04Z
node_01375,reallyfreegeoip,maxmind_geolite,48.8323,2.4075,Paris,FR,,,False,,success,2026-06-07T13:41:53Z
node_01374,dbip_lite,dbip_lite,50.1109,8.68213,Frankfurt am Main,DE,,1780278471,False,,success,2026-06-07T13:30:04Z
node_01374,geojs,maxmind_geolite,51.2993,9.491,,DE,,,True,no_city,success,2026-06-07T13:41:51Z
node_01374,ip2location_lite,ip2location_lite,48.208889,16.37208,Vienna,AT,,1780555707,False,,success,2026-06-07T13:30:04Z
node_01374,ip_api,ipapi_com_unverified,50.1109,8.68213,Frankfurt am Main,DE,,,False,,success,2026-06-07T13:41:50Z
node_01374,ipinfo,ipinfo,48.2085,16.3721,Vienna,AT,,,False,,success,2026-06-07T13:41:51Z
node_01374,ipwho_is,ipwhois_unverified,48.2081743,16.3738189,Vienna,AT,,,False,,success,2026-06-07T13:41:51Z
node_01374,maxmind_geolite2,maxmind_geolite,51.2993,9.491,,DE,200,1780418264,True,no_city,success,2026-06-07T13:30:04Z
node_01374,reallyfreegeoip,maxmind_geolite,51.2993,9.491,,DE,,,True,no_city,success,2026-06-07T13:41:51Z
node_01529,dbip_lite,dbip_lite,49.5025,15.5886,Štoky,CZ,,1780278471,False,,success,2026-06-07T13:30:04Z
node_01529,geojs,maxmind_geolite,49.4031,15.5924,Jihlava,CZ,,,False,,success,2026-06-07T13:45:43Z
node_01529,ip2location_lite,ip2location_lite,49.396099,15.59124,Jihlava,CZ,,1780555707,False,,success,2026-06-07T13:30:04Z
node_01529,ip_api,ipapi_com_unverified,49.4031,15.5924,Jihlava,CZ,,,False,,success,2026-06-07T13:45:43Z
node_01529,ipinfo,ipinfo,49.3961,15.5912,Jihlava,CZ,,,False,,success,2026-06-07T13:45:43Z
node_01529,ipwho_is,ipwhois_unverified,49.3983782,15.5870415,Jihlava,CZ,,,False,,success,2026-06-07T13:45:43Z
node_01529,maxmind_geolite2,maxmind_geolite,49.4031,15.5924,Jihlava,CZ,10,1780418264,False,,success,2026-06-07T13:30:04Z
node_01529,reallyfreegeoip,maxmind_geolite,49.4031,15.5924,Jihlava,CZ,,,False,,success,2026-06-07T13:45:44Z
node_01226,dbip_lite,dbip_lite,51.8842,4.0625,Stuifakker,NL,,1780278471,False,,success,2026-06-07T13:30:03Z
node_01226,geojs,maxmind_geolite,51.8776,4.0726,Rockanje,NL,,,False,,success,2026-06-07T13:38:09Z
node_01226,ip2location_lite,ip2location_lite,51.805828,4.025,Stellendam,NL,,1780555707,False,,success,2026-06-07T13:30:03Z
node_01226,ip_api,ipapi_com_unverified,51.9079,4.1631,Brielle,NL,,,False,,success,2026-06-07T13:38:08Z
node_01226,ipinfo,ipinfo,51.81,5.2444,Zaltbommel,NL,,,False,,success,2026-06-07T13:38:08Z
node_01226,ipwho_is,ipwhois_unverified,51.8855676,4.0640854,Stuifakker,NL,,,False,,success,2026-06-07T13:38:08Z
node_01226,maxmind_geolite2,maxmind_geolite,51.8776,4.0726,Rockanje,NL,5,1780418264,False,,success,2026-06-07T13:30:03Z
node_01226,reallyfreegeoip,maxmind_geolite,51.9079,4.1631,Brielle,NL,,,False,,success,2026-06-07T13:38:09Z
node_01415,dbip_lite,dbip_lite,44.0347,12.6047,Rimini,IT,,1780278471,False,,success,2026-06-07T13:30:04Z
node_01415,geojs,maxmind_geolite,43.1479,12.1097,,IT,,,True,no_city,success,2026-06-07T13:42:52Z
node_01415,ip2location_lite,ip2location_lite,45.477711,9.05574,Settimo Milanese,IT,,1780555707,False,,success,2026-06-07T13:30:04Z
node_01415,ip_api,ipapi_com_unverified,44.0347,12.6047,Rimini,IT,,,False,,success,2026-06-07T13:42:52Z
node_01415,ipinfo,ipinfo,45.4643,9.1895,Milan,IT,,,False,,success,2026-06-07T13:42:52Z
node_01415,ipwho_is,ipwhois_unverified,45.4866596,9.0567416,Settimo Milanese,IT,,,False,,success,2026-06-07T13:42:52Z
node_01415,maxmind_geolite2,maxmind_geolite,43.1479,12.1097,,IT,500,1780418264,True,no_city,success,2026-06-07T13:30:04Z
node_01415,reallyfreegeoip,maxmind_geolite,43.1479,12.1097,,IT,,,True,no_city,success,2026-06-07T13:42:53Z
node_01492,dbip_lite,dbip_lite,52.2297,21.0122,Warsaw,PL,,1780278471,False,,success,2026-06-07T13:30:04Z
node_01492,geojs,maxmind_geolite,53.9034,14.2568,Świnoujście,PL,,,False,,success,2026-06-07T13:44:48Z
node_01492,ip2location_lite,ip2location_lite,53.91053,14.24712,Swinoujscie,PL,,1780555707,False,,success,2026-06-07T13:30:04Z
node_01492,ip_api,ipapi_com_unverified,53.9034,14.2568,Świnoujście,PL,,,False,,success,2026-06-07T13:44:47Z
node_01492,ipinfo,ipinfo,53.9105,14.2471,Świnoujście,PL,,,False,,success,2026-06-07T13:44:48Z
node_01492,ipwho_is,ipwhois_unverified,53.9100327,14.2475775,Swinoujscie,PL,,,False,,success,2026-06-07T13:44:48Z
node_01492,maxmind_geolite2,maxmind_geolite,53.9034,14.2568,Świnoujście,PL,20,1780418264,False,,success,2026-06-07T13:30:04Z
node_01492,reallyfreegeoip,maxmind_geolite,53.9034,14.2568,Świnoujście,PL,,,False,,success,2026-06-07T13:44:48Z
node_01491,dbip_lite,dbip_lite,51.5362,-0.10304,Islington,GB,,1780278471,False,,success,2026-06-07T13:30:04Z
node_01491,geojs,maxmind_geolite,52.2053,-0.6081,Bedford,GB,,,False,,success,2026-06-07T13:44:46Z
node_01491,ip2location_lite,ip2location_lite,52.0602,-1.34029,Banbury,GB,,1780555707,False,,success,2026-06-07T13:30:04Z
node_01491,ip_api,ipapi_com_unverified,52.2053,-0.6081,Bedford,GB,,,False,,success,2026-06-07T13:44:46Z
node_01491,ipinfo,ipinfo,53.4877,-2.2904,Salford,GB,,,False,,success,2026-06-07T13:44:46Z
node_01491,ipwho_is,ipwhois_unverified,51.5389817,-0.1051386,London,GB,,,False,,success,2026-06-07T13:44:46Z
node_01491,maxmind_geolite2,maxmind_geolite,52.2053,-0.6081,Bedford,GB,100,1780418264,False,,success,2026-06-07T13:30:04Z
node_01491,reallyfreegeoip,maxmind_geolite,52.0625,-1.3429,Banbury,GB,,,False,,success,2026-06-07T13:44:47Z
node_01546,dbip_lite,dbip_lite,52.1941,-2.21905,Worcester,GB,,1780278471,False,,success,2026-06-07T13:30:04Z
node_01546,geojs,maxmind_geolite,48.2048,16.3801,,AT,,,True,no_city,success,2026-06-07T13:46:09Z
node_01546,ip2location_lite,ip2location_lite,48.208889,16.37208,Vienna,AT,,1780555707,False,,success,2026-06-07T13:30:04Z
node_01546,ip_api,ipapi_com_unverified,52.1941,-2.21905,Worcester,GB,,,False,,success,2026-06-07T13:46:08Z
node_01546,ipinfo,ipinfo,50.7766,6.0834,Aachen,DE,,,False,,success,2026-06-07T13:46:09Z
node_01546,ipwho_is,ipwhois_unverified,52.193636,-2.221575,Worcester,GB,,,False,,success,2026-06-07T13:46:09Z
node_01546,maxmind_geolite2,maxmind_geolite,48.2048,16.3801,,AT,200,1780418264,True,no_city,success,2026-06-07T13:30:04Z
node_01546,reallyfreegeoip,maxmind_geolite,48.2048,16.3801,,AT,,,True,no_city,success,2026-06-07T13:46:09Z
node_01121,dbip_lite,dbip_lite,65.7358,24.5677,Kemi,FI,,1780278471,False,,success,2026-06-07T13:30:01Z
node_01121,geojs,maxmind_geolite,60.1717,24.9349,,FI,,,True,no_city,success,2026-06-07T13:35:31Z
node_01121,ip2location_lite,ip2location_lite,65.736412,24.563709,Kemi,FI,,1780555707,False,,success,2026-06-07T13:30:01Z
node_01121,ip_api,ipapi_com_unverified,65.7364,24.5637,Kemi,FI,,,False,,success,2026-06-07T13:35:30Z
node_01121,ipinfo,ipinfo,65.7364,24.5637,Kemi,FI,,,False,,success,2026-06-07T13:35:31Z
node_01121,ipwho_is,ipwhois_unverified,65.7355679,24.5657427,Kemi,FI,,,False,,success,2026-06-07T13:35:31Z
node_01121,maxmind_geolite2,maxmind_geolite,60.1717,24.9349,,FI,200,1780418264,True,no_city,success,2026-06-07T13:30:01Z
node_01121,reallyfreegeoip,maxmind_geolite,60.1717,24.9349,,FI,,,True,no_city,success,2026-06-07T13:35:31Z
node_01458,dbip_lite,dbip_lite,50.1109,8.68213,Frankfurt am Main,DE,,1780278471,False,,success,2026-06-07T13:30:04Z
node_01458,geojs,maxmind_geolite,50.1169,8.6837,Frankfurt am Main,DE,,,False,,success,2026-06-07T13:43:57Z
node_01458,ip2location_lite,ip2location_lite,50.110882,8.681996,Frankfurt am Main,DE,,1780555707,False,,success,2026-06-07T13:30:04Z
node_01458,ip_api,ipapi_com_unverified,50.1169,8.6837,Frankfurt am Main,DE,,,False,,success,2026-06-07T13:43:56Z
node_01458,ipinfo,ipinfo,50.1155,8.6842,Frankfurt am Main,DE,,,False,,success,2026-06-07T13:43:57Z
node_01458,ipwho_is,ipwhois_unverified,50.1109221,8.6821267,Frankfurt,DE,,,False,,success,2026-06-07T13:43:57Z
node_01458,maxmind_geolite2,maxmind_geolite,50.1169,8.6837,Frankfurt am Main,DE,20,1780418264,False,,success,2026-06-07T13:30:04Z
node_01458,reallyfreegeoip,maxmind_geolite,50.1187,8.6842,Frankfurt am Main,DE,,,False,,success,2026-06-07T13:43:57Z
node_01447,dbip_lite,dbip_lite,32.7767,-96.797,Dallas,US,,1780278471,False,,success,2026-06-07T13:30:04Z
node_01447,geojs,maxmind_geolite,37.751,-97.822,,US,,,True,no_city,success,2026-06-07T13:43:40Z
node_01447,ip2location_lite,ip2location_lite,32.783058,-96.806503,Dallas,US,,1780555707,False,,success,2026-06-07T13:30:04Z
node_01447,ip_api,ipapi_com_unverified,32.7767,-96.797,Dallas,US,,,False,,success,2026-06-07T13:43:40Z
node_01447,ipinfo,ipinfo,32.7831,-96.8067,Dallas,US,,,False,,success,2026-06-07T13:43:40Z
node_01447,ipwho_is,ipwhois_unverified,32.7766642,-96.7969879,Dallas,US,,,False,,success,2026-06-07T13:43:40Z
node_01447,maxmind_geolite2,maxmind_geolite,37.751,-97.822,,US,1000,1780418264,True,no_city,success,2026-06-07T13:30:04Z
node_01447,reallyfreegeoip,maxmind_geolite,37.751,-97.822,,US,,,True,no_city,success,2026-06-07T13:43:41Z
node_01558,dbip_lite,dbip_lite,43.3503,77.0592,Almaty,KZ,,1780278471,False,,success,2026-06-07T13:30:04Z
node_01558,geojs,maxmind_geolite,48.0,68.0,,KZ,,,True,no_city,success,2026-06-07T13:46:27Z
node_01558,ip2location_lite,ip2location_lite,43.250042,76.949989,Almaty,KZ,,1780555707,False,,success,2026-06-07T13:30:04Z
node_01558,ip_api,ipapi_com_unverified,43.3503,77.0592,Almaty,KZ,,,False,,success,2026-06-07T13:46:26Z
node_01558,ipinfo,ipinfo,43.2525,76.9115,Almaty,KZ,,,False,,success,2026-06-07T13:46:27Z
node_01558,ipwho_is,ipwhois_unverified,43.2220146,76.8512485,Almaty,KZ,,,False,,success,2026-06-07T13:46:27Z
node_01558,maxmind_geolite2,maxmind_geolite,48.0,68.0,,KZ,1000,1780418264,True,no_city,success,2026-06-07T13:30:04Z
node_01558,reallyfreegeoip,maxmind_geolite,48.0,68.0,,KZ,,,True,no_city,success,2026-06-07T13:46:27Z
node_01393,dbip_lite,dbip_lite,53.5583,9.90843,Hamburg (Altona),DE,,1780278471,False,,success,2026-06-07T13:30:04Z
node_01393,geojs,maxmind_geolite,53.5544,9.9946,Hamburg,DE,,,False,,success,2026-06-07T13:42:19Z
node_01393,ip2location_lite,ip2location_lite,53.575253,10.014778,Hamburg,DE,,1780555707,False,,success,2026-06-07T13:30:04Z
node_01393,ip_api,ipapi_com_unverified,53.5544,9.9946,Hamburg,DE,,,False,,success,2026-06-07T13:42:19Z
node_01393,ipinfo,ipinfo,53.5507,9.993,Hamburg,DE,,,False,,success,2026-06-07T13:42:19Z
node_01393,ipwho_is,ipwhois_unverified,53.5510846,9.9936818,Hamburg,DE,,,False,,success,2026-06-07T13:42:19Z
node_01393,maxmind_geolite2,maxmind_geolite,53.5544,9.9946,Hamburg,DE,20,1780418264,False,,success,2026-06-07T13:30:04Z
node_01393,reallyfreegeoip,maxmind_geolite,53.5642,10.0066,Hamburg,DE,,,False,,success,2026-06-07T13:42:20Z
node_01230,dbip_lite,dbip_lite,58.3698,26.7008,Tartu,EE,,1780278471,False,,success,2026-06-07T13:30:03Z
node_01230,geojs,maxmind_geolite,59.0,26.0,,EE,,,True,no_city,success,2026-06-07T13:38:15Z
node_01230,ip2location_lite,ip2location_lite,58.380619,26.72509,Tartu,EE,,1780555707,False,,success,2026-06-07T13:30:03Z
node_01230,ip_api,ipapi_com_unverified,58.3698,26.7008,Tartu,EE,,,False,,success,2026-06-07T13:38:14Z
node_01230,ipinfo,ipinfo,59.437,24.7535,Tallinn,EE,,,False,,success,2026-06-07T13:38:15Z
node_01230,ipwho_is,ipwhois_unverified,58.3776252,26.7290063,Tartu,EE,,,False,,success,2026-06-07T13:38:15Z
node_01230,maxmind_geolite2,maxmind_geolite,59.0,26.0,,EE,100,1780418264,True,no_city,success,2026-06-07T13:30:03Z
node_01230,reallyfreegeoip,maxmind_geolite,58.9998,25.9856,,EE,,,True,no_city,success,2026-06-07T13:38:15Z
node_01213,dbip_lite,dbip_lite,55.7016,36.1933,Ruza,RU,,1780278471,False,,success,2026-06-07T13:30:03Z
node_01213,geojs,maxmind_geolite,55.7386,37.6068,,RU,,,True,no_city,success,2026-06-07T13:37:49Z
node_01213,ip2location_lite,ip2location_lite,55.752258,37.615471,Moscow,RU,,1780555707,False,,success,2026-06-07T13:30:03Z
node_01213,ip_api,ipapi_com_unverified,55.7016,36.1933,Ruza,RU,,,False,,success,2026-06-07T13:37:48Z
node_01213,ipinfo,ipinfo,55.5019,36.0272,Mozhaysk,RU,,,False,,success,2026-06-07T13:37:49Z
node_01213,ipwho_is,ipwhois_unverified,55.6063087,36.4671803,Tuchkovo,RU,,,False,,success,2026-06-07T13:37:49Z
node_01213,maxmind_geolite2,maxmind_geolite,55.7386,37.6068,,RU,1000,1780418264,True,no_city,success,2026-06-07T13:30:03Z
node_01213,reallyfreegeoip,maxmind_geolite,55.7483,37.6171,Moscow,RU,,,False,,success,2026-06-07T13:37:49Z
node_01335,dbip_lite,dbip_lite,48.8884,2.3805,Paris,FR,,1780278471,False,,success,2026-06-07T13:30:04Z
node_01335,geojs,maxmind_geolite,48.9043,2.4877,Bondy,FR,,,False,,success,2026-06-07T13:40:52Z
node_01335,ip2location_lite,ip2location_lite,48.859077,2.293486,Paris,FR,,1780555707,False,,success,2026-06-07T13:30:04Z
node_01335,ip_api,ipapi_com_unverified,48.9043,2.4877,Bondy,FR,,,False,,success,2026-06-07T13:40:52Z
node_01335,ipinfo,ipinfo,49.0435,2.1213,Saint-Ouen-l'Aumône,FR,,,False,,success,2026-06-07T13:40:52Z
node_01335,ipwho_is,ipwhois_unverified,48.856614,2.3522219,Paris,FR,,,True,"hub:48.857,2.352",success,2026-06-07T13:40:52Z
node_01335,maxmind_geolite2,maxmind_geolite,48.9043,2.4877,Bondy,FR,20,1780418264,False,,success,2026-06-07T13:30:04Z
node_01335,reallyfreegeoip,maxmind_geolite,49.0231,2.1514,Pierrelaye,FR,,,False,,success,2026-06-07T13:40:53Z
node_01315,dbip_lite,dbip_lite,40.405,-3.87835,Boadilla del Monte,ES,,1780278471,False,,success,2026-06-07T13:30:04Z
node_01315,geojs,maxmind_geolite,40.4623,-3.5977,Madrid,ES,,,False,,success,2026-06-07T13:40:22Z
node_01315,ip2location_lite,ip2location_lite,42.466648,-2.449993,Logrono,ES,,1780555707,False,,success,2026-06-07T13:30:04Z
node_01315,ip_api,ipapi_com_unverified,40.4623,-3.5977,Madrid,ES,,,False,,success,2026-06-07T13:40:22Z
node_01315,ipinfo,ipinfo,36.7202,-4.4203,Málaga,ES,,,False,,success,2026-06-07T13:40:22Z
node_01315,ipwho_is,ipwhois_unverified,37.261421,-6.9447224,Huelva,ES,,,False,,success,2026-06-07T13:40:22Z
node_01315,maxmind_geolite2,maxmind_geolite,40.4623,-3.5977,Madrid,ES,200,1780418264,False,,success,2026-06-07T13:30:04Z
node_01315,reallyfreegeoip,maxmind_geolite,41.3949,2.1756,,ES,,,True,no_city,success,2026-06-07T13:40:23Z
node_01552,dbip_lite,dbip_lite,59.3327,18.0656,Stockholm,SE,,1780278471,False,,success,2026-06-07T13:30:04Z
node_01552,geojs,maxmind_geolite,65.8276,21.6958,Boden,SE,,,False,,success,2026-06-07T13:46:18Z
node_01552,ip2location_lite,ip2location_lite,65.82518,21.688641,Boden,SE,,1780555707,False,,success,2026-06-07T13:30:04Z
node_01552,ip_api,ipapi_com_unverified,65.8276,21.6958,Boden,SE,,,False,,success,2026-06-07T13:46:17Z
node_01552,ipinfo,ipinfo,65.5841,22.1547,Luleå,SE,,,False,,success,2026-06-07T13:46:18Z
node_01552,ipwho_is,ipwhois_unverified,65.8251188,21.6887028,Boden,SE,,,False,,success,2026-06-07T13:46:18Z
node_01552,maxmind_geolite2,maxmind_geolite,65.8276,21.6958,Boden,SE,20,1780418264,False,,success,2026-06-07T13:30:04Z
node_01552,reallyfreegeoip,maxmind_geolite,65.8276,21.6958,Boden,SE,,,False,,success,2026-06-07T13:46:18Z
node_01152,dbip_lite,dbip_lite,51.5072,-0.127586,London,GB,,1780278471,False,,success,2026-06-07T13:30:02Z
node_01152,geojs,maxmind_geolite,51.2333,-1.0833,Basingstoke,GB,,,False,,success,2026-06-07T13:36:18Z
node_01152,ip2location_lite,ip2location_lite,51.262489,-1.08708,Basingstoke,GB,,1780555707,False,,success,2026-06-07T13:30:02Z
node_01152,ip_api,ipapi_com_unverified,51.2483,-1.1266,Basingstoke,GB,,,False,,success,2026-06-07T13:36:17Z
node_01152,ipinfo,ipinfo,50.8284,-0.1395,Brighton,GB,,,False,,success,2026-06-07T13:36:17Z
node_01152,ipwho_is,ipwhois_unverified,51.26654,-1.0923964,Basingstoke,GB,,,False,,success,2026-06-07T13:36:17Z
node_01152,maxmind_geolite2,maxmind_geolite,51.2333,-1.0833,Basingstoke,GB,20,1780418264,False,,success,2026-06-07T13:30:02Z
node_01152,reallyfreegeoip,maxmind_geolite,51.1896,-1.5385,Andover,GB,,,False,,success,2026-06-07T13:36:18Z
node_01414,dbip_lite,dbip_lite,54.6916,25.2874,Vilnius,LT,,1780278471,False,,success,2026-06-07T13:30:04Z
node_01414,geojs,maxmind_geolite,54.6876,25.2806,Vilnius,LT,,,False,,success,2026-06-07T13:42:51Z
node_01414,ip2location_lite,ip2location_lite,54.689186,25.279985,Vilnius,LT,,1780555707,False,,success,2026-06-07T13:30:04Z
node_01414,ip_api,ipapi_com_unverified,54.6876,25.2806,Vilnius,LT,,,False,,success,2026-06-07T13:42:50Z
node_01414,ipinfo,ipinfo,54.6892,25.2798,Vilnius,LT,,,False,,success,2026-06-07T13:42:51Z
node_01414,ipwho_is,ipwhois_unverified,54.6871555,25.2796514,Vilnius,LT,,,False,,success,2026-06-07T13:42:51Z
node_01414,maxmind_geolite2,maxmind_geolite,54.6876,25.2806,Vilnius,LT,20,1780418264,False,,success,2026-06-07T13:30:04Z
node_01414,reallyfreegeoip,maxmind_geolite,54.6912,25.2816,Vilnius,LT,,,False,,success,2026-06-07T13:42:51Z
node_01358,dbip_lite,dbip_lite,-33.4569,-70.6483,Santiago,CL,,1780278471,False,,success,2026-06-07T13:30:04Z
node_01358,geojs,maxmind_geolite,-33.4521,-70.6536,Santiago,CL,,,False,,success,2026-06-07T13:41:27Z
node_01358,ip2location_lite,ip2location_lite,-33.426498,-70.566521,Santiago,CL,,1780555707,False,,success,2026-06-07T13:30:04Z
node_01358,ip_api,ipapi_com_unverified,-33.4521,-70.6536,Santiago,CL,,,False,,success,2026-06-07T13:41:26Z
node_01358,ipinfo,ipinfo,-33.4569,-70.6483,Santiago,CL,,,False,,success,2026-06-07T13:41:27Z
node_01358,ipwho_is,ipwhois_unverified,-33.4378305,-70.6504492,Santiago,CL,,,False,,success,2026-06-07T13:41:27Z
node_01358,maxmind_geolite2,maxmind_geolite,-33.4521,-70.6536,Santiago,CL,5,1780418264,False,,success,2026-06-07T13:30:04Z
node_01358,reallyfreegeoip,maxmind_geolite,-33.4521,-70.6536,Santiago,CL,,,False,,success,2026-06-07T13:41:27Z
node_01302,dbip_lite,dbip_lite,4.60971,-74.0817,Bogotá,CO,,1780278471,False,,success,2026-06-07T13:30:03Z
node_01302,geojs,maxmind_geolite,4.7221,-74.1136,Bogotá,CO,,,False,,success,2026-06-07T13:40:03Z
node_01302,ip2location_lite,ip2location_lite,4.60971,-74.081749,Bogota,CO,,1780555707,False,,success,2026-06-07T13:30:03Z
node_01302,ip_api,ipapi_com_unverified,4.7221,-74.1136,Bogotá,CO,,,False,,success,2026-06-07T13:40:02Z
node_01302,ipinfo,ipinfo,4.6097,-74.0817,Bogotá,CO,,,False,,success,2026-06-07T13:40:03Z
node_01302,ipwho_is,ipwhois_unverified,4.7109886,-74.072092,Bogotá,CO,,,False,,success,2026-06-07T13:40:03Z
node_01302,maxmind_geolite2,maxmind_geolite,4.7221,-74.1136,Bogotá,CO,10,1780418264,False,,success,2026-06-07T13:30:03Z
node_01302,reallyfreegeoip,maxmind_geolite,4.6115,-74.0833,Bogotá,CO,,,False,,success,2026-06-07T13:40:03Z
node_01398,dbip_lite,dbip_lite,21.1866,-101.646,Ibarrilla,MX,,1780278471,False,,success,2026-06-07T13:30:04Z
node_01398,geojs,maxmind_geolite,25.8126,-98.3751,Reynosa,MX,,,False,,success,2026-06-07T13:42:27Z
node_01398,ip2location_lite,ip2location_lite,21.01667,-101.849998,San Francisco del Rincon,MX,,1780555707,False,,success,2026-06-07T13:30:04Z
node_01398,ip_api,ipapi_com_unverified,21.1635,-101.6613,León,MX,,,False,,success,2026-06-07T13:42:26Z
node_01398,ipinfo,ipinfo,21.0189,-101.8584,San Francisco del Rincón,MX,,,False,,success,2026-06-07T13:42:27Z
node_01398,ipwho_is,ipwhois_unverified,21.1863888,-101.6447222,Ibarrilla,MX,,,False,,success,2026-06-07T13:42:27Z
node_01398,maxmind_geolite2,maxmind_geolite,25.8126,-98.3751,Reynosa,MX,20,1780418264,False,,success,2026-06-07T13:30:04Z
node_01398,reallyfreegeoip,maxmind_geolite,20.7304,-101.9425,Ciudad Manuel Doblado,MX,,,False,,success,2026-06-07T13:42:27Z
node_01210,dbip_lite,dbip_lite,52.0363,4.32501,Rijswijk,NL,,1780278471,False,,success,2026-06-07T13:30:03Z
node_01210,geojs,maxmind_geolite,51.5523,5.0965,Tilburg,NL,,,False,,success,2026-06-07T13:37:45Z
node_01210,ip2location_lite,ip2location_lite,52.076649,4.298633,The Hague,NL,,1780555707,False,,success,2026-06-07T13:30:03Z
node_01210,ip_api,ipapi_com_unverified,52.0758,4.2925,The Hague,NL,,,False,,success,2026-06-07T13:37:44Z
node_01210,ipinfo,ipinfo,52.0767,4.2986,The Hague,NL,,,False,,success,2026-06-07T13:37:44Z
node_01210,ipwho_is,ipwhois_unverified,52.0376977,4.3219738,Rijswijk,NL,,,False,,success,2026-06-07T13:37:44Z
node_01210,maxmind_geolite2,maxmind_geolite,51.5523,5.0965,Tilburg,NL,50,1780418264,False,,success,2026-06-07T13:30:03Z
node_01210,reallyfreegeoip,maxmind_geolite,52.4327,4.6596,Velserbroek,NL,,,False,,success,2026-06-07T13:37:45Z
node_01562,dbip_lite,dbip_lite,45.7577,16.0002,Zagreb,HR,,1780278471,False,,success,2026-06-07T13:30:04Z
node_01562,geojs,maxmind_geolite,45.7523,16.0042,Zagreb,HR,,,False,,success,2026-06-07T13:46:33Z
node_01562,ip2location_lite,ip2location_lite,45.814396,15.978012,Zagreb,HR,,1780555707,False,,success,2026-06-07T13:30:04Z
node_01562,ip_api,ipapi_com_unverified,45.7523,16.0042,Zagreb,HR,,,False,,success,2026-06-07T13:46:32Z
node_01562,ipinfo,ipinfo,45.7364,16.0311,Velika Mlaka,HR,,,False,,success,2026-06-07T13:46:33Z
node_01562,ipwho_is,ipwhois_unverified,45.8150108,15.981919,Zagreb,HR,,,False,,success,2026-06-07T13:46:33Z
node_01562,maxmind_geolite2,maxmind_geolite,45.7523,16.0042,Zagreb,HR,20,1780418264,False,,success,2026-06-07T13:30:04Z
node_01562,reallyfreegeoip,maxmind_geolite,50.4522,30.5287,,UA,,,True,no_city,success,2026-06-07T13:46:33Z
node_01294,dbip_lite,dbip_lite,41.2476,-8.64788,Moreira,PT,,1780278471,False,,success,2026-06-07T13:30:03Z
node_01294,geojs,maxmind_geolite,41.2346,-8.6183,Maia,PT,,,False,,success,2026-06-07T13:39:51Z
node_01294,ip2location_lite,ip2location_lite,41.149639,-8.611235,Porto,PT,,1780555707,False,,success,2026-06-07T13:30:03Z
node_01294,ip_api,ipapi_com_unverified,41.2346,-8.6183,Maia,PT,,,False,,success,2026-06-07T13:39:50Z
node_01294,ipinfo,ipinfo,41.2357,-8.6199,Maia,PT,,,False,,success,2026-06-07T13:39:51Z
node_01294,ipwho_is,ipwhois_unverified,41.2407506,-8.6545583,Moreira,PT,,,False,,success,2026-06-07T13:39:51Z
node_01294,maxmind_geolite2,maxmind_geolite,41.2346,-8.6183,Maia,PT,5,1780418264,False,,success,2026-06-07T13:30:03Z
node_01294,reallyfreegeoip,maxmind_geolite,41.2345,-8.6182,Maia,PT,,,False,,success,2026-06-07T13:39:51Z
node_01566,dbip_lite,dbip_lite,1.35208,103.82,Singapore,SG,,1780278471,False,,success,2026-06-07T13:30:04Z
node_01566,geojs,maxmind_geolite,1.3667,103.8,,SG,,,True,no_city,success,2026-06-07T13:46:39Z
node_01566,ip2location_lite,ip2location_lite,1.289987,103.850281,Singapore,SG,,1780555707,False,,success,2026-06-07T13:30:04Z
node_01566,ip_api,ipapi_com_unverified,1.35208,103.82,Singapore,SG,,,False,,success,2026-06-07T13:46:38Z
node_01566,ipinfo,ipinfo,1.2897,103.8501,Singapore,SG,,,False,,success,2026-06-07T13:46:39Z
node_01566,ipwho_is,ipwhois_unverified,1.3553794,103.8677444,Singapore,SG,,,False,,success,2026-06-07T13:46:39Z
node_01566,maxmind_geolite2,maxmind_geolite,1.3667,103.8,,SG,50,1780418264,True,no_city,success,2026-06-07T13:30:04Z
node_01566,reallyfreegeoip,maxmind_geolite,49.7498,6.1661,,LU,,,True,no_city,success,2026-06-07T13:46:39Z
node_01207,dbip_lite,dbip_lite,47.3889,8.33045,Künten,CH,,1780278471,False,,success,2026-06-07T13:30:03Z
node_01207,geojs,maxmind_geolite,47.3528,8.5549,Zurich,CH,,,False,,success,2026-06-07T13:37:40Z
node_01207,ip2location_lite,ip2location_lite,47.229229,8.6722,Waedenswil / Dorf (Waedenswil),CH,,1780555707,False,,success,2026-06-07T13:30:03Z
node_01207,ip_api,ipapi_com_unverified,47.3823,8.5397,Zurich,CH,,,False,,success,2026-06-07T13:37:39Z
node_01207,ipinfo,ipinfo,47.3667,8.55,Zürich,CH,,,False,,success,2026-06-07T13:37:40Z
node_01207,ipwho_is,ipwhois_unverified,47.2296871,8.6718189,Wädenswil,CH,,,False,,success,2026-06-07T13:37:40Z
node_01207,maxmind_geolite2,maxmind_geolite,47.3528,8.5549,Zurich,CH,50,1780418264,False,,success,2026-06-07T13:30:03Z
node_01207,reallyfreegeoip,maxmind_geolite,47.3444,8.7231,Uster,CH,,,False,,success,2026-06-07T13:37:40Z
node_01113,dbip_lite,dbip_lite,48.8856,2.30703,Paris (17th arrondissement of Paris),FR,,1780278471,False,,success,2026-06-07T13:30:01Z
node_01113,geojs,maxmind_geolite,48.8582,2.3387,,FR,,,True,no_city,success,2026-06-07T13:35:19Z
node_01113,ip2location_lite,ip2location_lite,48.787159,2.40332,Vitry-sur-Seine,FR,,1780555707,False,,success,2026-06-07T13:30:01Z
node_01113,ip_api,ipapi_com_unverified,48.8856,2.30703,Paris,FR,,,False,,success,2026-06-07T13:35:18Z
node_01113,ipinfo,ipinfo,48.8534,2.3488,Paris,FR,,,True,"hub:48.853,2.349",success,2026-06-07T13:35:19Z
node_01113,ipwho_is,ipwhois_unverified,48.856614,2.3522219,Paris,FR,,,True,"hub:48.857,2.352",success,2026-06-07T13:35:19Z
node_01113,maxmind_geolite2,maxmind_geolite,48.8582,2.3387,,FR,500,1780418264,True,no_city,success,2026-06-07T13:30:01Z
node_01113,reallyfreegeoip,maxmind_geolite,48.8582,2.3387,,FR,,,True,no_city,success,2026-06-07T13:35:19Z
node_01343,dbip_lite,dbip_lite,19.4196,-99.1428,Mexico City (Centro),MX,,1780278471,False,,success,2026-06-07T13:30:04Z
node_01343,geojs,maxmind_geolite,21.0265,-89.6765,Mérida,MX,,,False,,success,2026-06-07T13:41:04Z
node_01343,ip2location_lite,ip2location_lite,20.966627,-89.616486,Merida,MX,,1780555707,False,,success,2026-06-07T13:30:04Z
node_01343,ip_api,ipapi_com_unverified,21.0265,-89.6765,Mérida,MX,,,False,,success,2026-06-07T13:41:04Z
node_01343,ipinfo,ipinfo,20.967,-89.6232,Mérida,MX,,,False,,success,2026-06-07T13:41:04Z
node_01343,ipwho_is,ipwhois_unverified,20.9673702,-89.5925857,Merida,MX,,,False,,success,2026-06-07T13:41:04Z
node_01343,maxmind_geolite2,maxmind_geolite,21.0265,-89.6765,Mérida,MX,20,1780418264,False,,success,2026-06-07T13:30:04Z
node_01343,reallyfreegeoip,maxmind_geolite,20.967,-89.6238,Mérida,MX,,,False,,success,2026-06-07T13:41:05Z
node_01322,dbip_lite,dbip_lite,20.9495,-89.6795,Opichén,MX,,1780278471,False,,success,2026-06-07T13:30:04Z
node_01322,geojs,maxmind_geolite,20.9867,-89.6452,Mérida,MX,,,False,,success,2026-06-07T13:40:33Z
node_01322,ip2location_lite,ip2location_lite,20.966627,-89.616486,Merida,MX,,1780555707,False,,success,2026-06-07T13:30:04Z
node_01322,ip_api,ipapi_com_unverified,20.9867,-89.6452,Mérida,MX,,,False,,success,2026-06-07T13:40:32Z
node_01322,ipinfo,ipinfo,20.967,-89.6232,Mérida,MX,,,False,,success,2026-06-07T13:40:33Z
node_01322,ipwho_is,ipwhois_unverified,20.9673702,-89.5925857,Merida,MX,,,False,,success,2026-06-07T13:40:33Z
node_01322,maxmind_geolite2,maxmind_geolite,20.9867,-89.6452,Mérida,MX,20,1780418264,False,,success,2026-06-07T13:30:04Z
node_01322,reallyfreegeoip,maxmind_geolite,20.9716,-89.6413,Mérida,MX,,,False,,success,2026-06-07T13:40:33Z
node_01484,dbip_lite,dbip_lite,-34.5633,-59.1209,Luján,AR,,1780278471,False,,success,2026-06-07T13:30:04Z
node_01484,geojs,maxmind_geolite,-34.5666,-59.1147,Luján,AR,,,False,,success,2026-06-07T13:44:36Z
node_01484,ip2location_lite,ip2location_lite,-34.570076,-59.104939,Lujan,AR,,1780555707,False,,success,2026-06-07T13:30:04Z
node_01484,ip_api,ipapi_com_unverified,-34.5777,-59.1063,Luján,AR,,,False,,success,2026-06-07T13:44:35Z
node_01484,ipinfo,ipinfo,-34.5664,-59.1148,Luján,AR,,,False,,success,2026-06-07T13:44:36Z
node_01484,ipwho_is,ipwhois_unverified,-34.5633312,-59.1208805,Luján,AR,,,False,,success,2026-06-07T13:44:36Z
node_01484,maxmind_geolite2,maxmind_geolite,-34.5666,-59.1147,Luján,AR,20,1780418264,False,,success,2026-06-07T13:30:04Z
node_01484,reallyfreegeoip,maxmind_geolite,-34.5666,-59.1147,Luján,AR,,,False,,success,2026-06-07T13:44:36Z
node_01321,dbip_lite,dbip_lite,36.1943,-115.305,Las Vegas (Summerlin North),US,,1780278471,False,,success,2026-06-07T13:30:04Z
node_01321,geojs,maxmind_geolite,47.6711,-122.1253,Redmond,US,,,False,,success,2026-06-07T13:40:31Z
node_01321,ip2location_lite,ip2location_lite,47.68222,-122.123009,Redmond,US,,1780555707,False,,success,2026-06-07T13:30:04Z
node_01321,ip_api,ipapi_com_unverified,47.6711,-122.1253,Redmond,US,,,False,,success,2026-06-07T13:40:31Z
node_01321,ipinfo,ipinfo,47.6815,-122.2087,Kirkland,US,,,False,,success,2026-06-07T13:40:31Z
node_01321,ipwho_is,ipwhois_unverified,47.6739881,-122.121512,Redmond,US,,,False,,success,2026-06-07T13:40:31Z
node_01321,maxmind_geolite2,maxmind_geolite,47.6711,-122.1253,Redmond,US,20,1780418264,False,,success,2026-06-07T13:30:04Z
node_01321,reallyfreegeoip,maxmind_geolite,47.6722,-122.1257,Redmond,US,,,False,,success,2026-06-07T13:40:32Z
node_01264,dbip_lite,dbip_lite,37.3076,-121.809,San Jose (Brigadoon),US,,1780278471,False,,success,2026-06-07T13:30:03Z
node_01264,geojs,maxmind_geolite,37.751,-97.822,,US,,,True,no_city,success,2026-06-07T13:39:06Z
node_01264,ip2location_lite,ip2location_lite,37.428299,-121.906631,Milpitas,US,,1780555707,False,,success,2026-06-07T13:30:03Z
node_01264,ip_api,ipapi_com_unverified,37.3076,-121.809,San Jose,US,,,False,,success,2026-06-07T13:39:05Z
node_01264,ipinfo,ipinfo,37.3394,-121.895,San Jose,US,,,False,,success,2026-06-07T13:39:06Z
node_01264,ipwho_is,ipwhois_unverified,37.3382082,-121.8863286,San Jose,US,,,False,,success,2026-06-07T13:39:06Z
node_01264,maxmind_geolite2,maxmind_geolite,37.751,-97.822,,US,1000,1780418264,True,no_city,success,2026-06-07T13:30:03Z
node_01264,reallyfreegeoip,maxmind_geolite,37.751,-97.822,,US,,,True,no_city,success,2026-06-07T13:39:06Z
node_01493,dbip_lite,dbip_lite,34.6156,-83.543,Clarkesville,US,,1780278471,False,,success,2026-06-07T13:30:04Z
node_01493,geojs,maxmind_geolite,34.2048,-83.0307,Bowman,US,,,False,,success,2026-06-07T13:44:49Z
node_01493,ip2location_lite,ip2location_lite,33.748795,-84.387543,Atlanta,US,,1780555707,False,,success,2026-06-07T13:30:04Z
node_01493,ip_api,ipapi_com_unverified,34.2048,-83.0307,Bowman,US,,,False,,success,2026-06-07T13:44:49Z
node_01493,ipinfo,ipinfo,34.5115,-83.5271,Cornelia,US,,,False,,success,2026-06-07T13:44:49Z
node_01493,ipwho_is,ipwhois_unverified,33.7489954,-84.3879824,Atlanta,US,,,False,,success,2026-06-07T13:44:49Z
node_01493,maxmind_geolite2,maxmind_geolite,34.2048,-83.0307,Bowman,US,50,1780418264,False,,success,2026-06-07T13:30:04Z
node_01493,reallyfreegeoip,maxmind_geolite,34.1698,-82.9529,Dewy Rose,US,,,False,,success,2026-06-07T13:44:50Z
node_01563,dbip_lite,dbip_lite,54.6732,25.2686,Vilnius,LT,,1780278471,False,,success,2026-06-07T13:30:04Z
node_01563,geojs,maxmind_geolite,54.6738,25.2729,Vilnius,LT,,,False,,success,2026-06-07T13:46:34Z
node_01563,ip2location_lite,ip2location_lite,54.689186,25.279985,Vilnius,LT,,1780555707,False,,success,2026-06-07T13:30:04Z
node_01563,ip_api,ipapi_com_unverified,54.6738,25.2729,Vilnius,LT,,,False,,success,2026-06-07T13:46:34Z
node_01563,ipinfo,ipinfo,54.6743,25.2679,Vilnius,LT,,,False,,success,2026-06-07T13:46:34Z
node_01563,ipwho_is,ipwhois_unverified,54.6871555,25.2796514,Vilnius,LT,,,False,,success,2026-06-07T13:46:34Z
node_01563,maxmind_geolite2,maxmind_geolite,54.6738,25.2729,Vilnius,LT,20,1780418264,False,,success,2026-06-07T13:30:04Z
node_01563,reallyfreegeoip,maxmind_geolite,55.4167,24.0,,LT,,,True,no_city,success,2026-06-07T13:46:35Z
node_01195,dbip_lite,dbip_lite,40.0547,-88.2517,Savoy,US,,1780278471,False,,success,2026-06-07T13:30:03Z
node_01195,geojs,maxmind_geolite,40.1317,-88.2854,Champaign,US,,,False,,success,2026-06-07T13:37:22Z
node_01195,ip2location_lite,ip2location_lite,40.116306,-88.243523,Champaign,US,,1780555707,False,,success,2026-06-07T13:30:03Z
node_01195,ip_api,ipapi_com_unverified,40.1317,-88.2854,Champaign,US,,,False,,success,2026-06-07T13:37:21Z
node_01195,ipinfo,ipinfo,40.1164,-88.2434,Champaign,US,,,False,,success,2026-06-07T13:37:22Z
node_01195,ipwho_is,ipwhois_unverified,40.054753,-88.2517165,Savoy,US,,,False,,success,2026-06-07T13:37:22Z
node_01195,maxmind_geolite2,maxmind_geolite,40.1317,-88.2854,Champaign,US,20,1780418264,False,,success,2026-06-07T13:30:03Z
node_01195,reallyfreegeoip,maxmind_geolite,40.1016,-88.2822,Champaign,US,,,False,,success,2026-06-07T13:37:22Z
node_01425,dbip_lite,dbip_lite,50.066,15.9859,Holice,CZ,,1780278471,False,,success,2026-06-07T13:30:04Z
node_01425,geojs,maxmind_geolite,50.069,15.7819,Staré Hradiště,CZ,,,False,,success,2026-06-07T13:43:07Z
node_01425,ip2location_lite,ip2location_lite,49.951092,15.79558,Chrudim,CZ,,1780555707,False,,success,2026-06-07T13:30:04Z
node_01425,ip_api,ipapi_com_unverified,49.9487,15.7933,Chrudim,CZ,,,False,,success,2026-06-07T13:43:07Z
node_01425,ipinfo,ipinfo,49.8888,15.8389,Lukavice,CZ,,,False,,success,2026-06-07T13:43:07Z
node_01425,ipwho_is,ipwhois_unverified,50.0653975,15.7788513,Staré Hradiště,CZ,,,False,,success,2026-06-07T13:43:07Z
node_01425,maxmind_geolite2,maxmind_geolite,50.069,15.7819,Staré Hradiště,CZ,10,1780418264,False,,success,2026-06-07T13:30:04Z
node_01425,reallyfreegeoip,maxmind_geolite,50.0657,15.9963,Holice,CZ,,,False,,success,2026-06-07T13:43:08Z
node_01542,dbip_lite,dbip_lite,51.5223,-0.6228119999999999,Slough,GB,,1780278471,False,,success,2026-06-07T13:30:04Z
node_01542,geojs,maxmind_geolite,51.5177,-0.6215,Slough,GB,,,False,,success,2026-06-07T13:46:03Z
node_01542,ip2location_lite,ip2location_lite,51.50853,-0.12574,London,GB,,1780555707,False,,success,2026-06-07T13:30:04Z
node_01542,ip_api,ipapi_com_unverified,51.5177,-0.6215,London,GB,,,False,,success,2026-06-07T13:46:02Z
node_01542,ipinfo,ipinfo,51.5085,-0.1257,London,GB,,,True,"hub:51.508,-0.126",success,2026-06-07T13:46:03Z
node_01542,ipwho_is,ipwhois_unverified,51.5073509,-0.1277583,London,GB,,,False,,success,2026-06-07T13:46:03Z
node_01542,maxmind_geolite2,maxmind_geolite,51.5177,-0.6215,Slough,GB,20,1780418264,False,,success,2026-06-07T13:30:04Z
node_01542,reallyfreegeoip,maxmind_geolite,51.5368,-0.6718,Slough,GB,,,False,,success,2026-06-07T13:46:03Z
node_01515,dbip_lite,dbip_lite,55.7558,37.6173,Moscow,RU,,1780278471,False,,success,2026-06-07T13:30:04Z
node_01515,geojs,maxmind_geolite,45.0448,38.9723,Krasnodar,RU,,,False,,success,2026-06-07T13:45:22Z
node_01515,ip2location_lite,ip2location_lite,45.048801,38.9725,Krasnodar,RU,,1780555707,False,,success,2026-06-07T13:30:04Z
node_01515,ip_api,ipapi_com_unverified,45.0355,38.975,Krasnodar,RU,,,False,,success,2026-06-07T13:45:22Z
node_01515,ipinfo,ipinfo,45.0453,38.9818,Krasnodar,RU,,,False,,success,2026-06-07T13:45:22Z
node_01515,ipwho_is,ipwhois_unverified,45.0392674,38.987221,Krasnodar,RU,,,False,,success,2026-06-07T13:45:22Z
node_01515,maxmind_geolite2,maxmind_geolite,45.0448,38.9723,Krasnodar,RU,20,1780418264,False,,success,2026-06-07T13:30:04Z
node_01515,reallyfreegeoip,maxmind_geolite,55.7483,37.6171,Moscow,RU,,,False,,success,2026-06-07T13:45:23Z
node_01422,dbip_lite,dbip_lite,50.1109,8.68213,Frankfurt am Main,DE,,1780278471,False,,success,2026-06-07T13:30:04Z
node_01422,geojs,maxmind_geolite,50.1169,8.6837,Frankfurt am Main,DE,,,False,,success,2026-06-07T13:43:03Z
node_01422,ip2location_lite,ip2location_lite,50.126961,8.66796,Westend-Nord,DE,,1780555707,False,,success,2026-06-07T13:30:04Z
node_01422,ip_api,ipapi_com_unverified,50.1169,8.6837,Frankfurt am Main,DE,,,False,,success,2026-06-07T13:43:02Z
node_01422,ipinfo,ipinfo,50.1155,8.6842,Frankfurt am Main,DE,,,False,,success,2026-06-07T13:43:03Z
node_01422,ipwho_is,ipwhois_unverified,50.1109221,8.6821267,Frankfurt,DE,,,False,,success,2026-06-07T13:43:03Z
node_01422,maxmind_geolite2,maxmind_geolite,50.1169,8.6837,Frankfurt am Main,DE,20,1780418264,False,,success,2026-06-07T13:30:04Z
node_01422,reallyfreegeoip,maxmind_geolite,50.1187,8.6842,Frankfurt am Main,DE,,,False,,success,2026-06-07T13:43:03Z
node_01459,dbip_lite,dbip_lite,50.1109,8.68213,Frankfurt am Main,DE,,1780278471,False,,success,2026-06-07T13:30:04Z
node_01459,geojs,maxmind_geolite,50.1169,8.6837,Frankfurt am Main,DE,,,False,,success,2026-06-07T13:43:58Z
node_01459,ip2location_lite,ip2location_lite,50.126961,8.66796,Westend-Nord,DE,,1780555707,False,,success,2026-06-07T13:30:04Z
node_01459,ip_api,ipapi_com_unverified,50.1169,8.6837,Frankfurt am Main,DE,,,False,,success,2026-06-07T13:43:57Z
node_01459,ipinfo,ipinfo,50.1155,8.6842,Frankfurt am Main,DE,,,False,,success,2026-06-07T13:43:58Z
node_01459,ipwho_is,ipwhois_unverified,50.1109221,8.6821267,Frankfurt,DE,,,False,,success,2026-06-07T13:43:58Z
node_01459,maxmind_geolite2,maxmind_geolite,50.1169,8.6837,Frankfurt am Main,DE,20,1780418264,False,,success,2026-06-07T13:30:04Z
node_01459,reallyfreegeoip,maxmind_geolite,50.1187,8.6842,Frankfurt am Main,DE,,,False,,success,2026-06-07T13:43:59Z
node_01248,dbip_lite,dbip_lite,48.1853,11.6028,Munich (Schwabing-Freimann),DE,,1780278471,False,,success,2026-06-07T13:30:03Z
node_01248,geojs,maxmind_geolite,51.2993,9.491,,DE,,,True,no_city,success,2026-06-07T13:38:42Z
node_01248,ip2location_lite,ip2location_lite,48.137428,11.57549,Munich,DE,,1780555707,False,,success,2026-06-07T13:30:03Z
node_01248,ip_api,ipapi_com_unverified,48.1853,11.6028,Munich,DE,,,False,,success,2026-06-07T13:38:41Z
node_01248,ipinfo,ipinfo,48.1374,11.5755,Munich,DE,,,False,,success,2026-06-07T13:38:42Z
node_01248,ipwho_is,ipwhois_unverified,50.1109221,8.6821267,Frankfurt,DE,,,False,,success,2026-06-07T13:38:42Z
node_01248,maxmind_geolite2,maxmind_geolite,51.2993,9.491,,DE,200,1780418264,True,no_city,success,2026-06-07T13:30:03Z
node_01248,reallyfreegeoip,maxmind_geolite,51.2993,9.491,,DE,,,True,no_city,success,2026-06-07T13:38:42Z
node_01104,dbip_lite,dbip_lite,67.3653,26.6282,Sodankylä,FI,,1780278471,False,,success,2026-06-07T13:30:00Z
node_01104,geojs,maxmind_geolite,62.9003,27.7167,Kuopio,FI,,,False,,success,2026-06-07T13:35:06Z
node_01104,ip2location_lite,ip2location_lite,67.416672,26.6,Sodankyla,FI,,1780555707,False,,success,2026-06-07T13:30:00Z
node_01104,ip_api,ipapi_com_unverified,62.8429,27.713,Kuopio,FI,,,False,,success,2026-06-07T13:35:04Z
node_01104,ipinfo,ipinfo,67.4167,26.6,Sodankylä,FI,,,False,,success,2026-06-07T13:35:05Z
node_01104,ipwho_is,ipwhois_unverified,62.89797,27.6781725,Kuopio,FI,,,False,,success,2026-06-07T13:35:05Z
node_01104,maxmind_geolite2,maxmind_geolite,62.9003,27.7167,Kuopio,FI,5,1780418264,False,,success,2026-06-07T13:30:00Z
node_01104,reallyfreegeoip,maxmind_geolite,62.902,27.644,Kuopio,FI,,,False,,success,2026-06-07T13:35:06Z
node_01227,dbip_lite,dbip_lite,51.701,17.9633,Skalmierzyce,PL,,1780278471,False,,success,2026-06-07T13:30:03Z
node_01227,geojs,maxmind_geolite,51.7147,17.932,Ociąż,PL,,,False,,success,2026-06-07T13:38:10Z
node_01227,ip2location_lite,ip2location_lite,51.710381,17.99337,Nowe Skalmierzyce,PL,,1780555707,False,,success,2026-06-07T13:30:03Z
node_01227,ip_api,ipapi_com_unverified,51.7147,17.932,Ociąż,PL,,,False,,success,2026-06-07T13:38:09Z
node_01227,ipinfo,ipinfo,51.701,17.9633,Skalmierzyce,PL,,,False,,success,2026-06-07T13:38:10Z
node_01227,ipwho_is,ipwhois_unverified,51.7111719,17.993399,Nowe Skalmierzyce,PL,,,False,,success,2026-06-07T13:38:10Z
node_01227,maxmind_geolite2,maxmind_geolite,51.7147,17.932,Ociąż,PL,5,1780418264,False,,success,2026-06-07T13:30:03Z
node_01227,reallyfreegeoip,maxmind_geolite,51.7308,17.9908,Boczków,PL,,,False,,success,2026-06-07T13:38:10Z
node_01446,dbip_lite,dbip_lite,59.4293,18.3476,Vaxholm,SE,,1780278471,False,,success,2026-06-07T13:30:04Z
node_01446,geojs,maxmind_geolite,59.3287,18.0717,Stockholm,SE,,,False,,success,2026-06-07T13:43:39Z
node_01446,ip2location_lite,ip2location_lite,55.839279,13.30393,Eslov,SE,,1780555707,False,,success,2026-06-07T13:30:04Z
node_01446,ip_api,ipapi_com_unverified,59.3287,18.0717,Stockholm,SE,,,False,,success,2026-06-07T13:43:38Z
node_01446,ipinfo,ipinfo,59.3294,18.0687,Stockholm,SE,,,False,,success,2026-06-07T13:43:39Z
node_01446,ipwho_is,ipwhois_unverified,59.3293235,18.0685808,Stockholm,SE,,,False,,success,2026-06-07T13:43:39Z
node_01446,maxmind_geolite2,maxmind_geolite,59.3287,18.0717,Stockholm,SE,20,1780418264,False,,success,2026-06-07T13:30:04Z
node_01446,reallyfreegeoip,maxmind_geolite,59.3241,18.0517,Stockholm,SE,,,False,,success,2026-06-07T13:43:39Z
node_01201,dbip_lite,dbip_lite,46.4702,30.7306,Odesa,UA,,1780278471,False,,success,2026-06-07T13:30:03Z
node_01201,geojs,maxmind_geolite,50.4522,30.5287,,UA,,,True,no_city,success,2026-06-07T13:37:31Z
node_01201,ip2location_lite,ip2location_lite,46.843342,30.079189,Rozdil'na,UA,,1780555707,False,,success,2026-06-07T13:30:03Z
node_01201,ip_api,ipapi_com_unverified,46.4702,30.7306,Odesa,UA,,,False,,success,2026-06-07T13:37:30Z
node_01201,ipinfo,ipinfo,46.8548,30.0709,Rozdilna,UA,,,False,,success,2026-06-07T13:37:31Z
node_01201,ipwho_is,ipwhois_unverified,46.482526,30.7233095,Odessa,UA,,,False,,success,2026-06-07T13:37:31Z
node_01201,maxmind_geolite2,maxmind_geolite,50.4522,30.5287,,UA,500,1780418264,True,no_city,success,2026-06-07T13:30:03Z
node_01201,reallyfreegeoip,maxmind_geolite,46.8376,30.074,Rozdilna,UA,,,False,,success,2026-06-07T13:37:31Z
node_01087,dbip_lite,dbip_lite,50.9115,14.6182,Varnsdorf,CZ,,1780278471,False,,success,2026-06-07T13:29:57Z
node_01087,geojs,maxmind_geolite,50.9164,14.615,Varnsdorf,CZ,,,False,,success,2026-06-07T13:34:40Z
node_01087,ip2location_lite,ip2location_lite,50.911541,14.61824,Varnsdorf,CZ,,1780555707,False,,success,2026-06-07T13:29:57Z
node_01087,ip_api,ipapi_com_unverified,50.9164,14.615,Varnsdorf,CZ,,,False,,success,2026-06-07T13:34:39Z
node_01087,ipinfo,ipinfo,50.8799,14.595,Dolní Podluží,CZ,,,False,,success,2026-06-07T13:34:40Z
node_01087,ipwho_is,ipwhois_unverified,50.9115477,14.6182477,Varnsdorf,CZ,,,False,,success,2026-06-07T13:34:40Z
node_01087,maxmind_geolite2,maxmind_geolite,50.9164,14.615,Varnsdorf,CZ,5,1780418264,False,,success,2026-06-07T13:29:57Z
node_01087,reallyfreegeoip,maxmind_geolite,50.9181,14.6225,Varnsdorf,CZ,,,False,,success,2026-06-07T13:34:40Z
node_01092,dbip_lite,dbip_lite,49.5981,10.9471,Erlangen (Büchenbach),DE,,1780278471,False,,success,2026-06-07T13:29:59Z
node_01092,geojs,maxmind_geolite,49.5985,10.9718,Erlangen,DE,,,False,,success,2026-06-07T13:34:48Z
node_01092,ip2location_lite,ip2location_lite,49.600479,10.93749,Kosbach,DE,,1780555707,False,,success,2026-06-07T13:29:59Z
node_01092,ip_api,ipapi_com_unverified,49.5985,10.9718,Erlangen,DE,,,False,,success,2026-06-07T13:34:47Z
node_01092,ipinfo,ipinfo,49.5986,10.9675,Erlangen,DE,,,False,,success,2026-06-07T13:34:47Z
node_01092,ipwho_is,ipwhois_unverified,49.5896744,11.0119611,Erlangen,DE,,,False,,success,2026-06-07T13:34:47Z
node_01092,maxmind_geolite2,maxmind_geolite,49.5985,10.9718,Erlangen,DE,20,1780418264,False,,success,2026-06-07T13:29:58Z
node_01092,reallyfreegeoip,maxmind_geolite,49.5985,10.9718,Erlangen,DE,,,False,,success,2026-06-07T13:34:48Z
node_01418,dbip_lite,dbip_lite,37.9356,23.9484,Spata,GR,,1780278471,False,,success,2026-06-07T13:30:04Z
node_01418,geojs,maxmind_geolite,51.5081,-0.1278,London,GB,,,False,,success,2026-06-07T13:42:57Z
node_01418,ip2location_lite,ip2location_lite,38.066551,23.766733,Iraklion,GR,,1780555707,False,,success,2026-06-07T13:30:04Z
node_01418,ip_api,ipapi_com_unverified,51.5081,-0.1278,London,GB,,,False,,success,2026-06-07T13:42:56Z
node_01418,ipinfo,ipinfo,37.9838,23.7278,Athens,GR,,,False,,success,2026-06-07T13:42:57Z
node_01418,ipwho_is,ipwhois_unverified,38.0664321,23.7668202,Metamorfosi,GR,,,False,,success,2026-06-07T13:42:57Z
node_01418,maxmind_geolite2,maxmind_geolite,51.5081,-0.1278,London,GB,20,1780418264,False,,success,2026-06-07T13:30:04Z
node_01418,reallyfreegeoip,maxmind_geolite,51.5074,-0.1196,London,GB,,,False,,success,2026-06-07T13:42:57Z
node_01449,dbip_lite,dbip_lite,44.3612,12.1802,San Bartolo,IT,,1780278471,False,,success,2026-06-07T13:30:04Z
node_01449,geojs,maxmind_geolite,44.4143,12.2134,Ravenna,IT,,,False,,success,2026-06-07T13:43:43Z
node_01449,ip2location_lite,ip2location_lite,44.417122,12.201212,Ravenna,IT,,1780555707,False,,success,2026-06-07T13:30:04Z
node_01449,ip_api,ipapi_com_unverified,44.4143,12.2134,Ravenna,IT,,,False,,success,2026-06-07T13:43:43Z
node_01449,ipinfo,ipinfo,44.4134,12.2012,Ravenna,IT,,,False,,success,2026-06-07T13:43:43Z
node_01449,ipwho_is,ipwhois_unverified,44.4183598,12.2035294,Ravenna,IT,,,False,,success,2026-06-07T13:43:43Z
node_01449,maxmind_geolite2,maxmind_geolite,44.4143,12.2134,Ravenna,IT,10,1780418264,False,,success,2026-06-07T13:30:04Z
node_01449,reallyfreegeoip,maxmind_geolite,44.4209,12.21,Ravenna,IT,,,False,,success,2026-06-07T13:43:44Z
node_01258,dbip_lite,dbip_lite,60.1699,24.9384,Helsinki,FI,,1780278471,False,,success,2026-06-07T13:30:03Z
node_01258,geojs,maxmind_geolite,60.1719,24.9347,Helsinki,FI,,,False,,success,2026-06-07T13:38:57Z
node_01258,ip2location_lite,ip2location_lite,60.169521,24.93545,Helsinki,FI,,1780555707,False,,success,2026-06-07T13:30:03Z
node_01258,ip_api,ipapi_com_unverified,60.158,24.924,Helsinki,FI,,,False,,success,2026-06-07T13:38:56Z
node_01258,ipinfo,ipinfo,60.1695,24.9354,Helsinki,FI,,,False,,success,2026-06-07T13:38:57Z
node_01258,ipwho_is,ipwhois_unverified,60.1698557,24.938379,Helsinki,FI,,,False,,success,2026-06-07T13:38:57Z
node_01258,maxmind_geolite2,maxmind_geolite,60.1719,24.9347,Helsinki,FI,20,1780418264,False,,success,2026-06-07T13:30:03Z
node_01258,reallyfreegeoip,maxmind_geolite,61.4933,23.759,Tampere,FI,,,False,,success,2026-06-07T13:38:57Z
node_01306,dbip_lite,dbip_lite,52.1672,4.48202,Leiden,NL,,1780278471,False,,success,2026-06-07T13:30:03Z
node_01306,geojs,maxmind_geolite,52.3672,4.918,Amsterdam,NL,,,False,,success,2026-06-07T13:40:09Z
node_01306,ip2location_lite,ip2location_lite,52.378502,4.89998,Amsterdam,NL,,1780555707,True,"hub:52.379,4.9",success,2026-06-07T13:30:03Z
node_01306,ip_api,ipapi_com_unverified,52.3672,4.918,Amsterdam,NL,,,False,,success,2026-06-07T13:40:08Z
node_01306,ipinfo,ipinfo,52.0767,4.2986,The Hague,NL,,,False,,success,2026-06-07T13:40:09Z
node_01306,ipwho_is,ipwhois_unverified,52.3702157,4.8951679,Amsterdam,NL,,,True,"hub:52.37,4.895",success,2026-06-07T13:40:09Z
node_01306,maxmind_geolite2,maxmind_geolite,52.3672,4.918,Amsterdam,NL,200,1780418264,False,,success,2026-06-07T13:30:03Z
node_01306,reallyfreegeoip,maxmind_geolite,52.3824,4.8995,,NL,,,True,no_city,success,2026-06-07T13:40:09Z
node_01466,dbip_lite,dbip_lite,52.3676,4.90414,Amsterdam,NL,,1780278471,False,,success,2026-06-07T13:30:04Z
node_01466,geojs,maxmind_geolite,52.3824,4.8995,,NL,,,True,no_city,success,2026-06-07T13:44:09Z
node_01466,ip2location_lite,ip2location_lite,52.378502,4.89998,Amsterdam,NL,,1780555707,True,"hub:52.379,4.9",success,2026-06-07T13:30:04Z
node_01466,ip_api,ipapi_com_unverified,52.3676,4.90414,Amsterdam,NL,,,False,,success,2026-06-07T13:44:08Z
node_01466,ipinfo,ipinfo,51.505,5.3139,Oirschot,NL,,,False,,success,2026-06-07T13:44:09Z
node_01466,ipwho_is,ipwhois_unverified,52.3702157,4.8951679,Amsterdam,NL,,,True,"hub:52.37,4.895",success,2026-06-07T13:44:09Z
node_01466,maxmind_geolite2,maxmind_geolite,52.3824,4.8995,,NL,100,1780418264,True,no_city,success,2026-06-07T13:30:04Z
node_01466,reallyfreegeoip,maxmind_geolite,52.3824,4.8995,,NL,,,True,no_city,success,2026-06-07T13:44:09Z
node_01080,dbip_lite,dbip_lite,48.1512,17.1126,Bratislava,SK,,1780278471,False,,success,2026-06-07T13:29:56Z
node_01080,geojs,maxmind_geolite,48.157,17.0915,Bratislava,SK,,,False,,success,2026-06-07T13:34:30Z
node_01080,ip2location_lite,ip2location_lite,48.148209,17.106958,Bratislava,SK,,1780555707,False,,success,2026-06-07T13:29:57Z
node_01080,ip_api,ipapi_com_unverified,48.157,17.0915,Bratislava,SK,,,False,,success,2026-06-07T13:34:29Z
node_01080,ipinfo,ipinfo,48.1482,17.1067,Bratislava,SK,,,False,,success,2026-06-07T13:34:29Z
node_01080,ipwho_is,ipwhois_unverified,49.3010575,20.6898463,Stará Ľubovňa,SK,,,False,,success,2026-06-07T13:34:29Z
node_01080,maxmind_geolite2,maxmind_geolite,48.157,17.0915,Bratislava,SK,20,1780418264,False,,success,2026-06-07T13:29:56Z
node_01080,reallyfreegeoip,maxmind_geolite,48.2492,17.4972,Veľký Grob,SK,,,False,,success,2026-06-07T13:34:30Z
node_01284,dbip_lite,dbip_lite,47.3301,5.04805,Dijon,FR,,1780278471,False,,success,2026-06-07T13:30:03Z
node_01284,geojs,maxmind_geolite,47.9047,1.9076,Orléans,FR,,,False,,success,2026-06-07T13:39:36Z
node_01284,ip2location_lite,ip2location_lite,47.316666,5.01656,Dijon,FR,,1780555707,False,,success,2026-06-07T13:30:03Z
node_01284,ip_api,ipapi_com_unverified,47.9047,1.9076,Orléans,FR,,,False,,success,2026-06-07T13:39:35Z
node_01284,ipinfo,ipinfo,47.3134,5.0139,Dijon,FR,,,False,,success,2026-06-07T13:39:36Z
node_01284,ipwho_is,ipwhois_unverified,47.902964,1.909251,Orléans,FR,,,False,,success,2026-06-07T13:39:36Z
node_01284,maxmind_geolite2,maxmind_geolite,47.9047,1.9076,Orléans,FR,100,1780418264,False,,success,2026-06-07T13:30:03Z
node_01284,reallyfreegeoip,maxmind_geolite,47.9047,1.9076,Orléans,FR,,,False,,success,2026-06-07T13:39:36Z
node_01424,dbip_lite,dbip_lite,40.6706,22.9083,Évosmos,GR,,1780278471,False,,success,2026-06-07T13:30:04Z
node_01424,geojs,maxmind_geolite,40.6439,22.9358,Thessaloniki,GR,,,False,,success,2026-06-07T13:43:06Z
node_01424,ip2location_lite,ip2location_lite,40.640331,22.943905,Thessaloniki,GR,,1780555707,False,,success,2026-06-07T13:30:04Z
node_01424,ip_api,ipapi_com_unverified,40.6439,22.9358,Thessaloniki,GR,,,False,,success,2026-06-07T13:43:05Z
node_01424,ipinfo,ipinfo,40.6407,22.9349,Thessaloníki,GR,,,False,,success,2026-06-07T13:43:06Z
node_01424,ipwho_is,ipwhois_unverified,40.6400629,22.9444191,Thessaloniki,GR,,,False,,success,2026-06-07T13:43:06Z
node_01424,maxmind_geolite2,maxmind_geolite,40.6439,22.9358,Thessaloniki,GR,20,1780418264,False,,success,2026-06-07T13:30:04Z
node_01424,reallyfreegeoip,maxmind_geolite,0.0,0.0,,,,,True,no_city,success,2026-06-07T13:43:06Z
node_01455,dbip_lite,dbip_lite,55.635,12.5794,Copenhagen (Amager Vest),DK,,1780278471,False,,success,2026-06-07T13:30:04Z
node_01455,geojs,maxmind_geolite,55.674,12.5696,,DK,,,True,no_city,success,2026-06-07T13:43:52Z
node_01455,ip2location_lite,ip2location_lite,55.874962,12.34579,Lillerod,DK,,1780555707,False,,success,2026-06-07T13:30:04Z
node_01455,ip_api,ipapi_com_unverified,55.6598,12.5652,Copenhagen,DK,,,False,,success,2026-06-07T13:43:52Z
node_01455,ipinfo,ipinfo,55.8704,12.3574,Allerød,DK,,,False,,success,2026-06-07T13:43:52Z
node_01455,ipwho_is,ipwhois_unverified,55.8684723,12.3429773,Lillerød,DK,,,False,,success,2026-06-07T13:43:52Z
node_01455,maxmind_geolite2,maxmind_geolite,55.674,12.5696,,DK,200,1780418264,True,no_city,success,2026-06-07T13:30:04Z
node_01455,reallyfreegeoip,maxmind_geolite,55.8719,12.3422,Allerød Municipality,DK,,,False,,success,2026-06-07T13:43:53Z
node_01440,dbip_lite,dbip_lite,50.644800000000004,29.9201,Borodianka,UA,,1780278471,False,,success,2026-06-07T13:30:04Z
node_01440,geojs,maxmind_geolite,50.5181,30.259,Irpin,UA,,,False,,success,2026-06-07T13:43:30Z
node_01440,ip2location_lite,ip2location_lite,50.521751,30.250549,Irpin',UA,,1780555707,False,,success,2026-06-07T13:30:04Z
node_01440,ip_api,ipapi_com_unverified,50.5198,30.2617,Irpin,UA,,,False,,success,2026-06-07T13:43:29Z
node_01440,ipinfo,ipinfo,50.5217,30.2506,Irpin,UA,,,False,,success,2026-06-07T13:43:30Z
node_01440,ipwho_is,ipwhois_unverified,50.6445031,29.9146299,Borodyanka,UA,,,False,,success,2026-06-07T13:43:30Z
node_01440,maxmind_geolite2,maxmind_geolite,50.5181,30.259,Irpin,UA,20,1780418264,False,,success,2026-06-07T13:30:04Z
node_01440,reallyfreegeoip,maxmind_geolite,50.5198,30.2617,Irpin,UA,,,False,,success,2026-06-07T13:43:30Z
node_01148,dbip_lite,dbip_lite,52.3676,4.90414,Amsterdam,NL,,1780278471,False,,success,2026-06-07T13:30:02Z
node_01148,geojs,maxmind_geolite,52.3716,4.8883,Amsterdam,NL,,,False,,success,2026-06-07T13:36:12Z
node_01148,ip2location_lite,ip2location_lite,52.378502,4.89998,Amsterdam,NL,,1780555707,True,"hub:52.379,4.9",success,2026-06-07T13:30:02Z
node_01148,ip_api,ipapi_com_unverified,52.3759,4.8975,Amsterdam,NL,,,False,,success,2026-06-07T13:36:11Z
node_01148,ipinfo,ipinfo,52.374,4.8897,Amsterdam,NL,,,False,,success,2026-06-07T13:36:11Z
node_01148,ipwho_is,ipwhois_unverified,52.3702157,4.8951679,Amsterdam,NL,,,True,"hub:52.37,4.895",success,2026-06-07T13:36:11Z
node_01148,maxmind_geolite2,maxmind_geolite,52.3716,4.8883,Amsterdam,NL,20,1780418264,False,,success,2026-06-07T13:30:02Z
node_01148,reallyfreegeoip,maxmind_geolite,52.3824,4.8995,,NL,,,True,no_city,success,2026-06-07T13:36:12Z
node_01541,dbip_lite,dbip_lite,-33.9088,151.196,Alexandria,AU,,1780278471,False,,success,2026-06-07T13:30:04Z
node_01541,geojs,maxmind_geolite,-33.8978,151.1899,Sydney,AU,,,False,,success,2026-06-07T13:46:01Z
node_01541,ip2location_lite,ip2location_lite,-33.867779,151.207047,Sydney,AU,,1780555707,False,,success,2026-06-07T13:30:04Z
node_01541,ip_api,ipapi_com_unverified,-33.9087,151.1956,Sydney,AU,,,False,,success,2026-06-07T13:46:01Z
node_01541,ipinfo,ipinfo,-33.8678,151.2073,Sydney,AU,,,False,,success,2026-06-07T13:46:01Z
node_01541,ipwho_is,ipwhois_unverified,-33.8688197,151.2092955,Sydney,AU,,,False,,success,2026-06-07T13:46:01Z
node_01541,maxmind_geolite2,maxmind_geolite,-33.8978,151.1899,Sydney,AU,20,1780418264,False,,success,2026-06-07T13:30:04Z
node_01541,reallyfreegeoip,maxmind_geolite,-33.8979,151.1897,Sydney,AU,,,False,,success,2026-06-07T13:46:02Z
node_01395,dbip_lite,dbip_lite,52.3676,4.90414,Amsterdam,NL,,1780278471,False,,success,2026-06-07T13:30:04Z
node_01395,geojs,maxmind_geolite,52.3716,4.8883,Amsterdam,NL,,,False,,success,2026-06-07T13:42:22Z
node_01395,ip2location_lite,ip2location_lite,52.378502,4.89998,Amsterdam,NL,,1780555707,True,"hub:52.379,4.9",success,2026-06-07T13:30:04Z
node_01395,ip_api,ipapi_com_unverified,52.3759,4.8975,Amsterdam,NL,,,False,,success,2026-06-07T13:42:22Z
node_01395,ipinfo,ipinfo,52.374,4.8897,Amsterdam,NL,,,False,,success,2026-06-07T13:42:22Z
node_01395,ipwho_is,ipwhois_unverified,52.3702157,4.8951679,Amsterdam,NL,,,True,"hub:52.37,4.895",success,2026-06-07T13:42:22Z
node_01395,maxmind_geolite2,maxmind_geolite,52.3716,4.8883,Amsterdam,NL,20,1780418264,False,,success,2026-06-07T13:30:04Z
node_01395,reallyfreegeoip,maxmind_geolite,52.6959,6.1847,Meppel,NL,,,False,,success,2026-06-07T13:42:23Z
node_01420,dbip_lite,dbip_lite,50.1081,18.4677,Jejkowice,PL,,1780278471,False,,success,2026-06-07T13:30:04Z
node_01420,geojs,maxmind_geolite,50.0995,18.5373,Rybnik,PL,,,False,,success,2026-06-07T13:43:00Z
node_01420,ip2location_lite,ip2location_lite,50.09713,18.54179,Rybnik,PL,,1780555707,False,,success,2026-06-07T13:30:04Z
node_01420,ip_api,ipapi_com_unverified,50.0995,18.5373,Rybnik,PL,,,False,,success,2026-06-07T13:42:59Z
node_01420,ipinfo,ipinfo,50.0971,18.5418,Rybnik,PL,,,False,,success,2026-06-07T13:43:00Z
node_01420,ipwho_is,ipwhois_unverified,50.1021742,18.5462847,Rybnik,PL,,,False,,success,2026-06-07T13:43:00Z
node_01420,maxmind_geolite2,maxmind_geolite,50.0995,18.5373,Rybnik,PL,20,1780418264,False,,success,2026-06-07T13:30:04Z
node_01420,reallyfreegeoip,maxmind_geolite,50.1036,18.508,Rybnik,PL,,,False,,success,2026-06-07T13:43:00Z
node_01239,dbip_lite,dbip_lite,50.913,13.0401,Frankenberg,DE,,1780278471,False,,success,2026-06-07T13:30:03Z
node_01239,geojs,maxmind_geolite,52.5121,13.3127,Berlin,DE,,,False,,success,2026-06-07T13:38:28Z
node_01239,ip2location_lite,ip2location_lite,50.989597,12.978179,Rossgen,DE,,1780555707,False,,success,2026-06-07T13:30:03Z
node_01239,ip_api,ipapi_com_unverified,52.4713,13.4481,Berlin,DE,,,False,,success,2026-06-07T13:38:28Z
node_01239,ipinfo,ipinfo,52.5244,13.4105,Berlin,DE,,,False,,success,2026-06-07T13:38:28Z
node_01239,ipwho_is,ipwhois_unverified,52.5200066,13.404954,Berlin,DE,,,False,,success,2026-06-07T13:38:28Z
node_01239,maxmind_geolite2,maxmind_geolite,52.5121,13.3127,Berlin,DE,200,1780418264,False,,success,2026-06-07T13:30:03Z
node_01239,reallyfreegeoip,maxmind_geolite,52.5309,13.3537,Berlin,DE,,,False,,success,2026-06-07T13:38:29Z
node_01344,dbip_lite,dbip_lite,46.0507,14.4984,Ljubljana,SI,,1780278471,False,,success,2026-06-07T13:30:04Z
node_01344,geojs,maxmind_geolite,46.0833,15.0,,SI,,,True,no_city,success,2026-06-07T13:41:06Z
node_01344,ip2location_lite,ip2location_lite,46.13179,14.99694,Zagorje ob Savi,SI,,1780555707,False,,success,2026-06-07T13:30:04Z
node_01344,ip_api,ipapi_com_unverified,46.0507,14.4984,Ljubljana,SI,,,False,,success,2026-06-07T13:41:05Z
node_01344,ipinfo,ipinfo,46.0511,14.5051,Ljubljana,SI,,,False,,success,2026-06-07T13:41:06Z
node_01344,ipwho_is,ipwhois_unverified,46.0569465,14.5057515,Ljubljana,SI,,,False,,success,2026-06-07T13:41:06Z
node_01344,maxmind_geolite2,maxmind_geolite,46.0833,15.0,,SI,50,1780418264,True,no_city,success,2026-06-07T13:30:04Z
node_01344,reallyfreegeoip,maxmind_geolite,46.0833,15.0,,SI,,,True,no_city,success,2026-06-07T13:41:06Z
node_01540,dbip_lite,dbip_lite,59.3293,18.0686,Stockholm,SE,,1780278471,False,,success,2026-06-07T13:30:04Z
node_01540,geojs,maxmind_geolite,59.3287,18.0717,Stockholm,SE,,,False,,success,2026-06-07T13:46:00Z
node_01540,ip2location_lite,ip2location_lite,59.332748,18.06484,Stockholm,SE,,1780555707,False,,success,2026-06-07T13:30:04Z
node_01540,ip_api,ipapi_com_unverified,59.3287,18.0717,Stockholm,SE,,,False,,success,2026-06-07T13:45:59Z
node_01540,ipinfo,ipinfo,59.3294,18.0687,Stockholm,SE,,,False,,success,2026-06-07T13:46:00Z
node_01540,ipwho_is,ipwhois_unverified,59.3293235,18.0685808,Stockholm,SE,,,False,,success,2026-06-07T13:46:00Z
node_01540,maxmind_geolite2,maxmind_geolite,59.3287,18.0717,Stockholm,SE,20,1780418264,False,,success,2026-06-07T13:30:04Z
node_01540,reallyfreegeoip,maxmind_geolite,51.4731,-0.3438,Isleworth,GB,,,False,,success,2026-06-07T13:46:00Z
node_01142,dbip_lite,dbip_lite,59.4227,17.8351,Jakobsberg,SE,,1780278471,False,,success,2026-06-07T13:30:02Z
node_01142,geojs,maxmind_geolite,56.8294,13.9402,Ljungby,SE,,,False,,success,2026-06-07T13:36:03Z
node_01142,ip2location_lite,ip2location_lite,59.42268,17.835079,Jakobsberg,SE,,1780555707,False,,success,2026-06-07T13:30:02Z
node_01142,ip_api,ipapi_com_unverified,56.8294,13.9402,Ljungby,SE,,,False,,success,2026-06-07T13:36:02Z
node_01142,ipinfo,ipinfo,59.4227,17.8351,Jakobsberg,SE,,,False,,success,2026-06-07T13:36:02Z
node_01142,ipwho_is,ipwhois_unverified,59.422571,17.833131,Jakobsberg,SE,,,False,,success,2026-06-07T13:36:02Z
node_01142,maxmind_geolite2,maxmind_geolite,56.8294,13.9402,Ljungby,SE,50,1780418264,False,,success,2026-06-07T13:30:02Z
node_01142,reallyfreegeoip,maxmind_geolite,56.8294,13.9402,Ljungby,SE,,,False,,success,2026-06-07T13:36:03Z
node_01464,dbip_lite,dbip_lite,40.904,29.2684,Pendik,TR,,1780278471,False,,success,2026-06-07T13:30:04Z
node_01464,geojs,maxmind_geolite,40.9018,29.262,Istanbul,TR,,,False,,success,2026-06-07T13:44:06Z
node_01464,ip2location_lite,ip2location_lite,41.01384,28.949659,Istanbul,TR,,1780555707,False,,success,2026-06-07T13:30:04Z
node_01464,ip_api,ipapi_com_unverified,40.9018,29.262,Istanbul,TR,,,False,,success,2026-06-07T13:44:05Z
node_01464,ipinfo,ipinfo,41.0138,28.9497,Istanbul,TR,,,False,,success,2026-06-07T13:44:06Z
node_01464,ipwho_is,ipwhois_unverified,41.0082376,28.9783589,Istanbul,TR,,,False,,success,2026-06-07T13:44:06Z
node_01464,maxmind_geolite2,maxmind_geolite,40.9018,29.262,Istanbul,TR,20,1780418264,False,,success,2026-06-07T13:30:04Z
node_01464,reallyfreegeoip,maxmind_geolite,40.9018,29.262,Istanbul,TR,,,False,,success,2026-06-07T13:44:06Z
node_01181,dbip_lite,dbip_lite,-1.28333,36.8167,Nairobi,KE,,1780278471,False,,success,2026-06-07T13:30:02Z
node_01181,geojs,maxmind_geolite,-1.2841,36.8155,Nairobi,KE,,,False,,success,2026-06-07T13:37:01Z
node_01181,ip2location_lite,ip2location_lite,-1.28333,36.816669,Nairobi,KE,,1780555707,False,,success,2026-06-07T13:30:02Z
node_01181,ip_api,ipapi_com_unverified,-1.2841,36.8155,Nairobi,KE,,,False,,success,2026-06-07T13:37:00Z
node_01181,ipinfo,ipinfo,-1.2833,36.8167,Nairobi,KE,,,False,,success,2026-06-07T13:37:01Z
node_01181,ipwho_is,ipwhois_unverified,-1.2920659,36.8219462,Nairobi,KE,,,False,,success,2026-06-07T13:37:01Z
node_01181,maxmind_geolite2,maxmind_geolite,-1.2841,36.8155,Nairobi,KE,5,1780418264,False,,success,2026-06-07T13:30:02Z
node_01181,reallyfreegeoip,maxmind_geolite,-1.2841,36.8155,Nairobi,KE,,,False,,success,2026-06-07T13:37:01Z
node_01192,dbip_lite,dbip_lite,-6.81072,39.2907,Dar es Salaam,TZ,,1780278471,False,,success,2026-06-07T13:30:03Z
node_01192,geojs,maxmind_geolite,-6.8227,39.291,,TZ,,,True,no_city,success,2026-06-07T13:37:18Z
node_01192,ip2location_lite,ip2location_lite,-6.8,39.25,Magomeni,TZ,,1780555707,False,,success,2026-06-07T13:30:03Z
node_01192,ip_api,ipapi_com_unverified,-6.81072,39.2907,Dar es Salaam,TZ,,,False,,success,2026-06-07T13:37:17Z
node_01192,ipinfo,ipinfo,-6.8235,39.2695,Dar es Salaam,TZ,,,False,,success,2026-06-07T13:37:17Z
node_01192,ipwho_is,ipwhois_unverified,-6.792354,39.2083284,Dar es Salaam,TZ,,,False,,success,2026-06-07T13:37:17Z
node_01192,maxmind_geolite2,maxmind_geolite,-6.8227,39.291,,TZ,1000,1780418264,True,no_city,success,2026-06-07T13:30:03Z
node_01192,reallyfreegeoip,maxmind_geolite,-6.8227,39.2936,,TZ,,,True,no_city,success,2026-06-07T13:37:18Z
node_01426,dbip_lite,dbip_lite,-33.9221,18.4231,Cape Town,ZA,,1780278471,False,,success,2026-06-07T13:30:04Z
node_01426,geojs,maxmind_geolite,-33.9303,18.8456,Stellenbosch,ZA,,,False,,success,2026-06-07T13:43:09Z
node_01426,ip2location_lite,ip2location_lite,-33.934387,18.867214,Stellenbosch,ZA,,1780555707,False,,success,2026-06-07T13:30:04Z
node_01426,ip_api,ipapi_com_unverified,-33.9303,18.8456,Stellenbosch,ZA,,,False,,success,2026-06-07T13:43:08Z
node_01426,ipinfo,ipinfo,-33.9258,18.4232,Cape Town,ZA,,,False,,success,2026-06-07T13:43:09Z
node_01426,ipwho_is,ipwhois_unverified,-33.9248685,18.4240553,Cape Town,ZA,,,False,,success,2026-06-07T13:43:09Z
node_01426,maxmind_geolite2,maxmind_geolite,-33.9303,18.8456,Stellenbosch,ZA,50,1780418264,False,,success,2026-06-07T13:30:04Z
node_01426,reallyfreegeoip,maxmind_geolite,-33.9304,18.846,Stellenbosch,ZA,,,False,,success,2026-06-07T13:43:09Z
node_01505,dbip_lite,dbip_lite,49.8989,-96.9744,Winnipeg (Canterbury Park),CA,,1780278471,False,,success,2026-06-07T13:30:04Z
node_01505,geojs,maxmind_geolite,43.6319,-79.3716,,CA,,,True,no_city,success,2026-06-07T13:45:07Z
node_01505,ip2location_lite,ip2location_lite,49.8848,-97.147041,Winnipeg,CA,,1780555707,False,,success,2026-06-07T13:30:04Z
node_01505,ip_api,ipapi_com_unverified,49.8989,-96.9744,Winnipeg,CA,,,False,,success,2026-06-07T13:45:07Z
node_01505,ipinfo,ipinfo,49.8844,-97.147,Winnipeg,CA,,,False,,success,2026-06-07T13:45:07Z
node_01505,ipwho_is,ipwhois_unverified,49.8997541,-97.1374937,Winnipeg,CA,,,False,,success,2026-06-07T13:45:07Z
node_01505,maxmind_geolite2,maxmind_geolite,43.6319,-79.3716,,CA,1000,1780418264,True,no_city,success,2026-06-07T13:30:04Z
node_01505,reallyfreegeoip,maxmind_geolite,43.6319,-79.3716,,CA,,,True,no_city,success,2026-06-07T13:45:08Z
node_01513,dbip_lite,dbip_lite,43.7198,-79.3315,Toronto (North York),CA,,1780278471,False,,success,2026-06-07T13:30:04Z
node_01513,geojs,maxmind_geolite,43.7292,-79.393,Toronto,CA,,,False,,success,2026-06-07T13:45:19Z
node_01513,ip2location_lite,ip2location_lite,43.80011,-79.48291,Concord,CA,,1780555707,False,,success,2026-06-07T13:30:04Z
node_01513,ip_api,ipapi_com_unverified,43.8678,-79.442,Richmond Hill,CA,,,False,,success,2026-06-07T13:45:19Z
node_01513,ipinfo,ipinfo,43.7064,-79.3986,Toronto,CA,,,False,,success,2026-06-07T13:45:19Z
node_01513,ipwho_is,ipwhois_unverified,43.653226,-79.3831843,Toronto,CA,,,False,,success,2026-06-07T13:45:19Z
node_01513,maxmind_geolite2,maxmind_geolite,43.7292,-79.393,Toronto,CA,10,1780418264,False,,success,2026-06-07T13:30:04Z
node_01513,reallyfreegeoip,maxmind_geolite,43.5639,-79.7172,Mississauga,CA,,,False,,success,2026-06-07T13:45:20Z
node_01403,dbip_lite,dbip_lite,47.6705,-122.122,Redmond (Downtown),US,,1780278471,False,,success,2026-06-07T13:30:04Z
node_01403,geojs,maxmind_geolite,33.4413,-112.0421,Phoenix,US,,,False,,success,2026-06-07T13:42:34Z
node_01403,ip2location_lite,ip2location_lite,33.448231,-112.074051,Phoenix,US,,1780555707,False,,success,2026-06-07T13:30:04Z
node_01403,ip_api,ipapi_com_unverified,33.4413,-112.0421,Phoenix,US,,,False,,success,2026-06-07T13:42:34Z
node_01403,ipinfo,ipinfo,33.4484,-112.074,Phoenix,US,,,False,,success,2026-06-07T13:42:34Z
node_01403,ipwho_is,ipwhois_unverified,33.4483771,-112.0740373,Phoenix,US,,,False,,success,2026-06-07T13:42:34Z
node_01403,maxmind_geolite2,maxmind_geolite,33.4413,-112.0421,Phoenix,US,20,1780418264,False,,success,2026-06-07T13:30:04Z
node_01403,reallyfreegeoip,maxmind_geolite,33.4168,-112.0268,Phoenix,US,,,False,,success,2026-06-07T13:42:35Z
node_01151,dbip_lite,dbip_lite,38.9195,-77.2196,McLean,US,,1780278471,False,,success,2026-06-07T13:30:02Z
node_01151,geojs,maxmind_geolite,37.751,-97.822,,US,,,True,no_city,success,2026-06-07T13:36:16Z
node_01151,ip2location_lite,ip2location_lite,40.713192,-74.006065,New York City,US,,1780555707,False,,success,2026-06-07T13:30:02Z
node_01151,ip_api,ipapi_com_unverified,38.9195,-77.2196,McLean,US,,,False,,success,2026-06-07T13:36:15Z
node_01151,ipinfo,ipinfo,47.6062,-122.3321,Seattle,US,,,False,,success,2026-06-07T13:36:16Z
node_01151,ipwho_is,ipwhois_unverified,38.9338676,-77.1772604,McLean,US,,,False,,success,2026-06-07T13:36:16Z
node_01151,maxmind_geolite2,maxmind_geolite,37.751,-97.822,,US,1000,1780418264,True,no_city,success,2026-06-07T13:30:02Z
node_01151,reallyfreegeoip,maxmind_geolite,37.751,-97.822,,US,,,True,no_city,success,2026-06-07T13:36:16Z
node_01384,dbip_lite,dbip_lite,27.3573,-82.2461,Myakka City,US,,1780278471,False,,success,2026-06-07T13:30:04Z
node_01384,geojs,maxmind_geolite,27.3498,-82.1615,Myakka City,US,,,False,,success,2026-06-07T13:42:06Z
node_01384,ip2location_lite,ip2location_lite,27.292549,-82.437599,Lake Sarasota,US,,1780555707,False,,success,2026-06-07T13:30:04Z
node_01384,ip_api,ipapi_com_unverified,27.3498,-82.1615,Myakka City,US,,,False,,success,2026-06-07T13:42:05Z
node_01384,ipinfo,ipinfo,27.2901,-82.3601,Utopia,US,,,False,,success,2026-06-07T13:42:06Z
node_01384,ipwho_is,ipwhois_unverified,27.950575,-82.4571776,Tampa,US,,,False,,success,2026-06-07T13:42:06Z
node_01384,maxmind_geolite2,maxmind_geolite,27.3498,-82.1615,Myakka City,US,20,1780418264,False,,success,2026-06-07T13:30:04Z
node_01384,reallyfreegeoip,maxmind_geolite,27.3498,-82.1615,Myakka City,US,,,False,,success,2026-06-07T13:42:06Z
node_01167,dbip_lite,dbip_lite,49.8047,73.1094,Karaganda,KZ,,1780278471,False,,success,2026-06-07T13:30:02Z
node_01167,geojs,maxmind_geolite,49.7989,73.0994,Karaganda,KZ,,,False,,success,2026-06-07T13:36:40Z
node_01167,ip2location_lite,ip2location_lite,49.802776,73.105553,Karagandy,KZ,,1780555707,False,,success,2026-06-07T13:30:02Z
node_01167,ip_api,ipapi_com_unverified,49.7989,73.0994,Karaganda,KZ,,,False,,success,2026-06-07T13:36:39Z
node_01167,ipinfo,ipinfo,50.2503,66.9038,Arkalyk,KZ,,,False,,success,2026-06-07T13:36:40Z
node_01167,ipwho_is,ipwhois_unverified,49.8046835,73.1093826,Karagandy,KZ,,,False,,success,2026-06-07T13:36:40Z
node_01167,maxmind_geolite2,maxmind_geolite,49.7989,73.0994,Karaganda,KZ,20,1780418264,False,,success,2026-06-07T13:30:02Z
node_01167,reallyfreegeoip,maxmind_geolite,49.7989,73.0994,Karaganda,KZ,,,False,,success,2026-06-07T13:36:40Z
node_01413,dbip_lite,dbip_lite,52.3676,4.90414,Amsterdam,NL,,1780278471,False,,success,2026-06-07T13:30:04Z
node_01413,geojs,maxmind_geolite,52.3716,4.8883,Amsterdam,NL,,,False,,success,2026-06-07T13:42:49Z
node_01413,ip2location_lite,ip2location_lite,52.378502,4.89998,Amsterdam,NL,,1780555707,True,"hub:52.379,4.9",success,2026-06-07T13:30:04Z
node_01413,ip_api,ipapi_com_unverified,52.3759,4.8975,Amsterdam,NL,,,False,,success,2026-06-07T13:42:49Z
node_01413,ipinfo,ipinfo,52.374,4.8897,Amsterdam,NL,,,False,,success,2026-06-07T13:42:49Z
node_01413,ipwho_is,ipwhois_unverified,52.3702157,4.8951679,Amsterdam,NL,,,True,"hub:52.37,4.895",success,2026-06-07T13:42:49Z
node_01413,maxmind_geolite2,maxmind_geolite,52.3716,4.8883,Amsterdam,NL,20,1780418264,False,,success,2026-06-07T13:30:04Z
node_01413,reallyfreegeoip,maxmind_geolite,51.8613,-0.4656,Luton,GB,,,False,,success,2026-06-07T13:42:50Z
node_01416,dbip_lite,dbip_lite,37.9315,23.7678,Ilioúpoli,GR,,1780278471,False,,success,2026-06-07T13:30:04Z
node_01416,geojs,maxmind_geolite,37.9842,23.7353,Athens,GR,,,False,,success,2026-06-07T13:42:54Z
node_01416,ip2location_lite,ip2location_lite,37.97945,23.716246,Athens,GR,,1780555707,False,,success,2026-06-07T13:30:04Z
node_01416,ip_api,ipapi_com_unverified,37.9842,23.7353,Athens,GR,,,False,,success,2026-06-07T13:42:53Z
node_01416,ipinfo,ipinfo,37.9333,23.7333,Agios Dimitrios,GR,,,False,,success,2026-06-07T13:42:54Z
node_01416,ipwho_is,ipwhois_unverified,37.9059632,23.753752,Argyroupoli,GR,,,False,,success,2026-06-07T13:42:54Z
node_01416,maxmind_geolite2,maxmind_geolite,37.9842,23.7353,Athens,GR,5,1780418264,False,,success,2026-06-07T13:30:04Z
node_01416,reallyfreegeoip,maxmind_geolite,37.9842,23.7353,Athens,GR,,,False,,success,2026-06-07T13:42:54Z
node_01391,dbip_lite,dbip_lite,63.4305,10.3951,Trondheim,NO,,1780278471,False,,success,2026-06-07T13:30:04Z
node_01391,geojs,maxmind_geolite,59.9133,10.7389,Oslo,NO,,,False,,success,2026-06-07T13:42:16Z
node_01391,ip2location_lite,ip2location_lite,59.91275,10.74609,Oslo,NO,,1780555707,False,,success,2026-06-07T13:30:04Z
node_01391,ip_api,ipapi_com_unverified,59.91662,10.982052,Lorenskog,NO,,,False,,success,2026-06-07T13:42:16Z
node_01391,ipinfo,ipinfo,59.9127,10.7461,Oslo,NO,,,False,,success,2026-06-07T13:42:16Z
node_01391,ipwho_is,ipwhois_unverified,63.4305149,10.3950528,Trondheim,NO,,,False,,success,2026-06-07T13:42:16Z
node_01391,maxmind_geolite2,maxmind_geolite,59.9133,10.7389,Oslo,NO,20,1780418264,False,,success,2026-06-07T13:30:04Z
node_01391,reallyfreegeoip,maxmind_geolite,59.9016,10.7343,Oslo,NO,,,False,,success,2026-06-07T13:42:17Z
node_01392,dbip_lite,dbip_lite,43.6532,-79.3832,Toronto,CA,,1780278471,False,,success,2026-06-07T13:30:04Z
node_01392,geojs,maxmind_geolite,43.709,-79.4057,Toronto,CA,,,False,,success,2026-06-07T13:42:18Z
node_01392,ip2location_lite,ip2location_lite,43.65366,-79.382927,Toronto,CA,,1780555707,False,,success,2026-06-07T13:30:04Z
node_01392,ip_api,ipapi_com_unverified,43.653,-79.383,Toronto,CA,,,False,,success,2026-06-07T13:42:17Z
node_01392,ipinfo,ipinfo,43.7064,-79.3986,Toronto,CA,,,False,,success,2026-06-07T13:42:18Z
node_01392,ipwho_is,ipwhois_unverified,43.653226,-79.3831843,Toronto,CA,,,False,,success,2026-06-07T13:42:18Z
node_01392,maxmind_geolite2,maxmind_geolite,43.709,-79.4057,Toronto,CA,10,1780418264,False,,success,2026-06-07T13:30:04Z
node_01392,reallyfreegeoip,maxmind_geolite,43.709,-79.4057,Toronto,CA,,,False,,success,2026-06-07T13:42:18Z
node_01470,dbip_lite,dbip_lite,-32.3822,-63.2608,Villa María,AR,,1780278471,False,,success,2026-06-07T13:30:04Z
node_01470,geojs,maxmind_geolite,-34.6022,-58.3845,,AR,,,True,no_city,success,2026-06-07T13:44:15Z
node_01470,ip2location_lite,ip2location_lite,-34.6036,-58.381554,Buenos Aires,AR,,1780555707,False,,success,2026-06-07T13:30:04Z
node_01470,ip_api,ipapi_com_unverified,-32.3822,-63.2608,Villa María,AR,,,False,,success,2026-06-07T13:44:14Z
node_01470,ipinfo,ipinfo,-32.4075,-63.2402,Villa María,AR,,,False,,success,2026-06-07T13:44:15Z
node_01470,ipwho_is,ipwhois_unverified,-34.6036844,-58.3815591,Buenos Aires,AR,,,False,,success,2026-06-07T13:44:15Z
node_01470,maxmind_geolite2,maxmind_geolite,-34.6022,-58.3845,,AR,1000,1780418264,True,no_city,success,2026-06-07T13:30:04Z
node_01470,reallyfreegeoip,maxmind_geolite,-34.6023,-58.3845,,AR,,,True,no_city,success,2026-06-07T13:44:15Z
node_01211,dbip_lite,dbip_lite,-23.5558,-46.6396,São Paulo,BR,,1780278471,False,,success,2026-06-07T13:30:03Z
node_01211,geojs,maxmind_geolite,-21.2397,-50.3368,Birigui,BR,,,False,,success,2026-06-07T13:37:46Z
node_01211,ip2location_lite,ip2location_lite,-20.819635,-49.379532,Sao Jose do Rio Preto,BR,,1780555707,False,,success,2026-06-07T13:30:03Z
node_01211,ip_api,ipapi_com_unverified,-21.2397,-50.3368,Birigui,BR,,,False,,success,2026-06-07T13:37:45Z
node_01211,ipinfo,ipinfo,-20.8197,-49.3794,São José do Rio Preto,BR,,,False,,success,2026-06-07T13:37:46Z
node_01211,ipwho_is,ipwhois_unverified,-23.5505199,-46.6333094,São Paulo,BR,,,False,,success,2026-06-07T13:37:46Z
node_01211,maxmind_geolite2,maxmind_geolite,-21.2397,-50.3368,Birigui,BR,100,1780418264,False,,success,2026-06-07T13:30:03Z
node_01211,reallyfreegeoip,maxmind_geolite,-21.2016,-50.4303,Araçatuba,BR,,,False,,success,2026-06-07T13:37:46Z
node_01146,dbip_lite,dbip_lite,-23.5611,-46.6876,Pinheiros,BR,,1780278471,False,,success,2026-06-07T13:30:02Z
node_01146,geojs,maxmind_geolite,-23.6293,-46.6351,São Paulo,BR,,,False,,success,2026-06-07T13:36:09Z
node_01146,ip2location_lite,ip2location_lite,-23.547121,-46.637184,Sao Paulo,BR,,1780555707,False,,success,2026-06-07T13:30:02Z
node_01146,ip_api,ipapi_com_unverified,-23.6293,-46.6351,São Paulo,BR,,,False,,success,2026-06-07T13:36:08Z
node_01146,ipinfo,ipinfo,-23.5475,-46.6361,São Paulo,BR,,,False,,success,2026-06-07T13:36:08Z
node_01146,ipwho_is,ipwhois_unverified,-23.5599955,-46.696441,Pinheiros,BR,,,False,,success,2026-06-07T13:36:08Z
node_01146,maxmind_geolite2,maxmind_geolite,-23.6293,-46.6351,São Paulo,BR,5,1780418264,False,,success,2026-06-07T13:30:02Z
node_01146,reallyfreegeoip,maxmind_geolite,-22.8305,-43.2192,,BR,,,True,no_city,success,2026-06-07T13:36:09Z
node_01122,dbip_lite,dbip_lite,-25.4318,-49.2662,Curitiba (Centro),BR,,1780278471,False,,success,2026-06-07T13:30:01Z
node_01122,geojs,maxmind_geolite,-25.5026,-49.2908,Curitiba,BR,,,False,,success,2026-06-07T13:35:33Z
node_01122,ip2location_lite,ip2location_lite,-25.444719,-49.192501,Pinhais,BR,,1780555707,False,,success,2026-06-07T13:30:01Z
node_01122,ip_api,ipapi_com_unverified,-25.5026,-49.2908,Curitiba,BR,,,False,,success,2026-06-07T13:35:32Z
node_01122,ipinfo,ipinfo,-25.4278,-49.2731,Curitiba,BR,,,False,,success,2026-06-07T13:35:32Z
node_01122,ipwho_is,ipwhois_unverified,-25.4289541,-49.267137,Curitiba,BR,,,False,,success,2026-06-07T13:35:32Z
node_01122,maxmind_geolite2,maxmind_geolite,-25.5026,-49.2908,Curitiba,BR,20,1780418264,False,,success,2026-06-07T13:30:01Z
node_01122,reallyfreegeoip,maxmind_geolite,-25.5026,-49.2908,Curitiba,BR,,,False,,success,2026-06-07T13:35:33Z
node_01114,dbip_lite,dbip_lite,-8.10858,-34.919200000000004,Ipsep,BR,,1780278471,False,,success,2026-06-07T13:30:01Z
node_01114,geojs,maxmind_geolite,-8.0009,-34.8687,Recife,BR,,,False,,success,2026-06-07T13:35:21Z
node_01114,ip2location_lite,ip2location_lite,-8.05377,-34.881348,Recife,BR,,1780555707,False,,success,2026-06-07T13:30:01Z
node_01114,ip_api,ipapi_com_unverified,-8.0009,-34.8687,Recife,BR,,,False,,success,2026-06-07T13:35:20Z
node_01114,ipinfo,ipinfo,-8.1803,-35.0014,Jaboatão,BR,,,False,,success,2026-06-07T13:35:20Z
node_01114,ipwho_is,ipwhois_unverified,-8.0578381,-34.8828969,Recife,BR,,,False,,success,2026-06-07T13:35:20Z
node_01114,maxmind_geolite2,maxmind_geolite,-8.0009,-34.8687,Recife,BR,10,1780418264,False,,success,2026-06-07T13:30:01Z
node_01114,reallyfreegeoip,maxmind_geolite,-8.0009,-34.8687,Recife,BR,,,False,,success,2026-06-07T13:35:21Z
node_01572,dbip_lite,dbip_lite,-35.2835,149.128,Canberra,AU,,1780278471,False,,success,2026-06-07T13:30:04Z
node_01572,geojs,maxmind_geolite,-33.8804,151.1866,Sydney,AU,,,False,,success,2026-06-07T13:46:48Z
node_01572,ip2location_lite,ip2location_lite,-35.283459,149.128067,Canberra,AU,,1780555707,False,,success,2026-06-07T13:30:04Z
node_01572,ip_api,ipapi_com_unverified,-33.875,151.1608,Sydney,AU,,,False,,success,2026-06-07T13:46:47Z
node_01572,ipinfo,ipinfo,-33.8678,151.2073,Sydney,AU,,,False,,success,2026-06-07T13:46:48Z
node_01572,ipwho_is,ipwhois_unverified,-35.2809368,149.1300092,Canberra,AU,,,False,,success,2026-06-07T13:46:48Z
node_01572,maxmind_geolite2,maxmind_geolite,-33.8804,151.1866,Sydney,AU,500,1780418264,True,r>=500km,success,2026-06-07T13:30:04Z
node_01572,reallyfreegeoip,maxmind_geolite,-33.7997,151.0466,Sydney,AU,,,False,,success,2026-06-07T13:46:48Z
node_01338,dbip_lite,dbip_lite,-33.8714,151.195,Pyrmont,AU,,1780278471,False,,success,2026-06-07T13:30:04Z
node_01338,geojs,maxmind_geolite,-33.8681,151.1967,Sydney,AU,,,False,,success,2026-06-07T13:40:57Z
node_01338,ip2location_lite,ip2location_lite,-33.86985,151.194016,Pyrmont,AU,,1780555707,False,,success,2026-06-07T13:30:04Z
node_01338,ip_api,ipapi_com_unverified,-33.8681,151.1967,Sydney,AU,,,False,,success,2026-06-07T13:40:56Z
node_01338,ipinfo,ipinfo,-33.8678,151.2073,Sydney,AU,,,False,,success,2026-06-07T13:40:57Z
node_01338,ipwho_is,ipwhois_unverified,-33.8688197,151.2092955,Sydney,AU,,,False,,success,2026-06-07T13:40:57Z
node_01338,maxmind_geolite2,maxmind_geolite,-33.8681,151.1967,Sydney,AU,20,1780418264,False,,success,2026-06-07T13:30:04Z
node_01338,reallyfreegeoip,maxmind_geolite,-33.8681,151.1967,Sydney,AU,,,False,,success,2026-06-07T13:40:57Z
node_01095,dbip_lite,dbip_lite,35.6916,139.768,Chiyoda City,JP,,1780278471,False,,success,2026-06-07T13:29:59Z
node_01095,geojs,maxmind_geolite,35.69,139.69,,JP,,,True,no_city,success,2026-06-07T13:34:52Z
node_01095,ip2location_lite,ip2location_lite,35.73333,140.833328,Hasaki,JP,,1780555707,False,,success,2026-06-07T13:29:59Z
node_01095,ip_api,ipapi_com_unverified,35.6916,139.768,Chiyoda City,JP,,,False,,success,2026-06-07T13:34:51Z
node_01095,ipinfo,ipinfo,34.6938,135.5011,Osaka,JP,,,False,,success,2026-06-07T13:34:52Z
node_01095,ipwho_is,ipwhois_unverified,35.6952553,139.7620134,Chiyoda City,JP,,,False,,success,2026-06-07T13:34:52Z
node_01095,maxmind_geolite2,maxmind_geolite,35.69,139.69,,JP,500,1780418264,True,no_city,success,2026-06-07T13:29:59Z
node_01095,reallyfreegeoip,maxmind_geolite,35.6897,139.6895,,JP,,,True,no_city,success,2026-06-07T13:34:52Z
node_01150,dbip_lite,dbip_lite,-41.2708,173.284,Nelson,NZ,,1780278471,False,,success,2026-06-07T13:30:02Z
node_01150,geojs,maxmind_geolite,-36.8869,174.769,Auckland,NZ,,,False,,success,2026-06-07T13:36:15Z
node_01150,ip2location_lite,ip2location_lite,-41.133331,174.850006,Porirua,NZ,,1780555707,False,,success,2026-06-07T13:30:02Z
node_01150,ip_api,ipapi_com_unverified,-36.8504,174.7675,Auckland,NZ,,,False,,success,2026-06-07T13:36:14Z
node_01150,ipinfo,ipinfo,-36.8485,174.7635,Auckland,NZ,,,False,,success,2026-06-07T13:36:14Z
node_01150,ipwho_is,ipwhois_unverified,-41.2706319,173.2839653,Nelson,NZ,,,False,,success,2026-06-07T13:36:14Z
node_01150,maxmind_geolite2,maxmind_geolite,-36.8869,174.769,Auckland,NZ,100,1780418264,False,,success,2026-06-07T13:30:02Z
node_01150,reallyfreegeoip,maxmind_geolite,-41.3675,174.7153,Wellington,NZ,,,False,,success,2026-06-07T13:36:15Z
node_01197,dbip_lite,dbip_lite,-41.2708,173.284,Nelson,NZ,,1780278471,False,,success,2026-06-07T13:30:03Z
node_01197,geojs,maxmind_geolite,-36.8322,174.7898,Auckland,NZ,,,False,,success,2026-06-07T13:37:25Z
node_01197,ip2location_lite,ip2location_lite,-36.883331,175.050003,Maraetai,NZ,,1780555707,False,,success,2026-06-07T13:30:03Z
node_01197,ip_api,ipapi_com_unverified,-38.1387,176.245,Rotorua,NZ,,,False,,success,2026-06-07T13:37:24Z
node_01197,ipinfo,ipinfo,-36.8485,174.7635,Auckland,NZ,,,False,,success,2026-06-07T13:37:25Z
node_01197,ipwho_is,ipwhois_unverified,-36.8484597,174.7633315,Auckland,NZ,,,False,,success,2026-06-07T13:37:25Z
node_01197,maxmind_geolite2,maxmind_geolite,-36.8322,174.7898,Auckland,NZ,200,1780418264,False,,success,2026-06-07T13:30:03Z
node_01197,reallyfreegeoip,maxmind_geolite,-36.8087,174.7815,Auckland,NZ,,,False,,success,2026-06-07T13:37:25Z
node_01102,dbip_lite,dbip_lite,38.8209,-78.5658,Edinburg,US,,1780278471,False,,success,2026-06-07T13:30:00Z
node_01102,geojs,maxmind_geolite,38.8231,-78.5699,Edinburg,US,,,False,,success,2026-06-07T13:35:03Z
node_01102,ip2location_lite,ip2location_lite,38.82095,-78.565849,Edinburg,US,,1780555707,False,,success,2026-06-07T13:30:00Z
node_01102,ip_api,ipapi_com_unverified,38.8231,-78.5699,Edinburg,US,,,False,,success,2026-06-07T13:35:02Z
node_01102,ipinfo,ipinfo,38.821,-78.5658,Edinburg,US,,,False,,success,2026-06-07T13:35:02Z
node_01102,ipwho_is,ipwhois_unverified,38.8235342,-78.5693456,Edinburg,US,,,False,,success,2026-06-07T13:35:02Z
node_01102,maxmind_geolite2,maxmind_geolite,38.8231,-78.5699,Edinburg,US,20,1780418264,False,,success,2026-06-07T13:30:00Z
node_01102,reallyfreegeoip,maxmind_geolite,38.8231,-78.5699,Edinburg,US,,,False,,success,2026-06-07T13:35:03Z
node_01528,dbip_lite,dbip_lite,37.3387,-121.885,San Jose,US,,1780278471,False,,success,2026-06-07T13:30:04Z
node_01528,geojs,maxmind_geolite,37.751,-97.822,,US,,,True,no_city,success,2026-06-07T13:45:42Z
node_01528,ip2location_lite,ip2location_lite,22.285521,114.157692,Hong Kong,HK,,1780555707,False,,success,2026-06-07T13:30:04Z
node_01528,ip_api,ipapi_com_unverified,37.3387,-121.885,San Jose,US,,,False,,success,2026-06-07T13:45:41Z
node_01528,ipinfo,ipinfo,40.7143,-74.006,New York City,US,,,False,,success,2026-06-07T13:45:42Z
node_01528,ipwho_is,ipwhois_unverified,37.3382082,-121.8863286,San Jose,US,,,False,,success,2026-06-07T13:45:42Z
node_01528,maxmind_geolite2,maxmind_geolite,37.751,-97.822,,US,1000,1780418264,True,no_city,success,2026-06-07T13:30:04Z
node_01528,reallyfreegeoip,maxmind_geolite,37.751,-97.822,,US,,,True,no_city,success,2026-06-07T13:45:42Z
node_01357,dbip_lite,dbip_lite,14.5547,121.024,Makati City,PH,,1780278471,False,,success,2026-06-07T13:30:04Z
node_01357,geojs,maxmind_geolite,14.5508,121.0054,Makati City,PH,,,False,,success,2026-06-07T13:41:25Z
node_01357,ip2location_lite,ip2location_lite,14.55027,121.032692,Makati,PH,,1780555707,False,,success,2026-06-07T13:30:04Z
node_01357,ip_api,ipapi_com_unverified,14.5508,121.0054,Makati City,PH,,,False,,success,2026-06-07T13:41:25Z
node_01357,ipinfo,ipinfo,14.5469,121.0106,Pasay,PH,,,False,,success,2026-06-07T13:41:25Z
node_01357,ipwho_is,ipwhois_unverified,14.554729,121.0244452,Makati,PH,,,False,,success,2026-06-07T13:41:25Z
node_01357,maxmind_geolite2,maxmind_geolite,14.5508,121.0054,Makati City,PH,20,1780418264,False,,success,2026-06-07T13:30:04Z
node_01357,reallyfreegeoip,maxmind_geolite,-6.1728,106.8272,,ID,,,True,no_city,success,2026-06-07T13:41:26Z
node_01436,dbip_lite,dbip_lite,35.6764,139.65,Shibuya City,JP,,1780278471,False,,success,2026-06-07T13:30:04Z
node_01436,geojs,maxmind_geolite,35.6893,139.6899,Tokyo,JP,,,False,,success,2026-06-07T13:43:24Z
node_01436,ip2location_lite,ip2location_lite,35.689499,139.692322,Tokyo,JP,,1780555707,False,,success,2026-06-07T13:30:04Z
node_01436,ip_api,ipapi_com_unverified,35.6803,139.769,Tokyo,JP,,,False,,success,2026-06-07T13:43:23Z
node_01436,ipinfo,ipinfo,35.6895,139.6917,Tokyo,JP,,,False,,success,2026-06-07T13:43:24Z
node_01436,ipwho_is,ipwhois_unverified,35.7090259,139.7319925,Tokyo,JP,,,False,,success,2026-06-07T13:43:24Z
node_01436,maxmind_geolite2,maxmind_geolite,35.6893,139.6899,Tokyo,JP,100,1780418264,False,,success,2026-06-07T13:30:04Z
node_01436,reallyfreegeoip,maxmind_geolite,35.6893,139.6899,Tokyo,JP,,,False,,success,2026-06-07T13:43:24Z
node_01106,dbip_lite,dbip_lite,41.8967,12.4822,Rome,IT,,1780278471,False,,success,2026-06-07T13:30:00Z
node_01106,geojs,maxmind_geolite,41.8905,12.5127,Rome,IT,,,False,,success,2026-06-07T13:35:09Z
node_01106,ip2location_lite,ip2location_lite,32.221741,-110.926483,Tucson,US,,1780555707,False,,success,2026-06-07T13:30:00Z
node_01106,ip_api,ipapi_com_unverified,41.8905,12.5127,Rome,IT,,,False,,success,2026-06-07T13:35:08Z
node_01106,ipinfo,ipinfo,32.2217,-110.9265,Tucson,US,,,False,,success,2026-06-07T13:35:08Z
node_01106,ipwho_is,ipwhois_unverified,32.2217429,-110.926479,Tucson,US,,,False,,success,2026-06-07T13:35:08Z
node_01106,maxmind_geolite2,maxmind_geolite,41.8905,12.5127,Rome,IT,20,1780418264,False,,success,2026-06-07T13:30:00Z
node_01106,reallyfreegeoip,maxmind_geolite,41.8904,12.5126,Rome,IT,,,False,,success,2026-06-07T13:35:09Z
node_01417,dbip_lite,dbip_lite,37.7749,-122.419,San Francisco,US,,1780278471,False,,success,2026-06-07T13:30:04Z
node_01417,geojs,maxmind_geolite,37.7506,-122.4121,San Francisco,US,,,False,,success,2026-06-07T13:42:55Z
node_01417,ip2location_lite,ip2location_lite,37.774929,-122.419418,San Francisco,US,,1780555707,False,,success,2026-06-07T13:30:04Z
node_01417,ip_api,ipapi_com_unverified,37.7797,-122.4159,San Francisco,US,,,False,,success,2026-06-07T13:42:55Z
node_01417,ipinfo,ipinfo,37.7749,-122.4194,San Francisco,US,,,False,,success,2026-06-07T13:42:55Z
node_01417,ipwho_is,ipwhois_unverified,37.718128,-122.4343849,San Francisco,US,,,False,,success,2026-06-07T13:42:55Z
node_01417,maxmind_geolite2,maxmind_geolite,37.7506,-122.4121,San Francisco,US,5,1780418264,False,,success,2026-06-07T13:30:04Z
node_01417,reallyfreegeoip,maxmind_geolite,37.7506,-122.4121,San Francisco,US,,,False,,success,2026-06-07T13:42:56Z
node_01498,dbip_lite,dbip_lite,42.4751,-91.8871,Independence,US,,1780278471,False,,success,2026-06-07T13:30:04Z
node_01498,geojs,maxmind_geolite,42.4682,-91.8808,Independence,US,,,False,,success,2026-06-07T13:44:57Z
node_01498,ip2location_lite,ip2location_lite,42.468601,-91.889343,Independence,US,,1780555707,False,,success,2026-06-07T13:30:04Z
node_01498,ip_api,ipapi_com_unverified,42.4682,-91.8808,Independence,US,,,False,,success,2026-06-07T13:44:56Z
node_01498,ipinfo,ipinfo,42.4686,-91.8893,Independence,US,,,False,,success,2026-06-07T13:44:57Z
node_01498,ipwho_is,ipwhois_unverified,42.4684089,-91.8891081,Independence,US,,,False,,success,2026-06-07T13:44:57Z
node_01498,maxmind_geolite2,maxmind_geolite,42.4682,-91.8808,Independence,US,5,1780418264,False,,success,2026-06-07T13:30:04Z
node_01498,reallyfreegeoip,maxmind_geolite,42.4682,-91.8808,Independence,US,,,False,,success,2026-06-07T13:44:57Z
node_01504,dbip_lite,dbip_lite,40.7079,-111.851,Millcreek,US,,1780278471,False,,success,2026-06-07T13:30:04Z
node_01504,geojs,maxmind_geolite,41.0361,-111.6769,Morgan,US,,,False,,success,2026-06-07T13:45:06Z
node_01504,ip2location_lite,ip2location_lite,40.76078,-111.891052,Salt Lake City,US,,1780555707,False,,success,2026-06-07T13:30:04Z
node_01504,ip_api,ipapi_com_unverified,40.9295,-111.8645,Centerville,US,,,False,,success,2026-06-07T13:45:05Z
node_01504,ipinfo,ipinfo,40.7608,-111.8911,Salt Lake City,US,,,False,,success,2026-06-07T13:45:06Z
node_01504,ipwho_is,ipwhois_unverified,40.3916172,-111.8507662,Lehi,US,,,False,,success,2026-06-07T13:45:06Z
node_01504,maxmind_geolite2,maxmind_geolite,41.0361,-111.6769,Morgan,US,20,1780418264,False,,success,2026-06-07T13:30:04Z
node_01504,reallyfreegeoip,maxmind_geolite,41.7006,-111.7925,Providence,US,,,False,,success,2026-06-07T13:45:06Z
node_01506,dbip_lite,dbip_lite,43.9654,-79.2695,Whitchurch–Stouffville,CA,,1780278471,False,,success,2026-06-07T13:30:04Z
node_01506,geojs,maxmind_geolite,44.0418,-79.4947,Newmarket,CA,,,False,,success,2026-06-07T13:45:09Z
node_01506,ip2location_lite,ip2location_lite,44.05011,-79.466309,Newmarket,CA,,1780555707,False,,success,2026-06-07T13:30:04Z
node_01506,ip_api,ipapi_com_unverified,44.0418,-79.4947,Newmarket,CA,,,False,,success,2026-06-07T13:45:08Z
node_01506,ipinfo,ipinfo,44.0001,-79.3163,Whitchurch-Stouffville,CA,,,False,,success,2026-06-07T13:45:09Z
node_01506,ipwho_is,ipwhois_unverified,43.9705861,-79.2442842,Whitchurch-Stouffville,CA,,,False,,success,2026-06-07T13:45:09Z
node_01506,maxmind_geolite2,maxmind_geolite,44.0418,-79.4947,Newmarket,CA,5,1780418264,False,,success,2026-06-07T13:30:04Z
node_01506,reallyfreegeoip,maxmind_geolite,44.0418,-79.4947,Newmarket,CA,,,False,,success,2026-06-07T13:45:09Z
node_01555,dbip_lite,dbip_lite,52.3563,4.95714,Amsterdam,NL,,1780278471,False,,success,2026-06-07T13:30:04Z
node_01555,geojs,maxmind_geolite,52.352,4.9392,Amsterdam,NL,,,False,,success,2026-06-07T13:46:22Z
node_01555,ip2location_lite,ip2location_lite,52.378502,4.89998,Amsterdam,NL,,1780555707,True,"hub:52.379,4.9",success,2026-06-07T13:30:04Z
node_01555,ip_api,ipapi_com_unverified,52.352,4.9392,Amsterdam,NL,,,False,,success,2026-06-07T13:46:22Z
node_01555,ipinfo,ipinfo,52.374,4.8897,Amsterdam,NL,,,False,,success,2026-06-07T13:46:22Z
node_01555,ipwho_is,ipwhois_unverified,52.3702157,4.8951679,Amsterdam,NL,,,True,"hub:52.37,4.895",success,2026-06-07T13:46:22Z
node_01555,maxmind_geolite2,maxmind_geolite,52.352,4.9392,Amsterdam,NL,20,1780418264,False,,success,2026-06-07T13:30:04Z
node_01555,reallyfreegeoip,maxmind_geolite,52.3759,4.8975,Amsterdam,NL,,,False,,success,2026-06-07T13:46:23Z
node_01471,dbip_lite,dbip_lite,34.1124,-117.572,Rancho Cucamonga,US,,1780278471,False,,success,2026-06-07T13:30:04Z
node_01471,geojs,maxmind_geolite,34.7535,-120.5082,Lompoc,US,,,False,,success,2026-06-07T13:44:16Z
node_01471,ip2location_lite,ip2location_lite,34.748299,-120.518173,Vandenberg Air Force Base,US,,1780555707,False,,success,2026-06-07T13:30:04Z
node_01471,ip_api,ipapi_com_unverified,34.1124,-117.572,Rancho Cucamonga,US,,,False,,success,2026-06-07T13:44:16Z
node_01471,ipinfo,ipinfo,34.0633,-117.6509,Ontario,US,,,False,,success,2026-06-07T13:44:16Z
node_01471,ipwho_is,ipwhois_unverified,34.1063989,-117.5931084,Rancho Cucamonga,US,,,False,,success,2026-06-07T13:44:16Z
node_01471,maxmind_geolite2,maxmind_geolite,34.7535,-120.5082,Lompoc,US,500,1780418264,True,r>=500km,success,2026-06-07T13:30:04Z
node_01471,reallyfreegeoip,maxmind_geolite,34.0349,-117.6185,Ontario,US,,,False,,success,2026-06-07T13:44:17Z
node_01527,dbip_lite,dbip_lite,35.6906,139.77,Chiyoda City,JP,,1780278471,False,,success,2026-06-07T13:30:04Z
node_01527,geojs,maxmind_geolite,35.8133,139.745,Kawaguchi,JP,,,False,,success,2026-06-07T13:45:40Z
node_01527,ip2location_lite,ip2location_lite,35.799999,139.567001,Niiza,JP,,1780555707,False,,success,2026-06-07T13:30:04Z
node_01527,ip_api,ipapi_com_unverified,35.8612,139.6265,Nishibori,JP,,,False,,success,2026-06-07T13:45:40Z
node_01527,ipinfo,ipinfo,34.6938,135.5011,Osaka,JP,,,False,,success,2026-06-07T13:45:40Z
node_01527,ipwho_is,ipwhois_unverified,35.8077379,139.7241712,Kawaguchi,JP,,,False,,success,2026-06-07T13:45:40Z
node_01527,maxmind_geolite2,maxmind_geolite,35.8133,139.745,Kawaguchi,JP,100,1780418264,False,,success,2026-06-07T13:30:04Z
node_01527,reallyfreegeoip,maxmind_geolite,36.3369,139.0191,Takasaki,JP,,,False,,success,2026-06-07T13:45:41Z
node_01314,dbip_lite,dbip_lite,1.4726,103.878,Kampung Pasir Gudang Baru,MY,,1780278471,False,,success,2026-06-07T13:30:03Z
node_01314,geojs,maxmind_geolite,3.1071,101.6139,Petaling Jaya,MY,,,False,,success,2026-06-07T13:40:21Z
node_01314,ip2location_lite,ip2location_lite,3.19862,101.686867,Sentul,MY,,1780555707,False,,success,2026-06-07T13:30:04Z
node_01314,ip_api,ipapi_com_unverified,3.1071,101.6139,Petaling Jaya,MY,,,False,,success,2026-06-07T13:40:20Z
node_01314,ipinfo,ipinfo,3.1412,101.6865,Kuala Lumpur,MY,,,False,,success,2026-06-07T13:40:21Z
node_01314,ipwho_is,ipwhois_unverified,3.1278871,101.5944885,Petaling Jaya,MY,,,False,,success,2026-06-07T13:40:21Z
node_01314,maxmind_geolite2,maxmind_geolite,3.1071,101.6139,Petaling Jaya,MY,10,1780418264,False,,success,2026-06-07T13:30:03Z
node_01314,reallyfreegeoip,maxmind_geolite,3.1539,101.7451,Ampang,MY,,,False,,success,2026-06-07T13:40:21Z
node_01247,dbip_lite,dbip_lite,47.0617,28.9442,Chisinau,MD,,1780278471,False,,success,2026-06-07T13:30:03Z
node_01247,geojs,maxmind_geolite,47.0042,28.8574,Chisinau,MD,,,False,,success,2026-06-07T13:38:40Z
node_01247,ip2location_lite,ip2location_lite,47.006042,28.856674,Chisinau,MD,,1780555707,False,,success,2026-06-07T13:30:03Z
node_01247,ip_api,ipapi_com_unverified,47.0042,28.8574,Chisinau,MD,,,False,,success,2026-06-07T13:38:40Z
node_01247,ipinfo,ipinfo,47.009,28.8594,Chisinau,MD,,,False,,success,2026-06-07T13:38:40Z
node_01247,ipwho_is,ipwhois_unverified,47.0104529,28.8638103,Chisinau,MD,,,False,,success,2026-06-07T13:38:40Z
node_01247,maxmind_geolite2,maxmind_geolite,47.0042,28.8574,Chisinau,MD,50,1780418264,False,,success,2026-06-07T13:30:03Z
node_01247,reallyfreegeoip,maxmind_geolite,47.0042,28.8574,Chisinau,MD,,,False,,success,2026-06-07T13:38:40Z
node_01133,dbip_lite,dbip_lite,51.0089,13.7041,Dresden (Plauen),DE,,1780278471,False,,success,2026-06-07T13:30:01Z
node_01133,geojs,maxmind_geolite,51.054,13.7447,Dresden,DE,,,False,,success,2026-06-07T13:35:49Z
node_01133,ip2location_lite,ip2location_lite,51.051373,13.738321,Dresden,DE,,1780555707,False,,success,2026-06-07T13:30:01Z
node_01133,ip_api,ipapi_com_unverified,51.0783,13.8051,Dresden,DE,,,False,,success,2026-06-07T13:35:48Z
node_01133,ipinfo,ipinfo,51.0509,13.7383,Dresden,DE,,,False,,success,2026-06-07T13:35:49Z
node_01133,ipwho_is,ipwhois_unverified,51.0504088,13.7372621,Dresden,DE,,,False,,success,2026-06-07T13:35:49Z
node_01133,maxmind_geolite2,maxmind_geolite,51.054,13.7447,Dresden,DE,5,1780418264,False,,success,2026-06-07T13:30:01Z
node_01133,reallyfreegeoip,maxmind_geolite,51.0289,13.8222,Dresden,DE,,,False,,success,2026-06-07T13:35:49Z
node_01411,dbip_lite,dbip_lite,38.7438,-9.14897,Lisbon,PT,,1780278471,False,,success,2026-06-07T13:30:04Z
node_01411,geojs,maxmind_geolite,38.7057,-9.1359,,PT,,,True,no_city,success,2026-06-07T13:42:46Z
node_01411,ip2location_lite,ip2location_lite,38.716751,-9.133368,Lisbon,PT,,1780555707,False,,success,2026-06-07T13:30:04Z
node_01411,ip_api,ipapi_com_unverified,38.7438,-9.14897,Lisbon,PT,,,False,,success,2026-06-07T13:42:46Z
node_01411,ipinfo,ipinfo,38.7251,-9.1498,Lisbon,PT,,,False,,success,2026-06-07T13:42:46Z
node_01411,ipwho_is,ipwhois_unverified,38.7222524,-9.1393366,Lisbon,PT,,,False,,success,2026-06-07T13:42:46Z
node_01411,maxmind_geolite2,maxmind_geolite,38.7057,-9.1359,,PT,200,1780418264,True,no_city,success,2026-06-07T13:30:04Z
node_01411,reallyfreegeoip,maxmind_geolite,38.7057,-9.1359,,PT,,,True,no_city,success,2026-06-07T13:42:47Z
node_01089,dbip_lite,dbip_lite,50.1396,8.743,Frankfurt am Main (Frankfurt-Ost),DE,,1780278471,False,,success,2026-06-07T13:29:58Z
node_01089,geojs,maxmind_geolite,50.0596,8.6862,Neu-Isenburg,DE,,,False,,success,2026-06-07T13:34:43Z
node_01089,ip2location_lite,ip2location_lite,50.110882,8.681996,Frankfurt am Main,DE,,1780555707,False,,success,2026-06-07T13:29:58Z
node_01089,ip_api,ipapi_com_unverified,50.0596,8.6862,Neu-Isenburg,DE,,,False,,success,2026-06-07T13:34:42Z
node_01089,ipinfo,ipinfo,50.1155,8.6842,Frankfurt am Main,DE,,,False,,success,2026-06-07T13:34:43Z
node_01089,ipwho_is,ipwhois_unverified,50.1109221,8.6821267,Frankfurt,DE,,,False,,success,2026-06-07T13:34:43Z
node_01089,maxmind_geolite2,maxmind_geolite,50.0596,8.6862,Neu-Isenburg,DE,10,1780418264,False,,success,2026-06-07T13:29:57Z
node_01089,reallyfreegeoip,maxmind_geolite,51.2993,9.491,,DE,,,True,no_city,success,2026-06-07T13:34:43Z
node_01217,dbip_lite,dbip_lite,46.5518,16.4464,Lendava,SI,,1780278471,False,,success,2026-06-07T13:30:03Z
node_01217,geojs,maxmind_geolite,46.0503,14.5046,Ljubljana,SI,,,False,,success,2026-06-07T13:37:55Z
node_01217,ip2location_lite,ip2location_lite,46.051243,14.505114,Ljubljana,SI,,1780555707,False,,success,2026-06-07T13:30:03Z
node_01217,ip_api,ipapi_com_unverified,46.0503,14.5046,Ljubljana,SI,,,False,,success,2026-06-07T13:37:54Z
node_01217,ipinfo,ipinfo,46.0511,14.5051,Ljubljana,SI,,,False,,success,2026-06-07T13:37:55Z
node_01217,ipwho_is,ipwhois_unverified,46.0569465,14.5057515,Ljubljana,SI,,,False,,success,2026-06-07T13:37:55Z
node_01217,maxmind_geolite2,maxmind_geolite,46.0503,14.5046,Ljubljana,SI,50,1780418264,False,,success,2026-06-07T13:30:03Z
node_01217,reallyfreegeoip,maxmind_geolite,46.0503,14.5046,Ljubljana,SI,,,False,,success,2026-06-07T13:37:55Z
node_01441,dbip_lite,dbip_lite,47.3777,19.0103,Lakihegy,HU,,1780278471,False,,success,2026-06-07T13:30:04Z
node_01441,geojs,maxmind_geolite,47.5,19.0412,Budapest,HU,,,False,,success,2026-06-07T13:43:31Z
node_01441,ip2location_lite,ip2location_lite,47.498253,19.03978,Budapest,HU,,1780555707,False,,success,2026-06-07T13:30:04Z
node_01441,ip_api,ipapi_com_unverified,47.339,19.0399,Szigetszentmiklós,HU,,,False,,success,2026-06-07T13:43:31Z
node_01441,ipinfo,ipinfo,47.4984,19.0404,Budapest,HU,,,False,,success,2026-06-07T13:43:31Z
node_01441,ipwho_is,ipwhois_unverified,47.497912,19.040235,Budapest,HU,,,False,,success,2026-06-07T13:43:31Z
node_01441,maxmind_geolite2,maxmind_geolite,47.5,19.0412,Budapest,HU,20,1780418264,False,,success,2026-06-07T13:30:04Z
node_01441,reallyfreegeoip,maxmind_geolite,47.5636,19.0947,Budapest,HU,,,False,,success,2026-06-07T13:43:32Z
node_01268,dbip_lite,dbip_lite,47.6423,9.4973,Friedrichshafen,DE,,1780278471,False,,success,2026-06-07T13:30:03Z
node_01268,geojs,maxmind_geolite,47.6501,9.4881,Friedrichshafen,DE,,,False,,success,2026-06-07T13:39:12Z
node_01268,ip2location_lite,ip2location_lite,47.656891,9.475479,Friedrichshafen,DE,,1780555707,False,,success,2026-06-07T13:30:03Z
node_01268,ip_api,ipapi_com_unverified,47.6617,9.48,Friedrichshafen,DE,,,False,,success,2026-06-07T13:39:11Z
node_01268,ipinfo,ipinfo,47.6569,9.4755,Friedrichshafen,DE,,,False,,success,2026-06-07T13:39:12Z
node_01268,ipwho_is,ipwhois_unverified,47.6617648,9.4800113,Friedrichshafen,DE,,,False,,success,2026-06-07T13:39:12Z
node_01268,maxmind_geolite2,maxmind_geolite,47.6501,9.4881,Friedrichshafen,DE,50,1780418264,False,,success,2026-06-07T13:30:03Z
node_01268,reallyfreegeoip,maxmind_geolite,47.8699,9.424,Wilhelmsdorf,DE,,,False,,success,2026-06-07T13:39:12Z
node_01318,dbip_lite,dbip_lite,52.5244,13.4105,Berlin,DE,,1780278471,False,,success,2026-06-07T13:30:04Z
node_01318,geojs,maxmind_geolite,52.5235,13.3556,Berlin,DE,,,False,,success,2026-06-07T13:40:27Z
node_01318,ip2location_lite,ip2location_lite,52.127602,11.630042,Magdeburg,DE,,1780555707,False,,success,2026-06-07T13:30:04Z
node_01318,ip_api,ipapi_com_unverified,52.5128,13.4151,Berlin,DE,,,False,,success,2026-06-07T13:40:26Z
node_01318,ipinfo,ipinfo,52.5208,13.7875,Petershagen,DE,,,False,,success,2026-06-07T13:40:27Z
node_01318,ipwho_is,ipwhois_unverified,52.1205333,11.6276237,Magdeburg,DE,,,False,,success,2026-06-07T13:40:27Z
node_01318,maxmind_geolite2,maxmind_geolite,52.5235,13.3556,Berlin,DE,20,1780418264,False,,success,2026-06-07T13:30:04Z
node_01318,reallyfreegeoip,maxmind_geolite,52.5312,13.3878,Berlin,DE,,,False,,success,2026-06-07T13:40:27Z
node_01489,dbip_lite,dbip_lite,49.1805,-2.10323,Saint Helier,JE,,1780278471,False,,success,2026-06-07T13:30:04Z
node_01489,geojs,maxmind_geolite,49.2,-2.1333,Saint Helier,JE,,,False,,success,2026-06-07T13:44:43Z
node_01489,ip2location_lite,ip2location_lite,49.183388,-2.100216,Saint Helier,JE,,1780555707,False,,success,2026-06-07T13:30:04Z
node_01489,ip_api,ipapi_com_unverified,49.1805,-2.10323,Saint Helier,JE,,,False,,success,2026-06-07T13:44:43Z
node_01489,ipinfo,ipinfo,49.188,-2.1049,Saint Helier,JE,,,False,,success,2026-06-07T13:44:43Z
node_01489,ipwho_is,ipwhois_unverified,49.1805019,-2.103233,Saint Helier,JE,,,False,,success,2026-06-07T13:44:43Z
node_01489,maxmind_geolite2,maxmind_geolite,49.2,-2.1333,Saint Helier,JE,5,1780418264,False,,success,2026-06-07T13:30:04Z
node_01489,reallyfreegeoip,maxmind_geolite,49.1805,-2.0976,Saint Helier,JE,,,False,,success,2026-06-07T13:44:44Z
node_01169,dbip_lite,dbip_lite,48.876,16.077,Kuchařovice,CZ,,1780278471,False,,success,2026-06-07T13:30:02Z
node_01169,geojs,maxmind_geolite,48.8519,16.0465,Znojmo,CZ,,,False,,success,2026-06-07T13:36:43Z
node_01169,ip2location_lite,ip2location_lite,48.848339,16.08218,Dobsice,CZ,,1780555707,False,,success,2026-06-07T13:30:02Z
node_01169,ip_api,ipapi_com_unverified,48.8519,16.0465,Znojmo,CZ,,,False,,success,2026-06-07T13:36:42Z
node_01169,ipinfo,ipinfo,48.8555,16.0488,Znojmo,CZ,,,False,,success,2026-06-07T13:36:43Z
node_01169,ipwho_is,ipwhois_unverified,48.8483466,16.0854124,Dobšice,CZ,,,False,,success,2026-06-07T13:36:43Z
node_01169,maxmind_geolite2,maxmind_geolite,48.8519,16.0465,Znojmo,CZ,5,1780418264,False,,success,2026-06-07T13:30:02Z
node_01169,reallyfreegeoip,maxmind_geolite,48.8519,16.0465,Znojmo,CZ,,,False,,success,2026-06-07T13:36:43Z
node_01450,dbip_lite,dbip_lite,50.1109,8.68213,Frankfurt am Main,DE,,1780278471,False,,success,2026-06-07T13:30:04Z
node_01450,geojs,maxmind_geolite,50.0596,8.6862,Neu-Isenburg,DE,,,False,,success,2026-06-07T13:43:45Z
node_01450,ip2location_lite,ip2location_lite,49.447781,11.06833,Nuremberg,DE,,1780555707,False,,success,2026-06-07T13:30:04Z
node_01450,ip_api,ipapi_com_unverified,50.0596,8.6862,Neu-Isenburg,DE,,,False,,success,2026-06-07T13:43:44Z
node_01450,ipinfo,ipinfo,48.1374,11.5755,Munich,DE,,,False,,success,2026-06-07T13:43:45Z
node_01450,ipwho_is,ipwhois_unverified,50.0522076,8.6952638,Neu-Isenburg,DE,,,False,,success,2026-06-07T13:43:45Z
node_01450,maxmind_geolite2,maxmind_geolite,50.0596,8.6862,Neu-Isenburg,DE,5,1780418264,False,,success,2026-06-07T13:30:04Z
node_01450,reallyfreegeoip,maxmind_geolite,48.1032,11.517,Munich,DE,,,False,,success,2026-06-07T13:43:45Z
node_01223,dbip_lite,dbip_lite,45.54,11.5097,Vicenza,IT,,1780278471,False,,success,2026-06-07T13:30:03Z
node_01223,geojs,maxmind_geolite,45.5431,11.5415,Vicenza,IT,,,False,,success,2026-06-07T13:38:04Z
node_01223,ip2location_lite,ip2location_lite,45.557289,11.540926,Vicenza,IT,,1780555707,False,,success,2026-06-07T13:30:03Z
node_01223,ip_api,ipapi_com_unverified,45.5431,11.5415,Vicenza,IT,,,False,,success,2026-06-07T13:38:03Z
node_01223,ipinfo,ipinfo,45.5467,11.5475,Vicenza,IT,,,False,,success,2026-06-07T13:38:04Z
node_01223,ipwho_is,ipwhois_unverified,45.5454787,11.5354214,Vicenza,IT,,,False,,success,2026-06-07T13:38:04Z
node_01223,maxmind_geolite2,maxmind_geolite,45.5431,11.5415,Vicenza,IT,20,1780418264,False,,success,2026-06-07T13:30:03Z
node_01223,reallyfreegeoip,maxmind_geolite,45.5431,11.5415,Vicenza,IT,,,False,,success,2026-06-07T13:38:04Z
node_01237,dbip_lite,dbip_lite,36.6203,-4.49976,Torremolinos,ES,,1780278471,False,,success,2026-06-07T13:30:03Z
node_01237,geojs,maxmind_geolite,36.5141,-4.8834,Marbella,ES,,,False,,success,2026-06-07T13:38:25Z
node_01237,ip2location_lite,ip2location_lite,36.62035,-4.49976,Torremolinos,ES,,1780555707,False,,success,2026-06-07T13:30:03Z
node_01237,ip_api,ipapi_com_unverified,36.5154,-4.88583,Marbella,ES,,,False,,success,2026-06-07T13:38:25Z
node_01237,ipinfo,ipinfo,36.5961,-4.5727,Benalmádena,ES,,,False,,success,2026-06-07T13:38:25Z
node_01237,ipwho_is,ipwhois_unverified,36.6225541,-4.4994767,Torremolinos,ES,,,False,,success,2026-06-07T13:38:25Z
node_01237,maxmind_geolite2,maxmind_geolite,36.5141,-4.8834,Marbella,ES,100,1780418264,False,,success,2026-06-07T13:30:03Z
node_01237,reallyfreegeoip,maxmind_geolite,40.4172,-3.684,,ES,,,True,no_city,success,2026-06-07T13:38:25Z
node_01483,dbip_lite,dbip_lite,52.3667,4.89454,Amsterdam,NL,,1780278471,False,,success,2026-06-07T13:30:04Z
node_01483,geojs,maxmind_geolite,52.3824,4.8995,,NL,,,True,no_city,success,2026-06-07T13:44:34Z
node_01483,ip2location_lite,ip2location_lite,52.378502,4.89998,Amsterdam,NL,,1780555707,True,"hub:52.379,4.9",success,2026-06-07T13:30:04Z
node_01483,ip_api,ipapi_com_unverified,52.3667,4.89454,Amsterdam,NL,,,False,,success,2026-06-07T13:44:34Z
node_01483,ipinfo,ipinfo,52.5083,5.475,Lelystad,NL,,,False,,success,2026-06-07T13:44:34Z
node_01483,ipwho_is,ipwhois_unverified,52.3702157,4.8951679,Amsterdam,NL,,,True,"hub:52.37,4.895",success,2026-06-07T13:44:34Z
node_01483,maxmind_geolite2,maxmind_geolite,52.3824,4.8995,,NL,100,1780418264,True,no_city,success,2026-06-07T13:30:04Z
node_01483,reallyfreegeoip,maxmind_geolite,52.3824,4.8995,,NL,,,True,no_city,success,2026-06-07T13:44:35Z
node_01130,dbip_lite,dbip_lite,51.0355,4.48285,Mechelen (Arrondissement of Mechelen),BE,,1780278471,False,,success,2026-06-07T13:30:01Z
node_01130,geojs,maxmind_geolite,50.982,3.5326,Deinze,BE,,,False,,success,2026-06-07T13:35:45Z
node_01130,ip2location_lite,ip2location_lite,50.745739,3.6005,Ronse,BE,,1780555707,False,,success,2026-06-07T13:30:01Z
node_01130,ip_api,ipapi_com_unverified,50.982,3.5326,Deinze,BE,,,False,,success,2026-06-07T13:35:43Z
node_01130,ipinfo,ipinfo,50.9817,3.531,Deinze,BE,,,False,,success,2026-06-07T13:35:44Z
node_01130,ipwho_is,ipwhois_unverified,51.0258761,4.4775362,Mechelen,BE,,,False,,success,2026-06-07T13:35:44Z
node_01130,maxmind_geolite2,maxmind_geolite,50.982,3.5326,Deinze,BE,20,1780418264,False,,success,2026-06-07T13:30:01Z
node_01130,reallyfreegeoip,maxmind_geolite,50.8695,4.2985,Brussels,BE,,,False,,success,2026-06-07T13:35:45Z
node_01277,dbip_lite,dbip_lite,54.7348,55.9579,Ufa,RU,,1780278471,False,,success,2026-06-07T13:30:03Z
node_01277,geojs,maxmind_geolite,55.7386,37.6068,,RU,,,True,no_city,success,2026-06-07T13:39:25Z
node_01277,ip2location_lite,ip2location_lite,54.5369,56.151699,Kabakovo,RU,,1780555707,False,,success,2026-06-07T13:30:03Z
node_01277,ip_api,ipapi_com_unverified,54.7348,55.9579,Ufa,RU,,,False,,success,2026-06-07T13:39:25Z
node_01277,ipinfo,ipinfo,54.7431,55.9678,Ufa,RU,,,False,,success,2026-06-07T13:39:25Z
node_01277,ipwho_is,ipwhois_unverified,54.7387621,55.9720554,Ufa,RU,,,False,,success,2026-06-07T13:39:25Z
node_01277,maxmind_geolite2,maxmind_geolite,55.7386,37.6068,,RU,1000,1780418264,True,no_city,success,2026-06-07T13:30:03Z
node_01277,reallyfreegeoip,maxmind_geolite,55.7386,37.6068,,RU,,,True,no_city,success,2026-06-07T13:39:26Z
node_01412,dbip_lite,dbip_lite,47.6719,-117.092,Liberty Lake,US,,1780278471,False,,success,2026-06-07T13:30:04Z
node_01412,geojs,maxmind_geolite,47.6842,-117.1089,Liberty Lake,US,,,False,,success,2026-06-07T13:42:48Z
node_01412,ip2location_lite,ip2location_lite,47.675911,-117.11821,Liberty Lake,US,,1780555707,False,,success,2026-06-07T13:30:04Z
node_01412,ip_api,ipapi_com_unverified,47.6842,-117.1089,Liberty Lake,US,,,False,,success,2026-06-07T13:42:47Z
node_01412,ipinfo,ipinfo,47.6732,-117.2394,Spokane Valley,US,,,False,,success,2026-06-07T13:42:48Z
node_01412,ipwho_is,ipwhois_unverified,47.6743428,-117.1124241,Liberty Lake,US,,,False,,success,2026-06-07T13:42:48Z
node_01412,maxmind_geolite2,maxmind_geolite,47.6842,-117.1089,Liberty Lake,US,20,1780418264,False,,success,2026-06-07T13:30:04Z
node_01412,reallyfreegeoip,maxmind_geolite,32.7889,-96.8021,Dallas,US,,,False,,success,2026-06-07T13:42:48Z
node_01573,dbip_lite,dbip_lite,4.21649,73.5419,Hulhumale,MV,,1780278471,False,,success,2026-06-07T13:30:04Z
node_01573,geojs,maxmind_geolite,4.1772,73.5107,Malé,MV,,,False,,success,2026-06-07T13:46:49Z
node_01573,ip2location_lite,ip2location_lite,4.174787,73.508942,Male,MV,,1780555707,False,,success,2026-06-07T13:30:04Z
node_01573,ip_api,ipapi_com_unverified,4.1772,73.5107,Malé,MV,,,False,,success,2026-06-07T13:46:48Z
node_01573,ipinfo,ipinfo,4.1752,73.5092,Male,MV,,,False,,success,2026-06-07T13:46:49Z
node_01573,ipwho_is,ipwhois_unverified,4.1754959,73.5093474,Malé,MV,,,False,,success,2026-06-07T13:46:49Z
node_01573,maxmind_geolite2,maxmind_geolite,4.1772,73.5107,Malé,MV,5,1780418264,False,,success,2026-06-07T13:30:04Z
node_01573,reallyfreegeoip,maxmind_geolite,4.1772,73.5107,Male,MV,,,False,,success,2026-06-07T13:46:50Z
node_01502,dbip_lite,dbip_lite,26.1931,-97.6922,Harlingen,US,,1780278471,False,,success,2026-06-07T13:30:04Z
node_01502,geojs,maxmind_geolite,26.2516,-98.2271,McAllen,US,,,False,,success,2026-06-07T13:45:03Z
node_01502,ip2location_lite,ip2location_lite,26.203409,-98.230011,McAllen,US,,1780555707,False,,success,2026-06-07T13:30:04Z
node_01502,ip_api,ipapi_com_unverified,26.2516,-98.2271,McAllen,US,,,False,,success,2026-06-07T13:45:02Z
node_01502,ipinfo,ipinfo,26.0773,-97.8383,Colonia Iglesia Antigua,US,,,False,,success,2026-06-07T13:45:03Z
node_01502,ipwho_is,ipwhois_unverified,26.1906306,-97.6961026,Harlingen,US,,,False,,success,2026-06-07T13:45:03Z
node_01502,maxmind_geolite2,maxmind_geolite,26.2516,-98.2271,McAllen,US,50,1780418264,False,,success,2026-06-07T13:30:04Z
node_01502,reallyfreegeoip,maxmind_geolite,26.1698,-97.8305,La Feria,US,,,False,,success,2026-06-07T13:45:03Z
node_01328,dbip_lite,dbip_lite,49.272,-122.794,Coquitlam,CA,,1780278471,False,,success,2026-06-07T13:30:04Z
node_01328,geojs,maxmind_geolite,49.2663,-122.8739,Coquitlam,CA,,,False,,success,2026-06-07T13:40:42Z
node_01328,ip2location_lite,ip2location_lite,49.28297,-122.852631,Port Moody,CA,,1780555707,False,,success,2026-06-07T13:30:04Z
node_01328,ip_api,ipapi_com_unverified,49.2391,-122.8531,Coquitlam,CA,,,False,,success,2026-06-07T13:40:41Z
node_01328,ipinfo,ipinfo,49.2846,-122.7822,Coquitlam,CA,,,False,,success,2026-06-07T13:40:42Z
node_01328,ipwho_is,ipwhois_unverified,49.2849107,-122.8677562,Port Moody,CA,,,False,,success,2026-06-07T13:40:42Z
node_01328,maxmind_geolite2,maxmind_geolite,49.2663,-122.8739,Coquitlam,CA,10,1780418264,False,,success,2026-06-07T13:30:04Z
node_01328,reallyfreegeoip,maxmind_geolite,49.2663,-122.8739,Coquitlam,CA,,,False,,success,2026-06-07T13:40:42Z
node_01345,dbip_lite,dbip_lite,52.2233,5.17639,Hilversum,NL,,1780278471,False,,success,2026-06-07T13:30:04Z
node_01345,geojs,maxmind_geolite,52.3474,4.9284,Amsterdam,NL,,,False,,success,2026-06-07T13:41:07Z
node_01345,ip2location_lite,ip2location_lite,52.223091,5.176179,Hilversum,NL,,1780555707,False,,success,2026-06-07T13:30:04Z
node_01345,ip_api,ipapi_com_unverified,52.3474,4.9284,Amsterdam,NL,,,False,,success,2026-06-07T13:41:07Z
node_01345,ipinfo,ipinfo,52.2233,5.1764,Hilversum,NL,,,False,,success,2026-06-07T13:41:07Z
node_01345,ipwho_is,ipwhois_unverified,52.2291696,5.1668974,Hilversum,NL,,,False,,success,2026-06-07T13:41:07Z
node_01345,maxmind_geolite2,maxmind_geolite,52.3474,4.9284,Amsterdam,NL,10,1780418264,False,,success,2026-06-07T13:30:04Z
node_01345,reallyfreegeoip,maxmind_geolite,52.3824,4.8995,,NL,,,True,no_city,success,2026-06-07T13:41:08Z
node_01097,dbip_lite,dbip_lite,29.2864,34.9451,al Haql,SA,,1780278471,False,,success,2026-06-07T13:29:59Z
node_01097,geojs,maxmind_geolite,25.0,45.0,,SA,,,True,no_city,success,2026-06-07T13:34:55Z
node_01097,ip2location_lite,ip2location_lite,24.687729,46.721767,Riyadh,SA,,1780555707,False,,success,2026-06-07T13:29:59Z
node_01097,ip_api,ipapi_com_unverified,29.2864,34.9451,al Haql,SA,,,False,,success,2026-06-07T13:34:54Z
node_01097,ipinfo,ipinfo,24.6877,46.7219,Riyadh,SA,,,False,,success,2026-06-07T13:34:55Z
node_01097,ipwho_is,ipwhois_unverified,24.7135517,46.6752957,Riyadh,SA,,,False,,success,2026-06-07T13:34:55Z
node_01097,maxmind_geolite2,maxmind_geolite,25.0,45.0,,SA,500,1780418264,True,no_city,success,2026-06-07T13:29:59Z
node_01097,reallyfreegeoip,maxmind_geolite,24.9986,44.9892,,SA,,,True,no_city,success,2026-06-07T13:34:55Z
node_01304,dbip_lite,dbip_lite,52.5178,1.01572,Attleborough,GB,,1780278471,False,,success,2026-06-07T13:30:03Z
node_01304,geojs,maxmind_geolite,51.5005,-0.1905,Abingdon,GB,,,False,,success,2026-06-07T13:40:06Z
node_01304,ip2location_lite,ip2location_lite,52.036388,-2.42635,Ledbury,GB,,1780555707,False,,success,2026-06-07T13:30:03Z
node_01304,ip_api,ipapi_com_unverified,52.5178,1.01572,Attleborough,GB,,,False,,success,2026-06-07T13:40:05Z
node_01304,ipinfo,ipinfo,51.5085,-0.1257,London,GB,,,True,"hub:51.508,-0.126",success,2026-06-07T13:40:06Z
node_01304,ipwho_is,ipwhois_unverified,52.518064,1.015527,Attleborough,GB,,,False,,success,2026-06-07T13:40:06Z
node_01304,maxmind_geolite2,maxmind_geolite,51.5014,-0.2016,Abingdon,GB,200,1780418264,False,,success,2026-06-07T13:30:03Z
node_01304,reallyfreegeoip,maxmind_geolite,52.2443,0.0149,Cambridge,GB,,,False,,success,2026-06-07T13:40:06Z
node_01537,dbip_lite,dbip_lite,52.52,13.405,Berlin,DE,,1780278471,False,,success,2026-06-07T13:30:04Z
node_01537,geojs,maxmind_geolite,51.2993,9.491,,DE,,,True,no_city,success,2026-06-07T13:45:55Z
node_01537,ip2location_lite,ip2location_lite,51.291939,9.51496,Waldau,DE,,1780555707,False,,success,2026-06-07T13:30:04Z
node_01537,ip_api,ipapi_com_unverified,52.52,13.405,Berlin,DE,,,False,,success,2026-06-07T13:45:55Z
node_01537,ipinfo,ipinfo,52.5244,13.4105,Berlin,DE,,,False,,success,2026-06-07T13:45:55Z
node_01537,ipwho_is,ipwhois_unverified,49.0068901,8.4036527,Karlsruhe,DE,,,False,,success,2026-06-07T13:45:55Z
node_01537,maxmind_geolite2,maxmind_geolite,51.2993,9.491,,DE,200,1780418264,True,no_city,success,2026-06-07T13:30:04Z
node_01537,reallyfreegeoip,maxmind_geolite,51.4964,-0.1224,,GB,,,True,no_city,success,2026-06-07T13:45:56Z
node_01156,dbip_lite,dbip_lite,51.5072,-0.127586,London,GB,,1780278471,False,,success,2026-06-07T13:30:02Z
node_01156,geojs,maxmind_geolite,51.6141,-0.3362,Harrow,GB,,,False,,success,2026-06-07T13:36:24Z
node_01156,ip2location_lite,ip2location_lite,53.617661,-2.1552,Rochdale,GB,,1780555707,False,,success,2026-06-07T13:30:02Z
node_01156,ip_api,ipapi_com_unverified,53.4808,-2.24263,Manchester,GB,,,False,,success,2026-06-07T13:36:23Z
node_01156,ipinfo,ipinfo,53.5833,-2.1833,Rochdale,GB,,,False,,success,2026-06-07T13:36:23Z
node_01156,ipwho_is,ipwhois_unverified,53.4807593,-2.2426305,Manchester,GB,,,False,,success,2026-06-07T13:36:23Z
node_01156,maxmind_geolite2,maxmind_geolite,51.6141,-0.3362,Harrow,GB,200,1780418264,False,,success,2026-06-07T13:30:02Z
node_01156,reallyfreegeoip,maxmind_geolite,51.4537,-0.232,Wandsworth,GB,,,False,,success,2026-06-07T13:36:24Z
node_01520,dbip_lite,dbip_lite,49.3678,8.53111,Ketsch,DE,,1780278471,False,,success,2026-06-07T13:30:04Z
node_01520,geojs,maxmind_geolite,49.4922,8.464,Mannheim,DE,,,False,,success,2026-06-07T13:45:30Z
node_01520,ip2location_lite,ip2location_lite,49.496521,8.479518,Mannheim,DE,,1780555707,False,,success,2026-06-07T13:30:04Z
node_01520,ip_api,ipapi_com_unverified,49.4922,8.464,Mannheim,DE,,,False,,success,2026-06-07T13:45:29Z
node_01520,ipinfo,ipinfo,49.4891,8.4669,Mannheim,DE,,,False,,success,2026-06-07T13:45:30Z
node_01520,ipwho_is,ipwhois_unverified,49.4874592,8.4660395,Mannheim,DE,,,False,,success,2026-06-07T13:45:30Z
node_01520,maxmind_geolite2,maxmind_geolite,49.4922,8.464,Mannheim,DE,20,1780418264,False,,success,2026-06-07T13:30:04Z
node_01520,reallyfreegeoip,maxmind_geolite,49.3694,8.5234,Ketsch,DE,,,False,,success,2026-06-07T13:45:30Z
node_01364,dbip_lite,dbip_lite,49.8414,7.86713,Bad Kreuznach,DE,,1780278471,False,,success,2026-06-07T13:30:04Z
node_01364,geojs,maxmind_geolite,49.8366,7.8708,Bad Kreuznach,DE,,,False,,success,2026-06-07T13:41:36Z
node_01364,ip2location_lite,ip2location_lite,49.841675,7.866833,Bad Kreuznach,DE,,1780555707,False,,success,2026-06-07T13:30:04Z
node_01364,ip_api,ipapi_com_unverified,49.8366,7.8708,Bad Kreuznach,DE,,,False,,success,2026-06-07T13:41:35Z
node_01364,ipinfo,ipinfo,49.8414,7.8671,Bad Kreuznach,DE,,,False,,success,2026-06-07T13:41:36Z
node_01364,ipwho_is,ipwhois_unverified,49.8440162,7.8731346,Bad Kreuznach,DE,,,False,,success,2026-06-07T13:41:36Z
node_01364,maxmind_geolite2,maxmind_geolite,49.8366,7.8708,Bad Kreuznach,DE,5,1780418264,False,,success,2026-06-07T13:30:04Z
node_01364,reallyfreegeoip,maxmind_geolite,49.8366,7.8708,Bad Kreuznach,DE,,,False,,success,2026-06-07T13:41:36Z
node_01143,dbip_lite,dbip_lite,42.6978,23.3246,Sofia (Old City Center),BG,,1780278471,False,,success,2026-06-07T13:30:02Z
node_01143,geojs,maxmind_geolite,42.696,23.332,,BG,,,True,no_city,success,2026-06-07T13:36:04Z
node_01143,ip2location_lite,ip2location_lite,42.69751,23.32415,Sofia,BG,,1780555707,False,,success,2026-06-07T13:30:02Z
node_01143,ip_api,ipapi_com_unverified,42.6978,23.3246,Sofia,BG,,,False,,success,2026-06-07T13:36:03Z
node_01143,ipinfo,ipinfo,42.6975,23.3241,Sofia,BG,,,False,,success,2026-06-07T13:36:04Z
node_01143,ipwho_is,ipwhois_unverified,42.6977082,23.3218675,Sofia,BG,,,False,,success,2026-06-07T13:36:04Z
node_01143,maxmind_geolite2,maxmind_geolite,42.696,23.332,,BG,200,1780418264,True,no_city,success,2026-06-07T13:30:02Z
node_01143,reallyfreegeoip,maxmind_geolite,42.696,23.332,,BG,,,True,no_city,success,2026-06-07T13:36:04Z
node_01336,dbip_lite,dbip_lite,56.0467,12.6944,Helsingborg,SE,,1780278471,False,,success,2026-06-07T13:30:04Z
node_01336,geojs,maxmind_geolite,56.045,12.6923,Helsingborg,SE,,,False,,success,2026-06-07T13:40:54Z
node_01336,ip2location_lite,ip2location_lite,59.332748,18.06484,Stockholm,SE,,1780555707,False,,success,2026-06-07T13:30:04Z
node_01336,ip_api,ipapi_com_unverified,56.045,12.6923,Helsingborg,SE,,,False,,success,2026-06-07T13:40:53Z
node_01336,ipinfo,ipinfo,56.0467,12.6944,Helsingborg,SE,,,False,,success,2026-06-07T13:40:54Z
node_01336,ipwho_is,ipwhois_unverified,56.0464674,12.6945121,Helsingborg,SE,,,False,,success,2026-06-07T13:40:54Z
node_01336,maxmind_geolite2,maxmind_geolite,56.045,12.6923,Helsingborg,SE,5,1780418264,False,,success,2026-06-07T13:30:04Z
node_01336,reallyfreegeoip,maxmind_geolite,60.4751,15.3837,Borlänge,SE,,,False,,success,2026-06-07T13:40:54Z
node_01228,dbip_lite,dbip_lite,35.6215,139.631,Den’enchōfu,JP,,1780278471,False,,success,2026-06-07T13:30:03Z
node_01228,geojs,maxmind_geolite,35.6682,139.6647,Matsubara,JP,,,False,,success,2026-06-07T13:38:12Z
node_01228,ip2location_lite,ip2location_lite,35.689499,139.692322,Tokyo,JP,,1780555707,False,,success,2026-06-07T13:30:03Z
node_01228,ip_api,ipapi_com_unverified,35.7102,139.7273,Yaraichō,JP,,,False,,success,2026-06-07T13:38:12Z
node_01228,ipinfo,ipinfo,35.6895,139.6917,Tokyo,JP,,,False,,success,2026-06-07T13:38:12Z
node_01228,ipwho_is,ipwhois_unverified,35.7026067,139.7344405,Shinjuku,JP,,,False,,success,2026-06-07T13:38:12Z
node_01228,maxmind_geolite2,maxmind_geolite,35.6682,139.6647,Matsubara,JP,20,1780418264,False,,success,2026-06-07T13:30:03Z
node_01228,reallyfreegeoip,maxmind_geolite,35.6849,139.818,Tōyō,JP,,,False,,success,2026-06-07T13:38:12Z
node_01110,dbip_lite,dbip_lite,-36.8542,174.764,Auckland (Auckland CBD),NZ,,1780278471,False,,success,2026-06-07T13:30:01Z
node_01110,geojs,maxmind_geolite,-37.8887,175.4695,Cambridge,NZ,,,False,,success,2026-06-07T13:35:15Z
node_01110,ip2location_lite,ip2location_lite,-37.667381,175.155533,Ngaruawahia,NZ,,1780555707,False,,success,2026-06-07T13:30:01Z
node_01110,ip_api,ipapi_com_unverified,-37.8887,175.4695,Cambridge,NZ,,,False,,success,2026-06-07T13:35:14Z
node_01110,ipinfo,ipinfo,-37.8782,175.4402,Cambridge,NZ,,,False,,success,2026-06-07T13:35:14Z
node_01110,ipwho_is,ipwhois_unverified,-36.8484597,174.7633315,Auckland,NZ,,,False,,success,2026-06-07T13:35:14Z
node_01110,maxmind_geolite2,maxmind_geolite,-37.8887,175.4695,Cambridge,NZ,20,1780418264,False,,success,2026-06-07T13:30:01Z
node_01110,reallyfreegeoip,maxmind_geolite,-37.7838,175.2824,Hamilton,NZ,,,False,,success,2026-06-07T13:35:15Z
node_01559,dbip_lite,dbip_lite,41.5447,-96.1351,Blair,US,,1780278471,False,,success,2026-06-07T13:30:04Z
node_01559,geojs,maxmind_geolite,41.212,-96.1101,Omaha,US,,,False,,success,2026-06-07T13:46:28Z
node_01559,ip2location_lite,ip2location_lite,41.261391,-96.13028,Boys Town,US,,1780555707,False,,success,2026-06-07T13:30:04Z
node_01559,ip_api,ipapi_com_unverified,41.2592,-96.1722,Omaha,US,,,False,,success,2026-06-07T13:46:28Z
node_01559,ipinfo,ipinfo,39.0997,-94.5786,Kansas City,US,,,False,,success,2026-06-07T13:46:28Z
node_01559,ipwho_is,ipwhois_unverified,41.5446975,-96.1350702,Blair,US,,,False,,success,2026-06-07T13:46:28Z
node_01559,maxmind_geolite2,maxmind_geolite,41.212,-96.1101,Omaha,US,50,1780418264,False,,success,2026-06-07T13:30:04Z
node_01559,reallyfreegeoip,maxmind_geolite,41.268,-96.1156,Omaha,US,,,False,,success,2026-06-07T13:46:29Z
node_01437,dbip_lite,dbip_lite,1.38028,103.84,Ang Mo Kio,SG,,1780278471,False,,success,2026-06-07T13:30:04Z
node_01437,geojs,maxmind_geolite,1.3343,103.8724,Singapore,SG,,,False,,success,2026-06-07T13:43:25Z
node_01437,ip2location_lite,ip2location_lite,1.289987,103.850281,Singapore,SG,,1780555707,False,,success,2026-06-07T13:30:04Z
node_01437,ip_api,ipapi_com_unverified,1.38028,103.84,Singapore,SG,,,False,,success,2026-06-07T13:43:25Z
node_01437,ipinfo,ipinfo,1.3503,103.7228,Jurong West,SG,,,False,,success,2026-06-07T13:43:25Z
node_01437,ipwho_is,ipwhois_unverified,1.3553794,103.8677444,Singapore,SG,,,False,,success,2026-06-07T13:43:25Z
node_01437,maxmind_geolite2,maxmind_geolite,1.3343,103.8724,Singapore,SG,10,1780418264,False,,success,2026-06-07T13:30:04Z
node_01437,reallyfreegeoip,maxmind_geolite,1.3296,103.8799,Singapore,SG,,,False,,success,2026-06-07T13:43:26Z
node_01452,dbip_lite,dbip_lite,47.6061,-122.333,Seattle,US,,1780278471,False,,success,2026-06-07T13:30:04Z
node_01452,geojs,maxmind_geolite,47.6109,-122.3303,Seattle,US,,,False,,success,2026-06-07T13:43:48Z
node_01452,ip2location_lite,ip2location_lite,34.106529,-117.593109,Rancho Cucamonga,US,,1780555707,False,,success,2026-06-07T13:30:04Z
node_01452,ip_api,ipapi_com_unverified,47.6109,-122.3303,Seattle,US,,,False,,success,2026-06-07T13:43:47Z
node_01452,ipinfo,ipinfo,47.6062,-122.3321,Seattle,US,,,False,,success,2026-06-07T13:43:48Z
node_01452,ipwho_is,ipwhois_unverified,47.6062095,-122.3320708,Seattle,US,,,False,,success,2026-06-07T13:43:48Z
node_01452,maxmind_geolite2,maxmind_geolite,47.6109,-122.3303,Seattle,US,20,1780418264,False,,success,2026-06-07T13:30:04Z
node_01452,reallyfreegeoip,maxmind_geolite,47.6034,-122.3414,Seattle,US,,,False,,success,2026-06-07T13:43:48Z
node_01525,dbip_lite,dbip_lite,53.3498,-6.2603100000000005,Dublin,IE,,1780278471,False,,success,2026-06-07T13:30:04Z
node_01525,geojs,maxmind_geolite,53.3354,-6.252,Dublin,IE,,,False,,success,2026-06-07T13:45:37Z
node_01525,ip2location_lite,ip2location_lite,53.344151,-6.267249,Dublin,IE,,1780555707,False,,success,2026-06-07T13:30:04Z
node_01525,ip_api,ipapi_com_unverified,53.3382,-6.2591,Dublin,IE,,,False,,success,2026-06-07T13:45:37Z
node_01525,ipinfo,ipinfo,53.3331,-6.2489,Dublin,IE,,,False,,success,2026-06-07T13:45:37Z
node_01525,ipwho_is,ipwhois_unverified,53.3165322,-6.3425318,Dublin,IE,,,False,,success,2026-06-07T13:45:37Z
node_01525,maxmind_geolite2,maxmind_geolite,53.3354,-6.252,Dublin,IE,20,1780418264,False,,success,2026-06-07T13:30:04Z
node_01525,reallyfreegeoip,maxmind_geolite,42.8856,-78.8736,Buffalo,US,,,False,,success,2026-06-07T13:45:38Z
node_01330,dbip_lite,dbip_lite,52.5853,8.2107,Steinfeld,DE,,1780278471,False,,success,2026-06-07T13:30:04Z
node_01330,geojs,maxmind_geolite,52.5232,8.1894,Damme,DE,,,False,,success,2026-06-07T13:40:45Z
node_01330,ip2location_lite,ip2location_lite,52.521568,8.19793,Damme,DE,,1780555707,False,,success,2026-06-07T13:30:04Z
node_01330,ip_api,ipapi_com_unverified,52.5232,8.1894,Damme,DE,,,False,,success,2026-06-07T13:40:44Z
node_01330,ipinfo,ipinfo,52.5215,8.1977,Damme,DE,,,False,,success,2026-06-07T13:40:45Z
node_01330,ipwho_is,ipwhois_unverified,52.5234304,8.1955858,Damme,DE,,,False,,success,2026-06-07T13:40:45Z
node_01330,maxmind_geolite2,maxmind_geolite,52.5232,8.1894,Damme,DE,5,1780418264,False,,success,2026-06-07T13:30:04Z
node_01330,reallyfreegeoip,maxmind_geolite,52.5232,8.1894,Damme,DE,,,False,,success,2026-06-07T13:40:45Z
node_01275,dbip_lite,dbip_lite,52.3294,4.93964,Duivendrecht,NL,,1780278471,False,,success,2026-06-07T13:30:03Z
node_01275,geojs,maxmind_geolite,52.3179,4.9521,Amsterdam,NL,,,False,,success,2026-06-07T13:39:22Z
node_01275,ip2location_lite,ip2location_lite,52.339642,4.96256,Diemen,NL,,1780555707,False,,success,2026-06-07T13:30:03Z
node_01275,ip_api,ipapi_com_unverified,52.3179,4.9521,Amsterdam,NL,,,False,,success,2026-06-07T13:39:22Z
node_01275,ipinfo,ipinfo,52.374,4.8897,Amsterdam,NL,,,False,,success,2026-06-07T13:39:22Z
node_01275,ipwho_is,ipwhois_unverified,52.3702157,4.8951679,Amsterdam,NL,,,True,"hub:52.37,4.895",success,2026-06-07T13:39:22Z
node_01275,maxmind_geolite2,maxmind_geolite,52.3179,4.9521,Amsterdam,NL,5,1780418264,False,,success,2026-06-07T13:30:03Z
node_01275,reallyfreegeoip,maxmind_geolite,52.3182,4.951,Amsterdam,NL,,,False,,success,2026-06-07T13:39:23Z
node_01190,dbip_lite,dbip_lite,51.757,19.4411,Lodz (Polesie),PL,,1780278471,False,,success,2026-06-07T13:30:03Z
node_01190,geojs,maxmind_geolite,51.1095,16.997,Wroclaw,PL,,,False,,success,2026-06-07T13:37:15Z
node_01190,ip2location_lite,ip2location_lite,51.85561,19.406231,Zgierz,PL,,1780555707,False,,success,2026-06-07T13:30:03Z
node_01190,ip_api,ipapi_com_unverified,51.1095,16.997,Wroclaw,PL,,,False,,success,2026-06-07T13:37:14Z
node_01190,ipinfo,ipinfo,51.7706,19.4739,Łódź,PL,,,False,,success,2026-06-07T13:37:14Z
node_01190,ipwho_is,ipwhois_unverified,51.7592485,19.4559833,Łódź,PL,,,False,,success,2026-06-07T13:37:14Z
node_01190,maxmind_geolite2,maxmind_geolite,51.1095,16.997,Wroclaw,PL,20,1780418264,False,,success,2026-06-07T13:30:03Z
node_01190,reallyfreegeoip,maxmind_geolite,51.7576,19.4907,Lodz,PL,,,False,,success,2026-06-07T13:37:15Z
node_01170,dbip_lite,dbip_lite,46.8012,11.9334,Bruneck,IT,,1780278471,False,,success,2026-06-07T13:30:02Z
node_01170,geojs,maxmind_geolite,46.8034,11.9271,Bruneck,IT,,,False,,success,2026-06-07T13:36:45Z
node_01170,ip2location_lite,ip2location_lite,46.79583,11.93638,Brunico,IT,,1780555707,False,,success,2026-06-07T13:30:02Z
node_01170,ip_api,ipapi_com_unverified,46.8034,11.9271,Bruneck,IT,,,False,,success,2026-06-07T13:36:44Z
node_01170,ipinfo,ipinfo,46.7994,11.9343,Brunico,IT,,,False,,success,2026-06-07T13:36:44Z
node_01170,ipwho_is,ipwhois_unverified,46.7965736,11.9380416,Bruneck,IT,,,False,,success,2026-06-07T13:36:44Z
node_01170,maxmind_geolite2,maxmind_geolite,46.8034,11.9271,Bruneck,IT,50,1780418264,False,,success,2026-06-07T13:30:02Z
node_01170,reallyfreegeoip,maxmind_geolite,46.8035,11.9272,Bruneck,IT,,,False,,success,2026-06-07T13:36:45Z
node_01120,dbip_lite,dbip_lite,41.8967,12.4822,Rome,IT,,1780278471,False,,success,2026-06-07T13:30:01Z
node_01120,geojs,maxmind_geolite,41.8905,12.5127,Rome,IT,,,False,,success,2026-06-07T13:35:30Z
node_01120,ip2location_lite,ip2location_lite,41.894253,12.484253,Rome,IT,,1780555707,False,,success,2026-06-07T13:30:01Z
node_01120,ip_api,ipapi_com_unverified,41.8905,12.5127,Rome,IT,,,False,,success,2026-06-07T13:35:29Z
node_01120,ipinfo,ipinfo,41.8919,12.5113,Rome,IT,,,False,,success,2026-06-07T13:35:29Z
node_01120,ipwho_is,ipwhois_unverified,41.9027835,12.4963655,Rome,IT,,,False,,success,2026-06-07T13:35:29Z
node_01120,maxmind_geolite2,maxmind_geolite,41.8905,12.5127,Rome,IT,20,1780418264,False,,success,2026-06-07T13:30:01Z
node_01120,reallyfreegeoip,maxmind_geolite,41.8904,12.5126,Rome,IT,,,False,,success,2026-06-07T13:35:30Z
node_01514,dbip_lite,dbip_lite,1.35208,103.82,Singapore,SG,,1780278471,False,,success,2026-06-07T13:30:04Z
node_01514,geojs,maxmind_geolite,1.2872,103.8507,Singapore,SG,,,False,,success,2026-06-07T13:45:21Z
node_01514,ip2location_lite,ip2location_lite,1.289987,103.850281,Singapore,SG,,1780555707,False,,success,2026-06-07T13:30:04Z
node_01514,ip_api,ipapi_com_unverified,1.3048,103.8622,Singapore,SG,,,False,,success,2026-06-07T13:45:20Z
node_01514,ipinfo,ipinfo,1.2897,103.8501,Singapore,SG,,,False,,success,2026-06-07T13:45:21Z
node_01514,ipwho_is,ipwhois_unverified,1.3553794,103.8677444,Singapore,SG,,,False,,success,2026-06-07T13:45:21Z
node_01514,maxmind_geolite2,maxmind_geolite,1.2872,103.8507,Singapore,SG,20,1780418264,False,,success,2026-06-07T13:30:04Z
node_01514,reallyfreegeoip,maxmind_geolite,1.2868,103.8503,Singapore,SG,,,False,,success,2026-06-07T13:45:21Z
node_01510,dbip_lite,dbip_lite,52.3676,4.90414,Amsterdam,NL,,1780278471,False,,success,2026-06-07T13:30:04Z
node_01510,geojs,maxmind_geolite,47.0042,28.8574,Chisinau,MD,,,False,,success,2026-06-07T13:45:15Z
node_01510,ip2location_lite,ip2location_lite,47.006042,28.856674,Chisinau,MD,,1780555707,False,,success,2026-06-07T13:30:04Z
node_01510,ip_api,ipapi_com_unverified,47.0042,28.8574,Chisinau,MD,,,False,,success,2026-06-07T13:45:14Z
node_01510,ipinfo,ipinfo,47.009,28.8594,Chisinau,MD,,,False,,success,2026-06-07T13:45:15Z
node_01510,ipwho_is,ipwhois_unverified,47.0104529,28.8638103,Chisinau,MD,,,False,,success,2026-06-07T13:45:15Z
node_01510,maxmind_geolite2,maxmind_geolite,47.0042,28.8574,Chisinau,MD,20,1780418264,False,,success,2026-06-07T13:30:04Z
node_01510,reallyfreegeoip,maxmind_geolite,47.0042,28.8574,Chisinau,MD,,,False,,success,2026-06-07T13:45:15Z
node_01405,dbip_lite,dbip_lite,60.1699,24.9384,Helsinki,FI,,1780278471,False,,success,2026-06-07T13:30:04Z
node_01405,geojs,maxmind_geolite,60.1719,24.9347,Helsinki,FI,,,False,,success,2026-06-07T13:42:37Z
node_01405,ip2location_lite,ip2location_lite,60.169521,24.93545,Helsinki,FI,,1780555707,False,,success,2026-06-07T13:30:04Z
node_01405,ip_api,ipapi_com_unverified,60.1719,24.9347,Helsinki,FI,,,False,,success,2026-06-07T13:42:37Z
node_01405,ipinfo,ipinfo,60.1695,24.9354,Helsinki,FI,,,False,,success,2026-06-07T13:42:37Z
node_01405,ipwho_is,ipwhois_unverified,60.1698557,24.938379,Helsinki,FI,,,False,,success,2026-06-07T13:42:37Z
node_01405,maxmind_geolite2,maxmind_geolite,60.1719,24.9347,Helsinki,FI,20,1780418264,False,,success,2026-06-07T13:30:04Z
node_01405,reallyfreegeoip,maxmind_geolite,60.1797,24.9344,Helsinki,FI,,,False,,success,2026-06-07T13:42:38Z
node_01254,dbip_lite,dbip_lite,53.7558,9.93133,Ellerau,DE,,1780278471,False,,success,2026-06-07T13:30:03Z
node_01254,geojs,maxmind_geolite,53.5717,9.9545,Hamburg,DE,,,False,,success,2026-06-07T13:38:51Z
node_01254,ip2location_lite,ip2location_lite,53.86898,10.687058,Luebeck,DE,,1780555707,False,,success,2026-06-07T13:30:03Z
node_01254,ip_api,ipapi_com_unverified,53.5717,9.9545,Hamburg,DE,,,False,,success,2026-06-07T13:38:50Z
node_01254,ipinfo,ipinfo,53.6542,9.6604,Heist,DE,,,False,,success,2026-06-07T13:38:51Z
node_01254,ipwho_is,ipwhois_unverified,53.5510846,9.9936818,Hamburg,DE,,,False,,success,2026-06-07T13:38:51Z
node_01254,maxmind_geolite2,maxmind_geolite,53.5717,9.9545,Hamburg,DE,100,1780418264,False,,success,2026-06-07T13:30:03Z
node_01254,reallyfreegeoip,maxmind_geolite,53.6082,9.9738,Hamburg,DE,,,False,,success,2026-06-07T13:38:51Z
node_01316,dbip_lite,dbip_lite,42.6556,23.372700000000002,Sofia (Rayon Mladost),BG,,1780278471,False,,success,2026-06-07T13:30:04Z
node_01316,geojs,maxmind_geolite,42.696,23.332,,BG,,,True,no_city,success,2026-06-07T13:40:24Z
node_01316,ip2location_lite,ip2location_lite,42.69751,23.32415,Sofia,BG,,1780555707,False,,success,2026-06-07T13:30:04Z
node_01316,ip_api,ipapi_com_unverified,42.6556,23.3727,Sofia,BG,,,False,,success,2026-06-07T13:40:23Z
node_01316,ipinfo,ipinfo,42.6975,23.3241,Sofia,BG,,,False,,success,2026-06-07T13:40:24Z
node_01316,ipwho_is,ipwhois_unverified,42.6977082,23.3218675,Sofia,BG,,,False,,success,2026-06-07T13:40:24Z
node_01316,maxmind_geolite2,maxmind_geolite,42.696,23.332,,BG,200,1780418264,True,no_city,success,2026-06-07T13:30:04Z
node_01316,reallyfreegeoip,maxmind_geolite,42.696,23.332,,BG,,,True,no_city,success,2026-06-07T13:40:24Z
node_01354,dbip_lite,dbip_lite,-16.5,-68.15,La Paz,BO,,1780278471,False,,success,2026-06-07T13:30:04Z
node_01354,geojs,maxmind_geolite,-17.7834,-63.1822,Santa Cruz de la Sierra,BO,,,False,,success,2026-06-07T13:41:21Z
node_01354,ip2location_lite,ip2location_lite,-17.799812,-63.166862,Santa Cruz de la Sierra,BO,,1780555707,False,,success,2026-06-07T13:30:04Z
node_01354,ip_api,ipapi_com_unverified,-17.7834,-63.1822,Santa Cruz de la Sierra,BO,,,False,,success,2026-06-07T13:41:20Z
node_01354,ipinfo,ipinfo,-17.7863,-63.1812,Santa Cruz de la Sierra,BO,,,False,,success,2026-06-07T13:41:21Z
node_01354,ipwho_is,ipwhois_unverified,-17.8145819,-63.1560853,Santa Cruz de la Sierra,BO,,,False,,success,2026-06-07T13:41:21Z
node_01354,maxmind_geolite2,maxmind_geolite,-17.7834,-63.1822,Santa Cruz de la Sierra,BO,20,1780418264,False,,success,2026-06-07T13:30:04Z
node_01354,reallyfreegeoip,maxmind_geolite,37.751,-97.822,,US,,,True,no_city,success,2026-06-07T13:41:21Z
node_01356,dbip_lite,dbip_lite,-12.0891,-76.9988,San Francisco De Borja,PE,,1780278471,False,,success,2026-06-07T13:30:04Z
node_01356,geojs,maxmind_geolite,-12.046,-77.0305,Lima,PE,,,False,,success,2026-06-07T13:41:24Z
node_01356,ip2location_lite,ip2location_lite,-12.11667,-77.050003,San Isidro,PE,,1780555707,False,,success,2026-06-07T13:30:04Z
node_01356,ip_api,ipapi_com_unverified,-12.046,-77.0305,Lima,PE,,,False,,success,2026-06-07T13:41:23Z
node_01356,ipinfo,ipinfo,-12.0966,-77.0426,San Isidro,PE,,,False,,success,2026-06-07T13:41:24Z
node_01356,ipwho_is,ipwhois_unverified,-12.0498743,-76.9722271,Santa Anita,PE,,,False,,success,2026-06-07T13:41:24Z
node_01356,maxmind_geolite2,maxmind_geolite,-12.046,-77.0305,Lima,PE,50,1780418264,False,,success,2026-06-07T13:30:04Z
node_01356,reallyfreegeoip,maxmind_geolite,-12.0432,-77.0282,Lima,PE,,,False,,success,2026-06-07T13:41:24Z
node_01557,dbip_lite,dbip_lite,26.2235,50.5876,Manama,BH,,1780278471,False,,success,2026-06-07T13:30:04Z
node_01557,geojs,maxmind_geolite,26.2235,50.5813,,BH,,,True,no_city,success,2026-06-07T13:46:26Z
node_01557,ip2location_lite,ip2location_lite,26.215372,50.583263,Manama,BH,,1780555707,False,,success,2026-06-07T13:30:04Z
node_01557,ip_api,ipapi_com_unverified,26.2235,50.5876,Manama,BH,,,False,,success,2026-06-07T13:46:25Z
node_01557,ipinfo,ipinfo,26.2279,50.5857,Manama,BH,,,False,,success,2026-06-07T13:46:25Z
node_01557,ipwho_is,ipwhois_unverified,26.2285161,50.5860497,Manama,BH,,,False,,success,2026-06-07T13:46:25Z
node_01557,maxmind_geolite2,maxmind_geolite,26.2235,50.5813,,BH,50,1780418264,True,no_city,success,2026-06-07T13:30:04Z
node_01557,reallyfreegeoip,maxmind_geolite,26.0333,50.55,,BH,,,True,no_city,success,2026-06-07T13:46:26Z
node_01521,dbip_lite,dbip_lite,14.5995,120.984,Manila,PH,,1780278471,False,,success,2026-06-07T13:30:04Z
node_01521,geojs,maxmind_geolite,14.5971,120.9798,Manila,PH,,,False,,success,2026-06-07T13:45:31Z
node_01521,ip2location_lite,ip2location_lite,14.6042,120.982201,Manila,PH,,1780555707,False,,success,2026-06-07T13:30:04Z
node_01521,ip_api,ipapi_com_unverified,14.5971,120.9798,Manila,PH,,,False,,success,2026-06-07T13:45:31Z
node_01521,ipinfo,ipinfo,14.6042,120.9822,Manila,PH,,,False,,success,2026-06-07T13:45:31Z
node_01521,ipwho_is,ipwhois_unverified,14.5995124,120.9842195,Manila,PH,,,False,,success,2026-06-07T13:45:31Z
node_01521,maxmind_geolite2,maxmind_geolite,14.5971,120.9798,Manila,PH,20,1780418264,False,,success,2026-06-07T13:30:04Z
node_01521,reallyfreegeoip,maxmind_geolite,14.6019,120.9896,Manila,PH,,,False,,success,2026-06-07T13:45:32Z
node_01476,dbip_lite,dbip_lite,10.6122,-66.8519,Caraballeda,VE,,1780278471,False,,success,2026-06-07T13:30:04Z
node_01476,geojs,maxmind_geolite,10.5998,-66.9373,La Guaira,VE,,,False,,success,2026-06-07T13:44:24Z
node_01476,ip2location_lite,ip2location_lite,10.48801,-66.87899,Caracas,VE,,1780555707,False,,success,2026-06-07T13:30:04Z
node_01476,ip_api,ipapi_com_unverified,10.5998,-66.9373,La Guaira,VE,,,False,,success,2026-06-07T13:44:23Z
node_01476,ipinfo,ipinfo,10.488,-66.8792,Caracas,VE,,,False,,success,2026-06-07T13:44:24Z
node_01476,ipwho_is,ipwhois_unverified,10.6135398,-66.8498883,Caraballeda,VE,,,False,,success,2026-06-07T13:44:24Z
node_01476,maxmind_geolite2,maxmind_geolite,10.5998,-66.9373,La Guaira,VE,5,1780418264,False,,success,2026-06-07T13:30:04Z
node_01476,reallyfreegeoip,maxmind_geolite,10.5998,-66.9373,La Guaira,VE,,,False,,success,2026-06-07T13:44:24Z
node_01444,dbip_lite,dbip_lite,-20.2432,57.4964,Quatre Bornes (Ebene CyberCity),MU,,1780278471,False,,success,2026-06-07T13:30:04Z
node_01444,geojs,maxmind_geolite,-17.8394,31.0543,Harare,ZW,,,False,,success,2026-06-07T13:43:36Z
node_01444,ip2location_lite,ip2location_lite,-17.366671,30.200001,Chinhoyi,ZW,,1780555707,False,,success,2026-06-07T13:30:04Z
node_01444,ip_api,ipapi_com_unverified,-17.8394,31.0543,Harare,ZW,,,False,,success,2026-06-07T13:43:35Z
node_01444,ipinfo,ipinfo,-17.8277,31.0534,Harare,ZW,,,False,,success,2026-06-07T13:43:36Z
node_01444,ipwho_is,ipwhois_unverified,-17.8251657,31.03351,Harare,ZW,,,False,,success,2026-06-07T13:43:36Z
node_01444,maxmind_geolite2,maxmind_geolite,-17.8394,31.0543,Harare,ZW,50,1780418264,False,,success,2026-06-07T13:30:04Z
node_01444,reallyfreegeoip,maxmind_geolite,-20.3,57.5833,,MU,,,True,no_city,success,2026-06-07T13:43:36Z
node_01371,dbip_lite,dbip_lite,48.2352,16.4811,Vienna (Donaustadt),AT,,1780278471,False,,success,2026-06-07T13:30:04Z
node_01371,geojs,maxmind_geolite,48.0082,16.2242,Baden,AT,,,False,,success,2026-06-07T13:41:46Z
node_01371,ip2location_lite,ip2location_lite,48.208889,16.37208,Vienna,AT,,1780555707,False,,success,2026-06-07T13:30:04Z
node_01371,ip_api,ipapi_com_unverified,48.0082,16.2242,Baden,AT,,,False,,success,2026-06-07T13:41:46Z
node_01371,ipinfo,ipinfo,48.219,16.495,Vienna,AT,,,False,,success,2026-06-07T13:41:46Z
node_01371,ipwho_is,ipwhois_unverified,48.030617,16.1787756,Rosental,AT,,,False,,success,2026-06-07T13:41:46Z
node_01371,maxmind_geolite2,maxmind_geolite,48.0082,16.2242,Baden,AT,20,1780418264,False,,success,2026-06-07T13:30:04Z
node_01371,reallyfreegeoip,maxmind_geolite,47.8954,15.9646,Pernitz,AT,,,False,,success,2026-06-07T13:41:47Z
node_01390,dbip_lite,dbip_lite,35.6764,139.65,Shibuya City,JP,,1780278471,False,,success,2026-06-07T13:30:04Z
node_01390,geojs,maxmind_geolite,35.6893,139.6899,Tokyo,JP,,,False,,success,2026-06-07T13:42:15Z
node_01390,ip2location_lite,ip2location_lite,35.689499,139.692322,Tokyo,JP,,1780555707,False,,success,2026-06-07T13:30:04Z
node_01390,ip_api,ipapi_com_unverified,35.6893,139.6899,Tokyo,JP,,,False,,success,2026-06-07T13:42:14Z
node_01390,ipinfo,ipinfo,35.6895,139.6917,Tokyo,JP,,,False,,success,2026-06-07T13:42:15Z
node_01390,ipwho_is,ipwhois_unverified,35.7090259,139.7319925,Tokyo,JP,,,False,,success,2026-06-07T13:42:15Z
node_01390,maxmind_geolite2,maxmind_geolite,35.6893,139.6899,Tokyo,JP,20,1780418264,False,,success,2026-06-07T13:30:04Z
node_01390,reallyfreegeoip,maxmind_geolite,35.6893,139.6899,Tokyo,JP,,,False,,success,2026-06-07T13:42:15Z
node_01388,dbip_lite,dbip_lite,37.5503,126.997,Yongsan-dong,KR,,1780278471,False,,success,2026-06-07T13:30:04Z
node_01388,geojs,maxmind_geolite,37.5658,126.978,Seoul,KR,,,False,,success,2026-06-07T13:42:12Z
node_01388,ip2location_lite,ip2location_lite,37.566311,126.977203,Seoul,KR,,1780555707,False,,success,2026-06-07T13:30:04Z
node_01388,ip_api,ipapi_com_unverified,37.5658,126.978,Seoul,KR,,,False,,success,2026-06-07T13:42:11Z
node_01388,ipinfo,ipinfo,37.566,126.9784,Seoul,KR,,,False,,success,2026-06-07T13:42:12Z
node_01388,ipwho_is,ipwhois_unverified,37.566535,126.9779692,Seoul,KR,,,False,,success,2026-06-07T13:42:12Z
node_01388,maxmind_geolite2,maxmind_geolite,37.5658,126.978,Seoul,KR,20,1780418264,False,,success,2026-06-07T13:30:04Z
node_01388,reallyfreegeoip,maxmind_geolite,37.5794,126.9754,Seoul,KR,,,False,,success,2026-06-07T13:42:12Z
node_01409,dbip_lite,dbip_lite,37.3541,-121.955,Santa Clara,US,,1780278471,False,,success,2026-06-07T13:30:04Z
node_01409,geojs,maxmind_geolite,37.353,-121.9544,Santa Clara,US,,,False,,success,2026-06-07T13:42:43Z
node_01409,ip2location_lite,ip2location_lite,37.354111,-121.95549,Santa Clara,US,,1780555707,False,,success,2026-06-07T13:30:04Z
node_01409,ip_api,ipapi_com_unverified,37.353,-121.9544,Santa Clara,US,,,False,,success,2026-06-07T13:42:43Z
node_01409,ipinfo,ipinfo,37.3541,-121.9552,Santa Clara,US,,,False,,success,2026-06-07T13:42:43Z
node_01409,ipwho_is,ipwhois_unverified,37.3541079,-121.9552356,Santa Clara,US,,,False,,success,2026-06-07T13:42:43Z
node_01409,maxmind_geolite2,maxmind_geolite,37.353,-121.9544,Santa Clara,US,20,1780418264,False,,success,2026-06-07T13:30:04Z
node_01409,reallyfreegeoip,maxmind_geolite,34.0544,-118.244,,US,,,True,no_city,success,2026-06-07T13:42:44Z
node_01487,dbip_lite,dbip_lite,48.8575,2.35138,Paris,FR,,1780278471,True,"hub:48.858,2.351",success,2026-06-07T13:30:04Z
node_01487,geojs,maxmind_geolite,50.6521,1.7043,Carly,FR,,,False,,success,2026-06-07T13:44:40Z
node_01487,ip2location_lite,ip2location_lite,48.859077,2.293486,Paris,FR,,1780555707,False,,success,2026-06-07T13:30:04Z
node_01487,ip_api,ipapi_com_unverified,50.6521,1.7043,Carly,FR,,,False,,success,2026-06-07T13:44:40Z
node_01487,ipinfo,ipinfo,48.8534,2.3488,Paris,FR,,,True,"hub:48.853,2.349",success,2026-06-07T13:44:40Z
node_01487,ipwho_is,ipwhois_unverified,48.856614,2.3522219,Paris,FR,,,True,"hub:48.857,2.352",success,2026-06-07T13:44:40Z
node_01487,maxmind_geolite2,maxmind_geolite,50.6521,1.7043,Carly,FR,20,1780418264,False,,success,2026-06-07T13:30:04Z
node_01487,reallyfreegeoip,maxmind_geolite,37.751,-97.822,,US,,,True,no_city,success,2026-06-07T13:44:41Z
node_01373,dbip_lite,dbip_lite,50.1109,8.68213,Frankfurt am Main,DE,,1780278471,False,,success,2026-06-07T13:30:04Z
node_01373,geojs,maxmind_geolite,60.1719,24.9347,Helsinki,FI,,,False,,success,2026-06-07T13:41:49Z
node_01373,ip2location_lite,ip2location_lite,41.01384,28.949659,Istanbul,TR,,1780555707,False,,success,2026-06-07T13:30:04Z
node_01373,ip_api,ipapi_com_unverified,41.0082,28.9784,Istanbul,TR,,,False,,success,2026-06-07T13:41:49Z
node_01373,ipinfo,ipinfo,60.1695,24.9354,Helsinki,FI,,,False,,success,2026-06-07T13:41:49Z
node_01373,ipwho_is,ipwhois_unverified,60.1698557,24.938379,Helsinki,FI,,,False,,success,2026-06-07T13:41:49Z
node_01373,maxmind_geolite2,maxmind_geolite,60.1719,24.9347,Helsinki,FI,20,1780418264,False,,success,2026-06-07T13:30:04Z
node_01373,reallyfreegeoip,maxmind_geolite,47.0014,7.9994,,,,,True,no_city,success,2026-06-07T13:41:50Z
node_01312,dbip_lite,dbip_lite,49.6398,-1.61636,Cherbourg,FR,,1780278471,False,,success,2026-06-07T13:30:03Z
node_01312,geojs,maxmind_geolite,48.8558,2.3494,Paris,FR,,,False,,success,2026-06-07T13:40:18Z
node_01312,ip2location_lite,ip2location_lite,48.859077,2.293486,Paris,FR,,1780555707,False,,success,2026-06-07T13:30:03Z
node_01312,ip_api,ipapi_com_unverified,48.8558,2.3494,Paris,FR,,,False,,success,2026-06-07T13:40:17Z
node_01312,ipinfo,ipinfo,48.9461,0.6654,La Barre-en-Ouche,FR,,,False,,success,2026-06-07T13:40:18Z
node_01312,ipwho_is,ipwhois_unverified,48.856614,2.3522219,Paris,FR,,,True,"hub:48.857,2.352",success,2026-06-07T13:40:18Z
node_01312,maxmind_geolite2,maxmind_geolite,48.8558,2.3494,Paris,FR,20,1780418264,False,,success,2026-06-07T13:30:03Z
node_01312,reallyfreegeoip,maxmind_geolite,46.2362,5.983,Thoiry,FR,,,False,,success,2026-06-07T13:40:18Z
node_01548,dbip_lite,dbip_lite,56.9677,24.1056,Riga,LV,,1780278471,False,,success,2026-06-07T13:30:04Z
node_01548,geojs,maxmind_geolite,56.9473,24.0979,Riga,LV,,,False,,success,2026-06-07T13:46:12Z
node_01548,ip2location_lite,ip2location_lite,56.945999,24.10589,Riga,LV,,1780555707,False,,success,2026-06-07T13:30:04Z
node_01548,ip_api,ipapi_com_unverified,56.9473,24.0979,Riga,LV,,,False,,success,2026-06-07T13:46:11Z
node_01548,ipinfo,ipinfo,56.946,24.1059,Riga,LV,,,False,,success,2026-06-07T13:46:12Z
node_01548,ipwho_is,ipwhois_unverified,56.9496487,24.1051864,Riga,LV,,,False,,success,2026-06-07T13:46:12Z
node_01548,maxmind_geolite2,maxmind_geolite,56.9473,24.0979,Riga,LV,20,1780418264,False,,success,2026-06-07T13:30:04Z
node_01548,reallyfreegeoip,maxmind_geolite,56.9496,24.0978,Riga,LV,,,False,,success,2026-06-07T13:46:12Z
node_01479,dbip_lite,dbip_lite,13.8591,100.522,Nonthaburi,TH,,1780278471,False,,success,2026-06-07T13:30:04Z
node_01479,geojs,maxmind_geolite,13.8607,100.5148,Nonthaburi,TH,,,False,,success,2026-06-07T13:44:28Z
node_01479,ip2location_lite,ip2location_lite,13.749976,100.516815,Bangkok,TH,,1780555707,False,,success,2026-06-07T13:30:04Z
node_01479,ip_api,ipapi_com_unverified,13.8607,100.5148,Nonthaburi,TH,,,False,,success,2026-06-07T13:44:28Z
node_01479,ipinfo,ipinfo,13.8607,100.5148,Mueang Nonthaburi,TH,,,False,,success,2026-06-07T13:44:28Z
node_01479,ipwho_is,ipwhois_unverified,13.7563309,100.5017651,Bangkok,TH,,,False,,success,2026-06-07T13:44:28Z
node_01479,maxmind_geolite2,maxmind_geolite,13.8607,100.5148,Nonthaburi,TH,20,1780418264,False,,success,2026-06-07T13:30:04Z
node_01479,reallyfreegeoip,maxmind_geolite,13.6166,100.5531,Nonthaburi,TH,,,False,,success,2026-06-07T13:44:29Z
node_01461,dbip_lite,dbip_lite,32.0853,34.7818,Tel Aviv,IL,,1780278471,False,,success,2026-06-07T13:30:04Z
node_01461,geojs,maxmind_geolite,32.0804,34.7807,Tel Aviv,IL,,,False,,success,2026-06-07T13:44:01Z
node_01461,ip2location_lite,ip2location_lite,32.080898,34.781227,Tel Aviv,IL,,1780555707,False,,success,2026-06-07T13:30:04Z
node_01461,ip_api,ipapi_com_unverified,32.0804,34.7807,Tel Aviv,IL,,,False,,success,2026-06-07T13:44:01Z
node_01461,ipinfo,ipinfo,32.0809,34.7806,Tel Aviv,IL,,,False,,success,2026-06-07T13:44:01Z
node_01461,ipwho_is,ipwhois_unverified,32.0852999,34.7817676,Tel Aviv-Yafo,IL,,,False,,success,2026-06-07T13:44:01Z
node_01461,maxmind_geolite2,maxmind_geolite,32.0804,34.7807,Tel Aviv,IL,20,1780418264,False,,success,2026-06-07T13:30:04Z
node_01461,reallyfreegeoip,maxmind_geolite,32.0803,34.7805,Tel Aviv,IL,,,False,,success,2026-06-07T13:44:02Z
node_01281,dbip_lite,dbip_lite,45.2069,5.69253,Grenoble,FR,,1780278471,False,,success,2026-06-07T13:30:03Z
node_01281,geojs,maxmind_geolite,48.8582,2.3387,,FR,,,True,no_city,success,2026-06-07T13:39:31Z
node_01281,ip2location_lite,ip2location_lite,45.198391,5.68265,Fontaine,FR,,1780555707,False,,success,2026-06-07T13:30:03Z
node_01281,ip_api,ipapi_com_unverified,45.2069,5.69253,Grenoble,FR,,,False,,success,2026-06-07T13:39:31Z
node_01281,ipinfo,ipinfo,45.1787,5.7628,Saint-Martin-d'Hères,FR,,,False,,success,2026-06-07T13:39:31Z
node_01281,ipwho_is,ipwhois_unverified,45.188529,5.724524,Grenoble,FR,,,False,,success,2026-06-07T13:39:31Z
node_01281,maxmind_geolite2,maxmind_geolite,48.8582,2.3387,,FR,500,1780418264,True,no_city,success,2026-06-07T13:30:03Z
node_01281,reallyfreegeoip,maxmind_geolite,48.8582,2.3387,,FR,,,True,no_city,success,2026-06-07T13:39:32Z
node_01350,dbip_lite,dbip_lite,48.888,2.21478,Nanterre,FR,,1780278471,False,,success,2026-06-07T13:30:04Z
node_01350,geojs,maxmind_geolite,48.2757,2.6936,Nemours,FR,,,False,,success,2026-06-07T13:41:15Z
node_01350,ip2location_lite,ip2location_lite,48.8283,2.66964,Croissy-Beaubourg,FR,,1780555707,False,,success,2026-06-07T13:30:04Z
node_01350,ip_api,ipapi_com_unverified,48.2757,2.6936,Nemours,FR,,,False,,success,2026-06-07T13:41:14Z
node_01350,ipinfo,ipinfo,48.8534,2.3488,Paris,FR,,,True,"hub:48.853,2.349",success,2026-06-07T13:41:15Z
node_01350,ipwho_is,ipwhois_unverified,48.267043,2.692611,Nemours,FR,,,False,,success,2026-06-07T13:41:15Z
node_01350,maxmind_geolite2,maxmind_geolite,48.2757,2.6936,Nemours,FR,50,1780418264,False,,success,2026-06-07T13:30:04Z
node_01350,reallyfreegeoip,maxmind_geolite,48.8323,2.4075,Paris,FR,,,False,,success,2026-06-07T13:41:15Z
node_01300,dbip_lite,dbip_lite,39.9826,-83.0415,Marble Cliff,US,,1780278471,False,,success,2026-06-07T13:30:03Z
node_01300,geojs,maxmind_geolite,39.9639,-82.9589,Columbus,US,,,False,,success,2026-06-07T13:40:00Z
node_01300,ip2location_lite,ip2location_lite,39.96138,-82.997749,Columbus,US,,1780555707,False,,success,2026-06-07T13:30:03Z
node_01300,ip_api,ipapi_com_unverified,40.0233,-83.0859,Columbus,US,,,False,,success,2026-06-07T13:39:59Z
node_01300,ipinfo,ipinfo,39.9612,-82.9988,Columbus,US,,,False,,success,2026-06-07T13:40:00Z
node_01300,ipwho_is,ipwhois_unverified,39.9867306,-83.0615745,Marble Cliff,US,,,False,,success,2026-06-07T13:40:00Z
node_01300,maxmind_geolite2,maxmind_geolite,39.9639,-82.9589,Columbus,US,10,1780418264,False,,success,2026-06-07T13:30:03Z
node_01300,reallyfreegeoip,maxmind_geolite,40.0233,-83.0859,Columbus,US,,,False,,success,2026-06-07T13:40:00Z
node_01523,dbip_lite,dbip_lite,-6.2349,106.99,Bekasi,ID,,1780278471,False,,success,2026-06-07T13:30:04Z
node_01523,geojs,maxmind_geolite,-6.1398,106.8457,North Jakarta,ID,,,False,,success,2026-06-07T13:45:34Z
node_01523,ip2location_lite,ip2location_lite,-6.234922,106.989609,Bekasi,ID,,1780555707,False,,success,2026-06-07T13:30:04Z
node_01523,ip_api,ipapi_com_unverified,-6.265,107.0122,Bekasi,ID,,,False,,success,2026-06-07T13:45:34Z
node_01523,ipinfo,ipinfo,-6.5944,106.7892,Bogor,ID,,,False,,success,2026-06-07T13:45:34Z
node_01523,ipwho_is,ipwhois_unverified,-6.1384145,106.863956,North Jakarta,ID,,,False,,success,2026-06-07T13:45:34Z
node_01523,maxmind_geolite2,maxmind_geolite,-6.1398,106.8457,North Jakarta,ID,10,1780418264,False,,success,2026-06-07T13:30:04Z
node_01523,reallyfreegeoip,maxmind_geolite,-6.2114,106.8446,Jakarta,ID,,,False,,success,2026-06-07T13:45:35Z
node_01305,dbip_lite,dbip_lite,36.384,-94.2128,Bentonville,US,,1780278471,False,,success,2026-06-07T13:30:03Z
node_01305,geojs,maxmind_geolite,36.3174,-94.1548,Rogers,US,,,False,,success,2026-06-07T13:40:07Z
node_01305,ip2location_lite,ip2location_lite,36.372849,-94.208817,Bentonville,US,,1780555707,False,,success,2026-06-07T13:30:03Z
node_01305,ip_api,ipapi_com_unverified,36.3174,-94.1548,Rogers,US,,,False,,success,2026-06-07T13:40:07Z
node_01305,ipinfo,ipinfo,36.3728,-94.2088,Bentonville,US,,,False,,success,2026-06-07T13:40:07Z
node_01305,ipwho_is,ipwhois_unverified,36.3728538,-94.2088172,Bentonville,US,,,False,,success,2026-06-07T13:40:07Z
node_01305,maxmind_geolite2,maxmind_geolite,36.3174,-94.1548,Rogers,US,10,1780418264,False,,success,2026-06-07T13:30:03Z
node_01305,reallyfreegeoip,maxmind_geolite,36.3519,-94.2197,Bentonville,US,,,False,,success,2026-06-07T13:40:08Z
node_01467,dbip_lite,dbip_lite,42.1103,-88.0342,Palatine,US,,1780278471,False,,success,2026-06-07T13:30:04Z
node_01467,geojs,maxmind_geolite,41.8483,-87.6517,Chicago,US,,,False,,success,2026-06-07T13:44:10Z
node_01467,ip2location_lite,ip2location_lite,41.875771,-87.620605,Chicago,US,,1780555707,False,,success,2026-06-07T13:30:04Z
node_01467,ip_api,ipapi_com_unverified,41.8835,-87.6305,Chicago,US,,,False,,success,2026-06-07T13:44:10Z
node_01467,ipinfo,ipinfo,41.85,-87.65,Chicago,US,,,False,,success,2026-06-07T13:44:10Z
node_01467,ipwho_is,ipwhois_unverified,41.8781136,-87.6297982,Chicago,US,,,False,,success,2026-06-07T13:44:10Z
node_01467,maxmind_geolite2,maxmind_geolite,41.8483,-87.6517,Chicago,US,20,1780418264,False,,success,2026-06-07T13:30:04Z
node_01467,reallyfreegeoip,maxmind_geolite,41.8874,-87.6318,Chicago,US,,,False,,success,2026-06-07T13:44:11Z
node_01090,dbip_lite,dbip_lite,52.255,6.16389,Deventer,NL,,1780278471,False,,success,2026-06-07T13:29:58Z
node_01090,geojs,maxmind_geolite,51.9796,4.5876,Rotterdam,NL,,,False,,success,2026-06-07T13:34:45Z
node_01090,ip2location_lite,ip2location_lite,52.378502,4.89998,Amsterdam,NL,,1780555707,True,"hub:52.379,4.9",success,2026-06-07T13:29:58Z
node_01090,ip_api,ipapi_com_unverified,52.3759,4.8975,Amsterdam,NL,,,False,,success,2026-06-07T13:34:44Z
node_01090,ipinfo,ipinfo,52.374,4.8897,Amsterdam,NL,,,False,,success,2026-06-07T13:34:44Z
node_01090,ipwho_is,ipwhois_unverified,52.3702157,4.8951679,Amsterdam,NL,,,True,"hub:52.37,4.895",success,2026-06-07T13:34:44Z
node_01090,maxmind_geolite2,maxmind_geolite,51.9796,4.5876,Rotterdam,NL,50,1780418264,False,,success,2026-06-07T13:29:58Z
node_01090,reallyfreegeoip,maxmind_geolite,52.3759,4.8975,Amsterdam,NL,,,False,,success,2026-06-07T13:34:45Z
node_01438,dbip_lite,dbip_lite,52.4068,4.88383,Amsterdam (Amsterdam-Noord),NL,,1780278471,False,,success,2026-06-07T13:30:04Z
node_01438,geojs,maxmind_geolite,52.3824,4.8995,,NL,,,True,no_city,success,2026-06-07T13:43:27Z
node_01438,ip2location_lite,ip2location_lite,52.378502,4.89998,Amsterdam,NL,,1780555707,True,"hub:52.379,4.9",success,2026-06-07T13:30:04Z
node_01438,ip_api,ipapi_com_unverified,52.4068,4.88383,Amsterdam,NL,,,False,,success,2026-06-07T13:43:26Z
node_01438,ipinfo,ipinfo,52.5083,5.475,Lelystad,NL,,,False,,success,2026-06-07T13:43:27Z
node_01438,ipwho_is,ipwhois_unverified,52.3702157,4.8951679,Amsterdam,NL,,,True,"hub:52.37,4.895",success,2026-06-07T13:43:27Z
node_01438,maxmind_geolite2,maxmind_geolite,52.3824,4.8995,,NL,100,1780418264,True,no_city,success,2026-06-07T13:30:04Z
node_01438,reallyfreegeoip,maxmind_geolite,52.4454,5.706,Biddinghuizen,NL,,,False,,success,2026-06-07T13:43:27Z
node_01118,dbip_lite,dbip_lite,52.5292,4.70972,Uitgeest,NL,,1780278471,False,,success,2026-06-07T13:30:01Z
node_01118,geojs,maxmind_geolite,52.3555,5.0003,Amsterdam,NL,,,False,,success,2026-06-07T13:35:27Z
node_01118,ip2location_lite,ip2location_lite,52.378502,4.89998,Amsterdam,NL,,1780555707,True,"hub:52.379,4.9",success,2026-06-07T13:30:01Z
node_01118,ip_api,ipapi_com_unverified,52.4095,4.8868,Amsterdam,NL,,,False,,success,2026-06-07T13:35:26Z
node_01118,ipinfo,ipinfo,51.8608,5.7667,Beuningen,NL,,,False,,success,2026-06-07T13:35:26Z
node_01118,ipwho_is,ipwhois_unverified,52.3702157,4.8951679,Amsterdam,NL,,,True,"hub:52.37,4.895",success,2026-06-07T13:35:26Z
node_01118,maxmind_geolite2,maxmind_geolite,52.3555,5.0003,Amsterdam,NL,100,1780418264,False,,success,2026-06-07T13:30:01Z
node_01118,reallyfreegeoip,maxmind_geolite,52.2023,4.6358,Roelofarendsveen,NL,,,False,,success,2026-06-07T13:35:27Z
node_01184,dbip_lite,dbip_lite,52.3676,4.90414,Amsterdam,NL,,1780278471,False,,success,2026-06-07T13:30:03Z
node_01184,geojs,maxmind_geolite,52.3555,5.0003,Amsterdam,NL,,,False,,success,2026-06-07T13:37:06Z
node_01184,ip2location_lite,ip2location_lite,52.378502,4.89998,Amsterdam,NL,,1780555707,True,"hub:52.379,4.9",success,2026-06-07T13:30:03Z
node_01184,ip_api,ipapi_com_unverified,52.4095,4.8868,Amsterdam,NL,,,False,,success,2026-06-07T13:37:05Z
node_01184,ipinfo,ipinfo,51.7452,4.5508,Strijen,NL,,,False,,success,2026-06-07T13:37:05Z
node_01184,ipwho_is,ipwhois_unverified,52.3702157,4.8951679,Amsterdam,NL,,,True,"hub:52.37,4.895",success,2026-06-07T13:37:05Z
node_01184,maxmind_geolite2,maxmind_geolite,52.3555,5.0003,Amsterdam,NL,100,1780418264,False,,success,2026-06-07T13:30:03Z
node_01184,reallyfreegeoip,maxmind_geolite,52.2023,4.6358,Roelofarendsveen,NL,,,False,,success,2026-06-07T13:37:06Z
node_01396,dbip_lite,dbip_lite,50.1823,8.73948,Bad Vilbel,DE,,1780278471,False,,success,2026-06-07T13:30:04Z
node_01396,geojs,maxmind_geolite,51.2993,9.491,,DE,,,True,no_city,success,2026-06-07T13:42:24Z
node_01396,ip2location_lite,ip2location_lite,50.12542,8.6089,Rodelheim,DE,,1780555707,False,,success,2026-06-07T13:30:04Z
node_01396,ip_api,ipapi_com_unverified,50.1823,8.73948,Bad Vilbel,DE,,,False,,success,2026-06-07T13:42:23Z
node_01396,ipinfo,ipinfo,50.1506,8.7537,Frankfurt am Main,DE,,,False,,success,2026-06-07T13:42:24Z
node_01396,ipwho_is,ipwhois_unverified,50.1823356,8.7394805,Bad Vilbel,DE,,,False,,success,2026-06-07T13:42:24Z
node_01396,maxmind_geolite2,maxmind_geolite,51.2993,9.491,,DE,200,1780418264,True,no_city,success,2026-06-07T13:30:04Z
node_01396,reallyfreegeoip,maxmind_geolite,51.2993,9.491,,DE,,,True,no_city,success,2026-06-07T13:42:24Z
node_01250,dbip_lite,dbip_lite,39.8028,-105.087,Arvada,US,,1780278471,False,,success,2026-06-07T13:30:03Z
node_01250,geojs,maxmind_geolite,39.8831,-105.1122,Westminster,US,,,False,,success,2026-06-07T13:38:45Z
node_01250,ip2location_lite,ip2location_lite,39.824989,-105.0047,Twin Lakes,US,,1780555707,False,,success,2026-06-07T13:30:03Z
node_01250,ip_api,ipapi_com_unverified,39.8831,-105.1122,Westminster,US,,,False,,success,2026-06-07T13:38:44Z
node_01250,ipinfo,ipinfo,39.8854,-105.1139,Broomfield,US,,,False,,success,2026-06-07T13:38:45Z
node_01250,ipwho_is,ipwhois_unverified,39.8027644,-105.0874842,Arvada,US,,,False,,success,2026-06-07T13:38:45Z
node_01250,maxmind_geolite2,maxmind_geolite,39.8831,-105.1122,Westminster,US,20,1780418264,False,,success,2026-06-07T13:30:03Z
node_01250,reallyfreegeoip,maxmind_geolite,39.842,-105.1101,Arvada,US,,,False,,success,2026-06-07T13:38:45Z
node_01235,dbip_lite,dbip_lite,47.3769,8.54169,Zurich,CH,,1780278471,False,,success,2026-06-07T13:30:03Z
node_01235,geojs,maxmind_geolite,47.3779,8.5236,Zurich,CH,,,False,,success,2026-06-07T13:38:22Z
node_01235,ip2location_lite,ip2location_lite,46.834831,9.45075,Domat,CH,,1780555707,False,,success,2026-06-07T13:30:03Z
node_01235,ip_api,ipapi_com_unverified,47.3779,8.5236,Zurich,CH,,,False,,success,2026-06-07T13:38:22Z
node_01235,ipinfo,ipinfo,46.8499,9.5329,Chur,CH,,,False,,success,2026-06-07T13:38:22Z
node_01235,ipwho_is,ipwhois_unverified,46.8336355,9.4473545,Domat/Ems,CH,,,False,,success,2026-06-07T13:38:22Z
node_01235,maxmind_geolite2,maxmind_geolite,47.3779,8.5236,Zurich,CH,50,1780418264,False,,success,2026-06-07T13:30:03Z
node_01235,reallyfreegeoip,maxmind_geolite,47.3661,8.5243,Zurich,CH,,,False,,success,2026-06-07T13:38:23Z
node_01139,dbip_lite,dbip_lite,50.9848,11.0299,Erfurt,DE,,1780278471,False,,success,2026-06-07T13:30:02Z
node_01139,geojs,maxmind_geolite,51.2993,9.491,,DE,,,True,no_city,success,2026-06-07T13:35:58Z
node_01139,ip2location_lite,ip2location_lite,50.900002,12.2,Grossenstein,DE,,1780555707,False,,success,2026-06-07T13:30:02Z
node_01139,ip_api,ipapi_com_unverified,50.9848,11.0299,Erfurt,DE,,,False,,success,2026-06-07T13:35:57Z
node_01139,ipinfo,ipinfo,50.8803,12.0819,Gera,DE,,,False,,success,2026-06-07T13:35:58Z
node_01139,ipwho_is,ipwhois_unverified,50.9847679,11.0298799,Erfurt,DE,,,False,,success,2026-06-07T13:35:58Z
node_01139,maxmind_geolite2,maxmind_geolite,51.2993,9.491,,DE,200,1780418264,True,no_city,success,2026-06-07T13:30:02Z
node_01139,reallyfreegeoip,maxmind_geolite,51.2993,9.491,,DE,,,True,no_city,success,2026-06-07T13:35:58Z
node_01218,dbip_lite,dbip_lite,50.0407,15.7766,Pardubice,CZ,,1780278471,False,,success,2026-06-07T13:30:03Z
node_01218,geojs,maxmind_geolite,50.0055,15.9569,Pardubice,CZ,,,False,,success,2026-06-07T13:37:57Z
node_01218,ip2location_lite,ip2location_lite,50.041264,15.772466,Pardubice,CZ,,1780555707,False,,success,2026-06-07T13:30:03Z
node_01218,ip_api,ipapi_com_unverified,50.0055,15.9569,Pardubice,CZ,,,False,,success,2026-06-07T13:37:56Z
node_01218,ipinfo,ipinfo,50.0408,15.7766,Pardubice,CZ,,,False,,success,2026-06-07T13:37:56Z
node_01218,ipwho_is,ipwhois_unverified,50.0343092,15.7811994,Pardubice,CZ,,,False,,success,2026-06-07T13:37:56Z
node_01218,maxmind_geolite2,maxmind_geolite,50.0055,15.9569,Pardubice,CZ,10,1780418264,False,,success,2026-06-07T13:30:03Z
node_01218,reallyfreegeoip,maxmind_geolite,50.0028,15.9628,Pardubice,CZ,,,False,,success,2026-06-07T13:37:57Z
node_01485,dbip_lite,dbip_lite,39.9179,32.8627,Çankaya,TR,,1780278471,False,,success,2026-06-07T13:30:04Z
node_01485,geojs,maxmind_geolite,39.974,32.8763,Ankara,TR,,,False,,success,2026-06-07T13:44:37Z
node_01485,ip2location_lite,ip2location_lite,39.940441,32.910118,Mamak,TR,,1780555707,False,,success,2026-06-07T13:30:04Z
node_01485,ip_api,ipapi_com_unverified,39.9401,32.9097,Mamak,TR,,,False,,success,2026-06-07T13:44:37Z
node_01485,ipinfo,ipinfo,39.9199,32.8543,Ankara,TR,,,False,,success,2026-06-07T13:44:37Z
node_01485,ipwho_is,ipwhois_unverified,39.8882484,32.8690828,Kazım Özalp Mahallesi,TR,,,False,,success,2026-06-07T13:44:37Z
node_01485,maxmind_geolite2,maxmind_geolite,39.974,32.8763,Ankara,TR,5,1780418264,False,,success,2026-06-07T13:30:04Z
node_01485,reallyfreegeoip,maxmind_geolite,39.9669,32.8779,Ankara,TR,,,False,,success,2026-06-07T13:44:38Z
node_01365,dbip_lite,dbip_lite,56.8981,12.4726,Falkenberg (Skogstorp-Västra Gärdet-Arvidstorp),SE,,1780278471,False,,success,2026-06-07T13:30:04Z
node_01365,geojs,maxmind_geolite,57.7065,11.967,Gothenburg,SE,,,False,,success,2026-06-07T13:41:37Z
node_01365,ip2location_lite,ip2location_lite,56.905521,12.49118,Falkenberg,SE,,1780555707,False,,success,2026-06-07T13:30:04Z
node_01365,ip_api,ipapi_com_unverified,57.7065,11.967,Gothenburg,SE,,,False,,success,2026-06-07T13:41:37Z
node_01365,ipinfo,ipinfo,57.7072,11.9668,Gothenburg,SE,,,False,,success,2026-06-07T13:41:37Z
node_01365,ipwho_is,ipwhois_unverified,57.70887,11.97456,Gothenburg,SE,,,False,,success,2026-06-07T13:41:37Z
node_01365,maxmind_geolite2,maxmind_geolite,57.7065,11.967,Gothenburg,SE,20,1780418264,False,,success,2026-06-07T13:30:04Z
node_01365,reallyfreegeoip,maxmind_geolite,57.7065,11.967,Gothenburg,SE,,,False,,success,2026-06-07T13:41:38Z
node_01428,dbip_lite,dbip_lite,51.5072,-0.127586,London,GB,,1780278471,False,,success,2026-06-07T13:30:04Z
node_01428,geojs,maxmind_geolite,51.4964,-0.1224,,GB,,,True,no_city,success,2026-06-07T13:43:12Z
node_01428,ip2location_lite,ip2location_lite,51.50853,-0.12574,London,GB,,1780555707,False,,success,2026-06-07T13:30:04Z
node_01428,ip_api,ipapi_com_unverified,51.5072,-0.127586,London,GB,,,False,,success,2026-06-07T13:43:11Z
node_01428,ipinfo,ipinfo,51.4562,-0.9711,Reading,GB,,,False,,success,2026-06-07T13:43:12Z
node_01428,ipwho_is,ipwhois_unverified,51.5073509,-0.1277583,London,GB,,,False,,success,2026-06-07T13:43:12Z
node_01428,maxmind_geolite2,maxmind_geolite,51.4964,-0.1224,,GB,200,1780418264,True,no_city,success,2026-06-07T13:30:04Z
node_01428,reallyfreegeoip,maxmind_geolite,51.4964,-0.1224,,GB,,,True,no_city,success,2026-06-07T13:43:12Z
node_01186,dbip_lite,dbip_lite,43.4633,11.8796,Arezzo,IT,,1780278471,False,,success,2026-06-07T13:30:03Z
node_01186,geojs,maxmind_geolite,43.4631,11.8783,Arezzo,IT,,,False,,success,2026-06-07T13:37:09Z
node_01186,ip2location_lite,ip2location_lite,43.461441,11.87696,Arezzo,IT,,1780555707,False,,success,2026-06-07T13:30:03Z
node_01186,ip_api,ipapi_com_unverified,43.4631,11.8783,Arezzo,IT,,,False,,success,2026-06-07T13:37:08Z
node_01186,ipinfo,ipinfo,43.4628,11.8807,Arezzo,IT,,,False,,success,2026-06-07T13:37:08Z
node_01186,ipwho_is,ipwhois_unverified,43.4632839,11.8796336,Arezzo,IT,,,False,,success,2026-06-07T13:37:08Z
node_01186,maxmind_geolite2,maxmind_geolite,43.4631,11.8783,Arezzo,IT,20,1780418264,False,,success,2026-06-07T13:30:03Z
node_01186,reallyfreegeoip,maxmind_geolite,43.4631,11.8783,Arezzo,IT,,,False,,success,2026-06-07T13:37:09Z
node_01577,dbip_lite,dbip_lite,31.2304,121.474,Shanghai,CN,,1780278471,False,,success,2026-06-07T13:30:04Z
node_01577,geojs,maxmind_geolite,31.2222,121.4581,Shanghai,CN,,,False,,success,2026-06-07T13:46:55Z
node_01577,ip2location_lite,ip2location_lite,31.224333,121.468948,Shanghai,CN,,1780555707,False,,success,2026-06-07T13:30:04Z
node_01577,ip_api,ipapi_com_unverified,31.2222,121.4581,Shanghai,CN,,,False,,success,2026-06-07T13:46:55Z
node_01577,ipinfo,ipinfo,31.2222,121.4581,Shanghai,CN,,,False,,success,2026-06-07T13:46:55Z
node_01577,ipwho_is,ipwhois_unverified,31.230416,121.473701,Shanghai,CN,,,False,,success,2026-06-07T13:46:55Z
node_01577,maxmind_geolite2,maxmind_geolite,31.2222,121.4581,Shanghai,CN,20,1780418264,False,,success,2026-06-07T13:30:04Z
node_01577,reallyfreegeoip,maxmind_geolite,31.2222,121.4581,Shanghai,CN,,,False,,success,2026-06-07T13:46:56Z
node_01531,dbip_lite,dbip_lite,33.8833,-118.41,Manhattan Beach,US,,1780278471,False,,success,2026-06-07T13:30:04Z
node_01531,geojs,maxmind_geolite,34.003,-118.4298,Los Angeles,US,,,False,,success,2026-06-07T13:45:46Z
node_01531,ip2location_lite,ip2location_lite,33.919201,-118.41658,El Segundo,US,,1780555707,False,,success,2026-06-07T13:30:04Z
node_01531,ip_api,ipapi_com_unverified,34.003,-118.4298,Los Angeles,US,,,False,,success,2026-06-07T13:45:46Z
node_01531,ipinfo,ipinfo,34.0522,-118.2437,Los Angeles,US,,,False,,success,2026-06-07T13:45:46Z
node_01531,ipwho_is,ipwhois_unverified,34.0522342,-118.2436849,Los Angeles,US,,,False,,success,2026-06-07T13:45:46Z
node_01531,maxmind_geolite2,maxmind_geolite,34.003,-118.4298,Los Angeles,US,20,1780418264,False,,success,2026-06-07T13:30:04Z
node_01531,reallyfreegeoip,maxmind_geolite,34.0138,-118.4405,Los Angeles,US,,,False,,success,2026-06-07T13:45:47Z
node_01534,dbip_lite,dbip_lite,50.4754,12.3683,Falkenstein,DE,,1780278471,False,,success,2026-06-07T13:30:04Z
node_01534,geojs,maxmind_geolite,50.4777,12.3649,Falkenstein,DE,,,False,,success,2026-06-07T13:45:51Z
node_01534,ip2location_lite,ip2location_lite,50.477852,12.371563,Falkenstein,DE,,1780555707,False,,success,2026-06-07T13:30:04Z
node_01534,ip_api,ipapi_com_unverified,50.4777,12.3649,Falkenstein,DE,,,False,,success,2026-06-07T13:45:50Z
node_01534,ipinfo,ipinfo,50.4779,12.3713,Falkenstein,DE,,,False,,success,2026-06-07T13:45:51Z
node_01534,ipwho_is,ipwhois_unverified,50.4750046,12.3649754,Falkenstein,DE,,,False,,success,2026-06-07T13:45:51Z
node_01534,maxmind_geolite2,maxmind_geolite,50.4777,12.3649,Falkenstein,DE,20,1780418264,False,,success,2026-06-07T13:30:04Z
node_01534,reallyfreegeoip,maxmind_geolite,50.4777,12.3649,Falkenstein,DE,,,False,,success,2026-06-07T13:45:51Z
node_01327,dbip_lite,dbip_lite,28.3932,77.0492,Bādshāhpur,IN,,1780278471,False,,success,2026-06-07T13:30:04Z
node_01327,geojs,maxmind_geolite,28.6542,77.2373,Delhi,IN,,,False,,success,2026-06-07T13:40:40Z
node_01327,ip2location_lite,ip2location_lite,28.66667,77.433327,Ghaziabad,IN,,1780555707,False,,success,2026-06-07T13:30:04Z
node_01327,ip_api,ipapi_com_unverified,28.6542,77.2373,Delhi,IN,,,False,,success,2026-06-07T13:40:40Z
node_01327,ipinfo,ipinfo,28.6519,77.2315,Delhi,IN,,,False,,success,2026-06-07T13:40:40Z
node_01327,ipwho_is,ipwhois_unverified,28.6618976,77.2273958,New Delhi,IN,,,False,,success,2026-06-07T13:40:40Z
node_01327,maxmind_geolite2,maxmind_geolite,28.6542,77.2373,Delhi,IN,20,1780418264,False,,success,2026-06-07T13:30:04Z
node_01327,reallyfreegeoip,maxmind_geolite,28.6542,77.2373,Delhi,IN,,,False,,success,2026-06-07T13:40:41Z
node_01519,dbip_lite,dbip_lite,50.6924,3.20113,Roubaix,FR,,1780278471,False,,success,2026-06-07T13:30:04Z
node_01519,geojs,maxmind_geolite,48.8582,2.3387,,FR,,,True,no_city,success,2026-06-07T13:45:28Z
node_01519,ip2location_lite,ip2location_lite,50.69371,3.174439,Roubaix,FR,,1780555707,False,,success,2026-06-07T13:30:04Z
node_01519,ip_api,ipapi_com_unverified,50.6924,3.20113,Roubaix,FR,,,False,,success,2026-06-07T13:45:28Z
node_01519,ipinfo,ipinfo,50.6339,3.0551,Lille,FR,,,False,,success,2026-06-07T13:45:28Z
node_01519,ipwho_is,ipwhois_unverified,48.5734053,7.7521113,Strasbourg,FR,,,False,,success,2026-06-07T13:45:28Z
node_01519,maxmind_geolite2,maxmind_geolite,48.8582,2.3387,,FR,500,1780418264,True,no_city,success,2026-06-07T13:30:04Z
node_01519,reallyfreegeoip,maxmind_geolite,48.8582,2.3387,,FR,,,True,no_city,success,2026-06-07T13:45:29Z
node_01406,dbip_lite,dbip_lite,50.6924,3.20113,Roubaix,FR,,1780278471,False,,success,2026-06-07T13:30:04Z
node_01406,geojs,maxmind_geolite,48.8582,2.3387,,FR,,,True,no_city,success,2026-06-07T13:42:39Z
node_01406,ip2location_lite,ip2location_lite,48.859077,2.293486,Paris,FR,,1780555707,False,,success,2026-06-07T13:30:04Z
node_01406,ip_api,ipapi_com_unverified,50.6924,3.20113,Roubaix,FR,,,False,,success,2026-06-07T13:42:38Z
node_01406,ipinfo,ipinfo,50.6339,3.0551,Lille,FR,,,False,,success,2026-06-07T13:42:39Z
node_01406,ipwho_is,ipwhois_unverified,50.6927049,3.177847,Roubaix,FR,,,False,,success,2026-06-07T13:42:39Z
node_01406,maxmind_geolite2,maxmind_geolite,48.8582,2.3387,,FR,500,1780418264,True,no_city,success,2026-06-07T13:30:04Z
node_01406,reallyfreegeoip,maxmind_geolite,48.8582,2.3387,,FR,,,True,no_city,success,2026-06-07T13:42:39Z
node_01290,dbip_lite,dbip_lite,33.919200000000004,-118.416,El Segundo,US,,1780278471,False,,success,2026-06-07T13:30:03Z
node_01290,geojs,maxmind_geolite,33.9214,-118.413,El Segundo,US,,,False,,success,2026-06-07T13:39:45Z
node_01290,ip2location_lite,ip2location_lite,33.919201,-118.41658,El Segundo,US,,1780555707,False,,success,2026-06-07T13:30:03Z
node_01290,ip_api,ipapi_com_unverified,33.9214,-118.413,El Segundo,US,,,False,,success,2026-06-07T13:39:44Z
node_01290,ipinfo,ipinfo,34.0522,-118.2437,Los Angeles,US,,,False,,success,2026-06-07T13:39:45Z
node_01290,ipwho_is,ipwhois_unverified,33.9191799,-118.4164652,El Segundo,US,,,False,,success,2026-06-07T13:39:45Z
node_01290,maxmind_geolite2,maxmind_geolite,33.9214,-118.413,El Segundo,US,5,1780418264,False,,success,2026-06-07T13:30:03Z
node_01290,reallyfreegeoip,maxmind_geolite,33.9214,-118.413,El Segundo,US,,,False,,success,2026-06-07T13:39:45Z
node_01323,dbip_lite,dbip_lite,47.674,-122.122,Redmond,US,,1780278471,False,,success,2026-06-07T13:30:04Z
node_01323,geojs,maxmind_geolite,47.8353,-122.284,Lynnwood,US,,,False,,success,2026-06-07T13:40:34Z
node_01323,ip2location_lite,ip2location_lite,47.68153,-122.208435,Kirkland,US,,1780555707,False,,success,2026-06-07T13:30:04Z
node_01323,ip_api,ipapi_com_unverified,47.9425,-122.2139,Everett,US,,,False,,success,2026-06-07T13:40:34Z
node_01323,ipinfo,ipinfo,47.6104,-122.2007,Bellevue,US,,,False,,success,2026-06-07T13:40:34Z
node_01323,ipwho_is,ipwhois_unverified,47.6814875,-122.2087353,Kirkland,US,,,False,,success,2026-06-07T13:40:34Z
node_01323,maxmind_geolite2,maxmind_geolite,47.8353,-122.284,Lynnwood,US,20,1780418264,False,,success,2026-06-07T13:30:04Z
node_01323,reallyfreegeoip,maxmind_geolite,47.8388,-122.1985,Bothell,US,,,False,,success,2026-06-07T13:40:35Z
node_01339,dbip_lite,dbip_lite,47.6701,-122.118,Redmond,US,,1780278471,False,,success,2026-06-07T13:30:04Z
node_01339,geojs,maxmind_geolite,47.6711,-122.1253,Redmond,US,,,False,,success,2026-06-07T13:40:58Z
node_01339,ip2location_lite,ip2location_lite,47.68222,-122.123009,Redmond,US,,1780555707,False,,success,2026-06-07T13:30:04Z
node_01339,ip_api,ipapi_com_unverified,47.6711,-122.1253,Redmond,US,,,False,,success,2026-06-07T13:40:58Z
node_01339,ipinfo,ipinfo,47.674,-122.1215,Redmond,US,,,False,,success,2026-06-07T13:40:58Z
node_01339,ipwho_is,ipwhois_unverified,47.6739881,-122.121512,Redmond,US,,,False,,success,2026-06-07T13:40:58Z
node_01339,maxmind_geolite2,maxmind_geolite,47.6711,-122.1253,Redmond,US,20,1780418264,False,,success,2026-06-07T13:30:04Z
node_01339,reallyfreegeoip,maxmind_geolite,47.7423,-121.9857,Duvall,US,,,False,,success,2026-06-07T13:40:59Z
node_01249,dbip_lite,dbip_lite,53.5833,-2.43333,Bolton,GB,,1780278471,False,,success,2026-06-07T13:30:03Z
node_01249,geojs,maxmind_geolite,51.5705,-0.6839,High Wycombe,GB,,,False,,success,2026-06-07T13:38:43Z
node_01249,ip2location_lite,ip2location_lite,51.198589,-0.81281,Wrecclesham,GB,,1780555707,False,,success,2026-06-07T13:30:03Z
node_01249,ip_api,ipapi_com_unverified,51.6128,-0.6613,Beaconsfield,GB,,,False,,success,2026-06-07T13:38:43Z
node_01249,ipinfo,ipinfo,51.7255,-0.8314,Princes Risborough,GB,,,False,,success,2026-06-07T13:38:43Z
node_01249,ipwho_is,ipwhois_unverified,53.5768647,-2.4282192,Bolton,GB,,,False,,success,2026-06-07T13:38:43Z
node_01249,maxmind_geolite2,maxmind_geolite,51.5705,-0.6839,High Wycombe,GB,100,1780418264,False,,success,2026-06-07T13:30:03Z
node_01249,reallyfreegeoip,maxmind_geolite,51.4964,-0.1224,,GB,,,True,no_city,success,2026-06-07T13:38:44Z
node_01564,dbip_lite,dbip_lite,50.3986,8.07958,Limburg an der Lahn,DE,,1780278471,False,,success,2026-06-07T13:30:04Z
node_01564,geojs,maxmind_geolite,48.8582,2.3387,,FR,,,True,no_city,success,2026-06-07T13:46:36Z
node_01564,ip2location_lite,ip2location_lite,48.859077,2.293486,Paris,FR,,1780555707,False,,success,2026-06-07T13:30:04Z
node_01564,ip_api,ipapi_com_unverified,50.3986,8.07958,Limburg an der Lahn,DE,,,False,,success,2026-06-07T13:46:35Z
node_01564,ipinfo,ipinfo,50.1155,8.6842,Frankfurt am Main,DE,,,False,,success,2026-06-07T13:46:36Z
node_01564,ipwho_is,ipwhois_unverified,50.3986005,8.0795783,Limburg,DE,,,False,,success,2026-06-07T13:46:36Z
node_01564,maxmind_geolite2,maxmind_geolite,48.8582,2.3387,,FR,500,1780418264,True,no_city,success,2026-06-07T13:30:04Z
node_01564,reallyfreegeoip,maxmind_geolite,48.8582,2.3387,,FR,,,True,no_city,success,2026-06-07T13:46:36Z
node_01263,dbip_lite,dbip_lite,-33.8688,151.209,Sydney,AU,,1780278471,False,,success,2026-06-07T13:30:03Z
node_01263,geojs,maxmind_geolite,-33.875,151.1608,Sydney,AU,,,False,,success,2026-06-07T13:39:04Z
node_01263,ip2location_lite,ip2location_lite,-33.867779,151.207047,Sydney,AU,,1780555707,False,,success,2026-06-07T13:30:03Z
node_01263,ip_api,ipapi_com_unverified,-33.7529,151.0661,Sydney,AU,,,False,,success,2026-06-07T13:39:04Z
node_01263,ipinfo,ipinfo,-33.8678,151.2073,Sydney,AU,,,False,,success,2026-06-07T13:39:04Z
node_01263,ipwho_is,ipwhois_unverified,-33.8688197,151.2092955,Sydney,AU,,,False,,success,2026-06-07T13:39:04Z
node_01263,maxmind_geolite2,maxmind_geolite,-33.875,151.1608,Sydney,AU,100,1780418264,False,,success,2026-06-07T13:30:03Z
node_01263,reallyfreegeoip,maxmind_geolite,-33.8069,150.9845,Sydney,AU,,,False,,success,2026-06-07T13:39:05Z
node_01326,dbip_lite,dbip_lite,47.1951,8.48581,Steinhausen,CH,,1780278471,False,,success,2026-06-07T13:30:04Z
node_01326,geojs,maxmind_geolite,47.1969,8.5333,Baar,CH,,,False,,success,2026-06-07T13:40:39Z
node_01326,ip2location_lite,ip2location_lite,47.195099,8.48581,Steinhausen,CH,,1780555707,False,,success,2026-06-07T13:30:04Z
node_01326,ip_api,ipapi_com_unverified,47.1969,8.5333,Baar,CH,,,False,,success,2026-06-07T13:40:38Z
node_01326,ipinfo,ipinfo,47.1962,8.5295,Baar,CH,,,False,,success,2026-06-07T13:40:39Z
node_01326,ipwho_is,ipwhois_unverified,47.197193,8.4850173,Steinhausen,CH,,,False,,success,2026-06-07T13:40:39Z
node_01326,maxmind_geolite2,maxmind_geolite,47.1969,8.5333,Baar,CH,10,1780418264,False,,success,2026-06-07T13:30:04Z
node_01326,reallyfreegeoip,maxmind_geolite,47.2017,8.3751,Sins,CH,,,False,,success,2026-06-07T13:40:39Z
node_01098,dbip_lite,dbip_lite,52.2772,4.74802,Schiphol-Rijk,NL,,1780278471,False,,success,2026-06-07T13:29:59Z
node_01098,geojs,maxmind_geolite,52.3882,4.8844,Amsterdam,NL,,,False,,success,2026-06-07T13:34:57Z
node_01098,ip2location_lite,ip2location_lite,52.378502,4.89998,Amsterdam,NL,,1780555707,True,"hub:52.379,4.9",success,2026-06-07T13:30:00Z
node_01098,ip_api,ipapi_com_unverified,52.3882,4.8844,Amsterdam,NL,,,False,,success,2026-06-07T13:34:56Z
node_01098,ipinfo,ipinfo,52.374,4.8897,Amsterdam,NL,,,False,,success,2026-06-07T13:34:56Z
node_01098,ipwho_is,ipwhois_unverified,52.2843124,4.7576139,Schiphol-Rijk,NL,,,False,,success,2026-06-07T13:34:56Z
node_01098,maxmind_geolite2,maxmind_geolite,52.3882,4.8844,Amsterdam,NL,5,1780418264,False,,success,2026-06-07T13:29:59Z
node_01098,reallyfreegeoip,maxmind_geolite,52.3766,4.835,Amsterdam,NL,,,False,,success,2026-06-07T13:34:57Z
node_01246,dbip_lite,dbip_lite,57.6911,12.6979,Olsfors,SE,,1780278471,False,,success,2026-06-07T13:30:03Z
node_01246,geojs,maxmind_geolite,57.7065,11.967,,SE,,,True,no_city,success,2026-06-07T13:38:39Z
node_01246,ip2location_lite,ip2location_lite,57.466671,13.31667,Jarphult,SE,,1780555707,False,,success,2026-06-07T13:30:03Z
node_01246,ip_api,ipapi_com_unverified,57.6911,12.6979,Olsfors,SE,,,False,,success,2026-06-07T13:38:38Z
node_01246,ipinfo,ipinfo,58.3912,13.8451,Skövde,SE,,,False,,success,2026-06-07T13:38:39Z
node_01246,ipwho_is,ipwhois_unverified,57.6923884,12.6991509,Olsfors,SE,,,False,,success,2026-06-07T13:38:39Z
node_01246,maxmind_geolite2,maxmind_geolite,57.7065,11.967,,SE,500,1780418264,True,no_city,success,2026-06-07T13:30:03Z
node_01246,reallyfreegeoip,maxmind_geolite,58.184,13.5289,Falköping,SE,,,False,,success,2026-06-07T13:38:39Z
node_01216,dbip_lite,dbip_lite,51.4849,7.94524,Lüttringen,DE,,1780278471,False,,success,2026-06-07T13:30:03Z
node_01216,geojs,maxmind_geolite,51.3803,8.0845,Arnsberg,DE,,,False,,success,2026-06-07T13:37:54Z
node_01216,ip2location_lite,ip2location_lite,51.122959,7.33206,Arnsberg,DE,,1780555707,False,,success,2026-06-07T13:30:03Z
node_01216,ip_api,ipapi_com_unverified,51.3803,8.0845,Arnsberg,DE,,,False,,success,2026-06-07T13:37:53Z
node_01216,ipinfo,ipinfo,51.3833,8.0833,Arnsberg,DE,,,False,,success,2026-06-07T13:37:53Z
node_01216,ipwho_is,ipwhois_unverified,51.4073375,8.052771,Arnsberg,DE,,,False,,success,2026-06-07T13:37:53Z
node_01216,maxmind_geolite2,maxmind_geolite,51.3803,8.0845,Arnsberg,DE,20,1780418264,False,,success,2026-06-07T13:30:03Z
node_01216,reallyfreegeoip,maxmind_geolite,51.3803,8.0845,Arnsberg,DE,,,False,,success,2026-06-07T13:37:54Z
node_01408,dbip_lite,dbip_lite,50.0755,14.4378,Prague,CZ,,1780278471,False,,success,2026-06-07T13:30:04Z
node_01408,geojs,maxmind_geolite,50.0687,14.3947,Prague,CZ,,,False,,success,2026-06-07T13:42:42Z
node_01408,ip2location_lite,ip2location_lite,50.087936,14.420798,Prague,CZ,,1780555707,False,,success,2026-06-07T13:30:04Z
node_01408,ip_api,ipapi_com_unverified,50.0948,14.4785,Prague,CZ,,,False,,success,2026-06-07T13:42:41Z
node_01408,ipinfo,ipinfo,50.088,14.4208,Prague,CZ,,,True,"hub:50.088,14.421",success,2026-06-07T13:42:42Z
node_01408,ipwho_is,ipwhois_unverified,50.0755381,14.4378005,Prague,CZ,,,False,,success,2026-06-07T13:42:42Z
node_01408,maxmind_geolite2,maxmind_geolite,50.0687,14.3947,Prague,CZ,20,1780418264,False,,success,2026-06-07T13:30:04Z
node_01408,reallyfreegeoip,maxmind_geolite,50.0853,14.4614,Prague,CZ,,,False,,success,2026-06-07T13:42:42Z
node_01153,dbip_lite,dbip_lite,48.8575,2.35138,Paris,FR,,1780278471,True,"hub:48.858,2.351",success,2026-06-07T13:30:02Z
node_01153,geojs,maxmind_geolite,48.8471,2.4941,Le Perreux-sur-Marne,FR,,,False,,success,2026-06-07T13:36:19Z
node_01153,ip2location_lite,ip2location_lite,48.816422,2.49366,Champigny-sur-Marne,FR,,1780555707,False,,success,2026-06-07T13:30:02Z
node_01153,ip_api,ipapi_com_unverified,48.855,2.4836,Fontenay-sous-Bois,FR,,,False,,success,2026-06-07T13:36:18Z
node_01153,ipinfo,ipinfo,48.8164,2.4937,Champigny-sur-Marne,FR,,,False,,success,2026-06-07T13:36:19Z
node_01153,ipwho_is,ipwhois_unverified,48.856614,2.3522219,Paris,FR,,,True,"hub:48.857,2.352",success,2026-06-07T13:36:19Z
node_01153,maxmind_geolite2,maxmind_geolite,48.8471,2.4941,Le Perreux-sur-Marne,FR,5,1780418264,False,,success,2026-06-07T13:30:02Z
node_01153,reallyfreegeoip,maxmind_geolite,48.855,2.4836,Fontenay-sous-Bois,FR,,,False,,success,2026-06-07T13:36:19Z
node_01377,dbip_lite,dbip_lite,25.0735,121.578,Neihu District,TW,,1780278471,False,,success,2026-06-07T13:30:04Z
node_01377,geojs,maxmind_geolite,25.053,121.5259,Taipei,TW,,,False,,success,2026-06-07T13:41:55Z
node_01377,ip2location_lite,ip2location_lite,25.038172,121.563599,Taipei,TW,,1780555707,False,,success,2026-06-07T13:30:04Z
node_01377,ip_api,ipapi_com_unverified,25.053,121.5259,Taipei,TW,,,False,,success,2026-06-07T13:41:54Z
node_01377,ipinfo,ipinfo,25.0143,121.4672,Banqiao,TW,,,False,,success,2026-06-07T13:41:55Z
node_01377,ipwho_is,ipwhois_unverified,25.0329694,121.5654177,Taipei,TW,,,False,,success,2026-06-07T13:41:55Z
node_01377,maxmind_geolite2,maxmind_geolite,25.053,121.5259,Taipei,TW,20,1780418264,False,,success,2026-06-07T13:30:04Z
node_01377,reallyfreegeoip,maxmind_geolite,25.0504,121.5324,Taipei,TW,,,False,,success,2026-06-07T13:41:56Z
node_01570,dbip_lite,dbip_lite,34.6934,135.533,Osaka (Shiromi),JP,,1780278471,False,,success,2026-06-07T13:30:04Z
node_01570,geojs,maxmind_geolite,34.6834,135.5258,Osaka,JP,,,False,,success,2026-06-07T13:46:45Z
node_01570,ip2location_lite,ip2location_lite,34.694218,135.502228,Osaka,JP,,1780555707,False,,success,2026-06-07T13:30:04Z
node_01570,ip_api,ipapi_com_unverified,34.6834,135.5258,Osaka,JP,,,False,,success,2026-06-07T13:46:44Z
node_01570,ipinfo,ipinfo,34.6938,135.5011,Osaka,JP,,,False,,success,2026-06-07T13:46:45Z
node_01570,ipwho_is,ipwhois_unverified,34.6937378,135.5021651,Osaka,JP,,,False,,success,2026-06-07T13:46:45Z
node_01570,maxmind_geolite2,maxmind_geolite,34.6834,135.5258,Osaka,JP,20,1780418264,False,,success,2026-06-07T13:30:04Z
node_01570,reallyfreegeoip,maxmind_geolite,34.6837,135.5236,Osaka,JP,,,False,,success,2026-06-07T13:46:45Z
node_01556,dbip_lite,dbip_lite,52.2026,20.9397,Warsaw,PL,,1780278471,False,,success,2026-06-07T13:30:04Z
node_01556,geojs,maxmind_geolite,52.2299,21.0093,Warsaw,PL,,,False,,success,2026-06-07T13:46:24Z
node_01556,ip2location_lite,ip2location_lite,52.229771,21.01178,Warsaw,PL,,1780555707,False,,success,2026-06-07T13:30:04Z
node_01556,ip_api,ipapi_com_unverified,52.2299,21.0093,Warsaw,PL,,,False,,success,2026-06-07T13:46:23Z
node_01556,ipinfo,ipinfo,52.2298,21.0118,Warsaw,PL,,,False,,success,2026-06-07T13:46:24Z
node_01556,ipwho_is,ipwhois_unverified,52.2296756,21.0122287,Warsaw,PL,,,False,,success,2026-06-07T13:46:24Z
node_01556,maxmind_geolite2,maxmind_geolite,52.2299,21.0093,Warsaw,PL,20,1780418264,False,,success,2026-06-07T13:30:04Z
node_01556,reallyfreegeoip,maxmind_geolite,52.2296,21.0067,Warsaw,PL,,,False,,success,2026-06-07T13:46:24Z
node_01496,dbip_lite,dbip_lite,36.1197,-94.336,Wheeler,US,,1780278471,False,,success,2026-06-07T13:30:04Z
node_01496,geojs,maxmind_geolite,36.3106,-94.3493,Bentonville,US,,,False,,success,2026-06-07T13:44:54Z
node_01496,ip2location_lite,ip2location_lite,36.186741,-94.128807,Springdale,US,,1780555707,False,,success,2026-06-07T13:30:04Z
node_01496,ip_api,ipapi_com_unverified,36.3106,-94.3493,Bentonville,US,,,False,,success,2026-06-07T13:44:53Z
node_01496,ipinfo,ipinfo,36.0626,-94.1574,Fayetteville,US,,,False,,success,2026-06-07T13:44:54Z
node_01496,ipwho_is,ipwhois_unverified,36.3728538,-94.2088172,Bentonville,US,,,False,,success,2026-06-07T13:44:54Z
node_01496,maxmind_geolite2,maxmind_geolite,36.3106,-94.3493,Bentonville,US,10,1780418264,False,,success,2026-06-07T13:30:04Z
node_01496,reallyfreegeoip,maxmind_geolite,37.751,-97.822,,US,,,True,no_city,success,2026-06-07T13:44:54Z
node_01480,dbip_lite,dbip_lite,45.5993,-87.5535,Carney,US,,1780278471,False,,success,2026-06-07T13:30:04Z
node_01480,geojs,maxmind_geolite,45.8661,-84.7275,Saint Ignace,US,,,False,,success,2026-06-07T13:44:30Z
node_01480,ip2location_lite,ip2location_lite,45.745251,-87.064583,Escanaba,US,,1780555707,False,,success,2026-06-07T13:30:04Z
node_01480,ip_api,ipapi_com_unverified,45.5993,-87.5535,Carney,US,,,False,,success,2026-06-07T13:44:29Z
node_01480,ipinfo,ipinfo,45.5866,-87.5573,Carney,US,,,False,,success,2026-06-07T13:44:30Z
node_01480,ipwho_is,ipwhois_unverified,45.586635,-87.5573448,Carney,US,,,False,,success,2026-06-07T13:44:30Z
node_01480,maxmind_geolite2,maxmind_geolite,45.8661,-84.7275,Saint Ignace,US,200,1780418264,False,,success,2026-06-07T13:30:04Z
node_01480,reallyfreegeoip,maxmind_geolite,45.7452,-87.0646,Escanaba,US,,,False,,success,2026-06-07T13:44:30Z
node_01507,dbip_lite,dbip_lite,43.6532,-79.3832,Toronto,CA,,1780278471,False,,success,2026-06-07T13:30:04Z
node_01507,geojs,maxmind_geolite,43.709,-79.4057,Toronto,CA,,,False,,success,2026-06-07T13:45:10Z
node_01507,ip2location_lite,ip2location_lite,43.706718,-79.3983,Midtown Toronto,CA,,1780555707,False,,success,2026-06-07T13:30:04Z
node_01507,ip_api,ipapi_com_unverified,43.6547,-79.3623,Toronto,CA,,,False,,success,2026-06-07T13:45:10Z
node_01507,ipinfo,ipinfo,43.7064,-79.3986,Toronto,CA,,,False,,success,2026-06-07T13:45:10Z
node_01507,ipwho_is,ipwhois_unverified,43.653226,-79.3831843,Toronto,CA,,,False,,success,2026-06-07T13:45:10Z
node_01507,maxmind_geolite2,maxmind_geolite,43.709,-79.4057,Toronto,CA,20,1780418264,False,,success,2026-06-07T13:30:04Z
node_01507,reallyfreegeoip,maxmind_geolite,40.7876,-74.06,Secaucus,US,,,False,,success,2026-06-07T13:45:11Z
node_01324,dbip_lite,dbip_lite,42.4923,-83.1327,Royal Oak,US,,1780278471,False,,success,2026-06-07T13:30:04Z
node_01324,geojs,maxmind_geolite,42.4933,-83.135,Royal Oak,US,,,False,,success,2026-06-07T13:40:36Z
node_01324,ip2location_lite,ip2location_lite,42.489475,-83.144279,Royal Oak,US,,1780555707,False,,success,2026-06-07T13:30:04Z
node_01324,ip_api,ipapi_com_unverified,42.4933,-83.135,Royal Oak,US,,,False,,success,2026-06-07T13:40:35Z
node_01324,ipinfo,ipinfo,42.4895,-83.1446,Royal Oak,US,,,False,,success,2026-06-07T13:40:36Z
node_01324,ipwho_is,ipwhois_unverified,42.4894801,-83.1446485,Royal Oak,US,,,False,,success,2026-06-07T13:40:36Z
node_01324,maxmind_geolite2,maxmind_geolite,42.4933,-83.135,Royal Oak,US,20,1780418264,False,,success,2026-06-07T13:30:04Z
node_01324,reallyfreegeoip,maxmind_geolite,42.518,-83.1576,Royal Oak,US,,,False,,success,2026-06-07T13:40:36Z
node_01286,dbip_lite,dbip_lite,36.154,-95.9928,Tulsa,US,,1780278471,False,,success,2026-06-07T13:30:03Z
node_01286,geojs,maxmind_geolite,36.0432,-95.8072,Broken Arrow,US,,,False,,success,2026-06-07T13:39:39Z
node_01286,ip2location_lite,ip2location_lite,36.15398,-95.992783,Tulsa,US,,1780555707,False,,success,2026-06-07T13:30:03Z
node_01286,ip_api,ipapi_com_unverified,36.0432,-95.8072,Broken Arrow,US,,,False,,success,2026-06-07T13:39:38Z
node_01286,ipinfo,ipinfo,36.154,-95.9928,Tulsa,US,,,False,,success,2026-06-07T13:39:39Z
node_01286,ipwho_is,ipwhois_unverified,36.1539816,-95.992775,Tulsa,US,,,False,,success,2026-06-07T13:39:39Z
node_01286,maxmind_geolite2,maxmind_geolite,36.0432,-95.8072,Broken Arrow,US,10,1780418264,False,,success,2026-06-07T13:30:03Z
node_01286,reallyfreegeoip,maxmind_geolite,36.0432,-95.8072,Broken Arrow,US,,,False,,success,2026-06-07T13:39:39Z
node_01241,dbip_lite,dbip_lite,33.7488,-84.3877,Atlanta,US,,1780278471,False,,success,2026-06-07T13:30:03Z
node_01241,geojs,maxmind_geolite,33.7697,-84.3754,Atlanta,US,,,False,,success,2026-06-07T13:38:31Z
node_01241,ip2location_lite,ip2location_lite,33.924271,-84.37854,Sandy Springs,US,,1780555707,False,,success,2026-06-07T13:30:03Z
node_01241,ip_api,ipapi_com_unverified,33.7838,-84.4455,Atlanta,US,,,False,,success,2026-06-07T13:38:31Z
node_01241,ipinfo,ipinfo,33.749,-84.388,Atlanta,US,,,False,,success,2026-06-07T13:38:31Z
node_01241,ipwho_is,ipwhois_unverified,33.7489954,-84.3879824,Atlanta,US,,,False,,success,2026-06-07T13:38:31Z
node_01241,maxmind_geolite2,maxmind_geolite,33.7697,-84.3754,Atlanta,US,20,1780418264,False,,success,2026-06-07T13:30:03Z
node_01241,reallyfreegeoip,maxmind_geolite,33.9372,-84.0791,Lawrenceville,US,,,False,,success,2026-06-07T13:38:32Z
node_01313,dbip_lite,dbip_lite,30.2944,-97.6223,Austin,US,,1780278471,False,,success,2026-06-07T13:30:03Z
node_01313,geojs,maxmind_geolite,30.3358,-97.5552,Manor,US,,,False,,success,2026-06-07T13:40:19Z
node_01313,ip2location_lite,ip2location_lite,30.267151,-97.743134,Austin,US,,1780555707,False,,success,2026-06-07T13:30:03Z
node_01313,ip_api,ipapi_com_unverified,30.3383,-97.6681,Austin,US,,,False,,success,2026-06-07T13:40:19Z
node_01313,ipinfo,ipinfo,30.2672,-97.7431,Austin,US,,,False,,success,2026-06-07T13:40:19Z
node_01313,ipwho_is,ipwhois_unverified,30.267153,-97.7430608,Austin,US,,,False,,success,2026-06-07T13:40:19Z
node_01313,maxmind_geolite2,maxmind_geolite,30.3358,-97.5552,Manor,US,10,1780418264,False,,success,2026-06-07T13:30:03Z
node_01313,reallyfreegeoip,maxmind_geolite,30.3358,-97.5552,Manor,US,,,False,,success,2026-06-07T13:40:20Z
node_01154,dbip_lite,dbip_lite,49.1659,-123.94,Nanaimo,CA,,1780278471,False,,success,2026-06-07T13:30:02Z
node_01154,geojs,maxmind_geolite,49.2114,-124.0201,Nanaimo,CA,,,False,,success,2026-06-07T13:36:21Z
node_01154,ip2location_lite,ip2location_lite,49.166332,-123.936081,Nanaimo,CA,,1780555707,False,,success,2026-06-07T13:30:02Z
node_01154,ip_api,ipapi_com_unverified,49.1627,-123.9783,Nanaimo,CA,,,False,,success,2026-06-07T13:36:20Z
node_01154,ipinfo,ipinfo,49.1664,-123.94,Nanaimo,CA,,,False,,success,2026-06-07T13:36:20Z
node_01154,ipwho_is,ipwhois_unverified,49.1658836,-123.9400647,Nanaimo,CA,,,False,,success,2026-06-07T13:36:20Z
node_01154,maxmind_geolite2,maxmind_geolite,49.2114,-124.0201,Nanaimo,CA,10,1780418264,False,,success,2026-06-07T13:30:02Z
node_01154,reallyfreegeoip,maxmind_geolite,49.1627,-123.9783,Nanaimo,CA,,,False,,success,2026-06-07T13:36:21Z
node_01209,dbip_lite,dbip_lite,39.342,-84.4068,Beckett Ridge,US,,1780278471,False,,success,2026-06-07T13:30:03Z
node_01209,geojs,maxmind_geolite,39.3434,-84.4009,West Chester,US,,,False,,success,2026-06-07T13:37:43Z
node_01209,ip2location_lite,ip2location_lite,39.391666,-84.526108,West Chester,US,,1780555707,False,,success,2026-06-07T13:30:03Z
node_01209,ip_api,ipapi_com_unverified,39.3434,-84.4009,West Chester,US,,,False,,success,2026-06-07T13:37:42Z
node_01209,ipinfo,ipinfo,40.2698,-81.2868,Tippecanoe,US,,,False,,success,2026-06-07T13:37:43Z
node_01209,ipwho_is,ipwhois_unverified,39.3372476,-84.4048525,Olde West Chester,US,,,False,,success,2026-06-07T13:37:43Z
node_01209,maxmind_geolite2,maxmind_geolite,39.3434,-84.4009,West Chester,US,10,1780418264,False,,success,2026-06-07T13:30:03Z
node_01209,reallyfreegeoip,maxmind_geolite,39.3434,-84.4009,West Chester,US,,,False,,success,2026-06-07T13:37:43Z
node_01532,dbip_lite,dbip_lite,40.4312,-79.2609,Blairsville,US,,1780278471,False,,success,2026-06-07T13:30:04Z
node_01532,geojs,maxmind_geolite,40.5417,-79.7992,Cheswick,US,,,False,,success,2026-06-07T13:45:48Z
node_01532,ip2location_lite,ip2location_lite,39.557575,-79.349106,McHenry,US,,1780555707,False,,success,2026-06-07T13:30:04Z
node_01532,ip_api,ipapi_com_unverified,40.6191,-79.9617,Gibsonia,US,,,False,,success,2026-06-07T13:45:47Z
node_01532,ipinfo,ipinfo,40.5814,-79.5739,Oklahoma,US,,,False,,success,2026-06-07T13:45:48Z
node_01532,ipwho_is,ipwhois_unverified,40.4311796,-79.260869,Blairsville,US,,,False,,success,2026-06-07T13:45:48Z
node_01532,maxmind_geolite2,maxmind_geolite,40.5417,-79.7992,Cheswick,US,20,1780418264,False,,success,2026-06-07T13:30:04Z
node_01532,reallyfreegeoip,maxmind_geolite,39.4409,-78.9739,Keyser,US,,,False,,success,2026-06-07T13:45:48Z
node_01101,dbip_lite,dbip_lite,39.4321,-74.4994,Absecon,US,,1780278471,False,,success,2026-06-07T13:30:00Z
node_01101,geojs,maxmind_geolite,39.53,-74.4902,Port Republic,US,,,False,,success,2026-06-07T13:35:01Z
node_01101,ip2location_lite,ip2location_lite,39.496483,-74.432564,Leeds Point,US,,1780555707,False,,success,2026-06-07T13:30:00Z
node_01101,ip_api,ipapi_com_unverified,39.363,-74.4324,Atlantic City,US,,,False,,success,2026-06-07T13:35:00Z
node_01101,ipinfo,ipinfo,39.3642,-74.4231,Atlantic City,US,,,False,,success,2026-06-07T13:35:01Z
node_01101,ipwho_is,ipwhois_unverified,39.4284503,-74.4957076,Absecon,US,,,False,,success,2026-06-07T13:35:01Z
node_01101,maxmind_geolite2,maxmind_geolite,39.53,-74.4902,Port Republic,US,20,1780418264,False,,success,2026-06-07T13:30:00Z
node_01101,reallyfreegeoip,maxmind_geolite,39.4722,-74.4566,Galloway,US,,,False,,success,2026-06-07T13:35:01Z
node_01431,dbip_lite,dbip_lite,42.2631,-88.004,Mundelein,US,,1780278471,False,,success,2026-06-07T13:30:04Z
node_01431,geojs,maxmind_geolite,42.1081,-87.7359,Winnetka,US,,,False,,success,2026-06-07T13:43:16Z
node_01431,ip2location_lite,ip2location_lite,43.073299,-89.401222,Madison,US,,1780555707,False,,success,2026-06-07T13:30:04Z
node_01431,ip_api,ipapi_com_unverified,41.5092,-87.5938,Chicago Heights,US,,,False,,success,2026-06-07T13:43:16Z
node_01431,ipinfo,ipinfo,41.85,-87.65,Chicago,US,,,False,,success,2026-06-07T13:43:16Z
node_01431,ipwho_is,ipwhois_unverified,41.506146,-87.6355995,Chicago Heights,US,,,False,,success,2026-06-07T13:43:16Z
node_01431,maxmind_geolite2,maxmind_geolite,42.1081,-87.7359,Winnetka,US,50,1780418264,False,,success,2026-06-07T13:30:04Z
node_01431,reallyfreegeoip,maxmind_geolite,41.4711,-87.0898,Valparaiso,US,,,False,,success,2026-06-07T13:43:17Z
node_01478,dbip_lite,dbip_lite,29.9396,-95.3971,Houston (Greater Greenspoint),US,,1780278471,False,,success,2026-06-07T13:30:04Z
node_01478,geojs,maxmind_geolite,29.934,-95.613,Houston,US,,,False,,success,2026-06-07T13:44:27Z
node_01478,ip2location_lite,ip2location_lite,29.92712,-95.626717,Oak Cliff Place,US,,1780555707,False,,success,2026-06-07T13:30:04Z
node_01478,ip_api,ipapi_com_unverified,30.0182,-95.4091,Houston,US,,,False,,success,2026-06-07T13:44:26Z
node_01478,ipinfo,ipinfo,29.7633,-95.3633,Houston,US,,,False,,success,2026-06-07T13:44:27Z
node_01478,ipwho_is,ipwhois_unverified,29.7604267,-95.3698028,Houston,US,,,False,,success,2026-06-07T13:44:27Z
node_01478,maxmind_geolite2,maxmind_geolite,29.934,-95.613,Houston,US,20,1780418264,False,,success,2026-06-07T13:30:04Z
node_01478,reallyfreegeoip,maxmind_geolite,30.0182,-95.4091,Houston,US,,,False,,success,2026-06-07T13:44:27Z
node_01096,dbip_lite,dbip_lite,39.9526,-75.1652,Philadelphia,US,,1780278471,False,,success,2026-06-07T13:29:59Z
node_01096,geojs,maxmind_geolite,40.1265,-75.5232,Phoenixville,US,,,False,,success,2026-06-07T13:34:54Z
node_01096,ip2location_lite,ip2location_lite,40.130493,-75.515076,Phoenixville,US,,1780555707,False,,success,2026-06-07T13:29:59Z
node_01096,ip_api,ipapi_com_unverified,40.1265,-75.5232,Phoenixville,US,,,False,,success,2026-06-07T13:34:53Z
node_01096,ipinfo,ipinfo,40.1304,-75.5149,Phoenixville,US,,,False,,success,2026-06-07T13:34:53Z
node_01096,ipwho_is,ipwhois_unverified,40.1303822,-75.5149128,Phoenixville,US,,,False,,success,2026-06-07T13:34:53Z
node_01096,maxmind_geolite2,maxmind_geolite,40.1265,-75.5232,Phoenixville,US,10,1780418264,False,,success,2026-06-07T13:29:59Z
node_01096,reallyfreegeoip,maxmind_geolite,40.1262,-75.5268,Phoenixville,US,,,False,,success,2026-06-07T13:34:54Z
node_01140,dbip_lite,dbip_lite,40.5703,-84.1946,Wapakoneta,US,,1780278471,False,,success,2026-06-07T13:30:02Z
node_01140,geojs,maxmind_geolite,40.5678,-84.1936,Wapakoneta,US,,,False,,success,2026-06-07T13:35:59Z
node_01140,ip2location_lite,ip2location_lite,40.567829,-84.193558,Wapakoneta,US,,1780555707,False,,success,2026-06-07T13:30:02Z
node_01140,ip_api,ipapi_com_unverified,40.5678,-84.1936,Wapakoneta,US,,,False,,success,2026-06-07T13:35:59Z
node_01140,ipinfo,ipinfo,40.5678,-84.1936,Wapakoneta,US,,,False,,success,2026-06-07T13:35:59Z
node_01140,ipwho_is,ipwhois_unverified,40.5678265,-84.1935594,Wapakoneta,US,,,False,,success,2026-06-07T13:35:59Z
node_01140,maxmind_geolite2,maxmind_geolite,40.5678,-84.1936,Wapakoneta,US,20,1780418264,False,,success,2026-06-07T13:30:02Z
node_01140,reallyfreegeoip,maxmind_geolite,40.5719,-84.176,Wapakoneta,US,,,False,,success,2026-06-07T13:36:00Z
node_01245,dbip_lite,dbip_lite,45.5856,-75.4208,Buckingham,CA,,1780278471,False,,success,2026-06-07T13:30:03Z
node_01245,geojs,maxmind_geolite,45.5878,-75.4192,Gatineau,CA,,,False,,success,2026-06-07T13:38:37Z
node_01245,ip2location_lite,ip2location_lite,45.585629,-75.420799,Buckingham,CA,,1780555707,False,,success,2026-06-07T13:30:03Z
node_01245,ip_api,ipapi_com_unverified,45.5878,-75.4192,Gatineau,CA,,,False,,success,2026-06-07T13:38:37Z
node_01245,ipinfo,ipinfo,45.4772,-75.7016,Gatineau,CA,,,False,,success,2026-06-07T13:38:37Z
node_01245,ipwho_is,ipwhois_unverified,45.4765446,-75.7012723,Gatineau,CA,,,False,,success,2026-06-07T13:38:37Z
node_01245,maxmind_geolite2,maxmind_geolite,45.5878,-75.4192,Gatineau,CA,5,1780418264,False,,success,2026-06-07T13:30:03Z
node_01245,reallyfreegeoip,maxmind_geolite,45.588,-75.4191,Gatineau,CA,,,False,,success,2026-06-07T13:38:38Z
node_01301,dbip_lite,dbip_lite,44.8739,-88.1429,Oconto Falls,US,,1780278471,False,,success,2026-06-07T13:30:03Z
node_01301,geojs,maxmind_geolite,44.6722,-88.2426,Pulaski,US,,,False,,success,2026-06-07T13:40:01Z
node_01301,ip2location_lite,ip2location_lite,44.519272,-88.019913,Green Bay,US,,1780555707,False,,success,2026-06-07T13:30:03Z
node_01301,ip_api,ipapi_com_unverified,44.6722,-88.2426,Pulaski,US,,,False,,success,2026-06-07T13:40:01Z
node_01301,ipinfo,ipinfo,44.7822,-88.609,Shawano,US,,,False,,success,2026-06-07T13:40:01Z
node_01301,ipwho_is,ipwhois_unverified,44.519159,-88.019826,Green Bay,US,,,False,,success,2026-06-07T13:40:01Z
node_01301,maxmind_geolite2,maxmind_geolite,44.6722,-88.2426,Pulaski,US,50,1780418264,False,,success,2026-06-07T13:30:03Z
node_01301,reallyfreegeoip,maxmind_geolite,44.6722,-88.2426,Pulaski,US,,,False,,success,2026-06-07T13:40:02Z
node_01085,dbip_lite,dbip_lite,39.0067,-77.4291,Sterling,US,,1780278471,False,,success,2026-06-07T13:29:57Z
node_01085,geojs,maxmind_geolite,39.0448,-77.6042,Leesburg,US,,,False,,success,2026-06-07T13:34:37Z
node_01085,ip2location_lite,ip2location_lite,38.982052,-77.538597,Brambleton,US,,1780555707,False,,success,2026-06-07T13:29:57Z
node_01085,ip_api,ipapi_com_unverified,39.0448,-77.6042,Leesburg,US,,,False,,success,2026-06-07T13:34:36Z
node_01085,ipinfo,ipinfo,39.0062,-77.4286,Sterling,US,,,False,,success,2026-06-07T13:34:37Z
node_01085,ipwho_is,ipwhois_unverified,38.9806557,-77.5281723,Brambleton,US,,,False,,success,2026-06-07T13:34:37Z
node_01085,maxmind_geolite2,maxmind_geolite,39.0448,-77.6042,Leesburg,US,20,1780418264,False,,success,2026-06-07T13:29:57Z
node_01085,reallyfreegeoip,maxmind_geolite,39.0395,-77.4917,Ashburn,US,,,False,,success,2026-06-07T13:34:37Z
node_01081,dbip_lite,dbip_lite,37.6879,-122.47,Daly City,US,,1780278471,False,,success,2026-06-07T13:29:57Z
node_01081,geojs,maxmind_geolite,37.3512,-121.8846,San Jose,US,,,False,,success,2026-06-07T13:34:31Z
node_01081,ip2location_lite,ip2location_lite,37.321331,-121.916618,Buena Vista,US,,1780555707,False,,success,2026-06-07T13:29:57Z
node_01081,ip_api,ipapi_com_unverified,37.2507,-121.836,San Jose,US,,,False,,success,2026-06-07T13:34:30Z
node_01081,ipinfo,ipinfo,37.5483,-121.9886,Fremont,US,,,False,,success,2026-06-07T13:34:31Z
node_01081,ipwho_is,ipwhois_unverified,37.6879241,-122.4702079,Daly City,US,,,False,,success,2026-06-07T13:34:31Z
node_01081,maxmind_geolite2,maxmind_geolite,37.3512,-121.8846,San Jose,US,50,1780418264,False,,success,2026-06-07T13:29:57Z
node_01081,reallyfreegeoip,maxmind_geolite,37.2692,-121.845,San Jose,US,,,False,,success,2026-06-07T13:34:31Z
node_01265,dbip_lite,dbip_lite,37.3811,-121.817,East Foothills,US,,1780278471,False,,success,2026-06-07T13:30:03Z
node_01265,geojs,maxmind_geolite,37.3698,-121.816,San Jose,US,,,False,,success,2026-06-07T13:39:07Z
node_01265,ip2location_lite,ip2location_lite,37.38105,-121.817451,East Foothills,US,,1780555707,False,,success,2026-06-07T13:30:03Z
node_01265,ip_api,ipapi_com_unverified,37.374,-121.8595,San Jose,US,,,False,,success,2026-06-07T13:39:07Z
node_01265,ipinfo,ipinfo,37.5483,-121.9886,Fremont,US,,,False,,success,2026-06-07T13:39:07Z
node_01265,ipwho_is,ipwhois_unverified,37.3382082,-121.8863286,San Jose,US,,,False,,success,2026-06-07T13:39:07Z
node_01265,maxmind_geolite2,maxmind_geolite,37.3698,-121.816,San Jose,US,5,1780418264,False,,success,2026-06-07T13:30:03Z
node_01265,reallyfreegeoip,maxmind_geolite,37.8753,-122.0707,Walnut Creek,US,,,False,,success,2026-06-07T13:39:08Z
node_01499,dbip_lite,dbip_lite,42.6194,-113.675,Rupert,US,,1780278471,False,,success,2026-06-07T13:30:04Z
node_01499,geojs,maxmind_geolite,43.3077,-113.9447,Carey,US,,,False,,success,2026-06-07T13:44:58Z
node_01499,ip2location_lite,ip2location_lite,43.309441,-113.945282,Carey,US,,1780555707,False,,success,2026-06-07T13:30:04Z
node_01499,ip_api,ipapi_com_unverified,42.5991,-114.7595,Buhl,US,,,False,,success,2026-06-07T13:44:58Z
node_01499,ipinfo,ipinfo,42.5991,-114.7595,Buhl,US,,,False,,success,2026-06-07T13:44:58Z
node_01499,ipwho_is,ipwhois_unverified,42.6190756,-113.6772348,Rupert,US,,,False,,success,2026-06-07T13:44:58Z
node_01499,maxmind_geolite2,maxmind_geolite,43.3077,-113.9447,Carey,US,5,1780418264,False,,success,2026-06-07T13:30:04Z
node_01499,reallyfreegeoip,maxmind_geolite,42.5991,-114.7595,Buhl,US,,,False,,success,2026-06-07T13:44:59Z
node_01367,dbip_lite,dbip_lite,33.8814,-117.538,Corona,US,,1780278471,False,,success,2026-06-07T13:30:04Z
node_01367,geojs,maxmind_geolite,33.8241,-117.5198,Corona,US,,,False,,success,2026-06-07T13:41:40Z
node_01367,ip2location_lite,ip2location_lite,33.875359,-117.566437,Corona,US,,1780555707,False,,success,2026-06-07T13:30:04Z
node_01367,ip_api,ipapi_com_unverified,33.8789,-117.5353,Corona,US,,,False,,success,2026-06-07T13:41:40Z
node_01367,ipinfo,ipinfo,33.8753,-117.5664,Corona,US,,,False,,success,2026-06-07T13:41:40Z
node_01367,ipwho_is,ipwhois_unverified,33.8752935,-117.5664384,Corona,US,,,False,,success,2026-06-07T13:41:40Z
node_01367,maxmind_geolite2,maxmind_geolite,33.8241,-117.5198,Corona,US,50,1780418264,False,,success,2026-06-07T13:30:04Z
node_01367,reallyfreegeoip,maxmind_geolite,33.8625,-117.586,Corona,US,,,False,,success,2026-06-07T13:41:41Z
node_01187,dbip_lite,dbip_lite,36.8665,-83.8888,Barbourville,US,,1780278471,False,,success,2026-06-07T13:30:03Z
node_01187,geojs,maxmind_geolite,36.9363,-84.0986,Corbin,US,,,False,,success,2026-06-07T13:37:10Z
node_01187,ip2location_lite,ip2location_lite,36.866402,-83.889038,Barbourville,US,,1780555707,False,,success,2026-06-07T13:30:03Z
node_01187,ip_api,ipapi_com_unverified,36.9363,-84.0986,Corbin,US,,,False,,success,2026-06-07T13:37:09Z
node_01187,ipinfo,ipinfo,36.8665,-83.8888,Barbourville,US,,,False,,success,2026-06-07T13:37:10Z
node_01187,ipwho_is,ipwhois_unverified,36.9486986,-84.0968761,Corbin,US,,,False,,success,2026-06-07T13:37:10Z
node_01187,maxmind_geolite2,maxmind_geolite,36.9363,-84.0986,Corbin,US,20,1780418264,False,,success,2026-06-07T13:30:03Z
node_01187,reallyfreegeoip,maxmind_geolite,39.4642,-87.3531,Terre Haute,US,,,False,,success,2026-06-07T13:37:10Z
node_01078,dbip_lite,dbip_lite,51.919200000000004,4.38889,Schiedam,NL,,1780278471,False,,success,2026-06-07T13:29:56Z
node_01078,geojs,maxmind_geolite,52.3744,4.9388,Amsterdam,NL,,,False,,success,2026-06-07T13:34:27Z
node_01078,ip2location_lite,ip2location_lite,52.378502,4.89998,Amsterdam,NL,,1780555707,True,"hub:52.379,4.9",success,2026-06-07T13:29:56Z
node_01078,ip_api,ipapi_com_unverified,52.3744,4.9388,Amsterdam,NL,,,False,,success,2026-06-07T13:34:26Z
node_01078,ipinfo,ipinfo,51.5555,5.0913,Tilburg,NL,,,False,,success,2026-06-07T13:34:26Z
node_01078,ipwho_is,ipwhois_unverified,52.3702157,4.8951679,Amsterdam,NL,,,True,"hub:52.37,4.895",success,2026-06-07T13:34:26Z
node_01078,maxmind_geolite2,maxmind_geolite,52.3744,4.9388,Amsterdam,NL,5,1780418264,False,,success,2026-06-07T13:29:55Z
node_01078,reallyfreegeoip,maxmind_geolite,52.3744,4.9388,Amsterdam,NL,,,False,,success,2026-06-07T13:34:27Z
node_01342,dbip_lite,dbip_lite,50.1109,8.68213,Frankfurt am Main,DE,,1780278471,False,,success,2026-06-07T13:30:04Z
node_01342,geojs,maxmind_geolite,52.4112,9.6491,Hanover,DE,,,False,,success,2026-06-07T13:41:03Z
node_01342,ip2location_lite,ip2location_lite,52.349998,9.83333,Bemerode,DE,,1780555707,False,,success,2026-06-07T13:30:04Z
node_01342,ip_api,ipapi_com_unverified,52.4112,9.6491,Hanover,DE,,,False,,success,2026-06-07T13:41:02Z
node_01342,ipinfo,ipinfo,52.3705,9.7332,Hannover,DE,,,False,,success,2026-06-07T13:41:03Z
node_01342,ipwho_is,ipwhois_unverified,52.5200066,13.404954,Berlin,DE,,,False,,success,2026-06-07T13:41:03Z
node_01342,maxmind_geolite2,maxmind_geolite,52.4112,9.6491,Hanover,DE,10,1780418264,False,,success,2026-06-07T13:30:04Z
node_01342,reallyfreegeoip,maxmind_geolite,52.3409,9.8328,Hanover,DE,,,False,,success,2026-06-07T13:41:03Z
node_01475,dbip_lite,dbip_lite,46.0569,14.5058,Ljubljana,SI,,1780278471,False,,success,2026-06-07T13:30:04Z
node_01475,geojs,maxmind_geolite,46.0833,15.0,,SI,,,True,no_city,success,2026-06-07T13:44:22Z
node_01475,ip2location_lite,ip2location_lite,46.051243,14.505114,Ljubljana,SI,,1780555707,False,,success,2026-06-07T13:30:04Z
node_01475,ip_api,ipapi_com_unverified,46.0569,14.5058,Ljubljana,SI,,,False,,success,2026-06-07T13:44:22Z
node_01475,ipinfo,ipinfo,46.0511,14.5051,Ljubljana,SI,,,False,,success,2026-06-07T13:44:22Z
node_01475,ipwho_is,ipwhois_unverified,46.0569465,14.5057515,Ljubljana,SI,,,False,,success,2026-06-07T13:44:22Z
node_01475,maxmind_geolite2,maxmind_geolite,46.0833,15.0,,SI,50,1780418264,True,no_city,success,2026-06-07T13:30:04Z
node_01475,reallyfreegeoip,maxmind_geolite,46.0833,15.0,,SI,,,True,no_city,success,2026-06-07T13:44:23Z
node_01353,dbip_lite,dbip_lite,43.238,76.8829,Almaty,KZ,,1780278471,False,,success,2026-06-07T13:30:04Z
node_01353,geojs,maxmind_geolite,51.1876,71.4491,Astana,KZ,,,False,,success,2026-06-07T13:41:19Z
node_01353,ip2location_lite,ip2location_lite,51.180099,71.445976,Astana,KZ,,1780555707,False,,success,2026-06-07T13:30:04Z
node_01353,ip_api,ipapi_com_unverified,51.1876,71.4491,Astana,KZ,,,False,,success,2026-06-07T13:41:19Z
node_01353,ipinfo,ipinfo,51.1801,71.446,Astana,KZ,,,False,,success,2026-06-07T13:41:19Z
node_01353,ipwho_is,ipwhois_unverified,48.019573,66.923684,Kazakhstan,KZ,,,False,,success,2026-06-07T13:41:19Z
node_01353,maxmind_geolite2,maxmind_geolite,51.1876,71.4491,Astana,KZ,500,1780418264,True,r>=500km,success,2026-06-07T13:30:04Z
node_01353,reallyfreegeoip,maxmind_geolite,51.1876,71.4491,Astana,KZ,,,False,,success,2026-06-07T13:41:20Z
node_01355,dbip_lite,dbip_lite,60.2161,24.8187,Espoo,FI,,1780278471,False,,success,2026-06-07T13:30:04Z
node_01355,geojs,maxmind_geolite,60.1872,24.9585,Helsinki,FI,,,False,,success,2026-06-07T13:41:22Z
node_01355,ip2location_lite,ip2location_lite,60.169521,24.93545,Helsinki,FI,,1780555707,False,,success,2026-06-07T13:30:04Z
node_01355,ip_api,ipapi_com_unverified,60.1719,24.9347,Helsinki,FI,,,False,,success,2026-06-07T13:41:22Z
node_01355,ipinfo,ipinfo,60.1695,24.9354,Helsinki,FI,,,False,,success,2026-06-07T13:41:22Z
node_01355,ipwho_is,ipwhois_unverified,60.1698557,24.938379,Helsinki,FI,,,False,,success,2026-06-07T13:41:22Z
node_01355,maxmind_geolite2,maxmind_geolite,60.1872,24.9585,Helsinki,FI,5,1780418264,False,,success,2026-06-07T13:30:04Z
node_01355,reallyfreegeoip,maxmind_geolite,60.1797,24.9344,Helsinki,FI,,,False,,success,2026-06-07T13:41:23Z
node_01083,dbip_lite,dbip_lite,50.7272,12.4884,Zwickau,DE,,1780278471,False,,success,2026-06-07T13:29:57Z
node_01083,geojs,maxmind_geolite,51.342,12.3819,Leipzig,DE,,,False,,success,2026-06-07T13:34:34Z
node_01083,ip2location_lite,ip2location_lite,50.978943,11.032561,Erfurt,DE,,1780555707,False,,success,2026-06-07T13:29:57Z
node_01083,ip_api,ipapi_com_unverified,51.4825,11.9772,Halle,DE,,,False,,success,2026-06-07T13:34:33Z
node_01083,ipinfo,ipinfo,50.8357,12.9292,Chemnitz,DE,,,False,,success,2026-06-07T13:34:34Z
node_01083,ipwho_is,ipwhois_unverified,51.4969802,11.9688029,Halle (Saale),DE,,,False,,success,2026-06-07T13:34:34Z
node_01083,maxmind_geolite2,maxmind_geolite,51.342,12.3819,Leipzig,DE,100,1780418264,False,,success,2026-06-07T13:29:57Z
node_01083,reallyfreegeoip,maxmind_geolite,51.342,12.3819,Leipzig,DE,,,False,,success,2026-06-07T13:34:34Z
node_01538,dbip_lite,dbip_lite,50.1109,8.68213,Frankfurt am Main,DE,,1780278471,False,,success,2026-06-07T13:30:04Z
node_01538,geojs,maxmind_geolite,51.2993,9.491,,DE,,,True,no_city,success,2026-06-07T13:45:57Z
node_01538,ip2location_lite,ip2location_lite,51.283329,9.48333,Neuemuhle,DE,,1780555707,False,,success,2026-06-07T13:30:04Z
node_01538,ip_api,ipapi_com_unverified,50.1109,8.68213,Frankfurt am Main,DE,,,False,,success,2026-06-07T13:45:56Z
node_01538,ipinfo,ipinfo,50.1155,8.6842,Frankfurt am Main,DE,,,False,,success,2026-06-07T13:45:57Z
node_01538,ipwho_is,ipwhois_unverified,50.1109221,8.6821267,Frankfurt,DE,,,False,,success,2026-06-07T13:45:57Z
node_01538,maxmind_geolite2,maxmind_geolite,51.2993,9.491,,DE,200,1780418264,True,no_city,success,2026-06-07T13:30:04Z
node_01538,reallyfreegeoip,maxmind_geolite,51.2993,9.491,,DE,,,True,no_city,success,2026-06-07T13:45:57Z
node_01400,dbip_lite,dbip_lite,50.0468,14.3047,Stodůlky (Praha 5),CZ,,1780278471,False,,success,2026-06-07T13:30:04Z
node_01400,geojs,maxmind_geolite,50.1113,14.4063,Prague,CZ,,,False,,success,2026-06-07T13:42:30Z
node_01400,ip2location_lite,ip2location_lite,50.087936,14.420798,Prague,CZ,,1780555707,False,,success,2026-06-07T13:30:04Z
node_01400,ip_api,ipapi_com_unverified,50.0948,14.4785,Prague,CZ,,,False,,success,2026-06-07T13:42:29Z
node_01400,ipinfo,ipinfo,50.088,14.4208,Prague,CZ,,,True,"hub:50.088,14.421",success,2026-06-07T13:42:30Z
node_01400,ipwho_is,ipwhois_unverified,50.0755381,14.4378005,Prague,CZ,,,False,,success,2026-06-07T13:42:30Z
node_01400,maxmind_geolite2,maxmind_geolite,50.1113,14.4063,Prague,CZ,50,1780418264,False,,success,2026-06-07T13:30:04Z
node_01400,reallyfreegeoip,maxmind_geolite,50.0805,14.467,Prague,CZ,,,False,,success,2026-06-07T13:42:30Z
node_01266,dbip_lite,dbip_lite,43.2191,27.9102,Varna,BG,,1780278471,False,,success,2026-06-07T13:30:03Z
node_01266,geojs,maxmind_geolite,43.2186,27.9123,Varna,BG,,,False,,success,2026-06-07T13:39:09Z
node_01266,ip2location_lite,ip2location_lite,43.21669,27.916691,Varna,BG,,1780555707,False,,success,2026-06-07T13:30:03Z
node_01266,ip_api,ipapi_com_unverified,43.2186,27.9123,Varna,BG,,,False,,success,2026-06-07T13:39:08Z
node_01266,ipinfo,ipinfo,43.05,27.35,Dalgopol,BG,,,False,,success,2026-06-07T13:39:09Z
node_01266,ipwho_is,ipwhois_unverified,43.2140504,27.9147333,Varna,BG,,,False,,success,2026-06-07T13:39:09Z
node_01266,maxmind_geolite2,maxmind_geolite,43.2186,27.9123,Varna,BG,100,1780418264,False,,success,2026-06-07T13:30:03Z
node_01266,reallyfreegeoip,maxmind_geolite,43.2002,27.9425,Varna,BG,,,False,,success,2026-06-07T13:39:09Z
node_01205,dbip_lite,dbip_lite,41.5361,19.9908,Gurra e Vogël,AL,,1780278471,False,,success,2026-06-07T13:30:03Z
node_01205,geojs,maxmind_geolite,40.7025,19.9521,Berat,AL,,,False,,success,2026-06-07T13:37:37Z
node_01205,ip2location_lite,ip2location_lite,41.327499,19.81889,Tirana,AL,,1780555707,False,,success,2026-06-07T13:30:03Z
node_01205,ip_api,ipapi_com_unverified,40.7025,19.9521,Berat,AL,,,False,,success,2026-06-07T13:37:36Z
node_01205,ipinfo,ipinfo,41.3497,19.7103,Kashar,AL,,,False,,success,2026-06-07T13:37:37Z
node_01205,ipwho_is,ipwhois_unverified,41.3275459,19.8186982,Tirana,AL,,,False,,success,2026-06-07T13:37:37Z
node_01205,maxmind_geolite2,maxmind_geolite,40.7025,19.9521,Berat,AL,10,1780418264,False,,success,2026-06-07T13:30:03Z
node_01205,reallyfreegeoip,maxmind_geolite,40.7025,19.9521,Berat,AL,,,False,,success,2026-06-07T13:37:37Z
node_01451,dbip_lite,dbip_lite,36.5154,-4.88583,Marbella,ES,,1780278471,False,,success,2026-06-07T13:30:04Z
node_01451,geojs,maxmind_geolite,36.5141,-4.8834,Marbella,ES,,,False,,success,2026-06-07T13:43:46Z
node_01451,ip2location_lite,ip2location_lite,36.515465,-4.885853,Marbella,ES,,1780555707,False,,success,2026-06-07T13:30:04Z
node_01451,ip_api,ipapi_com_unverified,36.5029,-4.9099,Marbella,ES,,,False,,success,2026-06-07T13:43:46Z
node_01451,ipinfo,ipinfo,36.5154,-4.8858,Marbella,ES,,,False,,success,2026-06-07T13:43:46Z
node_01451,ipwho_is,ipwhois_unverified,36.510071,-4.8824474,Marbella,ES,,,False,,success,2026-06-07T13:43:46Z
node_01451,maxmind_geolite2,maxmind_geolite,36.5141,-4.8834,Marbella,ES,5,1780418264,False,,success,2026-06-07T13:30:04Z
node_01451,reallyfreegeoip,maxmind_geolite,36.5141,-4.8834,Marbella,ES,,,False,,success,2026-06-07T13:43:47Z
node_01116,dbip_lite,dbip_lite,59.5996,30.1262,Gatchina,RU,,1780278471,False,,success,2026-06-07T13:30:01Z
node_01116,geojs,maxmind_geolite,59.5791,30.1154,Gatchina,RU,,,False,,success,2026-06-07T13:35:24Z
node_01116,ip2location_lite,ip2location_lite,59.576389,30.12833,Gatchina,RU,,1780555707,False,,success,2026-06-07T13:30:01Z
node_01116,ip_api,ipapi_com_unverified,59.5791,30.1154,Gatchina,RU,,,False,,success,2026-06-07T13:35:23Z
node_01116,ipinfo,ipinfo,59.5764,30.1283,Gatchina,RU,,,False,,success,2026-06-07T13:35:23Z
node_01116,ipwho_is,ipwhois_unverified,59.5624627,30.1064659,Gatchina,RU,,,False,,success,2026-06-07T13:35:23Z
node_01116,maxmind_geolite2,maxmind_geolite,59.5791,30.1154,Gatchina,RU,20,1780418264,False,,success,2026-06-07T13:30:01Z
node_01116,reallyfreegeoip,maxmind_geolite,59.5791,30.1154,Gatchina,RU,,,False,,success,2026-06-07T13:35:24Z
node_01100,dbip_lite,dbip_lite,53.5507,9.99302,Hamburg,DE,,1780278471,False,,success,2026-06-07T13:30:00Z
node_01100,geojs,maxmind_geolite,53.5544,9.996,Hamburg,DE,,,False,,success,2026-06-07T13:35:00Z
node_01100,ip2location_lite,ip2location_lite,53.575253,10.014778,Hamburg,DE,,1780555707,False,,success,2026-06-07T13:30:00Z
node_01100,ip_api,ipapi_com_unverified,53.5544,9.996,Hamburg,DE,,,False,,success,2026-06-07T13:34:59Z
node_01100,ipinfo,ipinfo,53.5507,9.993,Hamburg,DE,,,False,,success,2026-06-07T13:34:59Z
node_01100,ipwho_is,ipwhois_unverified,53.5510846,9.9936818,Hamburg,DE,,,False,,success,2026-06-07T13:34:59Z
node_01100,maxmind_geolite2,maxmind_geolite,53.5544,9.996,Hamburg,DE,20,1780418264,False,,success,2026-06-07T13:30:00Z
node_01100,reallyfreegeoip,maxmind_geolite,53.5425,10.0339,Hamburg,DE,,,False,,success,2026-06-07T13:35:00Z
node_01229,dbip_lite,dbip_lite,53.6697,14.1862,Ahlbeck,DE,,1780278471,False,,success,2026-06-07T13:30:03Z
node_01229,geojs,maxmind_geolite,53.6316,14.0132,Torgelow,DE,,,False,,success,2026-06-07T13:38:13Z
node_01229,ip2location_lite,ip2location_lite,53.557579,12.77507,Torgelow,DE,,1780555707,False,,success,2026-06-07T13:30:03Z
node_01229,ip_api,ipapi_com_unverified,53.6316,14.0132,Torgelow,DE,,,False,,success,2026-06-07T13:38:13Z
node_01229,ipinfo,ipinfo,53.6337,14.0123,Torgelow,DE,,,False,,success,2026-06-07T13:38:13Z
node_01229,ipwho_is,ipwhois_unverified,53.9406282,14.1874733,Heringsdorf,DE,,,False,,success,2026-06-07T13:38:13Z
node_01229,maxmind_geolite2,maxmind_geolite,53.6316,14.0132,Torgelow,DE,20,1780418264,False,,success,2026-06-07T13:30:03Z
node_01229,reallyfreegeoip,maxmind_geolite,53.7407,14.0493,Ueckermünde,DE,,,False,,success,2026-06-07T13:38:14Z
node_01215,dbip_lite,dbip_lite,49.492,8.45568,Mannheim,DE,,1780278471,False,,success,2026-06-07T13:30:03Z
node_01215,geojs,maxmind_geolite,49.4922,8.464,Mannheim,DE,,,False,,success,2026-06-07T13:37:52Z
node_01215,ip2location_lite,ip2location_lite,49.496521,8.479518,Mannheim,DE,,1780555707,False,,success,2026-06-07T13:30:03Z
node_01215,ip_api,ipapi_com_unverified,49.4922,8.464,Mannheim,DE,,,False,,success,2026-06-07T13:37:51Z
node_01215,ipinfo,ipinfo,49.4891,8.4669,Mannheim,DE,,,False,,success,2026-06-07T13:37:52Z
node_01215,ipwho_is,ipwhois_unverified,49.4874592,8.4660395,Mannheim,DE,,,False,,success,2026-06-07T13:37:52Z
node_01215,maxmind_geolite2,maxmind_geolite,49.4922,8.464,Mannheim,DE,20,1780418264,False,,success,2026-06-07T13:30:03Z
node_01215,reallyfreegeoip,maxmind_geolite,49.4933,8.4742,Mannheim,DE,,,False,,success,2026-06-07T13:37:52Z
node_01144,dbip_lite,dbip_lite,50.1794,8.47132,Königstein im Taunus,DE,,1780278471,False,,success,2026-06-07T13:30:02Z
node_01144,geojs,maxmind_geolite,50.2273,8.6085,Bad Homburg,DE,,,False,,success,2026-06-07T13:36:06Z
node_01144,ip2location_lite,ip2location_lite,50.20731,8.57747,Oberursel,DE,,1780555707,False,,success,2026-06-07T13:30:02Z
node_01144,ip_api,ipapi_com_unverified,50.2107,8.5805,Oberursel,DE,,,False,,success,2026-06-07T13:36:05Z
node_01144,ipinfo,ipinfo,50.2073,8.5775,Oberursel,DE,,,False,,success,2026-06-07T13:36:05Z
node_01144,ipwho_is,ipwhois_unverified,50.2025478,8.5770309,Oberursel,DE,,,False,,success,2026-06-07T13:36:05Z
node_01144,maxmind_geolite2,maxmind_geolite,50.2273,8.6085,Bad Homburg,DE,5,1780418264,False,,success,2026-06-07T13:30:02Z
node_01144,reallyfreegeoip,maxmind_geolite,50.2134,8.6258,Bad Homburg,DE,,,False,,success,2026-06-07T13:36:06Z
node_01262,dbip_lite,dbip_lite,51.3303,12.3892,Leipzig (Mitte),DE,,1780278471,False,,success,2026-06-07T13:30:03Z
node_01262,geojs,maxmind_geolite,51.3671,12.3817,Leipzig,DE,,,False,,success,2026-06-07T13:39:03Z
node_01262,ip2location_lite,ip2location_lite,51.339619,12.37129,Leipzig,DE,,1780555707,False,,success,2026-06-07T13:30:03Z
node_01262,ip_api,ipapi_com_unverified,51.3671,12.3817,Leipzig,DE,,,False,,success,2026-06-07T13:39:02Z
node_01262,ipinfo,ipinfo,51.3396,12.3713,Leipzig,DE,,,False,,success,2026-06-07T13:39:03Z
node_01262,ipwho_is,ipwhois_unverified,51.3396955,12.3730747,Leipzig,DE,,,False,,success,2026-06-07T13:39:03Z
node_01262,maxmind_geolite2,maxmind_geolite,51.3671,12.3817,Leipzig,DE,5,1780418264,False,,success,2026-06-07T13:30:03Z
node_01262,reallyfreegeoip,maxmind_geolite,51.3235,12.4266,Leipzig,DE,,,False,,success,2026-06-07T13:39:03Z
node_01135,dbip_lite,dbip_lite,49.7333,12.35,Flossenbürg,DE,,1780278471,False,,success,2026-06-07T13:30:01Z
node_01135,geojs,maxmind_geolite,49.6764,12.1536,Weiden,DE,,,False,,success,2026-06-07T13:35:52Z
node_01135,ip2location_lite,ip2location_lite,51.072102,11.35832,Weiden,DE,,1780555707,False,,success,2026-06-07T13:30:01Z
node_01135,ip_api,ipapi_com_unverified,49.6764,12.1536,Weiden,DE,,,False,,success,2026-06-07T13:35:51Z
node_01135,ipinfo,ipinfo,49.6768,12.1561,Weiden,DE,,,False,,success,2026-06-07T13:35:52Z
node_01135,ipwho_is,ipwhois_unverified,51.0719171,11.3586737,Am Ettersberg,DE,,,False,,success,2026-06-07T13:35:52Z
node_01135,maxmind_geolite2,maxmind_geolite,49.6764,12.1536,Weiden,DE,20,1780418264,False,,success,2026-06-07T13:30:01Z
node_01135,reallyfreegeoip,maxmind_geolite,49.6764,12.1536,Weiden,DE,,,False,,success,2026-06-07T13:35:52Z
node_01141,dbip_lite,dbip_lite,48.8493,2.33,Paris 06 Luxembourg,FR,,1780278471,False,,success,2026-06-07T13:30:02Z
node_01141,geojs,maxmind_geolite,48.8558,2.3494,Paris,FR,,,False,,success,2026-06-07T13:36:01Z
node_01141,ip2location_lite,ip2location_lite,48.8162,2.31394,Montrouge,FR,,1780555707,False,,success,2026-06-07T13:30:02Z
node_01141,ip_api,ipapi_com_unverified,48.8558,2.3494,Paris,FR,,,False,,success,2026-06-07T13:36:00Z
node_01141,ipinfo,ipinfo,48.8534,2.3488,Paris,FR,,,True,"hub:48.853,2.349",success,2026-06-07T13:36:01Z
node_01141,ipwho_is,ipwhois_unverified,48.844,2.33255,Paris 06 Luxembourg,FR,,,False,,success,2026-06-07T13:36:01Z
node_01141,maxmind_geolite2,maxmind_geolite,48.8558,2.3494,Paris,FR,5,1780418264,False,,success,2026-06-07T13:30:02Z
node_01141,reallyfreegeoip,maxmind_geolite,48.8323,2.4075,Paris,FR,,,False,,success,2026-06-07T13:36:01Z
node_01495,dbip_lite,dbip_lite,32.5891,-92.0664,Monroe,US,,1780278471,False,,success,2026-06-07T13:30:04Z
node_01495,geojs,maxmind_geolite,40.3633,-79.8633,West Mifflin,US,,,False,,success,2026-06-07T13:44:52Z
node_01495,ip2location_lite,ip2location_lite,40.3634,-79.86644,West Mifflin,US,,1780555707,False,,success,2026-06-07T13:30:04Z
node_01495,ip_api,ipapi_com_unverified,32.5891,-92.0664,Monroe,US,,,False,,success,2026-06-07T13:44:51Z
node_01495,ipinfo,ipinfo,39.0437,-77.4875,Ashburn,US,,,False,,success,2026-06-07T13:44:52Z
node_01495,ipwho_is,ipwhois_unverified,32.5093109,-92.1193012,Monroe,US,,,False,,success,2026-06-07T13:44:52Z
node_01495,maxmind_geolite2,maxmind_geolite,40.3633,-79.8633,West Mifflin,US,1000,1780418264,True,r>=500km,success,2026-06-07T13:30:04Z
node_01495,reallyfreegeoip,maxmind_geolite,37.751,-97.822,,US,,,True,no_city,success,2026-06-07T13:44:53Z
node_01267,dbip_lite,dbip_lite,48.0165,9.24757,Krauchenwies,DE,,1780278471,False,,success,2026-06-07T13:30:03Z
node_01267,geojs,maxmind_geolite,50.1084,8.6837,Frankfurt am Main,DE,,,False,,success,2026-06-07T13:39:10Z
node_01267,ip2location_lite,ip2location_lite,52.201931,11.6177,Barleben,DE,,1780555707,False,,success,2026-06-07T13:30:03Z
node_01267,ip_api,ipapi_com_unverified,50.1084,8.6837,Frankfurt am Main,DE,,,False,,success,2026-06-07T13:39:10Z
node_01267,ipinfo,ipinfo,50.1112,8.6831,Frankfurt am Main,DE,,,False,,success,2026-06-07T13:39:10Z
node_01267,ipwho_is,ipwhois_unverified,52.2018844,11.6196372,Barleben,DE,,,False,,success,2026-06-07T13:39:10Z
node_01267,maxmind_geolite2,maxmind_geolite,50.1084,8.6837,Frankfurt am Main,DE,20,1780418264,False,,success,2026-06-07T13:30:03Z
node_01267,reallyfreegeoip,maxmind_geolite,51.2993,9.491,,DE,,,True,no_city,success,2026-06-07T13:39:11Z
node_01137,dbip_lite,dbip_lite,40.4621,-3.6766,Chamartin,ES,,1780278471,False,,success,2026-06-07T13:30:02Z
node_01137,geojs,maxmind_geolite,40.4498,-3.675,Madrid,ES,,,False,,success,2026-06-07T13:35:55Z
node_01137,ip2location_lite,ip2location_lite,40.433571,-3.684532,Castellana,ES,,1780555707,False,,success,2026-06-07T13:30:02Z
node_01137,ip_api,ipapi_com_unverified,40.4504,-3.6754,Madrid,ES,,,False,,success,2026-06-07T13:35:54Z
node_01137,ipinfo,ipinfo,40.4165,-3.7026,Madrid,ES,,,False,,success,2026-06-07T13:35:55Z
node_01137,ipwho_is,ipwhois_unverified,40.4167754,-3.7037902,Madrid,ES,,,False,,success,2026-06-07T13:35:55Z
node_01137,maxmind_geolite2,maxmind_geolite,40.4498,-3.675,Madrid,ES,5,1780418264,False,,success,2026-06-07T13:30:02Z
node_01137,reallyfreegeoip,maxmind_geolite,40.4504,-3.6754,Madrid,ES,,,False,,success,2026-06-07T13:35:55Z
node_01477,dbip_lite,dbip_lite,51.1839,10.0533,Eschwege,DE,,1780278471,False,,success,2026-06-07T13:30:04Z
node_01477,geojs,maxmind_geolite,51.3321,9.4939,Kassel,DE,,,False,,success,2026-06-07T13:44:25Z
node_01477,ip2location_lite,ip2location_lite,51.325619,9.47408,Rothenditmold,DE,,1780555707,False,,success,2026-06-07T13:30:04Z
node_01477,ip_api,ipapi_com_unverified,51.3321,9.4939,Kassel,DE,,,False,,success,2026-06-07T13:44:25Z
node_01477,ipinfo,ipinfo,51.3167,9.5,Kassel,DE,,,False,,success,2026-06-07T13:44:25Z
node_01477,ipwho_is,ipwhois_unverified,51.3127114,9.4797461,Kassel,DE,,,False,,success,2026-06-07T13:44:25Z
node_01477,maxmind_geolite2,maxmind_geolite,51.3321,9.4939,Kassel,DE,20,1780418264,False,,success,2026-06-07T13:30:04Z
node_01477,reallyfreegeoip,maxmind_geolite,51.2961,9.529,Kassel,DE,,,False,,success,2026-06-07T13:44:26Z
node_01178,dbip_lite,dbip_lite,51.6811,8.736,Paderborn,DE,,1780278471,False,,success,2026-06-07T13:30:02Z
node_01178,geojs,maxmind_geolite,51.2993,9.491,,DE,,,True,no_city,success,2026-06-07T13:36:57Z
node_01178,ip2location_lite,ip2location_lite,51.719055,8.754467,Paderborn,DE,,1780555707,False,,success,2026-06-07T13:30:02Z
node_01178,ip_api,ipapi_com_unverified,51.6811,8.736,Paderborn,DE,,,False,,success,2026-06-07T13:36:56Z
node_01178,ipinfo,ipinfo,51.7191,8.7544,Paderborn,DE,,,False,,success,2026-06-07T13:36:56Z
node_01178,ipwho_is,ipwhois_unverified,51.7189205,8.7575093,Paderborn,DE,,,False,,success,2026-06-07T13:36:56Z
node_01178,maxmind_geolite2,maxmind_geolite,51.2993,9.491,,DE,200,1780418264,True,no_city,success,2026-06-07T13:30:02Z
node_01178,reallyfreegeoip,maxmind_geolite,51.7606,8.7265,Paderborn,DE,,,False,,success,2026-06-07T13:36:57Z
node_01469,dbip_lite,dbip_lite,48.7745,18.6275,Prievidza,SK,,1780278471,False,,success,2026-06-07T13:30:04Z
node_01469,geojs,maxmind_geolite,49.4047,19.4842,Námestovo,SK,,,False,,success,2026-06-07T13:44:13Z
node_01469,ip2location_lite,ip2location_lite,48.77446,18.627501,Prievidza,SK,,1780555707,False,,success,2026-06-07T13:30:04Z
node_01469,ip_api,ipapi_com_unverified,49.4047,19.4842,Námestovo,SK,,,False,,success,2026-06-07T13:44:13Z
node_01469,ipinfo,ipinfo,49.4079,19.4803,Námestovo,SK,,,False,,success,2026-06-07T13:44:13Z
node_01469,ipwho_is,ipwhois_unverified,49.404472,19.4812155,Námestovo,SK,,,False,,success,2026-06-07T13:44:13Z
node_01469,maxmind_geolite2,maxmind_geolite,49.4047,19.4842,Námestovo,SK,20,1780418264,False,,success,2026-06-07T13:30:04Z
node_01469,reallyfreegeoip,maxmind_geolite,49.4047,19.4842,Námestovo,SK,,,False,,success,2026-06-07T13:44:14Z
node_01231,dbip_lite,dbip_lite,53.9,27.5667,Minsk,BY,,1780278471,False,,success,2026-06-07T13:30:03Z
node_01231,geojs,maxmind_geolite,53.901,27.5707,Minsk,BY,,,False,,success,2026-06-07T13:38:16Z
node_01231,ip2location_lite,ip2location_lite,53.900055,27.566801,Minsk,BY,,1780555707,False,,success,2026-06-07T13:30:03Z
node_01231,ip_api,ipapi_com_unverified,53.901,27.5707,Minsk,BY,,,False,,success,2026-06-07T13:38:16Z
node_01231,ipinfo,ipinfo,53.9002,27.5665,Minsk,BY,,,False,,success,2026-06-07T13:38:16Z
node_01231,ipwho_is,ipwhois_unverified,53.9045398,27.5615244,Minsk,BY,,,False,,success,2026-06-07T13:38:16Z
node_01231,maxmind_geolite2,maxmind_geolite,53.901,27.5707,Minsk,BY,5,1780418264,False,,success,2026-06-07T13:30:03Z
node_01231,reallyfreegeoip,maxmind_geolite,53.0011,28.0065,,BY,,,True,no_city,success,2026-06-07T13:38:17Z
node_01474,dbip_lite,dbip_lite,50.901,4.48557,Zaventem,BE,,1780278471,False,,success,2026-06-07T13:30:04Z
node_01474,geojs,maxmind_geolite,50.8534,4.347,Brussels,BE,,,False,,success,2026-06-07T13:44:21Z
node_01474,ip2location_lite,ip2location_lite,50.850849,4.34878,Brussels,BE,,1780555707,False,,success,2026-06-07T13:30:04Z
node_01474,ip_api,ipapi_com_unverified,50.901,4.48557,Zaventem,BE,,,False,,success,2026-06-07T13:44:20Z
node_01474,ipinfo,ipinfo,50.8505,4.3488,Brussels,BE,,,False,,success,2026-06-07T13:44:21Z
node_01474,ipwho_is,ipwhois_unverified,50.8854878,4.4709968,Zaventem,BE,,,False,,success,2026-06-07T13:44:21Z
node_01474,maxmind_geolite2,maxmind_geolite,50.8534,4.347,Brussels,BE,20,1780418264,False,,success,2026-06-07T13:30:04Z
node_01474,reallyfreegeoip,maxmind_geolite,50.8534,4.347,Brussels,BE,,,False,,success,2026-06-07T13:44:21Z
node_01212,dbip_lite,dbip_lite,51.0353,4.48322,Mechelen,BE,,1780278471,False,,success,2026-06-07T13:30:03Z
node_01212,geojs,maxmind_geolite,50.8758,4.7027,Leuven,BE,,,False,,success,2026-06-07T13:37:48Z
node_01212,ip2location_lite,ip2location_lite,50.863991,4.6289,Bertem,BE,,1780555707,False,,success,2026-06-07T13:30:03Z
node_01212,ip_api,ipapi_com_unverified,50.8758,4.7027,Leuven,BE,,,False,,success,2026-06-07T13:37:47Z
node_01212,ipinfo,ipinfo,50.8796,4.7009,Leuven,BE,,,False,,success,2026-06-07T13:37:47Z
node_01212,ipwho_is,ipwhois_unverified,51.0258761,4.4775362,Mechelen,BE,,,False,,success,2026-06-07T13:37:47Z
node_01212,maxmind_geolite2,maxmind_geolite,50.8758,4.7027,Leuven,BE,5,1780418264,False,,success,2026-06-07T13:30:03Z
node_01212,reallyfreegeoip,maxmind_geolite,50.8758,4.7027,Leuven,BE,,,False,,success,2026-06-07T13:37:48Z
node_01117,dbip_lite,dbip_lite,47.4983,19.0404,Budapest,HU,,1780278471,False,,success,2026-06-07T13:30:01Z
node_01117,geojs,maxmind_geolite,47.5,19.0412,Budapest,HU,,,False,,success,2026-06-07T13:35:25Z
node_01117,ip2location_lite,ip2location_lite,47.498253,19.03978,Budapest,HU,,1780555707,False,,success,2026-06-07T13:30:01Z
node_01117,ip_api,ipapi_com_unverified,47.5,19.0412,Budapest,HU,,,False,,success,2026-06-07T13:35:24Z
node_01117,ipinfo,ipinfo,47.4984,19.0404,Budapest,HU,,,False,,success,2026-06-07T13:35:25Z
node_01117,ipwho_is,ipwhois_unverified,47.497912,19.040235,Budapest,HU,,,False,,success,2026-06-07T13:35:25Z
node_01117,maxmind_geolite2,maxmind_geolite,47.5,19.0412,Budapest,HU,10,1780418264,False,,success,2026-06-07T13:30:01Z
node_01117,reallyfreegeoip,maxmind_geolite,47.5636,19.0947,Budapest,HU,,,False,,success,2026-06-07T13:35:25Z
node_01222,dbip_lite,dbip_lite,51.5072,-0.127586,London,GB,,1780278471,False,,success,2026-06-07T13:30:03Z
node_01222,geojs,maxmind_geolite,52.085,-0.2683,Biggleswade,GB,,,False,,success,2026-06-07T13:38:03Z
node_01222,ip2location_lite,ip2location_lite,51.413631,-0.75054,Bracknell,GB,,1780555707,False,,success,2026-06-07T13:30:03Z
node_01222,ip_api,ipapi_com_unverified,52.085,-0.2683,Biggleswade,GB,,,False,,success,2026-06-07T13:38:02Z
node_01222,ipinfo,ipinfo,51.1332,0.2626,Royal Tunbridge Wells,GB,,,False,,success,2026-06-07T13:38:02Z
node_01222,ipwho_is,ipwhois_unverified,52.086938,-0.26422,Biggleswade,GB,,,False,,success,2026-06-07T13:38:02Z
node_01222,maxmind_geolite2,maxmind_geolite,52.085,-0.2683,Biggleswade,GB,100,1780418264,False,,success,2026-06-07T13:30:03Z
node_01222,reallyfreegeoip,maxmind_geolite,51.8445,-0.4362,St Albans,GB,,,False,,success,2026-06-07T13:38:03Z
node_01340,dbip_lite,dbip_lite,51.4898,-0.11871000000000001,London (Lambeth),GB,,1780278471,False,,success,2026-06-07T13:30:04Z
node_01340,geojs,maxmind_geolite,52.085,-0.2683,Biggleswade,GB,,,False,,success,2026-06-07T13:41:00Z
node_01340,ip2location_lite,ip2location_lite,51.413631,-0.75054,Bracknell,GB,,1780555707,False,,success,2026-06-07T13:30:04Z
node_01340,ip_api,ipapi_com_unverified,52.085,-0.2683,Biggleswade,GB,,,False,,success,2026-06-07T13:40:59Z
node_01340,ipinfo,ipinfo,51.5085,-0.1257,London,GB,,,True,"hub:51.508,-0.126",success,2026-06-07T13:41:00Z
node_01340,ipwho_is,ipwhois_unverified,51.41604,-0.75398,Bracknell,GB,,,False,,success,2026-06-07T13:41:00Z
node_01340,maxmind_geolite2,maxmind_geolite,52.085,-0.2683,Biggleswade,GB,100,1780418264,False,,success,2026-06-07T13:30:04Z
node_01340,reallyfreegeoip,maxmind_geolite,51.8445,-0.4362,St Albans,GB,,,False,,success,2026-06-07T13:41:00Z
node_01129,dbip_lite,dbip_lite,52.6158,-0.281835,Peterborough,GB,,1780278471,False,,success,2026-06-07T13:30:01Z
node_01129,geojs,maxmind_geolite,51.5113,-0.2714,Acton,GB,,,False,,success,2026-06-07T13:35:43Z
node_01129,ip2location_lite,ip2location_lite,51.413631,-0.75054,Bracknell,GB,,1780555707,False,,success,2026-06-07T13:30:01Z
node_01129,ip_api,ipapi_com_unverified,51.6348,-0.4745,Rickmansworth,GB,,,False,,success,2026-06-07T13:35:42Z
node_01129,ipinfo,ipinfo,51.5085,-0.1257,London,GB,,,True,"hub:51.508,-0.126",success,2026-06-07T13:35:43Z
node_01129,ipwho_is,ipwhois_unverified,51.434555,-0.747488,Warfield,GB,,,False,,success,2026-06-07T13:35:43Z
node_01129,maxmind_geolite2,maxmind_geolite,51.5113,-0.2714,Acton,GB,50,1780418264,False,,success,2026-06-07T13:30:01Z
node_01129,reallyfreegeoip,maxmind_geolite,53.1315,-1.2976,Nottingham,GB,,,False,,success,2026-06-07T13:35:43Z
node_01378,dbip_lite,dbip_lite,51.5072,-0.127586,London,GB,,1780278471,False,,success,2026-06-07T13:30:04Z
node_01378,geojs,maxmind_geolite,51.5177,-0.6215,Slough,GB,,,False,,success,2026-06-07T13:41:57Z
node_01378,ip2location_lite,ip2location_lite,51.413631,-0.75054,Bracknell,GB,,1780555707,False,,success,2026-06-07T13:30:04Z
node_01378,ip_api,ipapi_com_unverified,51.4193,-0.3306,Teddington,GB,,,False,,success,2026-06-07T13:41:56Z
node_01378,ipinfo,ipinfo,51.5085,-0.1257,London,GB,,,True,"hub:51.508,-0.126",success,2026-06-07T13:41:57Z
node_01378,ipwho_is,ipwhois_unverified,51.5105384,-0.5950406,Slough,GB,,,False,,success,2026-06-07T13:41:57Z
node_01378,maxmind_geolite2,maxmind_geolite,51.5177,-0.6215,Slough,GB,100,1780418264,False,,success,2026-06-07T13:30:04Z
node_01378,reallyfreegeoip,maxmind_geolite,52.9062,-1.0508,Cropwell Butler,GB,,,False,,success,2026-06-07T13:41:57Z
node_01380,dbip_lite,dbip_lite,51.8018,9.68904,Dassel,DE,,1780278471,False,,success,2026-06-07T13:30:04Z
node_01380,geojs,maxmind_geolite,51.6542,9.8267,Hardegsen,DE,,,False,,success,2026-06-07T13:42:00Z
node_01380,ip2location_lite,ip2location_lite,51.515911,9.96116,Geismar,DE,,1780555707,False,,success,2026-06-07T13:30:04Z
node_01380,ip_api,ipapi_com_unverified,51.8186,9.8624,Einbeck,DE,,,False,,success,2026-06-07T13:41:59Z
node_01380,ipinfo,ipinfo,51.8018,9.689,Dassel,DE,,,False,,success,2026-06-07T13:42:00Z
node_01380,ipwho_is,ipwhois_unverified,51.8205718,9.8683087,Einbeck,DE,,,False,,success,2026-06-07T13:42:00Z
node_01380,maxmind_geolite2,maxmind_geolite,51.6542,9.8267,Hardegsen,DE,20,1780418264,False,,success,2026-06-07T13:30:04Z
node_01380,reallyfreegeoip,maxmind_geolite,51.7983,9.6777,Dassel,DE,,,False,,success,2026-06-07T13:42:00Z
node_01376,dbip_lite,dbip_lite,50.1417,14.1067,Kladno,CZ,,1780278471,False,,success,2026-06-07T13:30:04Z
node_01376,geojs,maxmind_geolite,50.1477,14.1005,Kladno,CZ,,,False,,success,2026-06-07T13:41:54Z
node_01376,ip2location_lite,ip2location_lite,50.087936,14.420798,Prague,CZ,,1780555707,False,,success,2026-06-07T13:30:04Z
node_01376,ip_api,ipapi_com_unverified,50.1477,14.1005,Kladno,CZ,,,False,,success,2026-06-07T13:41:53Z
node_01376,ipinfo,ipinfo,50.1473,14.1029,Kladno,CZ,,,False,,success,2026-06-07T13:41:54Z
node_01376,ipwho_is,ipwhois_unverified,50.1096458,14.069804,Velká Dobrá,CZ,,,False,,success,2026-06-07T13:41:54Z
node_01376,maxmind_geolite2,maxmind_geolite,50.1477,14.1005,Kladno,CZ,5,1780418264,False,,success,2026-06-07T13:30:04Z
node_01376,reallyfreegeoip,maxmind_geolite,50.1436,14.101,Kladno,CZ,,,False,,success,2026-06-07T13:41:54Z
node_01131,dbip_lite,dbip_lite,52.3282,9.78155,Hanover (Döhren-Wülfel),DE,,1780278471,False,,success,2026-06-07T13:30:01Z
node_01131,geojs,maxmind_geolite,52.3409,9.8328,Hanover,DE,,,False,,success,2026-06-07T13:35:46Z
node_01131,ip2location_lite,ip2location_lite,52.370834,9.733559,Hanover,DE,,1780555707,False,,success,2026-06-07T13:30:01Z
node_01131,ip_api,ipapi_com_unverified,52.3396,9.7746,Hanover,DE,,,False,,success,2026-06-07T13:35:45Z
node_01131,ipinfo,ipinfo,52.3705,9.7332,Hannover,DE,,,False,,success,2026-06-07T13:35:46Z
node_01131,ipwho_is,ipwhois_unverified,52.3290588,9.7751157,Hannover,DE,,,False,,success,2026-06-07T13:35:46Z
node_01131,maxmind_geolite2,maxmind_geolite,52.3409,9.8328,Hanover,DE,50,1780418264,False,,success,2026-06-07T13:30:01Z
node_01131,reallyfreegeoip,maxmind_geolite,52.3872,9.7054,Hanover,DE,,,False,,success,2026-06-07T13:35:46Z
node_01084,dbip_lite,dbip_lite,52.0933,1.32042,Woodbridge,GB,,1780278471,False,,success,2026-06-07T13:29:57Z
node_01084,geojs,maxmind_geolite,52.9477,-2.0288,Stoke-on-Trent,GB,,,False,,success,2026-06-07T13:34:36Z
node_01084,ip2location_lite,ip2location_lite,51.50853,-0.12574,London,GB,,1780555707,False,,success,2026-06-07T13:29:57Z
node_01084,ip_api,ipapi_com_unverified,50.722,-3.465,Exeter,GB,,,False,,success,2026-06-07T13:34:35Z
node_01084,ipinfo,ipinfo,51.5085,-0.1257,London,GB,,,True,"hub:51.508,-0.126",success,2026-06-07T13:34:35Z
node_01084,ipwho_is,ipwhois_unverified,50.718412,-3.533899,Exeter,GB,,,False,,success,2026-06-07T13:34:35Z
node_01084,maxmind_geolite2,maxmind_geolite,52.9477,-2.0288,Stoke-on-Trent,GB,200,1780418264,False,,success,2026-06-07T13:29:57Z
node_01084,reallyfreegeoip,maxmind_geolite,51.4964,-0.1224,,GB,,,True,no_city,success,2026-06-07T13:34:36Z
node_01524,dbip_lite,dbip_lite,45.0705,7.68682,Turin,IT,,1780278471,False,,success,2026-06-07T13:30:04Z
node_01524,geojs,maxmind_geolite,45.0729,7.689,Turin,IT,,,False,,success,2026-06-07T13:45:36Z
node_01524,ip2location_lite,ip2location_lite,45.464336,9.188547,Milan,IT,,1780555707,False,,success,2026-06-07T13:30:04Z
node_01524,ip_api,ipapi_com_unverified,45.4642,9.1899,Milano,IT,,,False,,success,2026-06-07T13:45:35Z
node_01524,ipinfo,ipinfo,45.4643,9.1895,Milan,IT,,,False,,success,2026-06-07T13:45:36Z
node_01524,ipwho_is,ipwhois_unverified,45.070312,7.6868565,Turin,IT,,,False,,success,2026-06-07T13:45:36Z
node_01524,maxmind_geolite2,maxmind_geolite,45.0729,7.689,Turin,IT,200,1780418264,False,,success,2026-06-07T13:30:04Z
node_01524,reallyfreegeoip,maxmind_geolite,45.4742,9.1994,,IT,,,True,no_city,success,2026-06-07T13:45:36Z
node_01252,dbip_lite,dbip_lite,43.9025,11.0053,Agliana,IT,,1780278471,False,,success,2026-06-07T13:30:03Z
node_01252,geojs,maxmind_geolite,44.4847,11.328,Bologna,IT,,,False,,success,2026-06-07T13:38:48Z
node_01252,ip2location_lite,ip2location_lite,45.464336,9.188547,Milan,IT,,1780555707,False,,success,2026-06-07T13:30:03Z
node_01252,ip_api,ipapi_com_unverified,45.4642,9.1899,Milano,IT,,,False,,success,2026-06-07T13:38:47Z
node_01252,ipinfo,ipinfo,45.4643,9.1895,Milan,IT,,,False,,success,2026-06-07T13:38:48Z
node_01252,ipwho_is,ipwhois_unverified,45.4688244,9.2301356,Milano,IT,,,False,,success,2026-06-07T13:38:48Z
node_01252,maxmind_geolite2,maxmind_geolite,44.4847,11.328,Bologna,IT,50,1780418264,False,,success,2026-06-07T13:30:03Z
node_01252,reallyfreegeoip,maxmind_geolite,45.4742,9.1994,,IT,,,True,no_city,success,2026-06-07T13:38:48Z
node_01285,dbip_lite,dbip_lite,51.4562,-0.97113,Reading,GB,,1780278471,False,,success,2026-06-07T13:30:03Z
node_01285,geojs,maxmind_geolite,51.4566,-0.968,Reading,GB,,,False,,success,2026-06-07T13:39:37Z
node_01285,ip2location_lite,ip2location_lite,51.49353,-0.04802,Surrey Quays,GB,,1780555707,False,,success,2026-06-07T13:30:03Z
node_01285,ip_api,ipapi_com_unverified,51.4566,-0.968,Reading,GB,,,False,,success,2026-06-07T13:39:37Z
node_01285,ipinfo,ipinfo,51.6291,-0.7493,High Wycombe,GB,,,False,,success,2026-06-07T13:39:37Z
node_01285,ipwho_is,ipwhois_unverified,51.4542645,-0.9781303,Reading,GB,,,False,,success,2026-06-07T13:39:37Z
node_01285,maxmind_geolite2,maxmind_geolite,51.4566,-0.968,Reading,GB,20,1780418264,False,,success,2026-06-07T13:30:03Z
node_01285,reallyfreegeoip,maxmind_geolite,51.4032,-0.9207,Reading,GB,,,False,,success,2026-06-07T13:39:38Z
node_01473,dbip_lite,dbip_lite,48.8575,2.35138,Paris,FR,,1780278471,True,"hub:48.858,2.351",success,2026-06-07T13:30:04Z
node_01473,geojs,maxmind_geolite,48.984,2.2327,Franconville,FR,,,False,,success,2026-06-07T13:44:19Z
node_01473,ip2location_lite,ip2location_lite,48.950001,2.25,Argenteuil,FR,,1780555707,False,,success,2026-06-07T13:30:04Z
node_01473,ip_api,ipapi_com_unverified,48.9484,2.2513,Argenteuil,FR,,,False,,success,2026-06-07T13:44:19Z
node_01473,ipinfo,ipinfo,48.9971,2.2825,Eaubonne,FR,,,False,,success,2026-06-07T13:44:19Z
node_01473,ipwho_is,ipwhois_unverified,48.9472096,2.2466847,Argenteuil,FR,,,False,,success,2026-06-07T13:44:19Z
node_01473,maxmind_geolite2,maxmind_geolite,48.984,2.2327,Franconville,FR,5,1780418264,False,,success,2026-06-07T13:30:04Z
node_01473,reallyfreegeoip,maxmind_geolite,48.984,2.2327,Franconville,FR,,,False,,success,2026-06-07T13:44:20Z
node_01571,dbip_lite,dbip_lite,52.2956,4.57918,Hillegom,NL,,1780278471,False,,success,2026-06-07T13:30:04Z
node_01571,geojs,maxmind_geolite,52.251,5.6232,Putten,NL,,,False,,success,2026-06-07T13:46:46Z
node_01571,ip2location_lite,ip2location_lite,52.349918,4.62301,Heemstede,NL,,1780555707,False,,success,2026-06-07T13:30:04Z
node_01571,ip_api,ipapi_com_unverified,52.251,5.6232,Putten,NL,,,False,,success,2026-06-07T13:46:46Z
node_01571,ipinfo,ipinfo,52.3808,4.6368,Haarlem,NL,,,False,,success,2026-06-07T13:46:46Z
node_01571,ipwho_is,ipwhois_unverified,52.2956262,4.5791763,Hillegom,NL,,,False,,success,2026-06-07T13:46:46Z
node_01571,maxmind_geolite2,maxmind_geolite,52.251,5.6232,Putten,NL,50,1780418264,False,,success,2026-06-07T13:30:04Z
node_01571,reallyfreegeoip,maxmind_geolite,52.0946,5.6229,Lunteren,NL,,,False,,success,2026-06-07T13:46:47Z
node_01544,dbip_lite,dbip_lite,39.9042,116.407,Beijing,CN,,1780278471,False,,success,2026-06-07T13:30:04Z
node_01544,geojs,maxmind_geolite,39.911,116.395,Beijing,CN,,,False,,success,2026-06-07T13:46:06Z
node_01544,ip2location_lite,ip2location_lite,39.907501,116.397102,Beijing,CN,,1780555707,False,,success,2026-06-07T13:30:04Z
node_01544,ip_api,ipapi_com_unverified,39.911,116.395,Beijing,CN,,,False,,success,2026-06-07T13:46:05Z
node_01544,ipinfo,ipinfo,39.9075,116.3972,Beijing,CN,,,False,,success,2026-06-07T13:46:06Z
node_01544,ipwho_is,ipwhois_unverified,39.904211,116.407395,Beijing,CN,,,False,,success,2026-06-07T13:46:06Z
node_01544,maxmind_geolite2,maxmind_geolite,39.911,116.395,Beijing,CN,20,1780418264,False,,success,2026-06-07T13:30:04Z
node_01544,reallyfreegeoip,maxmind_geolite,39.911,116.395,Beijing,CN,,,False,,success,2026-06-07T13:46:06Z
node_01299,dbip_lite,dbip_lite,47.3769,8.54169,Zurich,CH,,1780278471,False,,success,2026-06-07T13:30:03Z
node_01299,geojs,maxmind_geolite,47.3975,8.6209,Dübendorf,CH,,,False,,success,2026-06-07T13:39:58Z
node_01299,ip2location_lite,ip2location_lite,47.41428,8.96914,Fischingen,CH,,1780555707,False,,success,2026-06-07T13:30:03Z
node_01299,ip_api,ipapi_com_unverified,47.3946,8.6746,Volketswil / Volketswil (Dorf),CH,,,False,,success,2026-06-07T13:39:58Z
node_01299,ipinfo,ipinfo,47.3667,8.55,Zürich,CH,,,False,,success,2026-06-07T13:39:58Z
node_01299,ipwho_is,ipwhois_unverified,47.3768866,8.541694,Zürich,CH,,,False,,success,2026-06-07T13:39:58Z
node_01299,maxmind_geolite2,maxmind_geolite,47.3975,8.6209,Dübendorf,CH,50,1780418264,False,,success,2026-06-07T13:30:03Z
node_01299,reallyfreegeoip,maxmind_geolite,47.3975,8.6209,Dübendorf,CH,,,False,,success,2026-06-07T13:39:59Z
node_01270,dbip_lite,dbip_lite,53.9908,-1.5373,Harrogate,GB,,1780278471,False,,success,2026-06-07T13:30:03Z
node_01270,geojs,maxmind_geolite,53.9882,-1.5322,Harrogate,GB,,,False,,success,2026-06-07T13:39:15Z
node_01270,ip2location_lite,ip2location_lite,54.023739,-1.60616,Hampsthwaite,GB,,1780555707,False,,success,2026-06-07T13:30:03Z
node_01270,ip_api,ipapi_com_unverified,53.9882,-1.5322,Harrogate,GB,,,False,,success,2026-06-07T13:39:14Z
node_01270,ipinfo,ipinfo,53.9908,-1.5373,Harrogate,GB,,,False,,success,2026-06-07T13:39:15Z
node_01270,ipwho_is,ipwhois_unverified,53.99212,-1.541812,Harrogate,GB,,,False,,success,2026-06-07T13:39:15Z
node_01270,maxmind_geolite2,maxmind_geolite,53.9882,-1.5322,Harrogate,GB,5,1780418264,False,,success,2026-06-07T13:30:03Z
node_01270,reallyfreegeoip,maxmind_geolite,54.0001,-1.5352,Harrogate,GB,,,False,,success,2026-06-07T13:39:15Z
node_01369,dbip_lite,dbip_lite,40.893,14.2339,Piscinola,IT,,1780278471,False,,success,2026-06-07T13:30:04Z
node_01369,geojs,maxmind_geolite,40.7516,14.4478,Torre Annunziata,IT,,,False,,success,2026-06-07T13:41:43Z
node_01369,ip2location_lite,ip2location_lite,41.07531,14.28973,Casapulla,IT,,1780555707,False,,success,2026-06-07T13:30:04Z
node_01369,ip_api,ipapi_com_unverified,40.8449,14.2716,Naples,IT,,,False,,success,2026-06-07T13:41:42Z
node_01369,ipinfo,ipinfo,40.8522,14.2681,Naples,IT,,,False,,success,2026-06-07T13:41:43Z
node_01369,ipwho_is,ipwhois_unverified,40.888241,14.2352339,Naples,IT,,,False,,success,2026-06-07T13:41:43Z
node_01369,maxmind_geolite2,maxmind_geolite,40.7516,14.4478,Torre Annunziata,IT,20,1780418264,False,,success,2026-06-07T13:30:04Z
node_01369,reallyfreegeoip,maxmind_geolite,40.7556,14.537,Scafati,IT,,,False,,success,2026-06-07T13:41:44Z
node_01289,dbip_lite,dbip_lite,43.3062,10.5173,Cecina,IT,,1780278471,False,,success,2026-06-07T13:30:03Z
node_01289,geojs,maxmind_geolite,43.7825,11.2516,Florence,IT,,,False,,success,2026-06-07T13:39:43Z
node_01289,ip2location_lite,ip2location_lite,43.71553,10.39659,Pisa,IT,,1780555707,False,,success,2026-06-07T13:30:03Z
node_01289,ip_api,ipapi_com_unverified,43.4631,11.8783,Arezzo,IT,,,False,,success,2026-06-07T13:39:43Z
node_01289,ipinfo,ipinfo,43.5443,10.3262,Livorno,IT,,,False,,success,2026-06-07T13:39:43Z
node_01289,ipwho_is,ipwhois_unverified,44.0359679,10.0438256,Marina di Carrara,IT,,,False,,success,2026-06-07T13:39:43Z
node_01289,maxmind_geolite2,maxmind_geolite,43.7825,11.2516,Florence,IT,50,1780418264,False,,success,2026-06-07T13:30:03Z
node_01289,reallyfreegeoip,maxmind_geolite,43.7089,10.4087,Pisa,IT,,,False,,success,2026-06-07T13:39:44Z
node_01296,dbip_lite,dbip_lite,48.8373,2.35823,Salpêtrière,FR,,1780278471,False,,success,2026-06-07T13:30:03Z
node_01296,geojs,maxmind_geolite,48.8558,2.3494,,FR,,,True,no_city,success,2026-06-07T13:39:54Z
node_01296,ip2location_lite,ip2location_lite,47.217342,-1.553394,Nantes,FR,,1780555707,False,,success,2026-06-07T13:30:03Z
node_01296,ip_api,ipapi_com_unverified,49.8095,2.38394,Cottenchy,FR,,,False,,success,2026-06-07T13:39:53Z
node_01296,ipinfo,ipinfo,48.9356,2.3539,Saint-Denis,FR,,,False,,success,2026-06-07T13:39:54Z
node_01296,ipwho_is,ipwhois_unverified,47.218371,-1.553621,Nantes,FR,,,False,,success,2026-06-07T13:39:54Z
node_01296,maxmind_geolite2,maxmind_geolite,48.8558,2.3494,,FR,200,1780418264,True,no_city,success,2026-06-07T13:30:03Z
node_01296,reallyfreegeoip,maxmind_geolite,48.8323,2.4075,Paris,FR,,,False,,success,2026-06-07T13:39:54Z
node_01183,dbip_lite,dbip_lite,50.2678,3.78531,Obies,FR,,1780278471,False,,success,2026-06-07T13:30:03Z
node_01183,geojs,maxmind_geolite,48.8558,2.3494,,FR,,,True,no_city,success,2026-06-07T13:37:04Z
node_01183,ip2location_lite,ip2location_lite,47.73333,-3.43333,Ploemeur,FR,,1780555707,False,,success,2026-06-07T13:30:03Z
node_01183,ip_api,ipapi_com_unverified,47.6583,7.45387,Sierentz,FR,,,False,,success,2026-06-07T13:37:03Z
node_01183,ipinfo,ipinfo,43.6635,7.1479,Cagnes-sur-Mer,FR,,,False,,success,2026-06-07T13:37:04Z
node_01183,ipwho_is,ipwhois_unverified,47.654959,7.455722,Sierentz,FR,,,False,,success,2026-06-07T13:37:04Z
node_01183,maxmind_geolite2,maxmind_geolite,48.8558,2.3494,,FR,200,1780418264,True,no_city,success,2026-06-07T13:30:03Z
node_01183,reallyfreegeoip,maxmind_geolite,48.8582,2.3387,,FR,,,True,no_city,success,2026-06-07T13:37:04Z
node_01125,dbip_lite,dbip_lite,48.8575,2.35138,Paris,FR,,1780278471,True,"hub:48.858,2.351",success,2026-06-07T13:30:01Z
node_01125,geojs,maxmind_geolite,48.8558,2.3494,,FR,,,True,no_city,success,2026-06-07T13:35:37Z
node_01125,ip2location_lite,ip2location_lite,48.257359,4.03264,Saint-Germain,FR,,1780555707,False,,success,2026-06-07T13:30:01Z
node_01125,ip_api,ipapi_com_unverified,48.8575,2.35138,Paris,FR,,,False,,success,2026-06-07T13:35:36Z
node_01125,ipinfo,ipinfo,45.7491,4.8479,Lyon,FR,,,False,,success,2026-06-07T13:35:37Z
node_01125,ipwho_is,ipwhois_unverified,48.856614,2.3522219,Paris,FR,,,True,"hub:48.857,2.352",success,2026-06-07T13:35:37Z
node_01125,maxmind_geolite2,maxmind_geolite,48.8558,2.3494,,FR,200,1780418264,True,no_city,success,2026-06-07T13:30:01Z
node_01125,reallyfreegeoip,maxmind_geolite,48.8582,2.3387,,FR,,,True,no_city,success,2026-06-07T13:35:37Z
node_01280,dbip_lite,dbip_lite,48.8575,2.35138,Paris,FR,,1780278471,True,"hub:48.858,2.351",success,2026-06-07T13:30:03Z
node_01280,geojs,maxmind_geolite,48.8582,2.3387,,FR,,,True,no_city,success,2026-06-07T13:39:30Z
node_01280,ip2location_lite,ip2location_lite,47.217342,-1.553394,Nantes,FR,,1780555707,False,,success,2026-06-07T13:30:03Z
node_01280,ip_api,ipapi_com_unverified,48.8575,2.35138,Paris,FR,,,False,,success,2026-06-07T13:39:29Z
node_01280,ipinfo,ipinfo,43.0917,5.8247,Six-Fours-les-Plages,FR,,,False,,success,2026-06-07T13:39:30Z
node_01280,ipwho_is,ipwhois_unverified,47.218371,-1.553621,Nantes,FR,,,False,,success,2026-06-07T13:39:30Z
node_01280,maxmind_geolite2,maxmind_geolite,48.8582,2.3387,,FR,200,1780418264,True,no_city,success,2026-06-07T13:30:03Z
node_01280,reallyfreegeoip,maxmind_geolite,48.8582,2.3387,,FR,,,True,no_city,success,2026-06-07T13:39:30Z
node_01175,dbip_lite,dbip_lite,43.9343,0.62116,Lectoure,FR,,1780278471,False,,success,2026-06-07T13:30:02Z
node_01175,geojs,maxmind_geolite,48.8582,2.3387,,FR,,,True,no_city,success,2026-06-07T13:36:52Z
node_01175,ip2location_lite,ip2location_lite,43.50621,3.3671,Caux,FR,,1780555707,False,,success,2026-06-07T13:30:02Z
node_01175,ip_api,ipapi_com_unverified,43.9343,0.62116,Lectoure,FR,,,False,,success,2026-06-07T13:36:51Z
node_01175,ipinfo,ipinfo,48.8125,2.0486,Fontenay-le-Fleury,FR,,,False,,success,2026-06-07T13:36:52Z
node_01175,ipwho_is,ipwhois_unverified,43.503448,3.368448,Caux,FR,,,False,,success,2026-06-07T13:36:52Z
node_01175,maxmind_geolite2,maxmind_geolite,48.8582,2.3387,,FR,200,1780418264,True,no_city,success,2026-06-07T13:30:02Z
node_01175,reallyfreegeoip,maxmind_geolite,48.8582,2.3387,,FR,,,True,no_city,success,2026-06-07T13:36:52Z
node_01448,dbip_lite,dbip_lite,48.7939,2.35992,Villejuif,FR,,1780278471,False,,success,2026-06-07T13:30:04Z
node_01448,geojs,maxmind_geolite,48.8582,2.3387,,FR,,,True,no_city,success,2026-06-07T13:43:42Z
node_01448,ip2location_lite,ip2location_lite,46.992378,-1.04274,Saint-Aubin-des-Ormeaux,FR,,1780555707,False,,success,2026-06-07T13:30:04Z
node_01448,ip_api,ipapi_com_unverified,48.7939,2.35992,Villejuif,FR,,,False,,success,2026-06-07T13:43:41Z
node_01448,ipinfo,ipinfo,48.9047,2.2469,La Garenne-Colombes,FR,,,False,,success,2026-06-07T13:43:42Z
node_01448,ipwho_is,ipwhois_unverified,46.991846,-1.044168,Saint-Aubin-des-Ormeaux,FR,,,False,,success,2026-06-07T13:43:42Z
node_01448,maxmind_geolite2,maxmind_geolite,48.8582,2.3387,,FR,200,1780418264,True,no_city,success,2026-06-07T13:30:04Z
node_01448,reallyfreegeoip,maxmind_geolite,48.8582,2.3387,,FR,,,True,no_city,success,2026-06-07T13:43:42Z
node_01430,dbip_lite,dbip_lite,48.1173,-1.67779,Rennes,FR,,1780278471,False,,success,2026-06-07T13:30:04Z
node_01430,geojs,maxmind_geolite,48.8582,2.3387,,FR,,,True,no_city,success,2026-06-07T13:43:15Z
node_01430,ip2location_lite,ip2location_lite,47.737782,-1.30566,Soudan,FR,,1780555707,False,,success,2026-06-07T13:30:04Z
node_01430,ip_api,ipapi_com_unverified,48.1173,-1.67779,Rennes,FR,,,False,,success,2026-06-07T13:43:14Z
node_01430,ipinfo,ipinfo,48.9216,2.1926,Houilles,FR,,,False,,success,2026-06-07T13:43:15Z
node_01430,ipwho_is,ipwhois_unverified,47.737474,-1.306842,Soudan,FR,,,False,,success,2026-06-07T13:43:15Z
node_01430,maxmind_geolite2,maxmind_geolite,48.8582,2.3387,,FR,200,1780418264,True,no_city,success,2026-06-07T13:30:04Z
node_01430,reallyfreegeoip,maxmind_geolite,48.7411,2.3916,Orly,FR,,,False,,success,2026-06-07T13:43:15Z
node_01082,dbip_lite,dbip_lite,44.9254,2.43983,Aurillac,FR,,1780278471,False,,success,2026-06-07T13:29:57Z
node_01082,geojs,maxmind_geolite,48.8558,2.3494,,FR,,,True,no_city,success,2026-06-07T13:34:33Z
node_01082,ip2location_lite,ip2location_lite,46.323311,-0.459234,Niort,FR,,1780555707,False,,success,2026-06-07T13:29:57Z
node_01082,ip_api,ipapi_com_unverified,48.9535,2.31514,Épinay-sur-Seine,FR,,,False,,success,2026-06-07T13:34:32Z
node_01082,ipinfo,ipinfo,48.8534,2.3488,Paris,FR,,,True,"hub:48.853,2.349",success,2026-06-07T13:34:32Z
node_01082,ipwho_is,ipwhois_unverified,48.955735,2.314739,Épinay-sur-Seine,FR,,,False,,success,2026-06-07T13:34:32Z
node_01082,maxmind_geolite2,maxmind_geolite,48.8558,2.3494,,FR,200,1780418264,True,no_city,success,2026-06-07T13:29:57Z
node_01082,reallyfreegeoip,maxmind_geolite,48.999,2.3791,Sarcelles,FR,,,False,,success,2026-06-07T13:34:33Z
node_01128,dbip_lite,dbip_lite,47.9199,1.8277800000000002,Ingré,FR,,1780278471,False,,success,2026-06-07T13:30:01Z
node_01128,geojs,maxmind_geolite,48.8558,2.3494,,FR,,,True,no_city,success,2026-06-07T13:35:42Z
node_01128,ip2location_lite,ip2location_lite,47.902859,1.903912,Orleans,FR,,1780555707,False,,success,2026-06-07T13:30:01Z
node_01128,ip_api,ipapi_com_unverified,47.9199,1.82778,Ingré,FR,,,False,,success,2026-06-07T13:35:41Z
node_01128,ipinfo,ipinfo,48.8534,2.3488,Paris,FR,,,True,"hub:48.853,2.349",success,2026-06-07T13:35:41Z
node_01128,ipwho_is,ipwhois_unverified,47.921704,1.830401,Ingré,FR,,,False,,success,2026-06-07T13:35:41Z
node_01128,maxmind_geolite2,maxmind_geolite,48.8558,2.3494,,FR,200,1780418264,True,no_city,success,2026-06-07T13:30:01Z
node_01128,reallyfreegeoip,maxmind_geolite,48.8582,2.3387,,FR,,,True,no_city,success,2026-06-07T13:35:42Z
node_01279,dbip_lite,dbip_lite,49.4118,1.04138,Le Grand-Quevilly,FR,,1780278471,False,,success,2026-06-07T13:30:03Z
node_01279,geojs,maxmind_geolite,48.8582,2.3387,,FR,,,True,no_city,success,2026-06-07T13:39:28Z
node_01279,ip2location_lite,ip2location_lite,46.150002,-1.06963,Saint-Rogatien,FR,,1780555707,False,,success,2026-06-07T13:30:03Z
node_01279,ip_api,ipapi_com_unverified,49.4118,1.04138,Le Grand-Quevilly,FR,,,False,,success,2026-06-07T13:39:28Z
node_01279,ipinfo,ipinfo,48.9823,2.0569,Andrésy,FR,,,False,,success,2026-06-07T13:39:28Z
node_01279,ipwho_is,ipwhois_unverified,49.411811,1.041384,Le Grand-Quevilly,FR,,,False,,success,2026-06-07T13:39:28Z
node_01279,maxmind_geolite2,maxmind_geolite,48.8582,2.3387,,FR,200,1780418264,True,no_city,success,2026-06-07T13:30:03Z
node_01279,reallyfreegeoip,maxmind_geolite,48.8323,2.4075,Paris,FR,,,False,,success,2026-06-07T13:39:29Z
node_01427,dbip_lite,dbip_lite,58.3309,8.23229,Birkeland,NO,,1780278471,False,,success,2026-06-07T13:30:04Z
node_01427,geojs,maxmind_geolite,58.1428,7.9887,Kristiansand,NO,,,False,,success,2026-06-07T13:43:10Z
node_01427,ip2location_lite,ip2location_lite,58.233662,8.12199,Tveit,NO,,1780555707,False,,success,2026-06-07T13:30:04Z
node_01427,ip_api,ipapi_com_unverified,58.1428,7.9887,Kristiansand,NO,,,False,,success,2026-06-07T13:43:10Z
node_01427,ipinfo,ipinfo,58.1467,7.9956,Kristiansand,NO,,,False,,success,2026-06-07T13:43:10Z
node_01427,ipwho_is,ipwhois_unverified,58.2442545,8.1403866,Tveit,NO,,,False,,success,2026-06-07T13:43:10Z
node_01427,maxmind_geolite2,maxmind_geolite,58.1428,7.9887,Kristiansand,NO,10,1780418264,False,,success,2026-06-07T13:30:04Z
node_01427,reallyfreegeoip,maxmind_geolite,59.9016,10.7343,Oslo,NO,,,False,,success,2026-06-07T13:43:11Z
node_01269,dbip_lite,dbip_lite,52.1866,7.86043,Lengerich,DE,,1780278471,False,,success,2026-06-07T13:30:03Z
node_01269,geojs,maxmind_geolite,52.5078,13.4326,Berlin,DE,,,False,,success,2026-06-07T13:39:13Z
node_01269,ip2location_lite,ip2location_lite,52.546429,13.35925,Wedding,DE,,1780555707,False,,success,2026-06-07T13:30:03Z
node_01269,ip_api,ipapi_com_unverified,52.1866,7.86043,Lengerich,DE,,,False,,success,2026-06-07T13:39:13Z
node_01269,ipinfo,ipinfo,51.5051,7.0965,Gelsenkirchen,DE,,,False,,success,2026-06-07T13:39:13Z
node_01269,ipwho_is,ipwhois_unverified,52.1822998,7.8626385,Lengerich,DE,,,False,,success,2026-06-07T13:39:13Z
node_01269,maxmind_geolite2,maxmind_geolite,52.5078,13.4326,Berlin,DE,200,1780418264,False,,success,2026-06-07T13:30:03Z
node_01269,reallyfreegeoip,maxmind_geolite,51.559,7.0759,Gelsenkirchen,DE,,,False,,success,2026-06-07T13:39:14Z
node_01490,dbip_lite,dbip_lite,49.1805,-2.10323,Saint Helier,JE,,1780278471,False,,success,2026-06-07T13:30:04Z
node_01490,geojs,maxmind_geolite,49.2,-2.1333,Saint Helier,JE,,,False,,success,2026-06-07T13:44:45Z
node_01490,ip2location_lite,ip2location_lite,49.183388,-2.100216,Saint Helier,JE,,1780555707,False,,success,2026-06-07T13:30:04Z
node_01490,ip_api,ipapi_com_unverified,49.1805,-2.10323,Saint Helier,JE,,,False,,success,2026-06-07T13:44:44Z
node_01490,ipinfo,ipinfo,49.188,-2.1049,Saint Helier,JE,,,False,,success,2026-06-07T13:44:45Z
node_01490,ipwho_is,ipwhois_unverified,49.1805019,-2.103233,Saint Helier,JE,,,False,,success,2026-06-07T13:44:45Z
node_01490,maxmind_geolite2,maxmind_geolite,49.2,-2.1333,Saint Helier,JE,20,1780418264,False,,success,2026-06-07T13:30:04Z
node_01490,reallyfreegeoip,maxmind_geolite,49.1805,-2.0976,Saint Helier,JE,,,False,,success,2026-06-07T13:44:45Z
node_01256,dbip_lite,dbip_lite,56.9054,24.0511,Marupe,LV,,1780278471,False,,success,2026-06-07T13:30:03Z
node_01256,geojs,maxmind_geolite,56.9473,24.0979,Riga,LV,,,False,,success,2026-06-07T13:38:54Z
node_01256,ip2location_lite,ip2location_lite,56.945999,24.10589,Riga,LV,,1780555707,False,,success,2026-06-07T13:30:03Z
node_01256,ip_api,ipapi_com_unverified,56.9473,24.0979,Riga,LV,,,False,,success,2026-06-07T13:38:53Z
node_01256,ipinfo,ipinfo,56.946,24.1059,Riga,LV,,,False,,success,2026-06-07T13:38:54Z
node_01256,ipwho_is,ipwhois_unverified,56.9496487,24.1051864,Riga,LV,,,False,,success,2026-06-07T13:38:54Z
node_01256,maxmind_geolite2,maxmind_geolite,56.9473,24.0979,Riga,LV,50,1780418264,False,,success,2026-06-07T13:30:03Z
node_01256,reallyfreegeoip,maxmind_geolite,56.9496,24.0978,Riga,LV,,,False,,success,2026-06-07T13:38:54Z
node_01251,dbip_lite,dbip_lite,48.8575,2.35138,Paris,FR,,1780278471,True,"hub:48.858,2.351",success,2026-06-07T13:30:03Z
node_01251,geojs,maxmind_geolite,-20.8864,55.4511,Saint-Denis,RE,,,False,,success,2026-06-07T13:38:46Z
node_01251,ip2location_lite,ip2location_lite,-20.906139,55.60886,Sainte-Suzanne,RE,,1780555707,False,,success,2026-06-07T13:30:03Z
node_01251,ip_api,ipapi_com_unverified,48.8575,2.35138,Paris,FR,,,False,,success,2026-06-07T13:38:46Z
node_01251,ipinfo,ipinfo,48.8024,2.2935,Châtillon,FR,,,False,,success,2026-06-07T13:38:46Z
node_01251,ipwho_is,ipwhois_unverified,48.856614,2.3522219,Paris,FR,,,True,"hub:48.857,2.352",success,2026-06-07T13:38:46Z
node_01251,maxmind_geolite2,maxmind_geolite,-20.8864,55.4511,Saint-Denis,RE,500,1780418264,True,r>=500km,success,2026-06-07T13:30:03Z
node_01251,reallyfreegeoip,maxmind_geolite,-20.8864,55.4511,Saint-Denis,RE,,,False,,success,2026-06-07T13:38:47Z
node_01111,dbip_lite,dbip_lite,53.3826,-2.33416,Hale,GB,,1780278471,False,,success,2026-06-07T13:30:01Z
node_01111,geojs,maxmind_geolite,53.7259,-1.3626,Castleford,GB,,,False,,success,2026-06-07T13:35:16Z
node_01111,ip2location_lite,ip2location_lite,51.50853,-0.12574,London,GB,,1780555707,False,,success,2026-06-07T13:30:01Z
node_01111,ip_api,ipapi_com_unverified,53.7259,-1.3626,Castleford,GB,,,False,,success,2026-06-07T13:35:15Z
node_01111,ipinfo,ipinfo,51.5085,-0.1257,London,GB,,,True,"hub:51.508,-0.126",success,2026-06-07T13:35:16Z
node_01111,ipwho_is,ipwhois_unverified,53.37891,-2.343509,Altrincham,GB,,,False,,success,2026-06-07T13:35:16Z
node_01111,maxmind_geolite2,maxmind_geolite,53.7259,-1.3626,Castleford,GB,5,1780418264,False,,success,2026-06-07T13:30:01Z
node_01111,reallyfreegeoip,maxmind_geolite,52.7368,-2.4682,Preston upon the Weald Moors,GB,,,False,,success,2026-06-07T13:35:16Z
node_01518,dbip_lite,dbip_lite,38.6373,-0.8656800000000001,Villena,ES,,1780278471,False,,success,2026-06-07T13:30:04Z
node_01518,geojs,maxmind_geolite,38.6404,-0.8611,Villena,ES,,,False,,success,2026-06-07T13:45:27Z
node_01518,ip2location_lite,ip2location_lite,38.637299,-0.86568,Villena,ES,,1780555707,False,,success,2026-06-07T13:30:04Z
node_01518,ip_api,ipapi_com_unverified,38.6404,-0.8611,Villena,ES,,,False,,success,2026-06-07T13:45:26Z
node_01518,ipinfo,ipinfo,38.5382,-0.131,Benidorm,ES,,,False,,success,2026-06-07T13:45:27Z
node_01518,ipwho_is,ipwhois_unverified,38.6318196,-0.8612206,Villena,ES,,,False,,success,2026-06-07T13:45:27Z
node_01518,maxmind_geolite2,maxmind_geolite,38.6404,-0.8611,Villena,ES,10,1780418264,False,,success,2026-06-07T13:30:04Z
node_01518,reallyfreegeoip,maxmind_geolite,38.9118,1.4358,Ibiza Town,ES,,,False,,success,2026-06-07T13:45:27Z
node_01147,dbip_lite,dbip_lite,52.229,21.0164,Śródmieście,PL,,1780278471,False,,success,2026-06-07T13:30:02Z
node_01147,geojs,maxmind_geolite,52.232,20.9946,Warsaw,PL,,,False,,success,2026-06-07T13:36:10Z
node_01147,ip2location_lite,ip2location_lite,52.08831,20.387079,Wiskitki,PL,,1780555707,False,,success,2026-06-07T13:30:02Z
node_01147,ip_api,ipapi_com_unverified,52.2318,20.9818,Warsaw,PL,,,False,,success,2026-06-07T13:36:09Z
node_01147,ipinfo,ipinfo,52.2298,21.0118,Warsaw,PL,,,False,,success,2026-06-07T13:36:10Z
node_01147,ipwho_is,ipwhois_unverified,52.2296756,21.0122287,Warsaw,PL,,,False,,success,2026-06-07T13:36:10Z
node_01147,maxmind_geolite2,maxmind_geolite,52.232,20.9946,Warsaw,PL,10,1780418264,False,,success,2026-06-07T13:30:02Z
node_01147,reallyfreegeoip,maxmind_geolite,53.7971,21.5737,Mikołajki,PL,,,False,,success,2026-06-07T13:36:10Z
node_01149,dbip_lite,dbip_lite,52.2297,21.0122,Warsaw,PL,,1780278471,False,,success,2026-06-07T13:30:02Z
node_01149,geojs,maxmind_geolite,52.2218,20.9827,Warsaw,PL,,,False,,success,2026-06-07T13:36:13Z
node_01149,ip2location_lite,ip2location_lite,52.229771,21.01178,Warsaw,PL,,1780555707,False,,success,2026-06-07T13:30:02Z
node_01149,ip_api,ipapi_com_unverified,52.2386,21.0018,Warsaw,PL,,,False,,success,2026-06-07T13:36:12Z
node_01149,ipinfo,ipinfo,52.2298,21.0118,Warsaw,PL,,,False,,success,2026-06-07T13:36:13Z
node_01149,ipwho_is,ipwhois_unverified,52.2296756,21.0122287,Warsaw,PL,,,False,,success,2026-06-07T13:36:13Z
node_01149,maxmind_geolite2,maxmind_geolite,52.2218,20.9827,Warsaw,PL,5,1780418264,False,,success,2026-06-07T13:30:02Z
node_01149,reallyfreegeoip,maxmind_geolite,52.2296,21.0067,Warsaw,PL,,,False,,success,2026-06-07T13:36:13Z
node_01273,dbip_lite,dbip_lite,49.9782,9.16654,Aschaffenburg (Innenstadt),DE,,1780278471,False,,success,2026-06-07T13:30:03Z
node_01273,geojs,maxmind_geolite,50.072,9.1602,Mömbris,DE,,,False,,success,2026-06-07T13:39:19Z
node_01273,ip2location_lite,ip2location_lite,49.976986,9.152075,Aschaffenburg,DE,,1780555707,False,,success,2026-06-07T13:30:03Z
node_01273,ip_api,ipapi_com_unverified,49.9758,9.152,Aschaffenburg,DE,,,False,,success,2026-06-07T13:39:19Z
node_01273,ipinfo,ipinfo,49.977,9.1521,Aschaffenburg,DE,,,False,,success,2026-06-07T13:39:19Z
node_01273,ipwho_is,ipwhois_unverified,49.9806625,9.1355554,Aschaffenburg,DE,,,False,,success,2026-06-07T13:39:19Z
node_01273,maxmind_geolite2,maxmind_geolite,50.072,9.1602,Mömbris,DE,10,1780418264,False,,success,2026-06-07T13:30:03Z
node_01273,reallyfreegeoip,maxmind_geolite,50.072,9.1602,Mömbris,DE,,,False,,success,2026-06-07T13:39:20Z
node_01203,dbip_lite,dbip_lite,32.1035,34.896,Petah Tikva,IL,,1780278471,False,,success,2026-06-07T13:30:03Z
node_01203,geojs,maxmind_geolite,32.0123,34.7705,Holon,IL,,,False,,success,2026-06-07T13:37:34Z
node_01203,ip2location_lite,ip2location_lite,31.929331,34.798679,Ness Ziona,IL,,1780555707,False,,success,2026-06-07T13:30:03Z
node_01203,ip_api,ipapi_com_unverified,32.0729,34.8481,Giv‘at Shmuel,IL,,,False,,success,2026-06-07T13:37:33Z
node_01203,ipinfo,ipinfo,32.0809,34.7806,Tel Aviv,IL,,,False,,success,2026-06-07T13:37:34Z
node_01203,ipwho_is,ipwhois_unverified,32.084041,34.887762,Petah Tikva,IL,,,False,,success,2026-06-07T13:37:34Z
node_01203,maxmind_geolite2,maxmind_geolite,32.0123,34.7705,Holon,IL,20,1780418264,False,,success,2026-06-07T13:30:03Z
node_01203,reallyfreegeoip,maxmind_geolite,32.0803,34.7805,Tel Aviv,IL,,,False,,success,2026-06-07T13:37:34Z
node_01535,dbip_lite,dbip_lite,44.2979,28.6194,Mamaia-Sat,RO,,1780278471,False,,success,2026-06-07T13:30:04Z
node_01535,geojs,maxmind_geolite,44.3192,28.5956,Năvodari,RO,,,False,,success,2026-06-07T13:45:52Z
node_01535,ip2location_lite,ip2location_lite,44.316669,28.6,Navodari,RO,,1780555707,False,,success,2026-06-07T13:30:04Z
node_01535,ip_api,ipapi_com_unverified,44.3192,28.5956,Năvodari,RO,,,False,,success,2026-06-07T13:45:52Z
node_01535,ipinfo,ipinfo,44.3167,28.6,Năvodari,RO,,,False,,success,2026-06-07T13:45:52Z
node_01535,ipwho_is,ipwhois_unverified,44.341052,28.6455428,Năvodari,RO,,,False,,success,2026-06-07T13:45:52Z
node_01535,maxmind_geolite2,maxmind_geolite,44.3192,28.5956,Năvodari,RO,20,1780418264,False,,success,2026-06-07T13:30:04Z
node_01535,reallyfreegeoip,maxmind_geolite,25.7689,-80.1946,Miami,US,,,False,,success,2026-06-07T13:45:53Z
node_01193,dbip_lite,dbip_lite,52.3676,4.90414,Amsterdam,NL,,1780278471,False,,success,2026-06-07T13:30:03Z
node_01193,geojs,maxmind_geolite,52.3429,4.8966,Amsterdam,NL,,,False,,success,2026-06-07T13:37:19Z
node_01193,ip2location_lite,ip2location_lite,52.378502,4.89998,Amsterdam,NL,,1780555707,True,"hub:52.379,4.9",success,2026-06-07T13:30:03Z
node_01193,ip_api,ipapi_com_unverified,52.3429,4.8966,Amsterdam,NL,,,False,,success,2026-06-07T13:37:18Z
node_01193,ipinfo,ipinfo,52.374,4.8897,Amsterdam,NL,,,False,,success,2026-06-07T13:37:19Z
node_01193,ipwho_is,ipwhois_unverified,52.3702157,4.8951679,Amsterdam,NL,,,True,"hub:52.37,4.895",success,2026-06-07T13:37:19Z
node_01193,maxmind_geolite2,maxmind_geolite,52.3429,4.8966,Amsterdam,NL,5,1780418264,False,,success,2026-06-07T13:30:03Z
node_01193,reallyfreegeoip,maxmind_geolite,52.3403,5.132,Almere Stad,NL,,,False,,success,2026-06-07T13:37:19Z
node_01088,dbip_lite,dbip_lite,59.8624,10.6631,Nesoddtangen,NO,,1780278471,False,,success,2026-06-07T13:29:57Z
node_01088,geojs,maxmind_geolite,59.8228,10.699,Nesodden,NO,,,False,,success,2026-06-07T13:34:42Z
node_01088,ip2location_lite,ip2location_lite,59.86552,10.659409,Nesoddtangen,NO,,1780555707,False,,success,2026-06-07T13:29:57Z
node_01088,ip_api,ipapi_com_unverified,59.8228,10.699,Nesodden,NO,,,False,,success,2026-06-07T13:34:41Z
node_01088,ipinfo,ipinfo,59.9127,10.7461,Oslo,NO,,,False,,success,2026-06-07T13:34:41Z
node_01088,ipwho_is,ipwhois_unverified,59.8042819,10.6381967,Nesodden Municipality,NO,,,False,,success,2026-06-07T13:34:41Z
node_01088,maxmind_geolite2,maxmind_geolite,59.8228,10.699,Nesodden,NO,5,1780418264,False,,success,2026-06-07T13:29:57Z
node_01088,reallyfreegeoip,maxmind_geolite,59.8463,10.6566,Nesoddtangen,NO,,,False,,success,2026-06-07T13:34:42Z
node_01307,dbip_lite,dbip_lite,47.5578,8.89893,Frauenfeld,CH,,1780278471,False,,success,2026-06-07T13:30:03Z
node_01307,geojs,maxmind_geolite,47.5593,8.8961,Frauenfeld,CH,,,False,,success,2026-06-07T13:40:10Z
node_01307,ip2location_lite,ip2location_lite,47.558029,8.898746,Frauenfeld,CH,,1780555707,False,,success,2026-06-07T13:30:03Z
node_01307,ip_api,ipapi_com_unverified,47.5593,8.8961,Frauenfeld,CH,,,False,,success,2026-06-07T13:40:10Z
node_01307,ipinfo,ipinfo,47.5578,8.8989,Frauenfeld,CH,,,False,,success,2026-06-07T13:40:10Z
node_01307,ipwho_is,ipwhois_unverified,47.5535997,8.8987541,Frauenfeld,CH,,,False,,success,2026-06-07T13:40:10Z
node_01307,maxmind_geolite2,maxmind_geolite,47.5593,8.8961,Frauenfeld,CH,20,1780418264,False,,success,2026-06-07T13:30:03Z
node_01307,reallyfreegeoip,maxmind_geolite,47.5581,8.894,Frauenfeld,CH,,,False,,success,2026-06-07T13:40:11Z
node_01112,dbip_lite,dbip_lite,50.9868,6.89085,"Cologne (Ehrenfeld, Cologne)",DE,,1780278471,False,,success,2026-06-07T13:30:01Z
node_01112,geojs,maxmind_geolite,50.9875,7.0573,Cologne,DE,,,False,,success,2026-06-07T13:35:18Z
node_01112,ip2location_lite,ip2location_lite,50.734478,7.095081,Bonn,DE,,1780555707,False,,success,2026-06-07T13:30:01Z
node_01112,ip_api,ipapi_com_unverified,50.9928,6.9968,Cologne,DE,,,False,,success,2026-06-07T13:35:17Z
node_01112,ipinfo,ipinfo,50.9333,6.95,Köln,DE,,,False,,success,2026-06-07T13:35:17Z
node_01112,ipwho_is,ipwhois_unverified,50.937531,6.9602786,Cologne,DE,,,False,,success,2026-06-07T13:35:17Z
node_01112,maxmind_geolite2,maxmind_geolite,50.9875,7.0573,Cologne,DE,20,1780418264,False,,success,2026-06-07T13:30:01Z
node_01112,reallyfreegeoip,maxmind_geolite,50.9558,7.0093,Cologne,DE,,,False,,success,2026-06-07T13:35:18Z
node_01260,dbip_lite,dbip_lite,56.1357,12.9443,Åstorp,SE,,1780278471,False,,success,2026-06-07T13:30:03Z
node_01260,geojs,maxmind_geolite,56.045,12.6923,Helsingborg,SE,,,False,,success,2026-06-07T13:39:00Z
node_01260,ip2location_lite,ip2location_lite,56.04673,12.69437,Helsingborg,SE,,1780555707,False,,success,2026-06-07T13:30:03Z
node_01260,ip_api,ipapi_com_unverified,56.045,12.6923,Helsingborg,SE,,,False,,success,2026-06-07T13:38:59Z
node_01260,ipinfo,ipinfo,56.1383,13.3948,Perstorp,SE,,,False,,success,2026-06-07T13:39:00Z
node_01260,ipwho_is,ipwhois_unverified,56.0464674,12.6945121,Helsingborg,SE,,,False,,success,2026-06-07T13:39:00Z
node_01260,maxmind_geolite2,maxmind_geolite,56.045,12.6923,Helsingborg,SE,20,1780418264,False,,success,2026-06-07T13:30:03Z
node_01260,reallyfreegeoip,maxmind_geolite,56.1349,12.9349,Åstorp,SE,,,False,,success,2026-06-07T13:39:00Z
node_01105,dbip_lite,dbip_lite,59.2667,18.1833,Älta,SE,,1780278471,False,,success,2026-06-07T13:30:00Z
node_01105,geojs,maxmind_geolite,59.2484,18.0782,Farsta,SE,,,False,,success,2026-06-07T13:35:07Z
node_01105,ip2location_lite,ip2location_lite,59.332748,18.06484,Stockholm,SE,,1780555707,False,,success,2026-06-07T13:30:00Z
node_01105,ip_api,ipapi_com_unverified,59.2484,18.0782,Farsta,SE,,,False,,success,2026-06-07T13:35:06Z
node_01105,ipinfo,ipinfo,59.3294,18.0687,Stockholm,SE,,,False,,success,2026-06-07T13:35:07Z
node_01105,ipwho_is,ipwhois_unverified,59.17555,18.1413702,Handen,SE,,,False,,success,2026-06-07T13:35:07Z
node_01105,maxmind_geolite2,maxmind_geolite,59.2484,18.0782,Farsta,SE,5,1780418264,False,,success,2026-06-07T13:30:00Z
node_01105,reallyfreegeoip,maxmind_geolite,59.2688,18.1182,Skarpnäck,SE,,,False,,success,2026-06-07T13:35:07Z
node_01308,dbip_lite,dbip_lite,59.3105,18.1637,Nacka,SE,,1780278471,False,,success,2026-06-07T13:30:03Z
node_01308,geojs,maxmind_geolite,59.2484,18.0782,Farsta,SE,,,False,,success,2026-06-07T13:40:12Z
node_01308,ip2location_lite,ip2location_lite,59.233334,18.216667,Tyreso,SE,,1780555707,False,,success,2026-06-07T13:30:03Z
node_01308,ip_api,ipapi_com_unverified,59.2484,18.0782,Farsta,SE,,,False,,success,2026-06-07T13:40:11Z
node_01308,ipinfo,ipinfo,59.2371,17.9819,Huddinge,SE,,,False,,success,2026-06-07T13:40:12Z
node_01308,ipwho_is,ipwhois_unverified,59.2508905,18.2896062,Tyresö,SE,,,False,,success,2026-06-07T13:40:12Z
node_01308,maxmind_geolite2,maxmind_geolite,59.2484,18.0782,Farsta,SE,5,1780418264,False,,success,2026-06-07T13:30:03Z
node_01308,reallyfreegeoip,maxmind_geolite,59.2688,18.1182,Skarpnäck,SE,,,False,,success,2026-06-07T13:40:12Z
node_01204,dbip_lite,dbip_lite,61.1718,28.7524,Imatra,FI,,1780278471,False,,success,2026-06-07T13:30:03Z
node_01204,geojs,maxmind_geolite,60.1717,24.9349,,FI,,,True,no_city,success,2026-06-07T13:37:36Z
node_01204,ip2location_lite,ip2location_lite,64.506126,25.66449,Rantsila,FI,,1780555707,False,,success,2026-06-07T13:30:03Z
node_01204,ip_api,ipapi_com_unverified,61.1718,28.7524,Imatra,FI,,,False,,success,2026-06-07T13:37:35Z
node_01204,ipinfo,ipinfo,60.1695,24.9354,Helsinki,FI,,,False,,success,2026-06-07T13:37:35Z
node_01204,ipwho_is,ipwhois_unverified,61.1713845,28.7651478,Imatra,FI,,,False,,success,2026-06-07T13:37:35Z
node_01204,maxmind_geolite2,maxmind_geolite,60.1717,24.9349,,FI,200,1780418264,True,no_city,success,2026-06-07T13:30:03Z
node_01204,reallyfreegeoip,maxmind_geolite,60.1797,24.9344,Helsinki,FI,,,False,,success,2026-06-07T13:37:36Z
node_01157,dbip_lite,dbip_lite,55.6783,21.1686,Klaipėda,LT,,1780278471,False,,success,2026-06-07T13:30:02Z
node_01157,geojs,maxmind_geolite,55.7158,21.111,Klaipėda,LT,,,False,,success,2026-06-07T13:36:25Z
node_01157,ip2location_lite,ip2location_lite,55.71722,21.1175,Klaipeda,LT,,1780555707,False,,success,2026-06-07T13:30:02Z
node_01157,ip_api,ipapi_com_unverified,55.7158,21.111,Klaipėda,LT,,,False,,success,2026-06-07T13:36:24Z
node_01157,ipinfo,ipinfo,55.7068,21.1391,Klaipėda,LT,,,False,,success,2026-06-07T13:36:25Z
node_01157,ipwho_is,ipwhois_unverified,55.7171813,21.1174129,Klaipėda,LT,,,False,,success,2026-06-07T13:36:25Z
node_01157,maxmind_geolite2,maxmind_geolite,55.7158,21.111,Klaipėda,LT,20,1780418264,False,,success,2026-06-07T13:30:02Z
node_01157,reallyfreegeoip,maxmind_geolite,55.7158,21.111,Klaipėda,LT,,,False,,success,2026-06-07T13:36:25Z
node_01334,dbip_lite,dbip_lite,56.622,-6.07231,Tobermory,GB,,1780278471,False,,success,2026-06-07T13:30:04Z
node_01334,geojs,maxmind_geolite,52.7101,-2.7485,Shrewsbury,GB,,,False,,success,2026-06-07T13:40:51Z
node_01334,ip2location_lite,ip2location_lite,56.589989,-6.1878,Dervaig,GB,,1780555707,False,,success,2026-06-07T13:30:04Z
node_01334,ip_api,ipapi_com_unverified,52.7101,-2.7485,Shrewsbury,GB,,,False,,success,2026-06-07T13:40:50Z
node_01334,ipinfo,ipinfo,51.5085,-0.1257,London,GB,,,True,"hub:51.508,-0.126",success,2026-06-07T13:40:51Z
node_01334,ipwho_is,ipwhois_unverified,52.7073029,-2.7553268,Shrewsbury,GB,,,False,,success,2026-06-07T13:40:51Z
node_01334,maxmind_geolite2,maxmind_geolite,52.7101,-2.7485,Shrewsbury,GB,100,1780418264,False,,success,2026-06-07T13:30:04Z
node_01334,reallyfreegeoip,maxmind_geolite,52.9062,-1.0508,Nottingham,GB,,,False,,success,2026-06-07T13:40:51Z
node_01208,dbip_lite,dbip_lite,43.9432,2.07537,Castelnau-de-Lévis (France),FR,,1780278471,False,,success,2026-06-07T13:30:03Z
node_01208,geojs,maxmind_geolite,47.2145,-1.5512,Nantes,FR,,,False,,success,2026-06-07T13:37:42Z
node_01208,ip2location_lite,ip2location_lite,47.217342,-1.553394,Nantes,FR,,1780555707,False,,success,2026-06-07T13:30:03Z
node_01208,ip_api,ipapi_com_unverified,47.2145,-1.5512,Nantes,FR,,,False,,success,2026-06-07T13:37:41Z
node_01208,ipinfo,ipinfo,46.7195,-1.9004,Le Fenouiller,FR,,,False,,success,2026-06-07T13:37:41Z
node_01208,ipwho_is,ipwhois_unverified,48.8245306,2.2743419,Issy-les-Moulineaux,FR,,,False,,success,2026-06-07T13:37:41Z
node_01208,maxmind_geolite2,maxmind_geolite,47.2145,-1.5512,Nantes,FR,50,1780418264,False,,success,2026-06-07T13:30:03Z
node_01208,reallyfreegeoip,maxmind_geolite,46.7187,-1.9073,Le Fenouiller,FR,,,False,,success,2026-06-07T13:37:42Z
node_01282,dbip_lite,dbip_lite,48.5734,7.75211,Strasbourg,FR,,1780278471,False,,success,2026-06-07T13:30:03Z
node_01282,geojs,maxmind_geolite,48.5848,7.7419,Strasbourg,FR,,,False,,success,2026-06-07T13:39:33Z
node_01282,ip2location_lite,ip2location_lite,48.82127,2.27752,Issy-les-Moulineaux,FR,,1780555707,False,,success,2026-06-07T13:30:03Z
node_01282,ip_api,ipapi_com_unverified,48.5848,7.7419,Strasbourg,FR,,,False,,success,2026-06-07T13:39:32Z
node_01282,ipinfo,ipinfo,47.791,7.3265,Kingersheim,FR,,,False,,success,2026-06-07T13:39:33Z
node_01282,ipwho_is,ipwhois_unverified,48.5734053,7.7521113,Strasbourg,FR,,,False,,success,2026-06-07T13:39:33Z
node_01282,maxmind_geolite2,maxmind_geolite,48.5848,7.7419,Strasbourg,FR,10,1780418264,False,,success,2026-06-07T13:30:03Z
node_01282,reallyfreegeoip,maxmind_geolite,48.5855,7.7418,Strasbourg,FR,,,False,,success,2026-06-07T13:39:33Z
node_01362,dbip_lite,dbip_lite,50.088,14.4208,Prague,CZ,,1780278471,False,,success,2026-06-07T13:30:04Z
node_01362,geojs,maxmind_geolite,50.1113,14.4063,Prague,CZ,,,False,,success,2026-06-07T13:41:33Z
node_01362,ip2location_lite,ip2location_lite,50.087936,14.420798,Prague,CZ,,1780555707,False,,success,2026-06-07T13:30:04Z
node_01362,ip_api,ipapi_com_unverified,50.1113,14.4063,Prague,CZ,,,False,,success,2026-06-07T13:41:32Z
node_01362,ipinfo,ipinfo,50.088,14.4208,Prague,CZ,,,True,"hub:50.088,14.421",success,2026-06-07T13:41:33Z
node_01362,ipwho_is,ipwhois_unverified,50.0755381,14.4378005,Prague,CZ,,,False,,success,2026-06-07T13:41:33Z
node_01362,maxmind_geolite2,maxmind_geolite,50.1113,14.4063,Prague,CZ,100,1780418264,False,,success,2026-06-07T13:30:04Z
node_01362,reallyfreegeoip,maxmind_geolite,50.1242,14.398,Prague,CZ,,,False,,success,2026-06-07T13:41:33Z
node_01472,dbip_lite,dbip_lite,56.1329,8.90353,Snejbjerg,DK,,1780278471,False,,success,2026-06-07T13:30:04Z
node_01472,geojs,maxmind_geolite,56.1728,9.5476,Silkeborg,DK,,,False,,success,2026-06-07T13:44:18Z
node_01472,ip2location_lite,ip2location_lite,56.45319,9.40201,Viborg,DK,,1780555707,False,,success,2026-06-07T13:30:04Z
node_01472,ip_api,ipapi_com_unverified,56.4394,9.4096,Viborg,DK,,,False,,success,2026-06-07T13:44:17Z
node_01472,ipinfo,ipinfo,56.1567,10.2108,Århus,DK,,,False,,success,2026-06-07T13:44:18Z
node_01472,ipwho_is,ipwhois_unverified,56.452027,9.396347,Viborg,DK,,,False,,success,2026-06-07T13:44:18Z
node_01472,maxmind_geolite2,maxmind_geolite,56.1728,9.5476,Silkeborg,DK,50,1780418264,False,,success,2026-06-07T13:30:04Z
node_01472,reallyfreegeoip,maxmind_geolite,55.8572,9.8606,Horsens,DK,,,False,,success,2026-06-07T13:44:18Z
node_01329,dbip_lite,dbip_lite,47.5273,7.69704,Pratteln,CH,,1780278471,False,,success,2026-06-07T13:30:04Z
node_01329,geojs,maxmind_geolite,47.4745,7.6137,Dornach,CH,,,False,,success,2026-06-07T13:40:43Z
node_01329,ip2location_lite,ip2location_lite,47.522709,7.64511,Muttenz,CH,,1780555707,False,,success,2026-06-07T13:30:04Z
node_01329,ip_api,ipapi_com_unverified,47.4745,7.6137,Dornach,CH,,,False,,success,2026-06-07T13:40:43Z
node_01329,ipinfo,ipinfo,47.4714,7.7603,Lausen,CH,,,False,,success,2026-06-07T13:40:43Z
node_01329,ipwho_is,ipwhois_unverified,47.4790491,7.6170412,Dornach,CH,,,False,,success,2026-06-07T13:40:43Z
node_01329,maxmind_geolite2,maxmind_geolite,47.4745,7.6137,Dornach,CH,5,1780418264,False,,success,2026-06-07T13:30:04Z
node_01329,reallyfreegeoip,maxmind_geolite,47.5421,7.5962,Basel,CH,,,False,,success,2026-06-07T13:40:44Z
node_01079,dbip_lite,dbip_lite,55.7232,11.4637,Svinninge,DK,,1780278471,False,,success,2026-06-07T13:29:56Z
node_01079,geojs,maxmind_geolite,55.6686,12.3469,Albertslund,DK,,,False,,success,2026-06-07T13:34:28Z
node_01079,ip2location_lite,ip2location_lite,55.49472,11.97584,Borup,DK,,1780555707,False,,success,2026-06-07T13:29:56Z
node_01079,ip_api,ipapi_com_unverified,55.6686,12.3469,Albertslund,DK,,,False,,success,2026-06-07T13:34:28Z
node_01079,ipinfo,ipinfo,55.6415,12.0803,Roskilde,DK,,,False,,success,2026-06-07T13:34:28Z
node_01079,ipwho_is,ipwhois_unverified,55.659616,12.357064,Albertslund,DK,,,False,,success,2026-06-07T13:34:28Z
node_01079,maxmind_geolite2,maxmind_geolite,55.6686,12.3469,Albertslund,DK,50,1780418264,False,,success,2026-06-07T13:29:56Z
node_01079,reallyfreegeoip,maxmind_geolite,55.6686,12.3469,Albertslund,DK,,,False,,success,2026-06-07T13:34:28Z
node_01442,dbip_lite,dbip_lite,52.1941,-2.21905,Worcester,GB,,1780278471,False,,success,2026-06-07T13:30:04Z
node_01442,geojs,maxmind_geolite,51.4964,-0.1224,,GB,,,True,no_city,success,2026-06-07T13:43:33Z
node_01442,ip2location_lite,ip2location_lite,51.513821,-0.06583,Whitechapel,GB,,1780555707,False,,success,2026-06-07T13:30:04Z
node_01442,ip_api,ipapi_com_unverified,52.1941,-2.21905,Worcester,GB,,,False,,success,2026-06-07T13:43:32Z
node_01442,ipinfo,ipinfo,51.5085,-0.1257,London,GB,,,True,"hub:51.508,-0.126",success,2026-06-07T13:43:33Z
node_01442,ipwho_is,ipwhois_unverified,52.193636,-2.221575,Worcester,GB,,,False,,success,2026-06-07T13:43:33Z
node_01442,maxmind_geolite2,maxmind_geolite,51.4964,-0.1224,,GB,200,1780418264,True,no_city,success,2026-06-07T13:30:04Z
node_01442,reallyfreegeoip,maxmind_geolite,51.2993,9.491,,DE,,,True,no_city,success,2026-06-07T13:43:33Z
node_01240,dbip_lite,dbip_lite,49.999,8.27466,Mainz (Altstadt),DE,,1780278471,False,,success,2026-06-07T13:30:03Z
node_01240,geojs,maxmind_geolite,50.005,8.2693,Mainz,DE,,,False,,success,2026-06-07T13:38:30Z
node_01240,ip2location_lite,ip2location_lite,49.984234,8.279688,Mainz,DE,,1780555707,False,,success,2026-06-07T13:30:03Z
node_01240,ip_api,ipapi_com_unverified,50.005,8.2693,Mainz,DE,,,False,,success,2026-06-07T13:38:29Z
node_01240,ipinfo,ipinfo,49.9819,8.2801,Mainz,DE,,,False,,success,2026-06-07T13:38:30Z
node_01240,ipwho_is,ipwhois_unverified,49.9928617,8.2472526,Mainz,DE,,,False,,success,2026-06-07T13:38:30Z
node_01240,maxmind_geolite2,maxmind_geolite,50.005,8.2693,Mainz,DE,20,1780418264,False,,success,2026-06-07T13:30:03Z
node_01240,reallyfreegeoip,maxmind_geolite,50.0027,8.2788,Mainz,DE,,,False,,success,2026-06-07T13:38:30Z
node_01389,dbip_lite,dbip_lite,48.5593,9.20749,Pliezhausen,DE,,1780278471,False,,success,2026-06-07T13:30:04Z
node_01389,geojs,maxmind_geolite,48.4892,9.2053,Reutlingen,DE,,,False,,success,2026-06-07T13:42:13Z
node_01389,ip2location_lite,ip2location_lite,48.49144,9.20427,Reutlingen,DE,,1780555707,False,,success,2026-06-07T13:30:04Z
node_01389,ip_api,ipapi_com_unverified,48.4892,9.2053,Reutlingen,DE,,,False,,success,2026-06-07T13:42:13Z
node_01389,ipinfo,ipinfo,48.4914,9.2043,Reutlingen,DE,,,False,,success,2026-06-07T13:42:13Z
node_01389,ipwho_is,ipwhois_unverified,48.5069389,9.2038043,Reutlingen,DE,,,False,,success,2026-06-07T13:42:13Z
node_01389,maxmind_geolite2,maxmind_geolite,48.4892,9.2053,Reutlingen,DE,10,1780418264,False,,success,2026-06-07T13:30:04Z
node_01389,reallyfreegeoip,maxmind_geolite,48.514,9.2262,Reutlingen,DE,,,False,,success,2026-06-07T13:42:14Z
node_01407,dbip_lite,dbip_lite,53.1158,7.16528,Bellingwolde,NL,,1780278471,False,,success,2026-06-07T13:30:04Z
node_01407,geojs,maxmind_geolite,52.0429,5.5802,De Klomp,NL,,,False,,success,2026-06-07T13:42:40Z
node_01407,ip2location_lite,ip2location_lite,53.0275,7.10833,Vlagtwedde,NL,,1780555707,False,,success,2026-06-07T13:30:04Z
node_01407,ip_api,ipapi_com_unverified,52.7537,5.9651,Nederland,NL,,,False,,success,2026-06-07T13:42:40Z
node_01407,ipinfo,ipinfo,53.2192,6.5667,Groningen,NL,,,False,,success,2026-06-07T13:42:40Z
node_01407,ipwho_is,ipwhois_unverified,53.110946,7.1786335,Bellingwolde,NL,,,False,,success,2026-06-07T13:42:40Z
node_01407,maxmind_geolite2,maxmind_geolite,52.0429,5.5802,De Klomp,NL,50,1780418264,False,,success,2026-06-07T13:30:04Z
node_01407,reallyfreegeoip,maxmind_geolite,52.0439,5.6322,Ede,NL,,,False,,success,2026-06-07T13:42:41Z
node_01086,dbip_lite,dbip_lite,40.4193,-3.79996,Madrid,ES,,1780278471,False,,success,2026-06-07T13:29:57Z
node_01086,geojs,maxmind_geolite,43.3224,-1.9295,Pasaia,ES,,,False,,success,2026-06-07T13:34:39Z
node_01086,ip2location_lite,ip2location_lite,43.312832,-1.97499,San Sebastian,ES,,1780555707,False,,success,2026-06-07T13:29:57Z
node_01086,ip_api,ipapi_com_unverified,43.3144,-1.8995,Errenteria,ES,,,False,,success,2026-06-07T13:34:38Z
node_01086,ipinfo,ipinfo,43.3128,-1.975,Donostia / San Sebastián,ES,,,False,,success,2026-06-07T13:34:38Z
node_01086,ipwho_is,ipwhois_unverified,43.318334,-1.9812313,San Sebastián,ES,,,False,,success,2026-06-07T13:34:38Z
node_01086,maxmind_geolite2,maxmind_geolite,43.3224,-1.9295,Pasaia,ES,5,1780418264,False,,success,2026-06-07T13:29:57Z
node_01086,reallyfreegeoip,maxmind_geolite,43.3167,-1.9031,Errenteria,ES,,,False,,success,2026-06-07T13:34:39Z
node_01512,dbip_lite,dbip_lite,50.5608,4.55495,Tilly,BE,,1780278471,False,,success,2026-06-07T13:30:04Z
node_01512,geojs,maxmind_geolite,50.4102,4.4472,Charleroi,BE,,,False,,success,2026-06-07T13:45:18Z
node_01512,ip2location_lite,ip2location_lite,50.454144,3.951992,Mons,BE,,1780555707,False,,success,2026-06-07T13:30:04Z
node_01512,ip_api,ipapi_com_unverified,50.3858,4.4511,Charleroi,BE,,,False,,success,2026-06-07T13:45:17Z
node_01512,ipinfo,ipinfo,50.8505,4.3488,Brussels,BE,,,False,,success,2026-06-07T13:45:18Z
node_01512,ipwho_is,ipwhois_unverified,50.4108095,4.444643,Charleroi,BE,,,False,,success,2026-06-07T13:45:18Z
node_01512,maxmind_geolite2,maxmind_geolite,50.4102,4.4472,Charleroi,BE,50,1780418264,False,,success,2026-06-07T13:30:04Z
node_01512,reallyfreegeoip,maxmind_geolite,50.458,3.9524,Mons,BE,,,False,,success,2026-06-07T13:45:18Z
node_01242,dbip_lite,dbip_lite,50.9868,6.89085,"Cologne (Ehrenfeld, Cologne)",DE,,1780278471,False,,success,2026-06-07T13:30:03Z
node_01242,geojs,maxmind_geolite,50.965,7.0446,Cologne,DE,,,False,,success,2026-06-07T13:38:33Z
node_01242,ip2location_lite,ip2location_lite,50.933346,6.94972,Koeln,DE,,1780555707,False,,success,2026-06-07T13:30:03Z
node_01242,ip_api,ipapi_com_unverified,50.9697,7.005,Cologne,DE,,,False,,success,2026-06-07T13:38:32Z
node_01242,ipinfo,ipinfo,50.9333,6.95,Köln,DE,,,False,,success,2026-06-07T13:38:33Z
node_01242,ipwho_is,ipwhois_unverified,50.937531,6.9602786,Cologne,DE,,,False,,success,2026-06-07T13:38:33Z
node_01242,maxmind_geolite2,maxmind_geolite,50.965,7.0446,Cologne,DE,20,1780418264,False,,success,2026-06-07T13:30:03Z
node_01242,reallyfreegeoip,maxmind_geolite,50.9665,7.0449,Cologne,DE,,,False,,success,2026-06-07T13:38:33Z
node_01293,dbip_lite,dbip_lite,50.1431,14.6103,Radonice,CZ,,1780278471,False,,success,2026-06-07T13:30:03Z
node_01293,geojs,maxmind_geolite,50.0687,14.3947,Prague,CZ,,,False,,success,2026-06-07T13:39:49Z
node_01293,ip2location_lite,ip2location_lite,50.13596,14.98633,Sadska,CZ,,1780555707,False,,success,2026-06-07T13:30:03Z
node_01293,ip_api,ipapi_com_unverified,50.0687,14.3947,Prague,CZ,,,False,,success,2026-06-07T13:39:49Z
node_01293,ipinfo,ipinfo,50.088,14.4208,Prague,CZ,,,True,"hub:50.088,14.421",success,2026-06-07T13:39:49Z
node_01293,ipwho_is,ipwhois_unverified,49.7321353,14.6674063,Bystřice,CZ,,,False,,success,2026-06-07T13:39:49Z
node_01293,maxmind_geolite2,maxmind_geolite,50.0687,14.3947,Prague,CZ,5,1780418264,False,,success,2026-06-07T13:30:03Z
node_01293,reallyfreegeoip,maxmind_geolite,50.0687,14.3947,Prague,CZ,,,False,,success,2026-06-07T13:39:50Z
node_01359,dbip_lite,dbip_lite,54.7013,25.2601,Vilnius,LT,,1780278471,False,,success,2026-06-07T13:30:04Z
node_01359,geojs,maxmind_geolite,54.9048,23.8958,Kaunas,LT,,,False,,success,2026-06-07T13:41:28Z
node_01359,ip2location_lite,ip2location_lite,54.899773,23.8999,Kaunas,LT,,1780555707,False,,success,2026-06-07T13:30:04Z
node_01359,ip_api,ipapi_com_unverified,54.9048,23.8958,Kaunas,LT,,,False,,success,2026-06-07T13:41:28Z
node_01359,ipinfo,ipinfo,54.9016,23.9091,Kaunas,LT,,,False,,success,2026-06-07T13:41:28Z
node_01359,ipwho_is,ipwhois_unverified,54.8985207,23.9035965,Kaunas,LT,,,False,,success,2026-06-07T13:41:28Z
node_01359,maxmind_geolite2,maxmind_geolite,54.9048,23.8958,Kaunas,LT,20,1780418264,False,,success,2026-06-07T13:30:04Z
node_01359,reallyfreegeoip,maxmind_geolite,54.6912,25.2816,Vilnius,LT,,,False,,success,2026-06-07T13:41:29Z
node_01103,dbip_lite,dbip_lite,51.223,6.78245,Düsseldorf,DE,,1780278471,False,,success,2026-06-07T13:30:00Z
node_01103,geojs,maxmind_geolite,51.6825,7.8107,Hamm,DE,,,False,,success,2026-06-07T13:35:04Z
node_01103,ip2location_lite,ip2location_lite,52.444172,8.3456,Dielingen,DE,,1780555707,False,,success,2026-06-07T13:30:00Z
node_01103,ip_api,ipapi_com_unverified,51.6452,7.7351,Hamm,DE,,,False,,success,2026-06-07T13:35:03Z
node_01103,ipinfo,ipinfo,51.2232,6.7793,Düsseldorf,DE,,,False,,success,2026-06-07T13:35:04Z
node_01103,ipwho_is,ipwhois_unverified,51.2277411,6.7734556,Düsseldorf,DE,,,False,,success,2026-06-07T13:35:04Z
node_01103,maxmind_geolite2,maxmind_geolite,51.6825,7.8107,Hamm,DE,100,1780418264,False,,success,2026-06-07T13:30:00Z
node_01103,reallyfreegeoip,maxmind_geolite,51.6885,7.7392,Hamm,DE,,,False,,success,2026-06-07T13:35:04Z
node_01561,dbip_lite,dbip_lite,48.8575,2.35138,Paris,FR,,1780278471,True,"hub:48.858,2.351",success,2026-06-07T13:30:04Z
node_01561,geojs,maxmind_geolite,48.8558,2.3494,Paris,FR,,,False,,success,2026-06-07T13:46:31Z
node_01561,ip2location_lite,ip2location_lite,48.859077,2.293486,Paris,FR,,1780555707,False,,success,2026-06-07T13:30:04Z
node_01561,ip_api,ipapi_com_unverified,48.8558,2.3494,Paris,FR,,,False,,success,2026-06-07T13:46:31Z
node_01561,ipinfo,ipinfo,48.9526,2.1452,Maisons-Laffitte,FR,,,False,,success,2026-06-07T13:46:31Z
node_01561,ipwho_is,ipwhois_unverified,48.856614,2.3522219,Paris,FR,,,True,"hub:48.857,2.352",success,2026-06-07T13:46:31Z
node_01561,maxmind_geolite2,maxmind_geolite,48.8558,2.3494,Paris,FR,20,1780418264,False,,success,2026-06-07T13:30:04Z
node_01561,reallyfreegeoip,maxmind_geolite,43.7045,7.2597,Nice,FR,,,False,,success,2026-06-07T13:46:32Z
node_01255,dbip_lite,dbip_lite,48.8575,2.35138,Paris,FR,,1780278471,True,"hub:48.858,2.351",success,2026-06-07T13:30:03Z
node_01255,geojs,maxmind_geolite,48.8402,4.1505,Blancs-Coteaux,FR,,,False,,success,2026-06-07T13:38:52Z
node_01255,ip2location_lite,ip2location_lite,49.76667,4.71667,Charleville-Mezieres,FR,,1780555707,False,,success,2026-06-07T13:30:03Z
node_01255,ip_api,ipapi_com_unverified,48.8402,4.1505,Villeseneux,FR,,,False,,success,2026-06-07T13:38:52Z
node_01255,ipinfo,ipinfo,49.15,6.7833,Freyming-Merlebach,FR,,,False,,success,2026-06-07T13:38:52Z
node_01255,ipwho_is,ipwhois_unverified,48.856614,2.3522219,Paris,FR,,,True,"hub:48.857,2.352",success,2026-06-07T13:38:52Z
node_01255,maxmind_geolite2,maxmind_geolite,48.8402,4.1505,Blancs-Coteaux,FR,10,1780418264,False,,success,2026-06-07T13:30:03Z
node_01255,reallyfreegeoip,maxmind_geolite,43.6999,3.8602,Prades-le-Lez,FR,,,False,,success,2026-06-07T13:38:53Z
node_01174,dbip_lite,dbip_lite,45.7547,5.7662700000000005,Massignieu-de-Rives,FR,,1780278471,False,,success,2026-06-07T13:30:02Z
node_01174,geojs,maxmind_geolite,45.7592,5.681,Belley,FR,,,False,,success,2026-06-07T13:36:51Z
node_01174,ip2location_lite,ip2location_lite,45.704201,5.75795,Yenne,FR,,1780555707,False,,success,2026-06-07T13:30:02Z
node_01174,ip_api,ipapi_com_unverified,45.7592,5.681,Belley,FR,,,False,,success,2026-06-07T13:36:50Z
node_01174,ipinfo,ipinfo,44.7167,-0.5167,Saint-Médard-d'Eyrans,FR,,,False,,success,2026-06-07T13:36:50Z
node_01174,ipwho_is,ipwhois_unverified,45.754346,5.767024,Massignieu-de-Rives,FR,,,False,,success,2026-06-07T13:36:50Z
node_01174,maxmind_geolite2,maxmind_geolite,45.7592,5.681,Belley,FR,10,1780418264,False,,success,2026-06-07T13:30:02Z
node_01174,reallyfreegeoip,maxmind_geolite,45.748,4.85,Lyon,FR,,,False,,success,2026-06-07T13:36:51Z
node_01214,dbip_lite,dbip_lite,45.8011,15.171,Novo Mesto,SI,,1780278471,False,,success,2026-06-07T13:30:03Z
node_01214,geojs,maxmind_geolite,46.2733,15.3898,Dramlje,SI,,,False,,success,2026-06-07T13:37:51Z
node_01214,ip2location_lite,ip2location_lite,45.80397,15.16886,Novo Mesto,SI,,1780555707,False,,success,2026-06-07T13:30:03Z
node_01214,ip_api,ipapi_com_unverified,46.2733,15.3898,Dramlje,SI,,,False,,success,2026-06-07T13:37:50Z
node_01214,ipinfo,ipinfo,46.0511,14.5051,Ljubljana,SI,,,False,,success,2026-06-07T13:37:50Z
node_01214,ipwho_is,ipwhois_unverified,45.8010824,15.1710089,Novo mesto,SI,,,False,,success,2026-06-07T13:37:50Z
node_01214,maxmind_geolite2,maxmind_geolite,46.2733,15.3898,Dramlje,SI,10,1780418264,False,,success,2026-06-07T13:30:03Z
node_01214,reallyfreegeoip,maxmind_geolite,45.5565,13.7418,Koper,SI,,,False,,success,2026-06-07T13:37:51Z
node_01298,dbip_lite,dbip_lite,50.9333,6.95,Cologne,DE,,1780278471,False,,success,2026-06-07T13:30:03Z
node_01298,geojs,maxmind_geolite,50.9532,6.9115,Cologne,DE,,,False,,success,2026-06-07T13:39:57Z
node_01298,ip2location_lite,ip2location_lite,50.734478,7.095081,Bonn,DE,,1780555707,False,,success,2026-06-07T13:30:03Z
node_01298,ip_api,ipapi_com_unverified,50.9318,6.9312,Cologne,DE,,,False,,success,2026-06-07T13:39:56Z
node_01298,ipinfo,ipinfo,50.9333,6.95,Köln,DE,,,False,,success,2026-06-07T13:39:57Z
node_01298,ipwho_is,ipwhois_unverified,50.937531,6.9602786,Cologne,DE,,,False,,success,2026-06-07T13:39:57Z
node_01298,maxmind_geolite2,maxmind_geolite,50.9532,6.9115,Cologne,DE,20,1780418264,False,,success,2026-06-07T13:30:03Z
node_01298,reallyfreegeoip,maxmind_geolite,50.9475,6.9288,Cologne,DE,,,False,,success,2026-06-07T13:39:57Z
node_01551,dbip_lite,dbip_lite,50.0582,14.4443,Prague,CZ,,1780278471,False,,success,2026-06-07T13:30:04Z
node_01551,geojs,maxmind_geolite,49.2127,16.6117,Brno,CZ,,,False,,success,2026-06-07T13:46:16Z
node_01551,ip2location_lite,ip2location_lite,49.195271,16.608206,Brno,CZ,,1780555707,False,,success,2026-06-07T13:30:04Z
node_01551,ip_api,ipapi_com_unverified,49.1953,16.6016,Brno,CZ,,,False,,success,2026-06-07T13:46:16Z
node_01551,ipinfo,ipinfo,49.1952,16.608,Brno,CZ,,,False,,success,2026-06-07T13:46:16Z
node_01551,ipwho_is,ipwhois_unverified,49.1950602,16.6068371,Brno,CZ,,,False,,success,2026-06-07T13:46:16Z
node_01551,maxmind_geolite2,maxmind_geolite,49.2127,16.6117,Brno,CZ,5,1780418264,False,,success,2026-06-07T13:30:04Z
node_01551,reallyfreegeoip,maxmind_geolite,49.2125,16.7118,Brno,CZ,,,False,,success,2026-06-07T13:46:17Z
node_01219,dbip_lite,dbip_lite,56.6892,9.33667,Gedsted,DK,,1780278471,False,,success,2026-06-07T13:30:03Z
node_01219,geojs,maxmind_geolite,55.7123,12.0564,,DK,,,True,no_city,success,2026-06-07T13:37:58Z
node_01219,ip2location_lite,ip2location_lite,55.395939,10.38831,Odense,DK,,1780555707,False,,success,2026-06-07T13:30:03Z
node_01219,ip_api,ipapi_com_unverified,55.85,12.1833,Slangerup,DK,,,False,,success,2026-06-07T13:37:57Z
node_01219,ipinfo,ipinfo,55.3959,10.3883,Odense,DK,,,False,,success,2026-06-07T13:37:58Z
node_01219,ipwho_is,ipwhois_unverified,55.538146,9.610191,Taulov,DK,,,False,,success,2026-06-07T13:37:58Z
node_01219,maxmind_geolite2,maxmind_geolite,55.7123,12.0564,,DK,100,1780418264,True,no_city,success,2026-06-07T13:30:03Z
node_01219,reallyfreegeoip,maxmind_geolite,55.6894,12.4578,Rødovre Municipality,DK,,,False,,success,2026-06-07T13:37:58Z
node_01171,dbip_lite,dbip_lite,53.0151,23.0549,Turośń Kościelna,PL,,1780278471,False,,success,2026-06-07T13:30:02Z
node_01171,geojs,maxmind_geolite,53.1479,23.1149,Bialystok,PL,,,False,,success,2026-06-07T13:36:46Z
node_01171,ip2location_lite,ip2location_lite,53.133343,23.149858,Bialystok,PL,,1780555707,False,,success,2026-06-07T13:30:02Z
node_01171,ip_api,ipapi_com_unverified,53.1561,23.1197,Bialystok,PL,,,False,,success,2026-06-07T13:36:45Z
node_01171,ipinfo,ipinfo,53.1333,23.1643,Białystok,PL,,,False,,success,2026-06-07T13:36:46Z
node_01171,ipwho_is,ipwhois_unverified,53.0249087,23.0202458,Gmina Turośń Kościelna,PL,,,False,,success,2026-06-07T13:36:46Z
node_01171,maxmind_geolite2,maxmind_geolite,53.1479,23.1149,Bialystok,PL,5,1780418264,False,,success,2026-06-07T13:30:02Z
node_01171,reallyfreegeoip,maxmind_geolite,53.1545,23.1124,Bialystok,PL,,,False,,success,2026-06-07T13:36:46Z
node_01361,dbip_lite,dbip_lite,55.0313,82.9195,Novosibirsk,RU,,1780278471,False,,success,2026-06-07T13:30:04Z
node_01361,geojs,maxmind_geolite,55.7386,37.6068,,RU,,,True,no_city,success,2026-06-07T13:41:31Z
node_01361,ip2location_lite,ip2location_lite,55.041737,82.934502,Novosibirsk,RU,,1780555707,False,,success,2026-06-07T13:30:04Z
node_01361,ip_api,ipapi_com_unverified,55.0313,82.9195,Novosibirsk,RU,,,False,,success,2026-06-07T13:41:31Z
node_01361,ipinfo,ipinfo,55.0226,82.9317,Novosibirsk,RU,,,False,,success,2026-06-07T13:41:31Z
node_01361,ipwho_is,ipwhois_unverified,55.0083526,82.9357327,Novosibirsk,RU,,,False,,success,2026-06-07T13:41:31Z
node_01361,maxmind_geolite2,maxmind_geolite,55.7386,37.6068,,RU,1000,1780418264,True,no_city,success,2026-06-07T13:30:04Z
node_01361,reallyfreegeoip,maxmind_geolite,55.0386,82.9425,Novosibirsk,RU,,,False,,success,2026-06-07T13:41:32Z
node_01176,dbip_lite,dbip_lite,50.0898,14.5137,Prague (Praha 10),CZ,,1780278471,False,,success,2026-06-07T13:30:02Z
node_01176,geojs,maxmind_geolite,49.4833,16.6577,Boskovice,CZ,,,False,,success,2026-06-07T13:36:54Z
node_01176,ip2location_lite,ip2location_lite,49.487511,16.659969,Boskovice,CZ,,1780555707,False,,success,2026-06-07T13:30:02Z
node_01176,ip_api,ipapi_com_unverified,49.4833,16.6577,Boskovice,CZ,,,False,,success,2026-06-07T13:36:53Z
node_01176,ipinfo,ipinfo,50.088,14.4208,Prague,CZ,,,True,"hub:50.088,14.421",success,2026-06-07T13:36:53Z
node_01176,ipwho_is,ipwhois_unverified,49.4875115,16.6599761,Boskovice,CZ,,,False,,success,2026-06-07T13:36:53Z
node_01176,maxmind_geolite2,maxmind_geolite,49.4833,16.6577,Boskovice,CZ,10,1780418264,False,,success,2026-06-07T13:30:02Z
node_01176,reallyfreegeoip,maxmind_geolite,50.3823,13.2596,Kadaň,CZ,,,False,,success,2026-06-07T13:36:54Z
node_01145,dbip_lite,dbip_lite,49.8717,8.65027,Darmstadt,DE,,1780278471,False,,success,2026-06-07T13:30:02Z
node_01145,geojs,maxmind_geolite,49.8613,8.6368,Darmstadt,DE,,,False,,success,2026-06-07T13:36:07Z
node_01145,ip2location_lite,ip2location_lite,49.904739,8.68084,Kranichstein,DE,,1780555707,False,,success,2026-06-07T13:30:02Z
node_01145,ip_api,ipapi_com_unverified,49.8613,8.6368,Darmstadt,DE,,,False,,success,2026-06-07T13:36:06Z
node_01145,ipinfo,ipinfo,49.9508,8.4633,Nauheim,DE,,,False,,success,2026-06-07T13:36:07Z
node_01145,ipwho_is,ipwhois_unverified,49.8728253,8.6511929,Darmstadt,DE,,,False,,success,2026-06-07T13:36:07Z
node_01145,maxmind_geolite2,maxmind_geolite,49.8613,8.6368,Darmstadt,DE,5,1780418264,False,,success,2026-06-07T13:30:02Z
node_01145,reallyfreegeoip,maxmind_geolite,49.8613,8.6368,Darmstadt,DE,,,False,,success,2026-06-07T13:36:07Z
node_01094,dbip_lite,dbip_lite,48.8575,2.35138,Paris,FR,,1780278471,True,"hub:48.858,2.351",success,2026-06-07T13:29:59Z
node_01094,geojs,maxmind_geolite,48.8582,2.3387,,FR,,,True,no_city,success,2026-06-07T13:34:51Z
node_01094,ip2location_lite,ip2location_lite,45.232262,4.40376,Riotord,FR,,1780555707,False,,success,2026-06-07T13:29:59Z
node_01094,ip_api,ipapi_com_unverified,48.8575,2.35138,Paris,FR,,,False,,success,2026-06-07T13:34:50Z
node_01094,ipinfo,ipinfo,48.8534,2.3488,Paris,FR,,,True,"hub:48.853,2.349",success,2026-06-07T13:34:50Z
node_01094,ipwho_is,ipwhois_unverified,45.231826,4.400835,Riotord,FR,,,False,,success,2026-06-07T13:34:50Z
node_01094,maxmind_geolite2,maxmind_geolite,48.8582,2.3387,,FR,500,1780418264,True,no_city,success,2026-06-07T13:29:59Z
node_01094,reallyfreegeoip,maxmind_geolite,48.8582,2.3387,,FR,,,True,no_city,success,2026-06-07T13:34:51Z
node_01283,dbip_lite,dbip_lite,50.4175,2.86174,Sallaumines,FR,,1780278471,False,,success,2026-06-07T13:30:03Z
node_01283,geojs,maxmind_geolite,50.6159,3.1648,Villeneuve-d'Ascq,FR,,,False,,success,2026-06-07T13:39:34Z
node_01283,ip2location_lite,ip2location_lite,50.43084,2.87221,Noyelles-sous-Lens,FR,,1780555707,False,,success,2026-06-07T13:30:03Z
node_01283,ip_api,ipapi_com_unverified,50.6159,3.1648,Villeneuve-d'Ascq,FR,,,False,,success,2026-06-07T13:39:34Z
node_01283,ipinfo,ipinfo,50.3591,3.5251,Valenciennes,FR,,,False,,success,2026-06-07T13:39:34Z
node_01283,ipwho_is,ipwhois_unverified,50.421504,2.857594,Sallaumines,FR,,,False,,success,2026-06-07T13:39:34Z
node_01283,maxmind_geolite2,maxmind_geolite,50.6159,3.1648,Villeneuve-d'Ascq,FR,10,1780418264,False,,success,2026-06-07T13:30:03Z
node_01283,reallyfreegeoip,maxmind_geolite,50.3266,3.6045,Curgies,FR,,,False,,success,2026-06-07T13:39:35Z
node_01132,dbip_lite,dbip_lite,51.5072,-0.127586,London,GB,,1780278471,False,,success,2026-06-07T13:30:01Z
node_01132,geojs,maxmind_geolite,51.8686,-2.2446,Gloucester,GB,,,False,,success,2026-06-07T13:35:48Z
node_01132,ip2location_lite,ip2location_lite,51.413631,-0.75054,Bracknell,GB,,1780555707,False,,success,2026-06-07T13:30:01Z
node_01132,ip_api,ipapi_com_unverified,51.8686,-2.2446,Gloucester,GB,,,False,,success,2026-06-07T13:35:47Z
node_01132,ipinfo,ipinfo,51.6948,-0.4072,Leavesden Green,GB,,,False,,success,2026-06-07T13:35:47Z
node_01132,ipwho_is,ipwhois_unverified,51.5073509,-0.1277583,London,GB,,,False,,success,2026-06-07T13:35:47Z
node_01132,maxmind_geolite2,maxmind_geolite,51.8686,-2.2446,Gloucester,GB,50,1780418264,False,,success,2026-06-07T13:30:01Z
node_01132,reallyfreegeoip,maxmind_geolite,51.4964,-0.1224,,GB,,,True,no_city,success,2026-06-07T13:35:48Z
node_01272,dbip_lite,dbip_lite,59.876,14.9944,Kopparberg,SE,,1780278471,False,,success,2026-06-07T13:30:03Z
node_01272,geojs,maxmind_geolite,59.274,15.2119,,SE,,,True,no_city,success,2026-06-07T13:39:18Z
node_01272,ip2location_lite,ip2location_lite,59.71236,14.16831,Filipstad,SE,,1780555707,False,,success,2026-06-07T13:30:03Z
node_01272,ip_api,ipapi_com_unverified,59.876,14.9944,Kopparberg,SE,,,False,,success,2026-06-07T13:39:17Z
node_01272,ipinfo,ipinfo,59.2741,15.2066,Örebro,SE,,,False,,success,2026-06-07T13:39:18Z
node_01272,ipwho_is,ipwhois_unverified,59.8774473,14.9988486,Kopparberg,SE,,,False,,success,2026-06-07T13:39:18Z
node_01272,maxmind_geolite2,maxmind_geolite,59.274,15.2119,,SE,500,1780418264,True,no_city,success,2026-06-07T13:30:03Z
node_01272,reallyfreegeoip,maxmind_geolite,57.7963,14.1376,Jönköping,SE,,,False,,success,2026-06-07T13:39:18Z
node_01360,dbip_lite,dbip_lite,50.3274,19.029,Siemianowice Śląskie,PL,,1780278471,False,,success,2026-06-07T13:30:04Z
node_01360,geojs,maxmind_geolite,50.0715,19.966,Krakow,PL,,,False,,success,2026-06-07T13:41:30Z
node_01360,ip2location_lite,ip2location_lite,50.083599,19.916634,Krakow,PL,,1780555707,False,,success,2026-06-07T13:30:04Z
node_01360,ip_api,ipapi_com_unverified,50.0619,19.968,Krakow,PL,,,False,,success,2026-06-07T13:41:29Z
node_01360,ipinfo,ipinfo,50.0614,19.9366,Kraków,PL,,,False,,success,2026-06-07T13:41:30Z
node_01360,ipwho_is,ipwhois_unverified,50.3264314,19.0295714,Siemianowice Slaskie,PL,,,False,,success,2026-06-07T13:41:30Z
node_01360,maxmind_geolite2,maxmind_geolite,50.0715,19.966,Krakow,PL,5,1780418264,False,,success,2026-06-07T13:30:04Z
node_01360,reallyfreegeoip,maxmind_geolite,52.2394,21.0362,,PL,,,True,no_city,success,2026-06-07T13:41:30Z
node_01346,dbip_lite,dbip_lite,61.5563,23.5961,Ylöjärvi,FI,,1780278471,False,,success,2026-06-07T13:30:04Z
node_01346,geojs,maxmind_geolite,61.4966,23.7831,Tampere,FI,,,False,,success,2026-06-07T13:41:09Z
node_01346,ip2location_lite,ip2location_lite,61.499111,23.787121,Tampere,FI,,1780555707,False,,success,2026-06-07T13:30:04Z
node_01346,ip_api,ipapi_com_unverified,61.5573,23.5909,Ylöjärvi,FI,,,False,,success,2026-06-07T13:41:08Z
node_01346,ipinfo,ipinfo,61.4638,24.076,Kangasala,FI,,,False,,success,2026-06-07T13:41:09Z
node_01346,ipwho_is,ipwhois_unverified,61.4977524,23.7609535,Tampere,FI,,,False,,success,2026-06-07T13:41:09Z
node_01346,maxmind_geolite2,maxmind_geolite,61.4966,23.7831,Tampere,FI,20,1780418264,False,,success,2026-06-07T13:30:04Z
node_01346,reallyfreegeoip,maxmind_geolite,60.3271,25.0347,Vantaa,FI,,,False,,success,2026-06-07T13:41:09Z
node_01206,dbip_lite,dbip_lite,53.0473,8.64014,Delmenhorst,DE,,1780278471,False,,success,2026-06-07T13:30:03Z
node_01206,geojs,maxmind_geolite,53.0526,8.634,Delmenhorst,DE,,,False,,success,2026-06-07T13:37:39Z
node_01206,ip2location_lite,ip2location_lite,53.051205,8.631178,Delmenhorst,DE,,1780555707,False,,success,2026-06-07T13:30:03Z
node_01206,ip_api,ipapi_com_unverified,53.0526,8.634,Delmenhorst,DE,,,False,,success,2026-06-07T13:37:38Z
node_01206,ipinfo,ipinfo,53.0511,8.6309,Delmenhorst,DE,,,False,,success,2026-06-07T13:37:38Z
node_01206,ipwho_is,ipwhois_unverified,53.0521886,8.6355932,Delmenhorst,DE,,,False,,success,2026-06-07T13:37:38Z
node_01206,maxmind_geolite2,maxmind_geolite,53.0526,8.634,Delmenhorst,DE,20,1780418264,False,,success,2026-06-07T13:30:03Z
node_01206,reallyfreegeoip,maxmind_geolite,53.029,8.6411,Delmenhorst,DE,,,False,,success,2026-06-07T13:37:39Z
node_01410,dbip_lite,dbip_lite,48.7837,2.20806,Vélizy-Villacoublay,FR,,1780278471,False,,success,2026-06-07T13:30:04Z
node_01410,geojs,maxmind_geolite,48.8582,2.3387,,FR,,,True,no_city,success,2026-06-07T13:42:45Z
node_01410,ip2location_lite,ip2location_lite,48.782009,2.193365,Velizy-Villacoublay,FR,,1780555707,False,,success,2026-06-07T13:30:04Z
node_01410,ip_api,ipapi_com_unverified,48.7837,2.20806,Vélizy-Villacoublay,FR,,,False,,success,2026-06-07T13:42:44Z
node_01410,ipinfo,ipinfo,48.782,2.194,Vélizy-Villacoublay,FR,,,False,,success,2026-06-07T13:42:45Z
node_01410,ipwho_is,ipwhois_unverified,48.787899,2.190408,Vélizy-Villacoublay,FR,,,False,,success,2026-06-07T13:42:45Z
node_01410,maxmind_geolite2,maxmind_geolite,48.8582,2.3387,,FR,500,1780418264,True,no_city,success,2026-06-07T13:30:04Z
node_01410,reallyfreegeoip,maxmind_geolite,48.8582,2.3387,,FR,,,True,no_city,success,2026-06-07T13:42:45Z
node_01253,dbip_lite,dbip_lite,47.1656,9.50875,Schaan,LI,,1780278471,False,,success,2026-06-07T13:30:03Z
node_01253,geojs,maxmind_geolite,47.1667,9.5333,,LI,,,True,no_city,success,2026-06-07T13:38:49Z
node_01253,ip2location_lite,ip2location_lite,47.066669,9.5,Balzers,LI,,1780555707,False,,success,2026-06-07T13:30:03Z
node_01253,ip_api,ipapi_com_unverified,47.1656,9.50875,Schaan,LI,,,False,,success,2026-06-07T13:38:49Z
node_01253,ipinfo,ipinfo,47.165,9.5087,Schaan,LI,,,False,,success,2026-06-07T13:38:49Z
node_01253,ipwho_is,ipwhois_unverified,47.0655826,9.5074526,Balzers,LI,,,False,,success,2026-06-07T13:38:49Z
node_01253,maxmind_geolite2,maxmind_geolite,47.1667,9.5333,,LI,1000,1780418264,True,no_city,success,2026-06-07T13:30:03Z
node_01253,reallyfreegeoip,maxmind_geolite,47.1667,9.5333,,LI,,,True,no_city,success,2026-06-07T13:38:50Z
node_01435,dbip_lite,dbip_lite,55.7553,12.3233,Måløv,DK,,1780278471,False,,success,2026-06-07T13:30:04Z
node_01435,geojs,maxmind_geolite,55.6813,12.4039,Glostrup Municipality,DK,,,False,,success,2026-06-07T13:43:22Z
node_01435,ip2location_lite,ip2location_lite,55.67934,12.535292,Frederiksberg,DK,,1780555707,False,,success,2026-06-07T13:30:04Z
node_01435,ip_api,ipapi_com_unverified,55.7309,12.5715,Hellerup,DK,,,False,,success,2026-06-07T13:43:22Z
node_01435,ipinfo,ipinfo,55.6759,12.5655,Copenhagen,DK,,,False,,success,2026-06-07T13:43:22Z
node_01435,ipwho_is,ipwhois_unverified,55.754866,12.322563,Måløv,DK,,,False,,success,2026-06-07T13:43:22Z
node_01435,maxmind_geolite2,maxmind_geolite,55.6813,12.4039,Glostrup Municipality,DK,20,1780418264,False,,success,2026-06-07T13:30:04Z
node_01435,reallyfreegeoip,maxmind_geolite,55.7123,12.0564,,DK,,,True,no_city,success,2026-06-07T13:43:23Z
node_01091,dbip_lite,dbip_lite,53.8337,-2.42901,Billington,GB,,1780278471,False,,success,2026-06-07T13:29:58Z
node_01091,geojs,maxmind_geolite,51.4964,-0.1224,,GB,,,True,no_city,success,2026-06-07T13:34:46Z
node_01091,ip2location_lite,ip2location_lite,51.490292,-0.00647,Cubitt Town,GB,,1780555707,False,,success,2026-06-07T13:29:58Z
node_01091,ip_api,ipapi_com_unverified,53.8337,-2.42901,Billington,GB,,,False,,success,2026-06-07T13:34:45Z
node_01091,ipinfo,ipinfo,53.383,-1.4659,Sheffield,GB,,,False,,success,2026-06-07T13:34:46Z
node_01091,ipwho_is,ipwhois_unverified,51.4936677,-0.0082433,London,GB,,,False,,success,2026-06-07T13:34:46Z
node_01091,maxmind_geolite2,maxmind_geolite,51.4964,-0.1224,,GB,200,1780418264,True,no_city,success,2026-06-07T13:29:58Z
node_01091,reallyfreegeoip,maxmind_geolite,51.4964,-0.1224,,GB,,,True,no_city,success,2026-06-07T13:34:46Z
node_01138,dbip_lite,dbip_lite,53.6884,9.15241,Hemmoor,DE,,1780278471,False,,success,2026-06-07T13:30:02Z
node_01138,geojs,maxmind_geolite,53.6856,9.167,Hemmoor,DE,,,False,,success,2026-06-07T13:35:57Z
node_01138,ip2location_lite,ip2location_lite,53.687019,9.15492,Hemmoor,DE,,1780555707,False,,success,2026-06-07T13:30:02Z
node_01138,ip_api,ipapi_com_unverified,53.6856,9.167,Hemmoor,DE,,,False,,success,2026-06-07T13:35:55Z
node_01138,ipinfo,ipinfo,53.6884,9.1524,Hemmoor,DE,,,False,,success,2026-06-07T13:35:56Z
node_01138,ipwho_is,ipwhois_unverified,53.6884727,9.1524955,Hemmoor,DE,,,False,,success,2026-06-07T13:35:56Z
node_01138,maxmind_geolite2,maxmind_geolite,53.6856,9.167,Hemmoor,DE,10,1780418264,False,,success,2026-06-07T13:30:02Z
node_01138,reallyfreegeoip,maxmind_geolite,53.6856,9.167,Hemmoor,DE,,,False,,success,2026-06-07T13:35:57Z
node_01127,dbip_lite,dbip_lite,50.8805,12.0805,Gera,DE,,1780278471,False,,success,2026-06-07T13:30:01Z
node_01127,geojs,maxmind_geolite,50.8875,12.0979,Gera,DE,,,False,,success,2026-06-07T13:35:40Z
node_01127,ip2location_lite,ip2location_lite,50.880562,12.081742,Gera,DE,,1780555707,False,,success,2026-06-07T13:30:01Z
node_01127,ip_api,ipapi_com_unverified,50.8758,12.0875,Gera,DE,,,False,,success,2026-06-07T13:35:39Z
node_01127,ipinfo,ipinfo,50.8803,12.0819,Gera,DE,,,False,,success,2026-06-07T13:35:40Z
node_01127,ipwho_is,ipwhois_unverified,50.8850706,12.0807203,Gera,DE,,,False,,success,2026-06-07T13:35:40Z
node_01127,maxmind_geolite2,maxmind_geolite,50.8875,12.0979,Gera,DE,10,1780418264,False,,success,2026-06-07T13:30:01Z
node_01127,reallyfreegeoip,maxmind_geolite,50.7191,12.0869,Gera,DE,,,False,,success,2026-06-07T13:35:40Z
node_01310,dbip_lite,dbip_lite,48.8262,2.3599,Paris (13th Arrondissement),FR,,1780278471,False,,success,2026-06-07T13:30:03Z
node_01310,geojs,maxmind_geolite,47.248,-1.4841,Sainte-Luce-sur-Loire,FR,,,False,,success,2026-06-07T13:40:15Z
node_01310,ip2location_lite,ip2location_lite,47.945091,0.2676,Ruaudin,FR,,1780555707,False,,success,2026-06-07T13:30:03Z
node_01310,ip_api,ipapi_com_unverified,47.4986,-0.7891,Bécon-les-Granits,FR,,,False,,success,2026-06-07T13:40:14Z
node_01310,ipinfo,ipinfo,47.8725,-0.1,Noyen-sur-Sarthe,FR,,,False,,success,2026-06-07T13:40:15Z
node_01310,ipwho_is,ipwhois_unverified,47.503413,-0.80139,Bécon-les-Granits,FR,,,False,,success,2026-06-07T13:40:15Z
node_01310,maxmind_geolite2,maxmind_geolite,47.248,-1.4841,Sainte-Luce-sur-Loire,FR,20,1780418264,False,,success,2026-06-07T13:30:03Z
node_01310,reallyfreegeoip,maxmind_geolite,48.0229,0.2006,Coulaines,FR,,,False,,success,2026-06-07T13:40:15Z
node_01337,dbip_lite,dbip_lite,48.8575,2.35138,Paris,FR,,1780278471,True,"hub:48.858,2.351",success,2026-06-07T13:30:04Z
node_01337,geojs,maxmind_geolite,-20.8864,55.4511,Saint-Denis,RE,,,False,,success,2026-06-07T13:40:55Z
node_01337,ip2location_lite,ip2location_lite,-20.882002,55.450249,Saint-Denis,RE,,1780555707,False,,success,2026-06-07T13:30:04Z
node_01337,ip_api,ipapi_com_unverified,48.8575,2.35138,Paris,FR,,,False,,success,2026-06-07T13:40:55Z
node_01337,ipinfo,ipinfo,-20.8823,55.4504,Saint-Denis,RE,,,False,,success,2026-06-07T13:40:55Z
node_01337,ipwho_is,ipwhois_unverified,-20.8906596,55.4550536,Saint-Denis,RE,,,False,,success,2026-06-07T13:40:55Z
node_01337,maxmind_geolite2,maxmind_geolite,-20.8864,55.4511,Saint-Denis,RE,10,1780418264,False,,success,2026-06-07T13:30:04Z
node_01337,reallyfreegeoip,maxmind_geolite,-20.8864,55.4511,Saint-Denis,RE,,,False,,success,2026-06-07T13:40:56Z
node_01119,dbip_lite,dbip_lite,45.764,4.83566,Lyon,FR,,1780278471,False,,success,2026-06-07T13:30:01Z
node_01119,geojs,maxmind_geolite,45.1769,5.7204,Grenoble,FR,,,False,,success,2026-06-07T13:35:28Z
node_01119,ip2location_lite,ip2location_lite,45.165279,5.76337,Saint-Martin-d'Heres,FR,,1780555707,False,,success,2026-06-07T13:30:01Z
node_01119,ip_api,ipapi_com_unverified,45.1769,5.7204,Grenoble,FR,,,False,,success,2026-06-07T13:35:27Z
node_01119,ipinfo,ipinfo,45.1787,5.7148,Grenoble,FR,,,False,,success,2026-06-07T13:35:28Z
node_01119,ipwho_is,ipwhois_unverified,45.188529,5.724524,Grenoble,FR,,,False,,success,2026-06-07T13:35:28Z
node_01119,maxmind_geolite2,maxmind_geolite,45.1769,5.7204,Grenoble,FR,20,1780418264,False,,success,2026-06-07T13:30:01Z
node_01119,reallyfreegeoip,maxmind_geolite,45.1766,5.7205,Grenoble,FR,,,False,,success,2026-06-07T13:35:28Z
node_01560,dbip_lite,dbip_lite,51.3548,11.9892,Merseburg,DE,,1780278471,False,,success,2026-06-07T13:30:04Z
node_01560,geojs,maxmind_geolite,51.3671,12.3817,Leipzig,DE,,,False,,success,2026-06-07T13:46:30Z
node_01560,ip2location_lite,ip2location_lite,51.339619,12.37129,Leipzig,DE,,1780555707,False,,success,2026-06-07T13:30:04Z
node_01560,ip_api,ipapi_com_unverified,51.3671,12.3817,Leipzig,DE,,,False,,success,2026-06-07T13:46:29Z
node_01560,ipinfo,ipinfo,51.3396,12.3713,Leipzig,DE,,,False,,success,2026-06-07T13:46:30Z
node_01560,ipwho_is,ipwhois_unverified,51.3396955,12.3730747,Leipzig,DE,,,False,,success,2026-06-07T13:46:30Z
node_01560,maxmind_geolite2,maxmind_geolite,51.3671,12.3817,Leipzig,DE,50,1780418264,False,,success,2026-06-07T13:30:04Z
node_01560,reallyfreegeoip,maxmind_geolite,52.5521,13.4103,Berlin,DE,,,False,,success,2026-06-07T13:46:30Z
node_01124,dbip_lite,dbip_lite,48.6242,9.82736,Geislingen an der Steige,DE,,1780278471,False,,success,2026-06-07T13:30:01Z
node_01124,geojs,maxmind_geolite,49.4866,8.4624,Mannheim,DE,,,False,,success,2026-06-07T13:35:36Z
node_01124,ip2location_lite,ip2location_lite,49.388988,8.7959,Neckargemund,DE,,1780555707,False,,success,2026-06-07T13:30:01Z
node_01124,ip_api,ipapi_com_unverified,49.407,8.6879,Heidelberg,DE,,,False,,success,2026-06-07T13:35:35Z
node_01124,ipinfo,ipinfo,49.4891,8.4669,Mannheim,DE,,,False,,success,2026-06-07T13:35:35Z
node_01124,ipwho_is,ipwhois_unverified,48.6215162,9.8294482,Geislingen,DE,,,False,,success,2026-06-07T13:35:35Z
node_01124,maxmind_geolite2,maxmind_geolite,49.4866,8.4624,Mannheim,DE,50,1780418264,False,,success,2026-06-07T13:30:01Z
node_01124,reallyfreegeoip,maxmind_geolite,51.1231,13.1094,Döbeln,DE,,,False,,success,2026-06-07T13:35:36Z
node_01115,dbip_lite,dbip_lite,47.4979,19.0402,Budapest,HU,,1780278471,False,,success,2026-06-07T13:30:01Z
node_01115,geojs,maxmind_geolite,47.5,19.0412,Budapest,HU,,,False,,success,2026-06-07T13:35:22Z
node_01115,ip2location_lite,ip2location_lite,46.083225,18.233269,Pecs,HU,,1780555707,False,,success,2026-06-07T13:30:01Z
node_01115,ip_api,ipapi_com_unverified,47.5,19.0412,Budapest,HU,,,False,,success,2026-06-07T13:35:21Z
node_01115,ipinfo,ipinfo,46.0762,18.2281,Pécs,HU,,,False,,success,2026-06-07T13:35:22Z
node_01115,ipwho_is,ipwhois_unverified,47.3919718,18.904544,Érd,HU,,,False,,success,2026-06-07T13:35:22Z
node_01115,maxmind_geolite2,maxmind_geolite,47.5,19.0412,Budapest,HU,50,1780418264,False,,success,2026-06-07T13:30:01Z
node_01115,reallyfreegeoip,maxmind_geolite,47.5636,19.0947,Budapest,HU,,,False,,success,2026-06-07T13:35:22Z
node_01553,dbip_lite,dbip_lite,51.8497,8.30017,Rheda-Wiedenbrück,DE,,1780278471,False,,success,2026-06-07T13:30:04Z
node_01553,geojs,maxmind_geolite,52.0374,8.5281,Bielefeld,DE,,,False,,success,2026-06-07T13:46:19Z
node_01553,ip2location_lite,ip2location_lite,52.007481,8.546015,Bielefeld,DE,,1780555707,False,,success,2026-06-07T13:30:04Z
node_01553,ip_api,ipapi_com_unverified,52.0374,8.5281,Bielefeld,DE,,,False,,success,2026-06-07T13:46:19Z
node_01553,ipinfo,ipinfo,52.0333,8.5333,Bielefeld,DE,,,False,,success,2026-06-07T13:46:19Z
node_01553,ipwho_is,ipwhois_unverified,52.0302285,8.5324708,Bielefeld,DE,,,False,,success,2026-06-07T13:46:19Z
node_01553,maxmind_geolite2,maxmind_geolite,52.0374,8.5281,Bielefeld,DE,5,1780418264,False,,success,2026-06-07T13:30:04Z
node_01553,reallyfreegeoip,maxmind_geolite,52.0274,8.535,Bielefeld,DE,,,False,,success,2026-06-07T13:46:20Z
node_01108,dbip_lite,dbip_lite,55.1738,30.201,Vitebsk (Pieršamajski rajon),BY,,1780278471,False,,success,2026-06-07T13:30:01Z
node_01108,geojs,maxmind_geolite,53.0011,28.0065,,BY,,,True,no_city,success,2026-06-07T13:35:12Z
node_01108,ip2location_lite,ip2location_lite,55.190399,30.204901,Vitebsk,BY,,1780555707,False,,success,2026-06-07T13:30:01Z
node_01108,ip_api,ipapi_com_unverified,55.1738,30.201,Vitebsk,BY,,,False,,success,2026-06-07T13:35:10Z
node_01108,ipinfo,ipinfo,53.9002,27.5665,Minsk,BY,,,False,,success,2026-06-07T13:35:11Z
node_01108,ipwho_is,ipwhois_unverified,55.1848061,30.201622,Viciebsk,BY,,,False,,success,2026-06-07T13:35:11Z
node_01108,maxmind_geolite2,maxmind_geolite,53.0011,28.0065,,BY,1000,1780418264,True,no_city,success,2026-06-07T13:30:01Z
node_01108,reallyfreegeoip,maxmind_geolite,53.0011,28.0065,,BY,,,True,no_city,success,2026-06-07T13:35:12Z
node_01567,dbip_lite,dbip_lite,52.2288,21.3551,Halinów,PL,,1780278471,False,,success,2026-06-07T13:30:04Z
node_01567,geojs,maxmind_geolite,52.229,21.3628,Halinów,PL,,,False,,success,2026-06-07T13:46:40Z
node_01567,ip2location_lite,ip2location_lite,52.228802,21.355101,Halinow,PL,,1780555707,False,,success,2026-06-07T13:30:04Z
node_01567,ip_api,ipapi_com_unverified,52.229,21.3628,Halinów,PL,,,False,,success,2026-06-07T13:46:40Z
node_01567,ipinfo,ipinfo,52.2288,21.3551,Halinów,PL,,,False,,success,2026-06-07T13:46:40Z
node_01567,ipwho_is,ipwhois_unverified,52.2283049,21.355139,Halinów,PL,,,False,,success,2026-06-07T13:46:40Z
node_01567,maxmind_geolite2,maxmind_geolite,52.229,21.3628,Halinów,PL,10,1780418264,False,,success,2026-06-07T13:30:04Z
node_01567,reallyfreegeoip,maxmind_geolite,52.1372,21.2159,Józefów,PL,,,False,,success,2026-06-07T13:46:41Z
node_01173,dbip_lite,dbip_lite,45.4642,9.18998,Milan,IT,,1780278471,False,,success,2026-06-07T13:30:02Z
node_01173,geojs,maxmind_geolite,43.7825,11.2516,Florence,IT,,,False,,success,2026-06-07T13:36:49Z
node_01173,ip2location_lite,ip2location_lite,45.9426,11.11038,Besenello,IT,,1780555707,False,,success,2026-06-07T13:30:02Z
node_01173,ip_api,ipapi_com_unverified,43.7825,11.2516,Florence,IT,,,False,,success,2026-06-07T13:36:48Z
node_01173,ipinfo,ipinfo,45.8904,11.0405,Rovereto,IT,,,False,,success,2026-06-07T13:36:49Z
node_01173,ipwho_is,ipwhois_unverified,43.7695604,11.2558136,Florence,IT,,,False,,success,2026-06-07T13:36:49Z
node_01173,maxmind_geolite2,maxmind_geolite,43.7825,11.2516,Florence,IT,50,1780418264,False,,success,2026-06-07T13:30:02Z
node_01173,reallyfreegeoip,maxmind_geolite,45.4722,9.1922,Milan,IT,,,False,,success,2026-06-07T13:36:49Z
node_01288,dbip_lite,dbip_lite,45.4642,9.18998,Milan,IT,,1780278471,False,,success,2026-06-07T13:30:03Z
node_01288,geojs,maxmind_geolite,41.8905,12.5127,Rome,IT,,,False,,success,2026-06-07T13:39:42Z
node_01288,ip2location_lite,ip2location_lite,41.880711,12.480719,Ripa,IT,,1780555707,False,,success,2026-06-07T13:30:03Z
node_01288,ip_api,ipapi_com_unverified,41.8905,12.5127,Rome,IT,,,False,,success,2026-06-07T13:39:41Z
node_01288,ipinfo,ipinfo,41.8919,12.5113,Rome,IT,,,False,,success,2026-06-07T13:39:42Z
node_01288,ipwho_is,ipwhois_unverified,45.4654219,9.1859243,Milan,IT,,,False,,success,2026-06-07T13:39:42Z
node_01288,maxmind_geolite2,maxmind_geolite,41.8905,12.5127,Rome,IT,50,1780418264,False,,success,2026-06-07T13:30:03Z
node_01288,reallyfreegeoip,maxmind_geolite,44.488,11.3752,Bologna,IT,,,False,,success,2026-06-07T13:39:42Z
node_01166,dbip_lite,dbip_lite,56.0008,37.4581,Lobnya,RU,,1780278471,False,,success,2026-06-07T13:30:02Z
node_01166,geojs,maxmind_geolite,56.0095,37.483,Lobnya,RU,,,False,,success,2026-06-07T13:36:39Z
node_01166,ip2location_lite,ip2location_lite,56.00972,37.481941,Lobnya,RU,,1780555707,False,,success,2026-06-07T13:30:02Z
node_01166,ip_api,ipapi_com_unverified,56.0095,37.483,Lobnya,RU,,,False,,success,2026-06-07T13:36:38Z
node_01166,ipinfo,ipinfo,56.0271,37.4679,Lobnya,RU,,,False,,success,2026-06-07T13:36:38Z
node_01166,ipwho_is,ipwhois_unverified,56.0172312,37.4852637,Lobnya,RU,,,False,,success,2026-06-07T13:36:38Z
node_01166,maxmind_geolite2,maxmind_geolite,56.0095,37.483,Lobnya,RU,20,1780418264,False,,success,2026-06-07T13:30:02Z
node_01166,reallyfreegeoip,maxmind_geolite,56.0095,37.483,Lobnya,RU,,,False,,success,2026-06-07T13:36:39Z
node_01543,dbip_lite,dbip_lite,59.9311,30.3609,St Petersburg,RU,,1780278471,False,,success,2026-06-07T13:30:04Z
node_01543,geojs,maxmind_geolite,59.9291,30.1943,St Petersburg,RU,,,False,,success,2026-06-07T13:46:04Z
node_01543,ip2location_lite,ip2location_lite,59.89444,30.2642,Saint Petersburg,RU,,1780555707,False,,success,2026-06-07T13:30:04Z
node_01543,ip_api,ipapi_com_unverified,59.9291,30.1943,St Petersburg,RU,,,False,,success,2026-06-07T13:46:04Z
node_01543,ipinfo,ipinfo,59.9386,30.3141,Saint Petersburg,RU,,,False,,success,2026-06-07T13:46:04Z
node_01543,ipwho_is,ipwhois_unverified,59.9342802,30.3350986,Saint Petersburg,RU,,,False,,success,2026-06-07T13:46:04Z
node_01543,maxmind_geolite2,maxmind_geolite,59.9291,30.1943,St Petersburg,RU,20,1780418264,False,,success,2026-06-07T13:30:04Z
node_01543,reallyfreegeoip,maxmind_geolite,59.9291,30.1943,St Petersburg,RU,,,False,,success,2026-06-07T13:46:05Z
node_01370,dbip_lite,dbip_lite,47.1406,10.5611,Landeck,AT,,1780278471,False,,success,2026-06-07T13:30:04Z
node_01370,geojs,maxmind_geolite,47.2637,11.4016,,AT,,,True,no_city,success,2026-06-07T13:41:45Z
node_01370,ip2location_lite,ip2location_lite,47.48333,10.71667,Reutte,AT,,1780555707,False,,success,2026-06-07T13:30:04Z
node_01370,ip_api,ipapi_com_unverified,47.2675,11.391,Innsbruck,AT,,,False,,success,2026-06-07T13:41:44Z
node_01370,ipinfo,ipinfo,47.3166,11.118,Bairbach,AT,,,False,,success,2026-06-07T13:41:45Z
node_01370,ipwho_is,ipwhois_unverified,47.14057,10.56558,Landeck,AT,,,False,,success,2026-06-07T13:41:45Z
node_01370,maxmind_geolite2,maxmind_geolite,47.2637,11.4016,,AT,10,1780418264,True,no_city,success,2026-06-07T13:30:04Z
node_01370,reallyfreegeoip,maxmind_geolite,47.269,11.3915,,AT,,,True,no_city,success,2026-06-07T13:41:45Z
node_01381,dbip_lite,dbip_lite,50.1414,14.3837,Suchdol,CZ,,1780278471,False,,success,2026-06-07T13:30:04Z
node_01381,geojs,maxmind_geolite,50.0948,14.4785,Prague,CZ,,,False,,success,2026-06-07T13:42:01Z
node_01381,ip2location_lite,ip2location_lite,50.087936,14.420798,Prague,CZ,,1780555707,False,,success,2026-06-07T13:30:04Z
node_01381,ip_api,ipapi_com_unverified,50.0687,14.3947,Prague,CZ,,,False,,success,2026-06-07T13:42:01Z
node_01381,ipinfo,ipinfo,50.088,14.4208,Prague,CZ,,,True,"hub:50.088,14.421",success,2026-06-07T13:42:01Z
node_01381,ipwho_is,ipwhois_unverified,50.0755381,14.4378005,Prague,CZ,,,False,,success,2026-06-07T13:42:01Z
node_01381,maxmind_geolite2,maxmind_geolite,50.0948,14.4785,Prague,CZ,5,1780418264,False,,success,2026-06-07T13:30:04Z
node_01381,reallyfreegeoip,maxmind_geolite,50.0687,14.3947,Prague,CZ,,,False,,success,2026-06-07T13:42:02Z
node_01319,dbip_lite,dbip_lite,42.6975,23.3242,Sofia,BG,,1780278471,False,,success,2026-06-07T13:30:04Z
node_01319,geojs,maxmind_geolite,42.6826,23.3223,Sofia,BG,,,False,,success,2026-06-07T13:40:28Z
node_01319,ip2location_lite,ip2location_lite,42.716671,23.283331,Moderno Predgradie,BG,,1780555707,False,,success,2026-06-07T13:30:04Z
node_01319,ip_api,ipapi_com_unverified,42.6826,23.3223,Sofia,BG,,,False,,success,2026-06-07T13:40:28Z
node_01319,ipinfo,ipinfo,42.6975,23.3241,Sofia,BG,,,False,,success,2026-06-07T13:40:28Z
node_01319,ipwho_is,ipwhois_unverified,42.2868817,22.6939308,Kyustendil,BG,,,False,,success,2026-06-07T13:40:28Z
node_01319,maxmind_geolite2,maxmind_geolite,42.6826,23.3223,Sofia,BG,5,1780418264,False,,success,2026-06-07T13:30:04Z
node_01319,reallyfreegeoip,maxmind_geolite,42.6951,23.325,Sofia,BG,,,False,,success,2026-06-07T13:40:29Z
node_01481,dbip_lite,dbip_lite,59.3293,18.0686,Stockholm,SE,,1780278471,False,,success,2026-06-07T13:30:04Z
node_01481,geojs,maxmind_geolite,59.3287,18.0717,Stockholm,SE,,,False,,success,2026-06-07T13:44:31Z
node_01481,ip2location_lite,ip2location_lite,59.332748,18.06484,Stockholm,SE,,1780555707,False,,success,2026-06-07T13:30:04Z
node_01481,ip_api,ipapi_com_unverified,59.3287,18.0717,Stockholm,SE,,,False,,success,2026-06-07T13:44:31Z
node_01481,ipinfo,ipinfo,59.3294,18.0687,Stockholm,SE,,,False,,success,2026-06-07T13:44:31Z
node_01481,ipwho_is,ipwhois_unverified,59.3293235,18.0685808,Stockholm,SE,,,False,,success,2026-06-07T13:44:31Z
node_01481,maxmind_geolite2,maxmind_geolite,59.3287,18.0717,Stockholm,SE,20,1780418264,False,,success,2026-06-07T13:30:04Z
node_01481,reallyfreegeoip,maxmind_geolite,59.3247,18.056,,SE,,,True,no_city,success,2026-06-07T13:44:32Z
node_01386,dbip_lite,dbip_lite,47.3737,8.53722,Zurich (City),CH,,1780278471,False,,success,2026-06-07T13:30:04Z
node_01386,geojs,maxmind_geolite,45.9906,7.7581,Zermatt,CH,,,False,,success,2026-06-07T13:42:09Z
node_01386,ip2location_lite,ip2location_lite,47.0741,7.30655,Lyss,CH,,1780555707,False,,success,2026-06-07T13:30:04Z
node_01386,ip_api,ipapi_com_unverified,45.9906,7.7581,Zermatt,CH,,,False,,success,2026-06-07T13:42:08Z
node_01386,ipinfo,ipinfo,46.9481,7.4474,Bern,CH,,,False,,success,2026-06-07T13:42:09Z
node_01386,ipwho_is,ipwhois_unverified,47.1245176,7.23688,Nidau,CH,,,False,,success,2026-06-07T13:42:09Z
node_01386,maxmind_geolite2,maxmind_geolite,45.9906,7.7581,Zermatt,CH,50,1780418264,False,,success,2026-06-07T13:30:04Z
node_01386,reallyfreegeoip,maxmind_geolite,47.0511,8.3056,Lucerne,CH,,,False,,success,2026-06-07T13:42:09Z
node_01385,dbip_lite,dbip_lite,47.3737,8.53722,Zurich (City),CH,,1780278471,False,,success,2026-06-07T13:30:04Z
node_01385,geojs,maxmind_geolite,45.9906,7.7581,Zermatt,CH,,,False,,success,2026-06-07T13:42:07Z
node_01385,ip2location_lite,ip2location_lite,47.0741,7.30655,Lyss,CH,,1780555707,False,,success,2026-06-07T13:30:04Z
node_01385,ip_api,ipapi_com_unverified,45.9906,7.7581,Zermatt,CH,,,False,,success,2026-06-07T13:42:07Z
node_01385,ipinfo,ipinfo,47.3667,8.55,Zürich,CH,,,False,,success,2026-06-07T13:42:07Z
node_01385,ipwho_is,ipwhois_unverified,47.1245176,7.23688,Nidau,CH,,,False,,success,2026-06-07T13:42:07Z
node_01385,maxmind_geolite2,maxmind_geolite,45.9906,7.7581,Zermatt,CH,50,1780418264,False,,success,2026-06-07T13:30:04Z
node_01385,reallyfreegeoip,maxmind_geolite,47.0511,8.3056,Lucerne,CH,,,False,,success,2026-06-07T13:42:08Z
node_01126,dbip_lite,dbip_lite,55.7738,37.6058,Moscow (Tsentralnyy administrativnyy okrug),RU,,1780278471,False,,success,2026-06-07T13:30:01Z
node_01126,geojs,maxmind_geolite,55.7487,37.6187,Moscow,RU,,,False,,success,2026-06-07T13:35:39Z
node_01126,ip2location_lite,ip2location_lite,55.904514,37.560879,Dolgoprudnyy,RU,,1780555707,False,,success,2026-06-07T13:30:01Z
node_01126,ip_api,ipapi_com_unverified,55.7487,37.6187,Moscow,RU,,,False,,success,2026-06-07T13:35:38Z
node_01126,ipinfo,ipinfo,55.9142,37.8256,Korolev,RU,,,False,,success,2026-06-07T13:35:38Z
node_01126,ipwho_is,ipwhois_unverified,55.755826,37.6173,Moscow,RU,,,False,,success,2026-06-07T13:35:38Z
node_01126,maxmind_geolite2,maxmind_geolite,55.7487,37.6187,Moscow,RU,20,1780418264,False,,success,2026-06-07T13:30:01Z
node_01126,reallyfreegeoip,maxmind_geolite,55.7483,37.6171,Moscow,RU,,,False,,success,2026-06-07T13:35:39Z
node_01349,dbip_lite,dbip_lite,42.8845,74.6782,Lebedinovka,KG,,1780278471,False,,success,2026-06-07T13:30:04Z
node_01349,geojs,maxmind_geolite,42.8696,74.5932,Bishkek,KG,,,False,,success,2026-06-07T13:41:13Z
node_01349,ip2location_lite,ip2location_lite,42.455681,76.186127,Balykchy,KG,,1780555707,False,,success,2026-06-07T13:30:04Z
node_01349,ip_api,ipapi_com_unverified,42.8696,74.5932,Bishkek,KG,,,False,,success,2026-06-07T13:41:13Z
node_01349,ipinfo,ipinfo,42.87,74.59,Bishkek,KG,,,False,,success,2026-06-07T13:41:13Z
node_01349,ipwho_is,ipwhois_unverified,42.4624691,76.1899661,Balykchy,KG,,,False,,success,2026-06-07T13:41:13Z
node_01349,maxmind_geolite2,maxmind_geolite,42.8696,74.5932,Bishkek,KG,10,1780418264,False,,success,2026-06-07T13:30:04Z
node_01349,reallyfreegeoip,maxmind_geolite,42.8696,74.5932,Bishkek,KG,,,False,,success,2026-06-07T13:41:14Z
node_01224,dbip_lite,dbip_lite,52.5427,13.0584,Dallgow-Döberitz,DE,,1780278471,False,,success,2026-06-07T13:30:03Z
node_01224,geojs,maxmind_geolite,52.5312,13.3878,Berlin,DE,,,False,,success,2026-06-07T13:38:06Z
node_01224,ip2location_lite,ip2location_lite,52.587101,13.36855,Wilhelmsruh,DE,,1780555707,False,,success,2026-06-07T13:30:03Z
node_01224,ip_api,ipapi_com_unverified,52.4875,13.3992,Berlin,DE,,,False,,success,2026-06-07T13:38:05Z
node_01224,ipinfo,ipinfo,52.5244,13.4105,Berlin,DE,,,False,,success,2026-06-07T13:38:05Z
node_01224,ipwho_is,ipwhois_unverified,52.5420864,13.0590617,Dallgow-Döberitz,DE,,,False,,success,2026-06-07T13:38:05Z
node_01224,maxmind_geolite2,maxmind_geolite,52.5312,13.3878,Berlin,DE,100,1780418264,False,,success,2026-06-07T13:30:03Z
node_01224,reallyfreegeoip,maxmind_geolite,52.4836,13.3156,Berlin,DE,,,False,,success,2026-06-07T13:38:06Z
node_01189,dbip_lite,dbip_lite,52.4031,13.2601,Teltow,DE,,1780278471,False,,success,2026-06-07T13:30:03Z
node_01189,geojs,maxmind_geolite,52.4982,13.4755,Berlin,DE,,,False,,success,2026-06-07T13:37:13Z
node_01189,ip2location_lite,ip2location_lite,52.41116,13.5355,Altglienicke,DE,,1780555707,False,,success,2026-06-07T13:30:03Z
node_01189,ip_api,ipapi_com_unverified,52.4972,13.3299,Berlin,DE,,,False,,success,2026-06-07T13:37:12Z
node_01189,ipinfo,ipinfo,52.5244,13.4105,Berlin,DE,,,False,,success,2026-06-07T13:37:13Z
node_01189,ipwho_is,ipwhois_unverified,52.5200066,13.404954,Berlin,DE,,,False,,success,2026-06-07T13:37:13Z
node_01189,maxmind_geolite2,maxmind_geolite,52.4982,13.4755,Berlin,DE,20,1780418264,False,,success,2026-06-07T13:30:03Z
node_01189,reallyfreegeoip,maxmind_geolite,52.4839,13.3133,Berlin,DE,,,False,,success,2026-06-07T13:37:13Z
node_01549,dbip_lite,dbip_lite,38.7566,-9.25451,Queluz,PT,,1780278471,False,,success,2026-06-07T13:30:04Z
node_01549,geojs,maxmind_geolite,38.7584,-9.2495,Queluz,PT,,,False,,success,2026-06-07T13:46:13Z
node_01549,ip2location_lite,ip2location_lite,38.756569,-9.25451,Queluz,PT,,1780555707,False,,success,2026-06-07T13:30:04Z
node_01549,ip_api,ipapi_com_unverified,38.7584,-9.2495,Queluz,PT,,,False,,success,2026-06-07T13:46:13Z
node_01549,ipinfo,ipinfo,38.7566,-9.2545,Queluz,PT,,,False,,success,2026-06-07T13:46:13Z
node_01549,ipwho_is,ipwhois_unverified,38.7573981,-9.2587453,Queluz,PT,,,False,,success,2026-06-07T13:46:13Z
node_01549,maxmind_geolite2,maxmind_geolite,38.7584,-9.2495,Queluz,PT,5,1780418264,False,,success,2026-06-07T13:30:04Z
node_01549,reallyfreegeoip,maxmind_geolite,38.7677,-9.3006,Lisbon,PT,,,False,,success,2026-06-07T13:46:14Z
node_01243,dbip_lite,dbip_lite,52.3294,4.93964,Duivendrecht,NL,,1780278471,False,,success,2026-06-07T13:30:03Z
node_01243,geojs,maxmind_geolite,52.3191,4.976,Amsterdam,NL,,,False,,success,2026-06-07T13:38:34Z
node_01243,ip2location_lite,ip2location_lite,52.378502,4.89998,Amsterdam,NL,,1780555707,True,"hub:52.379,4.9",success,2026-06-07T13:30:03Z
node_01243,ip_api,ipapi_com_unverified,52.3179,4.9521,Amsterdam,NL,,,False,,success,2026-06-07T13:38:34Z
node_01243,ipinfo,ipinfo,52.0767,4.2986,The Hague,NL,,,False,,success,2026-06-07T13:38:34Z
node_01243,ipwho_is,ipwhois_unverified,52.3702157,4.8951679,Amsterdam,NL,,,True,"hub:52.37,4.895",success,2026-06-07T13:38:34Z
node_01243,maxmind_geolite2,maxmind_geolite,52.3191,4.976,Amsterdam,NL,10,1780418264,False,,success,2026-06-07T13:30:03Z
node_01243,reallyfreegeoip,maxmind_geolite,52.3182,4.951,Amsterdam,NL,,,False,,success,2026-06-07T13:38:35Z
node_01539,dbip_lite,dbip_lite,43.3661,-80.9797,Stratford,CA,,1780278471,False,,success,2026-06-07T13:30:04Z
node_01539,geojs,maxmind_geolite,43.4801,-80.7626,Wellesley,CA,,,False,,success,2026-06-07T13:45:58Z
node_01539,ip2location_lite,ip2location_lite,43.425369,-80.511284,Kitchener,CA,,1780555707,False,,success,2026-06-07T13:30:04Z
node_01539,ip_api,ipapi_com_unverified,43.5668,-80.9113,Milverton,CA,,,False,,success,2026-06-07T13:45:58Z
node_01539,ipinfo,ipinfo,43.5817,-80.7281,Linwood,CA,,,False,,success,2026-06-07T13:45:58Z
node_01539,ipwho_is,ipwhois_unverified,43.4774485,-80.7645883,Wellesley,CA,,,False,,success,2026-06-07T13:45:58Z
node_01539,maxmind_geolite2,maxmind_geolite,43.4801,-80.7626,Wellesley,CA,10,1780418264,False,,success,2026-06-07T13:30:04Z
node_01539,reallyfreegeoip,maxmind_geolite,43.4801,-80.7627,Wellesley,CA,,,False,,success,2026-06-07T13:45:59Z
node_01163,dbip_lite,dbip_lite,43.0631,-86.2284,Grand Haven,US,,1780278471,False,,success,2026-06-07T13:30:02Z
node_01163,geojs,maxmind_geolite,43.0834,-86.2014,Spring Lake,US,,,False,,success,2026-06-07T13:36:34Z
node_01163,ip2location_lite,ip2location_lite,43.063068,-86.228394,Grand Haven,US,,1780555707,False,,success,2026-06-07T13:30:02Z
node_01163,ip_api,ipapi_com_unverified,43.0631,-86.2284,Grand Haven,US,,,False,,success,2026-06-07T13:36:33Z
node_01163,ipinfo,ipinfo,43.0631,-86.2284,Grand Haven,US,,,False,,success,2026-06-07T13:36:34Z
node_01163,ipwho_is,ipwhois_unverified,43.0769625,-86.1969971,Spring Lake,US,,,False,,success,2026-06-07T13:36:34Z
node_01163,maxmind_geolite2,maxmind_geolite,43.0834,-86.2014,Spring Lake,US,5,1780418264,False,,success,2026-06-07T13:30:02Z
node_01163,reallyfreegeoip,maxmind_geolite,43.0631,-86.2284,Grand Haven,US,,,False,,success,2026-06-07T13:36:34Z
node_01379,dbip_lite,dbip_lite,37.3719,-122.021,Sunnyvale,US,,1780278471,False,,success,2026-06-07T13:30:04Z
node_01379,geojs,maxmind_geolite,37.2995,-121.7578,San Jose,US,,,False,,success,2026-06-07T13:41:58Z
node_01379,ip2location_lite,ip2location_lite,37.368832,-122.036148,Sunnyvale,US,,1780555707,False,,success,2026-06-07T13:30:04Z
node_01379,ip_api,ipapi_com_unverified,37.2995,-121.7578,San Jose,US,,,False,,success,2026-06-07T13:41:58Z
node_01379,ipinfo,ipinfo,37.3688,-122.0363,Sunnyvale,US,,,False,,success,2026-06-07T13:41:58Z
node_01379,ipwho_is,ipwhois_unverified,37.36883,-122.0363496,Sunnyvale,US,,,False,,success,2026-06-07T13:41:58Z
node_01379,maxmind_geolite2,maxmind_geolite,37.2995,-121.7578,San Jose,US,5,1780418264,False,,success,2026-06-07T13:30:04Z
node_01379,reallyfreegeoip,maxmind_geolite,37.3773,-122.0194,Sunnyvale,US,,,False,,success,2026-06-07T13:41:59Z
node_01366,dbip_lite,dbip_lite,38.6625,-90.4785,Creve Coeur,US,,1780278471,False,,success,2026-06-07T13:30:04Z
node_01366,geojs,maxmind_geolite,38.7987,-90.5034,Saint Charles,US,,,False,,success,2026-06-07T13:41:39Z
node_01366,ip2location_lite,ip2location_lite,38.660912,-90.422104,Creve Coeur,US,,1780555707,False,,success,2026-06-07T13:30:04Z
node_01366,ip_api,ipapi_com_unverified,38.6587,-90.461,St Louis,US,,,False,,success,2026-06-07T13:41:38Z
node_01366,ipinfo,ipinfo,38.6609,-90.4226,Creve Coeur,US,,,False,,success,2026-06-07T13:41:39Z
node_01366,ipwho_is,ipwhois_unverified,38.6608855,-90.422618,Creve Coeur,US,,,False,,success,2026-06-07T13:41:39Z
node_01366,maxmind_geolite2,maxmind_geolite,38.7987,-90.5034,Saint Charles,US,20,1780418264,False,,success,2026-06-07T13:30:04Z
node_01366,reallyfreegeoip,maxmind_geolite,38.6375,-90.3778,St Louis,US,,,False,,success,2026-06-07T13:41:39Z
node_01182,dbip_lite,dbip_lite,33.8992,-84.3016,Chamblee,US,,1780278471,False,,success,2026-06-07T13:30:03Z
node_01182,geojs,maxmind_geolite,33.8895,-84.2921,Atlanta,US,,,False,,success,2026-06-07T13:37:03Z
node_01182,ip2location_lite,ip2location_lite,33.892052,-84.298813,Chamblee,US,,1780555707,False,,success,2026-06-07T13:30:03Z
node_01182,ip_api,ipapi_com_unverified,33.8895,-84.2921,Atlanta,US,,,False,,success,2026-06-07T13:37:02Z
node_01182,ipinfo,ipinfo,33.892,-84.2988,Chamblee,US,,,False,,success,2026-06-07T13:37:02Z
node_01182,ipwho_is,ipwhois_unverified,33.7489954,-84.3879824,Atlanta,US,,,False,,success,2026-06-07T13:37:02Z
node_01182,maxmind_geolite2,maxmind_geolite,33.8895,-84.2921,Atlanta,US,10,1780418264,False,,success,2026-06-07T13:30:03Z
node_01182,reallyfreegeoip,maxmind_geolite,33.9388,-84.2754,Atlanta,US,,,False,,success,2026-06-07T13:37:03Z
