anchor_id,ip,lat,lon,city,country,asn,hostname,is_disabled
node_02200,node_02200,41.8995,12.4375,,IT,29447,,False
node_02201,node_02201,52.0075,5.9585,,NL,1136,,False
node_02202,node_02202,35.9515,-115.0215,,US,22773,,False
node_02203,node_02203,32.8885,-117.1815,,US,20001,,False
node_02204,node_02204,52.4005,4.8885,,NL,213279,,False
node_02205,node_02205,59.3075,18.0295,,SE,8434,,False
node_02206,node_02206,-33.6125,-70.9005,,CL,27901,,False
node_02207,node_02207,51.3695,1.1095,,GB,20712,,False
node_02208,node_02208,49.1475,9.2915,,DE,3209,,False
node_02209,node_02209,52.0285,5.6215,,NL,12859,,False
node_02210,node_02210,55.9395,-3.1885,,GB,6871,,False
node_02211,node_02211,32.7195,-117.1615,,US,20001,,False
node_02212,node_02212,50.4205,30.4585,,UA,29067,,False
node_02213,node_02213,53.3705,-6.2715,,IE,6830,,False
node_02214,node_02214,47.3875,8.5195,,CH,3303,,False
node_02215,node_02215,43.6705,7.1515,,FR,3215,,False
node_02216,node_02216,45.0475,9.7375,,IT,201333,,False
node_02217,node_02217,-27.4815,152.9975,,AU,134090,,False
node_02218,node_02218,51.5115,-0.1325,,GB,20712,,False
node_02219,node_02219,50.7715,15.0675,,CZ,2852,,False
node_02220,node_02220,-31.2915,-64.3005,,AR,7303,,False
node_02221,node_02221,53.8285,-1.4595,,GB,34555,,False
node_02222,node_02222,49.1475,-121.8185,,CA,852,,False
node_02223,node_02223,58.5295,11.5815,,SE,1257,,False
node_02224,node_02224,55.5915,12.5915,,DK,203953,,False
node_02225,node_02225,13.5115,144.8185,,GU,3605,,False
node_02226,node_02226,53.2885,-6.2795,,IE,5607,,False
node_02227,node_02227,52.1975,0.1305,,GB,20712,,False
node_02228,node_02228,57.7685,12.2605,,SE,1257,,False
node_02229,node_02229,59.4815,18.3205,,SE,3301,,False
node_02230,node_02230,28.4995,77.0915,,IN,9498,,False
node_02231,node_02231,59.3415,18.0385,,SE,12381,,False
node_02232,node_02232,51.9675,-0.7715,,GB,20712,,False
node_02233,node_02233,50.7815,5.7985,,NL,33915,,False
node_02234,node_02234,48.7485,2.0595,,FR,3215,,False
node_02235,node_02235,42.8515,13.6295,,IT,29449,,False
node_02236,node_02236,52.4995,4.8105,,NL,206238,,False
node_02237,node_02237,36.7995,10.1675,,TN,2609,,False
node_02238,node_02238,45.0395,38.9695,,RU,202486,,False
node_02239,node_02239,49.5885,6.1705,,LU,204279,,False
node_02240,node_02240,35.1085,33.3715,,CY,6866,,False
node_02241,node_02241,40.2685,44.6315,,AM,49800,,False
node_02242,node_02242,48.2095,34.8775,,UA,211621,,False
node_02243,node_02243,37.5375,15.0975,,IT,47408,,False
node_02244,node_02244,42.9605,12.7075,,IT,15605,,False
node_02245,node_02245,46.7515,15.4275,,AT,14593,,False
node_02246,node_02246,46.5175,6.6085,,CH,6893,,False
node_02247,node_02247,43.6115,3.8785,,FR,50620,,False
node_02248,node_02248,43.2395,76.9295,,KZ,25534,,False
node_02249,node_02249,44.4075,8.9395,,IT,12874,,False
node_02250,node_02250,42.1385,19.0495,,ME,8585,,False
node_02251,node_02251,47.2705,11.3995,,AT,1853,,False
node_02252,node_02252,51.5405,31.2695,,UA,34814,,False
node_02253,node_02253,52.1505,4.9505,,NL,1136,,False
node_02254,node_02254,42.7295,23.2905,,BG,42431,,False
node_02255,node_02255,42.7005,23.3105,,BG,8866,,False
node_02256,node_02256,54.6805,25.2915,,LT,5479,,False
node_02257,node_02257,50.4415,30.5115,,UA,8772,,False
node_02258,node_02258,46.6795,7.8375,,CH,21466,,False
node_02259,node_02259,59.4395,24.7075,,EE,3327,,False
node_02260,node_02260,50.2405,11.7175,,DE,3320,,False
node_02261,node_02261,38.7595,-9.1215,,PT,1930,,False
node_02262,node_02262,35.1605,33.3595,,CY,39935,,False
node_02263,node_02263,59.4275,24.7195,,EE,8728,,False
node_02264,node_02264,51.5185,-0.0005,,GB,43950,,False
node_02265,node_02265,63.4295,10.3695,,NO,2116,,False
node_02266,node_02266,56.1285,8.9805,,DK,203953,,False
node_02267,node_02267,47.5195,19.0605,,HU,1955,,False
node_02268,node_02268,47.2005,7.5305,,CH,9044,,False
node_02269,node_02269,53.8215,-2.6995,,GB,42009,,False
node_02270,node_02270,45.6395,9.8905,,IT,50877,,False
node_02271,node_02271,48.5475,7.7715,,FR,12322,,False
node_02272,node_02272,46.8275,-92.0425,,US,20115,,False
node_02273,node_02273,50.2715,18.8685,,PL,30851,,False
node_02274,node_02274,50.6915,15.2985,,CZ,202895,,False
node_02275,node_02275,59.4385,5.2695,,NO,29695,,False
node_02276,node_02276,57.7005,12.1995,,SE,8473,,False
node_02277,node_02277,53.2475,-6.2105,,IE,60277,,False
node_02278,node_02278,44.4885,11.3195,,IT,210218,,False
node_02279,node_02279,51.5015,-0.0105,,GB,31712,,False
node_02280,node_02280,58.1775,68.2505,,RU,12389,,False
node_02281,node_02281,58.9015,17.5605,,SE,8473,,False
node_02282,node_02282,48.7285,9.1115,,DE,12502,,False
node_02283,node_02283,56.9215,24.1415,,LV,47814,,False
node_02284,node_02284,47.2775,11.5015,,AT,34347,,False
node_02285,node_02285,50.8675,11.8675,,DE,8881,,False
node_02286,node_02286,53.1675,8.6075,,DE,9145,,False
node_02287,node_02287,42.3585,13.3875,,IT,43989,,False
node_02288,node_02288,59.6595,18.2675,,SE,33885,,False
node_02289,node_02289,52.1405,8.5275,,DE,9145,,False
node_02290,node_02290,51.6815,-1.4415,,GB,212109,,False
node_02291,node_02291,47.9415,13.0685,,AT,8445,,False
node_02292,node_02292,52.3605,5.6495,,NL,34612,,False
node_02293,node_02293,52.3595,5.6505,,NL,34612,,False
node_02294,node_02294,43.6005,1.4415,,FR,3215,,False
node_02295,node_02295,51.2375,-0.2485,,GB,5607,,False
node_02296,node_02296,51.3715,12.3715,,DE,3320,,False
node_02297,node_02297,52.8015,6.9315,,NL,1136,,False
node_02298,node_02298,-27.4225,153.0275,,AU,1221,,False
node_02299,node_02299,-41.2685,174.7675,,NZ,56030,,False
node_02300,node_02300,-41.2925,174.7695,,NZ,132003,,False
node_02301,node_02301,47.6615,-122.5705,,US,7922,,False
node_02302,node_02302,-27.5285,153.2005,,AU,38195,,False
node_02303,node_02303,56.5885,-2.6085,,GB,13285,,False
node_02304,node_02304,-27.5005,153.1215,,AU,38195,,False
node_02305,node_02305,60.7415,-135.0925,,CA,6058,,False
node_02306,node_02306,32.9775,-96.7315,,US,7018,,False
node_02307,node_02307,39.1005,-84.6115,,US,6181,,False
node_02308,node_02308,40.2185,-75.4005,,US,7922,,False
node_02309,node_02309,38.9915,-76.9395,,US,27,,False
node_02310,node_02310,45.5175,-122.8995,,US,20055,,False
node_02311,node_02311,43.6875,-79.5385,,CA,577,,False
node_02312,node_02312,37.3515,-121.9485,,US,7922,,False
node_02313,node_02313,48.7785,9.1775,,DE,3320,,False
node_02314,node_02314,51.5695,0.3985,,GB,2856,,False
node_02315,node_02315,49.4305,16.5395,,CZ,206703,,False
node_02316,node_02316,48.8615,2.3905,,FR,12322,,False
node_02317,node_02317,50.8805,4.5005,,BE,39923,,False
node_02318,node_02318,53.7285,9.9275,,DE,15943,,False
node_02319,node_02319,51.7495,0.1375,,GB,5089,,False
node_02320,node_02320,-33.9985,151.0675,,AU,38195,,False
node_02321,node_02321,59.3485,18.0185,,SE,8473,,False
node_02322,node_02322,53.5605,9.9085,,DE,52088,,False
node_02323,node_02323,50.0785,14.4695,,CZ,48417,,False
node_02324,node_02324,50.1285,8.9295,,DE,8881,,False
node_02325,node_02325,52.4575,13.5795,,DE,3320,,False
node_02326,node_02326,47.3905,18.9015,,HU,20845,,False
node_02327,node_02327,50.0315,14.2415,,CZ,29208,,False
node_02328,node_02328,52.5485,4.9085,,NL,1136,,False
node_02329,node_02329,48.8915,2.1485,,FR,12322,,False
node_02330,node_02330,53.5515,9.9895,,DE,20694,,False
node_02331,node_02331,48.4405,10.0475,,DE,48284,,False
node_02332,node_02332,37.9675,-1.2215,,ES,200845,,False
node_02333,node_02333,50.8105,7.1175,,DE,3209,,False
node_02334,node_02334,52.0905,4.2895,,NL,33915,,False
node_02335,node_02335,52.8385,0.1715,,GB,20712,,False
node_02336,node_02336,49.3515,8.1475,,DE,39351,,False
node_02337,node_02337,34.0775,-118.1225,,US,7018,,False
node_02338,node_02338,55.8915,-4.3115,,GB,20712,,False
node_02339,node_02339,-34.0825,150.8405,,AU,4764,,False
node_02340,node_02340,55.7185,13.2415,,SE,8473,,False
node_02341,node_02341,41.8175,3.0685,,ES,216392,,False
node_02342,node_02342,56.4595,84.9605,,RU,5567,,False
node_02343,node_02343,49.3375,8.6415,,DE,12480,,False
node_02344,node_02344,50.0315,14.2275,,CZ,34911,,False
node_02345,node_02345,52.0695,4.2975,,NL,1136,,False
node_02346,node_02346,53.0785,8.7985,,DE,50629,,False
node_02347,node_02347,42.7915,11.0985,,IT,43942,,False
node_02348,node_02348,55.6495,12.3105,,DK,204151,,False
node_02349,node_02349,55.6495,12.6315,,DK,203953,,False
node_02350,node_02350,47.6015,3.6775,,FR,12322,,False
node_02351,node_02351,55.7185,24.3685,,LT,1257,,False
node_02352,node_02352,48.8375,2.2395,,FR,12322,,False
node_02353,node_02353,59.2695,18.0495,,SE,50821,,False
node_02354,node_02354,38.7515,-8.9685,,PT,20879,,False
node_02355,node_02355,50.9995,-0.9405,,GB,20712,,False
node_02356,node_02356,52.5715,33.7595,,RU,43321,,False
node_02357,node_02357,56.1375,47.2515,,RU,48089,,False
node_02358,node_02358,52.9695,9.8475,,DE,3209,,False
node_02359,node_02359,43.7195,7.1485,,FR,3215,,False
node_02360,node_02360,50.0475,10.5695,,DE,3320,,False
node_02361,node_02361,37.2695,-121.9585,,US,7922,,False
node_02362,node_02362,46.9305,15.4815,,AT,39912,,False
node_02363,node_02363,48.6595,10.8175,,DE,3209,,False
node_02364,node_02364,46.0615,14.5075,,SI,44549,,False
node_02365,node_02365,49.2905,10.5605,,DE,3320,,False
node_02366,node_02366,-37.9215,145.4685,,AU,4764,,False
node_02367,node_02367,51.0715,-114.1015,,CA,6327,,False
node_02368,node_02368,-37.8125,144.9495,,AU,4764,,False
node_02369,node_02369,51.6515,-0.5325,,GB,5089,,False
node_02370,node_02370,37.9785,23.7395,,GR,3329,,False
node_02371,node_02371,47.5585,8.8995,,CH,41666,,False
node_02372,node_02372,50.1815,-5.4205,,GB,2856,,False
node_02373,node_02373,50.7215,-1.8895,,GB,5089,,False
node_02374,node_02374,47.0005,-71.2485,,CA,395075,,False
node_02375,node_02375,60.2285,24.7575,,FI,719,,False
node_02376,node_02376,41.0415,-111.9415,,US,7922,,False
node_02377,node_02377,43.8375,4.3495,,FR,5410,,False
node_02378,node_02378,50.0375,14.4995,,CZ,5610,,False
node_02379,node_02379,44.0485,-123.0885,,US,3582,,False
node_02380,node_02380,51.4895,-0.0025,,GB,202288,,False
node_02381,node_02381,51.7275,-1.3895,,GB,20712,,False
node_02382,node_02382,55.5705,37.5015,,RU,29124,,False
node_02383,node_02383,64.8815,-146.8485,,US,7782,,False
node_02384,node_02384,44.5595,6.5015,,FR,3215,,False
node_02385,node_02385,50.0195,14.4175,,CZ,44712,,False
node_02386,node_02386,55.7915,37.5085,,RU,42610,,False
node_02387,node_02387,50.0995,14.4415,,CZ,208712,,False
node_02388,node_02388,38.9795,-77.1625,,US,701,,False
node_02389,node_02389,55.5205,36.9775,,RU,48293,,False
node_02390,node_02390,55.8675,26.5195,,LV,12578,,False
node_02391,node_02391,52.3715,4.9315,,NL,50266,,False
node_02392,node_02392,55.8595,37.6575,,RU,28738,,False
node_02393,node_02393,55.8385,37.5005,,RU,201825,,False
node_02394,node_02394,55.6795,37.5805,,RU,42610,,False
node_02395,node_02395,55.9995,37.4315,,RU,206066,,False
node_02396,node_02396,51.9705,-5.0225,,GB,14593,,False
node_01981,node_01981,57.0815,60.5895,,RU,12389,,False
node_02397,node_02397,53.2985,23.2815,,PL,197480,,False
node_02398,node_02398,52.5715,13.3975,,DE,3209,,False
node_02399,node_02399,42.1395,-87.9285,,US,7018,,False
node_02400,node_02400,50.0875,19.9975,,PL,5617,,False
node_02401,node_02401,51.5395,20.0075,,PL,29314,,False
node_02402,node_02402,50.8815,8.7685,,DE,6805,,False
node_02403,node_02403,52.2515,21.2685,,PL,197704,,False
node_02404,node_02404,48.1875,11.6195,,DE,3209,,False
node_02405,node_02405,-34.0215,18.4795,,ZA,36874,,False
node_02406,node_02406,59.4395,24.7505,,EE,12757,,False
node_02407,node_02407,53.4405,14.4175,,PL,5617,,False
node_02408,node_02408,54.2195,37.6215,,RU,12389,,False
node_02409,node_02409,51.5075,15.2115,,PL,5617,,False
node_02410,node_02410,52.0775,4.7485,,NL,15435,,False
node_02411,node_02411,47.6685,8.0385,,DE,200924,,False
node_02412,node_02412,52.0385,8.5295,,DE,198967,,False
node_02413,node_02413,52.5105,5.0105,,NL,57795,,False
node_02414,node_02414,51.5405,-0.0895,,GB,12496,,False
node_02415,node_02415,44.1095,-72.6625,,US,17356,,False
node_02416,node_02416,43.0915,131.8585,,RU,42038,,False
node_02417,node_02417,1.3115,103.9085,,SG,23856,,False
node_02418,node_02418,43.9895,18.1805,,BA,9146,,False
node_02419,node_02419,53.2295,63.6215,,KZ,9198,,False
node_02420,node_02420,44.7395,11.8015,,IT,56550,,False
node_02421,node_02421,43.6485,-79.3805,,CA,5645,,False
node_02422,node_02422,50.3995,30.5715,,UA,49337,,False
node_02423,node_02423,46.1185,19.6275,,RS,8400,,False
node_02424,node_02424,49.4275,11.5395,,DE,3320,,False
node_02425,node_02425,49.8975,10.8795,,DE,198570,,False
node_02426,node_02426,51.0905,17.0095,,PL,199389,,False
node_02427,node_02427,48.1115,15.6005,,AT,8447,,False
node_02428,node_02428,50.0775,8.6215,,DE,3209,,False
node_02429,node_02429,48.0015,37.7875,,UA,44539,,False
node_02430,node_02430,52.9585,-1.0905,,GB,5378,,False
node_02431,node_02431,47.3195,11.6395,,AT,31543,,False
node_02432,node_02432,60.0785,30.1205,,RU,39087,,False
node_02433,node_02433,49.2285,6.9905,,DE,9067,,False
node_02434,node_02434,52.2305,5.3605,,NL,28685,,False
node_02435,node_02435,54.8715,8.9005,,DE,62336,,False
node_02436,node_02436,49.8395,24.0315,,UA,48957,,False
node_02437,node_02437,33.8295,-84.3785,,US,16591,,False
node_02438,node_02438,48.9595,14.4285,,CZ,16019,,False
node_02439,node_02439,51.0885,6.8895,,DE,3209,,False
node_02440,node_02440,39.0215,-77.4605,,US,3927,,False
node_02441,node_02441,35.9915,-78.9395,,US,7018,,False
node_02442,node_02442,44.8685,13.8505,,HR,2108,,False
node_02443,node_02443,52.2205,0.1575,,GB,199468,,False
node_02444,node_02444,52.3595,5.2175,,NL,206238,,False
node_02445,node_02445,50.9415,-1.4405,,GB,60377,,False
node_02446,node_02446,48.1885,11.5895,,DE,13246,,False
node_02447,node_02447,51.1875,6.8705,,DE,12676,,False
node_02448,node_02448,44.1215,15.2305,,HR,34594,,False
node_02449,node_02449,50.4175,30.5205,,UA,12963,,False
node_02450,node_02450,1.3495,103.8605,,SG,24482,,False
node_02451,node_02451,48.4605,35.0505,,UA,57670,,False
node_02452,node_02452,50.8805,20.6315,,PL,196890,,False
node_02453,node_02453,51.2915,0.3015,,GB,2856,,False
node_02454,node_02454,-36.7705,174.7115,,NZ,18199,,False
node_02455,node_02455,55.7505,37.5415,,RU,15556,,False
node_02456,node_02456,34.0215,-84.2785,,US,7018,,False
node_02457,node_02457,53.6385,-1.8325,,GB,43442,,False
node_02458,node_02458,51.5375,-0.0515,,GB,13285,,False
node_02459,node_02459,41.3485,21.5585,,MK,44566,,False
node_02460,node_02460,51.5995,-0.2015,,GB,13037,,False
node_02461,node_02461,46.8975,7.5495,,CH,15600,,False
node_02462,node_02462,42.2405,-71.1005,,US,7922,,False
node_02463,node_02463,42.0685,20.4195,,AL,8661,,False
node_02464,node_02464,41.1395,22.4995,,MK,199128,,False
node_02465,node_02465,59.4115,17.8505,,SE,12552,,False
node_02466,node_02466,52.1975,5.3815,,NL,1136,,False
node_02467,node_02467,55.7795,38.4415,,RU,21453,,False
node_02468,node_02468,32.8595,-117.1985,,US,20001,,False
node_02469,node_02469,-38.3605,144.7515,,AU,38195,,False
node_02470,node_02470,51.5275,-0.1025,,GB,52063,,False
node_02471,node_02471,49.5095,6.3775,,DE,8899,,False
node_02472,node_02472,57.7915,38.4485,,RU,57781,,False
node_02473,node_02473,60.0195,30.2485,,RU,35807,,False
node_02474,node_02474,-6.7715,39.2795,,TZ,37084,,False
node_02475,node_02475,-33.9495,151.2405,,AU,38195,,False
node_02476,node_02476,49.2275,11.0915,,DE,3209,,False
node_02477,node_02477,39.0305,-87.1685,,US,7922,,False
node_02478,node_02478,56.0205,92.8315,,RU,33991,,False
node_02479,node_02479,44.9175,-93.3225,,US,10242,,False
node_02480,node_02480,37.2795,-121.9425,,US,30640,,False
node_02481,node_02481,36.0685,-79.7925,,US,11426,,False
node_02482,node_02482,32.6705,-97.1525,,US,7018,,False
node_02483,node_02483,42.0385,-71.0615,,US,7922,,False
node_02484,node_02484,39.1385,-77.2515,,US,701,,False
node_02485,node_02485,47.4775,-122.1215,,US,7922,,False
node_02486,node_02486,40.3395,-105.5015,,US,397377,,False
node_02487,node_02487,42.3215,-83.4615,,US,12083,,False
node_02488,node_02488,46.7285,-117.0005,,US,20055,,False
node_02489,node_02489,37.6775,-77.3805,,US,7922,,False
node_02490,node_02490,39.0515,-77.4895,,US,701,,False
node_02491,node_02491,33.7095,-112.2885,,US,22773,,False
node_02492,node_02492,47.8105,-122.2285,,US,20055,,False
node_02493,node_02493,42.2985,-71.5725,,US,701,,False
node_02494,node_02494,36.9985,-122.0725,,US,5739,,False
node_02495,node_02495,29.6785,-95.4615,,US,7018,,False
node_02496,node_02496,37.8185,-78.4115,,US,397005,,False
node_02497,node_02497,53.5275,-113.3005,,CA,399016,,False
node_02498,node_02498,44.4685,-73.2005,,US,13977,,False
node_02499,node_02499,33.4505,-112.0705,,US,22773,,False
node_02500,node_02500,41.4915,-75.6505,,US,5650,,False
node_02501,node_02501,44.5285,-73.1295,,US,13977,,False
node_02502,node_02502,32.8815,-96.6695,,US,5650,,False
node_02503,node_02503,48.2905,-122.6685,,US,7922,,False
node_02504,node_02504,52.1375,6.0115,,NL,1136,,False
node_02505,node_02505,42.8915,-78.8785,,US,31775,,False
node_02506,node_02506,50.1185,8.6775,,DE,1273,,False
node_02507,node_02507,38.9105,-77.0425,,US,1273,,False
node_02508,node_02508,1.3475,103.8175,,SG,1273,,False
node_02509,node_02509,26.6095,-80.1425,,US,7922,,False
node_02510,node_02510,42.5905,-83.1825,,US,7922,,False
node_02511,node_02511,42.0075,-88.1105,,US,7922,,False
node_02512,node_02512,28.7985,-81.7305,,US,209,,False
node_02513,node_02513,41.2895,-88.1505,,US,7922,,False
node_02514,node_02514,41.3585,-73.4305,,US,7922,,False
node_02515,node_02515,42.8895,-85.7805,,US,7922,,False
node_02516,node_02516,39.6985,-75.0995,,US,701,,False
node_02517,node_02517,38.8105,-77.5995,,US,7922,,False
node_02518,node_02518,40.3495,-75.9185,,US,7922,,False
node_02519,node_02519,42.3705,-71.1085,,US,7922,,False
node_02520,node_02520,52.2895,4.9475,,NL,6830,,False
node_02521,node_02521,52.8285,-6.9015,,IE,215733,,False
node_02522,node_02522,64.2315,27.7285,,FI,1741,,False
node_02523,node_02523,61.0695,28.0895,,FI,1741,,False
node_02524,node_02524,60.2205,24.8595,,FI,51319,,False
node_02525,node_02525,50.8405,15.0195,,CZ,57728,,False
node_02526,node_02526,61.4675,21.7815,,FI,1741,,False
node_02527,node_02527,43.5685,-72.9685,,US,7922,,False
node_02528,node_02528,38.9695,-77.3885,,US,701,,False
node_02529,node_02529,43.6875,-79.3325,,CA,5645,,False
node_02530,node_02530,28.1995,-80.7925,,US,7018,,False
node_02531,node_02531,38.8715,46.1975,,AM,49800,,False
node_02532,node_02532,52.6695,-8.5515,,IE,207044,,False
node_02533,node_02533,40.2015,44.5085,,AM,12297,,False
node_02534,node_02534,55.8195,37.3685,,RU,29124,,False
node_02535,node_02535,53.3575,-6.2305,,IE,215733,,False
node_02536,node_02536,48.4885,-122.9005,,US,14593,,False
node_02537,node_02537,44.4875,26.1395,,RO,8708,,False
node_02538,node_02538,53.4275,-7.8895,,IE,47490,,False
node_02539,node_02539,61.4595,23.8405,,FI,719,,False
node_02540,node_02540,55.7795,12.5215,,DK,198455,,False
node_02541,node_02541,31.7575,-106.4885,,US,13807,,False
node_02542,node_02542,52.2795,5.1615,,NL,1136,,False
node_02543,node_02543,48.9105,2.3715,,FR,200271,,False
node_02544,node_02544,51.2305,4.3975,,BE,2611,,False
node_02545,node_02545,1.3005,103.7875,,SG,45494,,False
node_02546,node_02546,52.5275,13.8675,,DE,3320,,False
node_02547,node_02547,48.7605,2.0375,,FR,12322,,False
node_02548,node_02548,55.7585,37.6185,,RU,9039,,False
node_02549,node_02549,39.5205,-0.4715,,ES,13287,,False
node_02550,node_02550,42.0675,20.4195,,AL,8661,,False
node_02551,node_02551,51.2175,4.4005,,BE,5432,,False
node_02552,node_02552,49.8595,8.5505,,DE,3320,,False
node_02553,node_02553,42.2895,-71.4585,,US,7922,,False
node_02554,node_02554,52.3675,4.9015,,NL,33915,,False
node_02555,node_02555,57.7705,40.9175,,RU,12389,,False
node_02556,node_02556,48.3375,10.4485,,DE,3320,,False
node_02557,node_02557,47.4215,8.5985,,CH,13030,,False
node_02558,node_02558,43.2585,76.9085,,KZ,21299,,False
node_02559,node_02559,-38.1415,145.9485,,AU,4764,,False
node_02560,node_02560,51.1095,17.0385,,PL,29512,,False
node_02561,node_02561,52.0775,4.8095,,NL,1136,,False
node_02562,node_02562,50.4785,30.4805,,UA,16066,,False
node_02563,node_02563,50.9705,6.9005,,DE,8422,,False
node_02564,node_02564,45.3085,-73.2285,,CA,577,,False
node_02565,node_02565,50.9895,5.8315,,NL,50266,,False
node_02566,node_02566,48.4485,22.7075,,UA,56622,,False
node_02567,node_02567,55.7585,37.4175,,RU,50448,,False
node_02568,node_02568,-41.2895,174.7775,,NZ,56030,,False
node_02569,node_02569,52.0905,1.3185,,GB,2856,,False
node_02570,node_02570,60.0615,30.4285,,RU,35807,,False
node_02571,node_02571,52.3115,104.2895,,RU,21087,,False
node_02572,node_02572,50.5295,30.5995,,UA,21497,,False
node_02573,node_02573,48.1215,11.6095,,DE,3320,,False
node_02574,node_02574,49.2375,28.5005,,UA,49223,,False
node_02575,node_02575,54.6275,39.7215,,RU,15774,,False
node_02576,node_02576,51.6815,39.2115,,RU,44604,,False
node_02577,node_02577,41.8775,-87.6585,,US,7922,,False
node_02578,node_02578,56.7385,37.1815,,RU,25515,,False
node_02579,node_02579,55.9715,37.1815,,RU,42610,,False
node_02580,node_02580,48.0505,10.4975,,DE,6805,,False
node_02581,node_02581,47.3415,7.8675,,CH,3303,,False
node_02582,node_02582,57.1205,65.4975,,RU,15493,,False
node_02583,node_02583,49.6315,6.0175,,LU,9008,,False
node_02584,node_02584,28.0895,-16.6315,,ES,3352,,False
node_02585,node_02585,51.5095,7.4685,,DE,15763,,False
node_02586,node_02586,51.9195,4.4795,,NL,206238,,False
node_02587,node_02587,50.8115,14.9595,,CZ,31349,,False
node_02588,node_02588,51.4975,7.5295,,DE,15763,,False
node_02589,node_02589,45.3385,-75.9005,,CA,22684,,False
node_02590,node_02590,59.3595,18.1495,,SE,51815,,False
node_02591,node_02591,53.5715,-2.4095,,GB,6871,,False
node_02592,node_02592,51.3885,-1.3095,,GB,198736,,False
node_02593,node_02593,51.5115,-0.1295,,GB,5089,,False
node_02594,node_02594,51.3395,12.3815,,DE,680,,False
node_02595,node_02595,49.0095,8.3915,,DE,8881,,False
node_02596,node_02596,47.4485,8.5575,,CH,44776,,False
node_02597,node_02597,45.4395,-75.6825,,CA,13319,,False
node_02598,node_02598,45.4215,-75.7025,,CA,32881,,False
node_02599,node_02599,35.6015,139.6175,,JP,7514,,False
node_02600,node_02600,44.4315,26.0275,,RO,48112,,False
node_02601,node_02601,40.2105,44.5195,,AM,51090,,False
node_02602,node_02602,35.6975,139.7505,,JP,2500,,False
node_02603,node_02603,47.2815,1.1105,,FR,12322,,False
node_02604,node_02604,51.6475,39.1905,,RU,13178,,False
node_02605,node_02605,51.0385,3.7205,,BE,9031,,False
node_02606,node_02606,54.9395,73.4405,,RU,21127,,False
node_02607,node_02607,62.6295,7.0505,,NO,25400,,False
node_02608,node_02608,50.4985,30.4515,,UA,39608,,False
node_02609,node_02609,50.7015,7.0515,,DE,6805,,False
node_02610,node_02610,55.7115,12.5715,,DK,204151,,False
node_02611,node_02611,59.9005,30.3995,,RU,12555,,False
node_02612,node_02612,49.0405,3.9495,,FR,35540,,False
node_02613,node_02613,48.0915,19.7995,,HU,20845,,False
node_02614,node_02614,59.9275,30.3605,,RU,48670,,False
node_02615,node_02615,42.7075,23.2905,,BG,8866,,False
node_02616,node_02616,59.9295,30.3405,,RU,35807,,False
node_02617,node_02617,45.7895,15.9205,,HR,34362,,False
node_02618,node_02618,47.4175,9.3775,,CH,8758,,False
node_02619,node_02619,51.4095,-0.7725,,GB,215066,,False
node_02620,node_02620,47.5195,19.0675,,HU,20845,,False
node_02621,node_02621,52.2675,10.4985,,DE,3209,,False
node_02622,node_02622,50.0385,14.3685,,CZ,13036,,False
node_02623,node_02623,50.9095,4.6885,,BE,9031,,False
node_02624,node_02624,51.4915,-0.0015,,GB,5413,,False
node_02625,node_02625,55.6515,37.6295,,RU,51369,,False
node_02626,node_02626,50.0975,14.3495,,CZ,8251,,False
node_02627,node_02627,59.9085,30.3395,,RU,20764,,False
node_02628,node_02628,59.8185,17.6905,,SE,3301,,False
node_02629,node_02629,55.6915,36.2205,,RU,216071,,False
node_02630,node_02630,49.3875,1.0815,,FR,33835,,False
node_02631,node_02631,60.0105,29.7215,,RU,20764,,False
node_02632,node_02632,50.8515,2.8015,,BE,6848,,False
node_02633,node_02633,39.4175,-75.1825,,US,7922,,False
node_02634,node_02634,45.5205,-73.5825,,CA,1403,,False
node_02635,node_02635,42.2585,-83.5925,,US,7018,,False
node_02636,node_02636,35.3385,25.1385,,GR,25472,,False
node_02637,node_02637,50.9685,5.0685,,BE,6848,,False
node_02638,node_02638,50.8905,4.6885,,BE,5432,,False
node_02639,node_02639,39.7415,-84.0915,,US,30600,,False
node_02640,node_02640,47.2775,1.1085,,FR,15557,,False
node_02641,node_02641,37.8305,-121.9915,,US,7922,,False
node_02642,node_02642,35.6015,139.6785,,JP,9367,,False
node_02643,node_02643,52.3475,4.9095,,NL,33915,,False
node_02644,node_02644,38.9675,-77.3105,,US,701,,False
node_02645,node_02645,61.6315,7.2595,,NO,31169,,False
node_02646,node_02646,35.5675,45.4305,,IQ,39216,,False
node_02647,node_02647,53.3385,-6.2795,,IE,199588,,False
node_02648,node_02648,40.9475,22.4105,,GR,1241,,False
node_02649,node_02649,43.8995,11.0105,,IT,31319,,False
node_02650,node_02650,51.1205,3.0005,,BE,6848,,False
node_02651,node_02651,51.0515,3.7305,,BE,6848,,False
node_02652,node_02652,56.3585,12.8115,,SE,57084,,False
node_02653,node_02653,46.9005,15.7115,,AT,60587,,False
node_02654,node_02654,51.1505,3.5715,,BE,6848,,False
node_02655,node_02655,47.4985,18.7415,,HU,5483,,False
node_02656,node_02656,50.5195,30.6215,,UA,34743,,False
node_02657,node_02657,41.4775,2.1075,,ES,30892,,False
node_02658,node_02658,41.3185,2.0275,,ES,30892,,False
node_02659,node_02659,55.5085,13.1275,,SE,8473,,False
node_02660,node_02660,48.7905,2.4075,,FR,59689,,False
node_02661,node_02661,48.7875,2.4085,,FR,58308,,False
node_02662,node_02662,53.5475,9.9785,,DE,8220,,False
node_02663,node_02663,50.9885,4.8585,,BE,6848,,False
node_02664,node_02664,52.3685,5.1895,,NL,1136,,False
node_02665,node_02665,42.5715,12.6515,,IT,60409,,False
node_02666,node_02666,52.3575,4.9515,,NL,1101,,False
node_02667,node_02667,-21.1825,-175.2185,,TO,24390,,False
node_02668,node_02668,52.0915,5.1815,,NL,1103,,False
node_02669,node_02669,51.0285,4.0475,,BE,211037,,False
node_02670,node_02670,47.7595,-122.3025,,US,209,,False
node_02671,node_02671,50.4275,3.7375,,BE,5432,,False
node_02672,node_02672,51.8385,5.8475,,NL,206238,,False
node_02673,node_02673,45.7985,15.9285,,HR,34362,,False
node_02674,node_02674,48.1695,7.5385,,FR,35426,,False
node_02675,node_02675,48.0115,7.8485,,DE,35426,,False
node_02676,node_02676,45.8005,15.9685,,HR,1886,,False
node_02677,node_02677,47.4385,8.3595,,CH,212865,,False
node_02678,node_02678,41.3915,2.1095,,ES,13041,,False
node_02679,node_02679,60.2115,24.8895,,FI,16086,,False
node_02680,node_02680,-34.8825,-56.1795,,UY,6057,,False
node_02681,node_02681,41.3215,19.8205,,AL,42313,,False
node_02682,node_02682,43.8275,1.3015,,FR,12322,,False
node_02683,node_02683,35.9195,-78.7085,,US,11426,,False
node_02684,node_02684,51.6085,-3.9825,,GB,786,,False
node_02685,node_02685,50.7605,-1.9825,,GB,60377,,False
node_02686,node_02686,53.5695,9.9475,,DE,3320,,False
node_02687,node_02687,50.5115,30.5075,,UA,13188,,False
node_02688,node_02688,51.0795,3.6885,,BE,6848,,False
node_02689,node_02689,52.0615,5.1395,,NL,206238,,False
node_02690,node_02690,45.8295,-77.1095,,CA,7992,,False
node_02691,node_02691,45.5585,-0.9495,,FR,12322,,False
node_02692,node_02692,42.9905,-81.2395,,CA,40788,,False
node_02693,node_02693,44.3775,7.5415,,IT,44084,,False
node_02694,node_02694,64.1785,11.8275,,NO,34087,,False
node_02695,node_02695,40.3675,-79.9625,,US,701,,False
node_02696,node_02696,50.8405,5.6875,,NL,33915,,False
node_02697,node_02697,37.8815,-122.1825,,US,7922,,False
node_02698,node_02698,51.0915,4.9085,,BE,6848,,False
node_02699,node_02699,43.3275,3.0395,,FR,12322,,False
node_02700,node_02700,50.9385,11.5595,,DE,3320,,False
node_02701,node_02701,49.3305,-123.0295,,CA,852,,False
node_02702,node_02702,50.7195,7.0205,,DE,3320,,False
node_02703,node_02703,19.0015,72.8305,,IN,24560,,False
node_02704,node_02704,51.6385,-0.6985,,GB,207645,,False
node_02705,node_02705,40.1795,-75.4585,,US,701,,False
node_02706,node_02706,52.5075,13.4415,,DE,58243,,False
node_02707,node_02707,45.1085,38.9915,,RU,12389,,False
node_02708,node_02708,53.4315,-2.2285,,GB,51809,,False
node_02709,node_02709,45.1695,5.7175,,FR,12322,,False
node_02710,node_02710,51.5185,-0.7215,,GB,20860,,False
node_02711,node_02711,51.6485,-0.2015,,GB,210805,,False
node_02712,node_02712,51.9295,-0.2415,,GB,212655,,False
node_02713,node_02713,48.2285,-1.4815,,FR,35540,,False
node_02714,node_02714,49.3715,8.2485,,DE,8881,,False
node_02715,node_02715,52.1015,-0.1805,,GB,20712,,False
node_02716,node_02716,42.0375,-88.2795,,US,63394,,False
node_02717,node_02717,60.1495,24.7405,,FI,719,,False
node_02718,node_02718,55.8505,37.6205,,RU,41275,,False
node_02719,node_02719,50.8105,3.2805,,BE,2611,,False
node_02720,node_02720,47.7085,9.5515,,DE,6805,,False
node_02721,node_02721,49.7985,-97.1485,,CA,16796,,False
node_02722,node_02722,40.2985,-121.0525,,US,5650,,False
node_02723,node_02723,32.9815,-96.8225,,US,7018,,False
node_02724,node_02724,34.0005,-118.4625,,US,5650,,False
node_02725,node_02725,51.2015,9.7275,,DE,39835,,False
node_02726,node_02726,44.8275,11.5985,,IT,137,,False
node_02727,node_02727,39.3275,-120.1815,,US,19108,,False
node_02728,node_02728,53.5495,9.9885,,DE,9211,,False
node_02729,node_02729,35.8585,-78.6605,,US,16591,,False
node_02730,node_02730,34.1695,-84.8005,,US,7922,,False
node_02731,node_02731,51.0175,3.1295,,BE,9031,,False
node_02732,node_02732,44.7515,-108.7605,,US,4474,,False
node_02733,node_02733,41.1375,-81.8495,,US,15081,,False
node_02734,node_02734,38.8085,-9.1195,,PT,2860,,False
node_02735,node_02735,1.2985,103.7905,,SG,41095,,False
node_02736,node_02736,47.0985,9.0605,,CH,13030,,False
node_02737,node_02737,53.4795,-2.2495,,GB,25460,,False
node_02738,node_02738,48.7295,21.2905,,SK,42841,,False
node_02739,node_02739,50.9605,9.7605,,DE,3320,,False
node_02740,node_02740,48.0415,38.1505,,UA,211101,,False
node_02741,node_02741,36.0575,-86.9385,,US,7922,,False
node_02742,node_02742,35.6915,139.9815,,JP,55391,,False
node_02743,node_02743,50.9375,6.8875,,DE,8422,,False
node_02744,node_02744,22.3695,114.1175,,HK,41095,,False
node_02745,node_02745,49.8595,8.6385,,DE,3320,,False
node_02746,node_02746,55.7495,-3.3515,,GB,6871,,False
node_02747,node_02747,32.7905,34.9985,,IL,6810,,False
node_02748,node_02748,48.7415,9.0885,,DE,3320,,False
node_02749,node_02749,52.4695,13.4205,,DE,8881,,False
node_02750,node_02750,52.2905,-1.5195,,GB,8851,,False
node_02751,node_02751,50.9485,5.9615,,NL,1136,,False
node_02752,node_02752,60.2075,24.6615,,FI,49866,,False
node_02753,node_02753,52.5415,13.4015,,DE,3320,,False
node_02754,node_02754,47.0205,15.5075,,AT,51184,,False
node_02755,node_02755,28.5395,-82.3025,,US,33363,,False
node_02756,node_02756,52.3015,5.6275,,NL,201290,,False
node_02757,node_02757,29.6775,-82.3615,,US,7018,,False
node_02758,node_02758,51.3995,-0.1615,,GB,31493,,False
node_02759,node_02759,48.0415,-4.4815,,FR,3215,,False
node_02760,node_02760,43.4795,-70.7215,,US,11351,,False
node_02761,node_02761,52.2215,0.0095,,GB,13037,,False
node_02762,node_02762,48.7475,2.3005,,FR,12322,,False
node_02763,node_02763,-33.8315,151.2105,,AU,38195,,False
node_02764,node_02764,58.8795,5.7205,,NO,201454,,False
node_02765,node_02765,49.8985,-97.1385,,CA,395611,,False
node_02766,node_02766,-22.5705,17.1015,,NA,33763,,False
node_02767,node_02767,39.2785,-81.6025,,US,40098,,False
node_02768,node_02768,-37.7125,145.0775,,AU,4764,,False
node_02769,node_02769,-27.4685,153.0185,,AU,38195,,False
node_02770,node_02770,47.1975,8.7785,,CH,15796,,False
node_02771,node_02771,7.0075,100.4895,,TH,9464,,False
node_02772,node_02772,35.8385,-79.0605,,US,7018,,False
node_02773,node_02773,52.0795,0.1795,,GB,786,,False
node_02774,node_02774,45.7395,15.7595,,HR,5391,,False
node_02775,node_02775,44.9315,4.8895,,FR,15557,,False
node_02776,node_02776,52.2475,5.9995,,NL,205617,,False
node_02777,node_02777,51.5075,-0.1195,,GB,199283,,False
node_02778,node_02778,40.2695,23.4505,,GR,6799,,False
node_02779,node_02779,40.1785,44.5175,,AM,49800,,False
node_02780,node_02780,39.0205,-77.4625,,US,16668,,False
node_02781,node_02781,37.8605,-122.2825,,US,46375,,False
node_02782,node_02782,42.0315,-70.0715,,US,7922,,False
node_02783,node_02783,41.0585,-74.7495,,US,3580,,False
node_02784,node_02784,44.9475,34.1005,,UA,6789,,False
node_02785,node_02785,50.6305,29.8705,,UA,35362,,False
node_02786,node_02786,44.9715,-93.2295,,US,217,,False
node_02787,node_02787,37.3415,-121.8895,,US,7922,,False
node_02788,node_02788,44.3775,-73.2285,,US,33604,,False
node_02789,node_02789,51.7085,8.7715,,DE,201701,,False
node_02790,node_02790,40.0015,-105.2285,,US,7922,,False
node_02791,node_02791,48.5085,32.2615,,UA,31725,,False
node_02792,node_02792,50.0375,36.2175,,UA,21390,,False
node_02793,node_02793,49.9895,36.2175,,UA,15626,,False
node_02794,node_02794,55.9205,37.7175,,RU,34123,,False
node_02795,node_02795,47.6785,-122.3115,,US,7922,,False
node_02796,node_02796,46.2315,2.2085,,FR,20766,,False
node_02797,node_02797,54.7375,37.4485,,RU,48969,,False
node_02798,node_02798,50.0015,36.2385,,UA,21500,,False
node_02799,node_02799,40.0675,-82.9405,,US,7018,,False
node_02800,node_02800,47.7185,-122.1905,,US,20055,,False
node_02801,node_02801,50.4375,30.5005,,UA,48756,,False
node_02802,node_02802,39.0615,-76.6495,,US,7922,,False
node_02803,node_02803,37.3375,-121.8895,,US,7922,,False
node_02804,node_02804,47.6775,-122.3885,,US,209,,False
node_02805,node_02805,41.6205,-73.7085,,US,5650,,False
node_02806,node_02806,41.9615,-87.7285,,US,7922,,False
node_02807,node_02807,37.2975,-121.9085,,US,7922,,False
node_02808,node_02808,50.4575,30.4475,,UA,35320,,False
node_02809,node_02809,36.9475,-121.9725,,US,46375,,False
node_02810,node_02810,51.6885,8.7375,,DE,201701,,False
node_02811,node_02811,46.3185,7.9875,,CH,25353,,False
node_02812,node_02812,48.4715,35.0075,,UA,35320,,False
node_02813,node_02813,45.4275,-122.7115,,US,7922,,False
node_02814,node_02814,40.6285,22.9585,,GR,5470,,False
node_02815,node_02815,48.1395,11.5785,,DE,5539,,False
node_02816,node_02816,56.1715,10.2285,,DK,39642,,False
node_02817,node_02817,51.8085,-0.8415,,GB,5089,,False
node_02818,node_02818,34.1295,-118.3715,,US,7018,,False
node_02819,node_02819,42.5415,-76.6715,,US,395685,,False
node_02820,node_02820,47.4175,8.3995,,CH,8758,,False
node_02821,node_02821,37.8885,23.7405,,GR,6799,,False
node_02822,node_02822,52.2395,5.3605,,NL,28685,,False
node_02823,node_02823,32.9215,-96.5495,,US,5650,,False
node_02824,node_02824,50.9975,5.8905,,NL,33915,,False
node_02825,node_02825,47.2895,-1.8795,,FR,12322,,False
node_02826,node_02826,35.6685,139.8215,,JP,4713,,False
node_02827,node_02827,49.9495,36.3815,,UA,13188,,False
node_02828,node_02828,46.2005,6.1315,,CH,13030,,False
node_02829,node_02829,37.7815,-122.4885,,US,46375,,False
node_02830,node_02830,-36.8515,174.7715,,NZ,24398,,False
node_02831,node_02831,38.7285,-77.4125,,US,701,,False
node_02832,node_02832,-22.5615,17.0675,,NA,37009,,False
node_02833,node_02833,45.3915,-75.7525,,CA,13319,,False
node_02834,node_02834,49.3775,5.9485,,FR,12322,,False
node_02835,node_02835,50.0085,14.5385,,CZ,206420,,False
node_02836,node_02836,40.2705,22.5085,,GR,6799,,False
node_02837,node_02837,49.2015,6.2085,,FR,12322,,False
node_02838,node_02838,57.3375,12.1485,,SE,204334,,False
node_02839,node_02839,43.3195,21.8885,,RS,13303,,False
node_02840,node_02840,-34.8295,-55.9615,,UY,6057,,False
node_02841,node_02841,50.6115,26.2685,,UA,50392,,False
node_02842,node_02842,52.2405,21.0395,,PL,39834,,False
node_02843,node_02843,52.5705,-0.2405,,GB,20712,,False
node_02844,node_02844,-53.1485,-70.9205,,CL,6535,,False
node_02845,node_02845,10.0715,-69.3005,,VE,8048,,False
node_02846,node_02846,52.3605,4.9595,,NL,8587,,False
node_02847,node_02847,53.2485,50.2205,,RU,3216,,False
node_02848,node_02848,59.9405,11.1605,,NO,2116,,False
node_02849,node_02849,41.6395,-4.7385,,ES,3352,,False
node_02850,node_02850,45.4895,-73.8085,,CA,577,,False
node_02851,node_02851,52.1295,21.0575,,PL,1887,,False
node_02852,node_02852,42.2575,-83.8915,,US,267,,False
node_02853,node_02853,59.4085,17.8385,,SE,8473,,False
node_02854,node_02854,37.8795,-122.2715,,US,46375,,False
node_02855,node_02855,45.0985,24.3785,,RO,8708,,False
node_02856,node_02856,50.0695,8.8385,,DE,3320,,False
node_02857,node_02857,3.1405,101.4905,,MY,4788,,False
node_02858,node_02858,37.8795,-122.5185,,US,7018,,False
node_02859,node_02859,37.9975,23.7715,,GR,3329,,False
node_02860,node_02860,41.1385,24.8915,,GR,8253,,False
node_02861,node_02861,38.0385,23.7515,,GR,202042,,False
node_02862,node_02862,52.0185,7.6675,,DE,3320,,False
node_02863,node_02863,49.7915,6.2675,,LU,2602,,False
node_02864,node_02864,37.9975,23.6775,,GR,9069,,False
node_02865,node_02865,43.6815,7.0085,,FR,3215,,False
node_02866,node_02866,52.4415,13.4395,,DE,8881,,False
node_02867,node_02867,51.4275,-3.2705,,GB,13037,,False
node_02868,node_02868,37.7705,-122.4205,,US,7922,,False
node_02869,node_02869,51.5185,-3.4995,,GB,215066,,False
node_02870,node_02870,49.5105,6.1105,,LU,6661,,False
node_02871,node_02871,37.9795,23.7405,,GR,51505,,False
node_02872,node_02872,51.8105,-3.9595,,GB,215066,,False
node_02873,node_02873,35.1595,33.3715,,CY,6866,,False
node_02874,node_02874,-1.2205,36.8775,,KE,36914,,False
node_02875,node_02875,45.3705,-75.7425,,CA,577,,False
node_02876,node_02876,45.4985,-73.5815,,CA,376,,False
node_02877,node_02877,39.0015,-77.0715,,US,701,,False
node_02878,node_02878,43.1715,-70.8705,,US,7922,,False
node_02879,node_02879,50.0775,8.6315,,DE,203520,,False
node_02880,node_02880,51.4315,0.0615,,GB,201838,,False
node_02881,node_02881,50.0875,14.4375,,CZ,29208,,False
node_02882,node_02882,37.7595,-121.9025,,US,7018,,False
node_02883,node_02883,48.8175,2.3975,,FR,35600,,False
node_02884,node_02884,44.9285,-123.0225,,US,21928,,False
node_02885,node_02885,37.2985,-121.8615,,US,7922,,False
node_02886,node_02886,34.3915,132.4485,,JP,17676,,False
node_02887,node_02887,38.9415,-77.3305,,US,7922,,False
node_02888,node_02888,37.2785,-121.8605,,US,7018,,False
node_02889,node_02889,35.2485,136.9705,,JP,4725,,False
node_02890,node_02890,59.3975,24.7005,,EE,49604,,False
node_02891,node_02891,32.9885,-96.7085,,US,3356,,False
node_02892,node_02892,43.6415,-71.7385,,US,11776,,False
node_02893,node_02893,44.4175,26.0315,,RO,12302,,False
node_02894,node_02894,50.4515,30.5115,,UA,12963,,False
node_02895,node_02895,50.4205,3.0475,,FR,199636,,False
node_02896,node_02896,39.4775,-76.2825,,US,701,,False
node_02897,node_02897,52.1705,5.3975,,NL,50266,,False
node_02898,node_02898,39.3315,-76.3925,,US,7922,,False
node_02899,node_02899,45.4175,-75.7015,,CA,397168,,False
node_02900,node_02900,41.7695,-72.6915,,US,22742,,False
node_02901,node_02901,43.3605,-5.8515,,ES,57269,,False
node_02902,node_02902,59.9405,10.7195,,NO,224,,False
node_02903,node_02903,52.1815,4.4995,,NL,206238,,False
node_02904,node_02904,47.5375,21.6105,,HU,5483,,False
node_02905,node_02905,50.0505,30.2205,,UA,48437,,False
node_02906,node_02906,64.1405,-21.8985,,IS,51896,,False
node_02907,node_02907,-43.4885,172.6115,,NZ,64073,,False
node_02908,node_02908,57.0085,10.0715,,DK,204151,,False
node_02909,node_02909,40.5405,-74.4285,,US,6128,,False
node_02910,node_02910,46.9875,7.4575,,CH,3303,,False
node_02911,node_02911,48.9075,2.3575,,FR,16347,,False
node_02912,node_02912,48.8685,2.2175,,FR,16347,,False
node_02913,node_02913,50.9395,-1.4125,,GB,13037,,False
node_02914,node_02914,52.0315,4.4985,,NL,58291,,False
node_02915,node_02915,51.1275,6.9585,,DE,58243,,False
node_02916,node_02916,52.3685,4.6285,,NL,1136,,False
node_02917,node_02917,52.2375,0.5795,,GB,5607,,False
node_02918,node_02918,49.2585,2.4595,,FR,15557,,False
node_02919,node_02919,47.3495,8.3695,,CH,13030,,False
node_02920,node_02920,44.9885,34.0895,,UA,197159,,False
node_02921,node_02921,37.9495,23.7105,,GR,3329,,False
node_02922,node_02922,52.1405,4.5205,,NL,206238,,False
node_02923,node_02923,52.2805,8.0305,,DE,680,,False
node_02924,node_02924,45.4885,18.9815,,HR,31012,,False
node_02925,node_02925,49.3415,11.0115,,DE,3320,,False
node_02926,node_02926,58.8215,5.7115,,NO,29695,,False
node_02927,node_02927,50.1075,14.2715,,CZ,48926,,False
node_02928,node_02928,47.4185,9.3415,,CH,21040,,False
node_02929,node_02929,49.1795,16.5515,,CZ,31246,,False
node_02930,node_02930,39.2815,-84.3185,,US,6181,,False
node_02931,node_02931,41.8495,-87.6225,,US,36692,,False
node_02932,node_02932,35.6175,139.7485,,JP,36692,,False
node_02933,node_02933,52.2615,6.2185,,NL,1136,,False
node_02934,node_02934,42.2205,-83.6705,,US,7018,,False
node_02935,node_02935,37.2875,-121.8595,,US,7018,,False
node_02936,node_02936,60.1585,24.9415,,FI,16302,,False
node_02937,node_02937,46.3085,16.3415,,HR,2108,,False
node_02938,node_02938,48.8995,2.4475,,FR,12322,,False
node_02939,node_02939,40.6875,22.9475,,GR,50919,,False
node_02940,node_02940,47.5195,19.0585,,HU,5483,,False
node_02941,node_02941,-36.8615,174.5995,,NZ,18199,,False
node_02942,node_02942,52.2915,4.5895,,NL,206238,,False
node_02943,node_02943,41.3895,-73.3905,,US,7922,,False
node_02944,node_02944,50.6905,5.6995,,BE,12392,,False
node_02945,node_02945,51.6385,8.5105,,DE,3320,,False
node_02946,node_02946,39.1605,-86.5295,,US,18530,,False
node_02947,node_02947,51.7205,8.7605,,DE,3209,,False
node_02948,node_02948,37.3315,-4.3695,,ES,200845,,False
node_02949,node_02949,52.0915,5.1105,,NL,1103,,False
node_02950,node_02950,49.8695,-97.1485,,CA,7122,,False
node_02951,node_02951,33.3805,-84.8025,,US,7018,,False
node_02952,node_02952,-29.1085,26.2185,,ZA,3741,,False
node_02953,node_02953,45.5315,13.6585,,SI,34779,,False
node_02954,node_02954,50.9195,4.2095,,BE,6848,,False
node_02955,node_02955,-33.3795,18.9195,,ZA,327849,,False
node_02956,node_02956,-15.3885,28.3195,,ZM,30844,,False
node_02957,node_02957,-1.2925,36.8205,,KE,12556,,False
node_02958,node_02958,30.6895,76.8615,,IN,135817,,False
node_02959,node_02959,44.8115,20.4015,,RS,13004,,False
node_02960,node_02960,52.8415,-1.1825,,GB,2856,,False
node_02961,node_02961,33.5915,130.4375,,JP,17506,,False
node_02962,node_02962,50.8075,5.3885,,BE,47377,,False
node_02963,node_02963,35.5975,139.5885,,JP,55911,,False
node_02964,node_02964,46.8785,19.6785,,HU,5483,,False
node_02965,node_02965,33.7485,-84.3915,,US,46562,,False
node_02966,node_02966,43.5805,7.1285,,FR,3215,,False
node_02967,node_02967,47.4095,8.5495,,CH,559,,False
node_02968,node_02968,48.4605,-123.2905,,CA,852,,False
node_02969,node_02969,40.3975,-3.6985,,ES,3352,,False
node_02970,node_02970,50.8385,4.4415,,BE,6848,,False
node_02971,node_02971,53.2095,50.1515,,RU,34533,,False
node_02972,node_02972,39.5105,-0.4185,,ES,766,,False
node_02973,node_02973,41.5085,12.7775,,IT,20912,,False
node_02974,node_02974,49.7105,6.4575,,LU,60288,,False
node_02975,node_02975,49.5875,6.1375,,LU,2602,,False
node_02976,node_02976,42.6485,-84.6505,,US,12083,,False
node_02977,node_02977,49.3895,8.6695,,DE,211417,,False
node_02978,node_02978,38.2275,-122.6395,,US,54390,,False
node_02979,node_02979,49.8295,13.9005,,CZ,201533,,False
node_02980,node_02980,59.4585,24.6915,,EE,60415,,False
node_02981,node_02981,59.4385,18.0675,,SE,8473,,False
node_02982,node_02982,55.0395,82.9375,,RU,31200,,False
node_02983,node_02983,48.8095,2.3885,,FR,12322,,False
node_02984,node_02984,48.7715,2.3385,,FR,20766,,False
node_02985,node_02985,48.7815,1.9585,,FR,3215,,False
node_02986,node_02986,1.3185,103.8495,,SG,4773,,False
node_02987,node_02987,47.2315,-1.6005,,FR,12322,,False
node_02988,node_02988,55.8275,-4.1205,,GB,13037,,False
node_02989,node_02989,28.0485,-82.7305,,US,5650,,False
node_02990,node_02990,45.7975,16.0205,,HR,5391,,False
node_02991,node_02991,1.3205,103.9205,,SG,18106,,False
node_02992,node_02992,33.8075,132.7615,,JP,7522,,False
node_02993,node_02993,51.9405,15.5015,,PL,9141,,False
node_02994,node_02994,55.7105,12.5715,,DK,42541,,False
node_02995,node_02995,51.6505,-0.1825,,GB,6871,,False
node_02996,node_02996,51.2175,6.7675,,DE,3209,,False
node_02997,node_02997,51.2085,-2.6425,,GB,43915,,False
node_02998,node_02998,52.0615,4.3975,,NL,33915,,False
node_02999,node_02999,47.6595,-117.1495,,US,7922,,False
node_03000,node_03000,47.6505,-117.1695,,US,7922,,False
node_03001,node_03001,52.1915,5.6105,,NL,61044,,False
node_03002,node_03002,56.9495,24.1105,,LV,20910,,False
node_03003,node_03003,1.3795,103.8415,,SG,18106,,False
node_03004,node_03004,55.9505,-3.2325,,GB,13285,,False
node_03005,node_03005,53.2685,-2.7725,,GB,20712,,False
node_03006,node_03006,37.0705,-121.6115,,US,20115,,False
node_03007,node_03007,37.2205,-121.8515,,US,7922,,False
node_03008,node_03008,47.7185,-122.3205,,US,209,,False
node_03009,node_03009,38.5895,-93.8505,,US,14593,,False
node_03010,node_03010,52.2805,4.8595,,NL,1136,,False
node_03011,node_03011,52.8975,-2.5095,,GB,13037,,False
node_03012,node_03012,51.5095,-0.7495,,GB,13037,,False
node_03013,node_03013,40.6705,-73.9795,,US,701,,False
node_03014,node_03014,52.0295,-0.8885,,GB,2856,,False
node_03015,node_03015,51.4995,7.5515,,DE,3209,,False
node_03016,node_03016,55.7205,12.5475,,DK,31027,,False
node_03017,node_03017,56.9395,24.1975,,LV,13194,,False
node_03018,node_03018,52.4485,13.1285,,DE,3209,,False
node_03019,node_03019,49.8375,18.1695,,CZ,30764,,False
node_03020,node_03020,55.7195,12.5495,,DK,35158,,False
node_03021,node_03021,52.5315,13.3505,,DE,6805,,False
node_03022,node_03022,52.5205,13.4405,,DE,8220,,False
node_03023,node_03023,45.5395,-73.6285,,CA,5769,,False
node_03024,node_03024,56.5005,84.9515,,RU,44417,,False
node_03025,node_03025,37.1675,138.2315,,JP,131937,,False
node_03026,node_03026,50.3995,80.2595,,KZ,21282,,False
node_03027,node_03027,53.5015,-2.3495,,GB,212655,,False
node_03028,node_03028,52.1075,11.6385,,DE,3320,,False
node_03029,node_03029,49.8995,11.0285,,DE,3320,,False
node_03030,node_03030,49.5695,5.9095,,LU,6661,,False
node_03031,node_03031,51.4795,-3.1705,,GB,5089,,False
node_03032,node_03032,51.6305,-3.9985,,GB,20712,,False
node_03033,node_03033,53.5595,9.9515,,DE,15943,,False
node_03034,node_03034,51.6515,39.1775,,RU,20485,,False
node_03035,node_03035,50.2705,-5.1815,,GB,20712,,False
node_03036,node_03036,52.3675,4.8505,,NL,206238,,False
node_03037,node_03037,51.3375,1.0205,,GB,13285,,False
node_03038,node_03038,1.2785,103.8305,,SG,4773,,False
node_03039,node_03039,48.6385,1.8315,,FR,3215,,False
node_03040,node_03040,52.5895,13.4315,,DE,3320,,False
node_03041,node_03041,52.2995,6.5075,,NL,61060,,False
node_03042,node_03042,48.6115,11.7475,,DE,3320,,False
node_03043,node_03043,21.2975,-157.8215,,US,6360,,False
node_03044,node_03044,47.3305,4.8285,,FR,5410,,False
node_03045,node_03045,48.8475,2.7895,,FR,12322,,False
node_03046,node_03046,52.3975,0.2605,,GB,2856,,False
node_03047,node_03047,-37.2285,144.4505,,AU,4764,,False
node_03048,node_03048,42.3985,-82.1885,,CA,1403,,False
node_03049,node_03049,52.2785,10.5175,,DE,8881,,False
node_03050,node_03050,50.8295,12.9415,,DE,3320,,False
node_03051,node_03051,51.2515,22.5375,,PL,12324,,False
node_03052,node_03052,4.8615,31.6085,,SS,37406,,False
node_03053,node_03053,-1.9405,30.0595,,RW,37006,,False
node_03054,node_03054,51.0485,4.4615,,BE,6848,,False
node_03055,node_03055,51.0805,3.7275,,BE,8368,,False
node_03056,node_03056,52.3575,4.8375,,NL,1136,,False
node_03057,node_03057,51.1315,5.4475,,BE,47377,,False
node_03058,node_03058,53.6395,10.0185,,DE,3320,,False
node_03059,node_03059,41.2315,-96.0515,,US,22773,,False
node_03060,node_03060,39.0815,-77.5015,,US,7922,,False
node_03061,node_03061,50.1315,8.6895,,DE,3209,,False
node_03062,node_03062,49.3185,-123.0795,,CA,5645,,False
node_03063,node_03063,42.8905,-85.9885,,US,20115,,False
node_03064,node_03064,52.3385,6.0515,,NL,206238,,False
node_03065,node_03065,54.8095,-1.6285,,GB,13037,,False
node_03066,node_03066,45.6115,8.8215,,IT,12874,,False
node_03067,node_03067,52.0315,5.5415,,NL,1136,,False
node_03068,node_03068,56.1995,9.5775,,DK,8473,,False
node_03069,node_03069,59.9685,30.3385,,RU,41722,,False
node_03070,node_03070,49.4515,10.9185,,DE,3320,,False
node_03071,node_03071,45.4485,-122.7915,,US,7922,,False
node_03072,node_03072,60.3415,5.3885,,NO,29695,,False
node_03073,node_03073,50.5085,7.2895,,DE,201701,,False
node_03074,node_03074,49.4805,8.4695,,DE,3320,,False
node_03075,node_03075,59.3575,17.9705,,SE,3399,,False
node_03076,node_03076,49.4415,7.7615,,DE,3209,,False
node_03077,node_03077,47.0505,8.3085,,CH,51873,,False
node_03078,node_03078,59.8495,30.3585,,RU,196750,,False
node_03079,node_03079,47.0595,8.3295,,CH,51873,,False
node_03080,node_03080,-34.5715,-60.9505,,AR,52314,,False
node_03081,node_03081,51.7605,5.5095,,NL,61044,,False
node_03082,node_03082,-33.2915,-66.3395,,AR,4270,,False
node_03083,node_03083,47.0515,8.3105,,CH,51873,,False
node_03084,node_03084,40.7205,-73.9885,,US,701,,False
node_03085,node_03085,27.6875,85.3215,,NP,45845,,False
node_03086,node_03086,46.1675,8.7985,,CH,12620,,False
node_03087,node_03087,-38.1415,-72.3085,,CL,14593,,False
node_03088,node_03088,25.0895,55.1475,,AE,15802,,False
node_03089,node_03089,61.7685,34.3785,,RU,42387,,False
node_03090,node_03090,45.0515,9.7395,,IT,201333,,False
node_03091,node_03091,54.1895,9.1015,,DE,48139,,False
node_03092,node_03092,48.1395,11.5775,,DE,58243,,False
node_03093,node_03093,43.3175,76.9575,,KZ,21299,,False
node_03094,node_03094,45.1885,26.0475,,RO,8708,,False
node_03095,node_03095,41.4685,2.0885,,ES,3352,,False
node_03096,node_03096,60.1605,24.9285,,FI,16086,,False
node_03097,node_03097,50.5505,9.6685,,DE,3320,,False
node_03098,node_03098,58.8495,5.7495,,NO,29695,,False
node_03099,node_03099,38.8585,-94.5085,,US,16591,,False
node_03100,node_03100,49.5595,1.2315,,FR,12322,,False
node_03101,node_03101,51.3805,0.5215,,GB,13037,,False
node_03102,node_03102,30.2405,-81.3985,,US,26679,,False
node_03103,node_03103,34.8475,135.6215,,JP,4685,,False
node_03104,node_03104,43.0515,-76.1425,,US,701,,False
node_03105,node_03105,48.8205,2.2695,,FR,12322,,False
node_03106,node_03106,52.8585,6.3095,,NL,1136,,False
node_03107,node_03107,52.9915,18.6315,,PL,21021,,False
node_03108,node_03108,53.0885,18.5915,,PL,12741,,False
node_03109,node_03109,52.0185,4.4315,,NL,206238,,False
node_03110,node_03110,47.4695,0.7315,,FR,12322,,False
node_03111,node_03111,48.6475,2.0775,,FR,3215,,False
node_03112,node_03112,50.8215,6.0575,,DE,8422,,False
node_03113,node_03113,51.5715,-2.0215,,GB,1273,,False
node_03114,node_03114,50.7195,-1.9005,,GB,13037,,False
node_03115,node_03115,49.1885,12.0505,,DE,3320,,False
node_03116,node_03116,41.9285,2.2605,,ES,15704,,False
node_03117,node_03117,48.1775,0.0215,,FR,2027,,False
node_03118,node_03118,51.5175,-0.6185,,GB,35266,,False
node_03119,node_03119,41.5585,-93.7415,,US,16591,,False
node_03120,node_03120,59.9485,30.2795,,RU,20764,,False
node_03121,node_03121,53.5795,10.1395,,DE,15943,,False
node_03122,node_03122,38.9305,-77.3495,,US,701,,False
node_03123,node_03123,59.3375,18.0575,,SE,8473,,False
node_03124,node_03124,48.8475,2.4285,,FR,12322,,False
node_03125,node_03125,28.4775,-80.7105,,US,7018,,False
node_03126,node_03126,43.5895,1.4505,,FR,3215,,False
node_03127,node_03127,48.5785,7.7415,,FR,3215,,False
node_03128,node_03128,38.7575,-9.2825,,PT,2860,,False
node_03129,node_03129,46.5775,13.9275,,AT,14593,,False
node_03130,node_03130,48.4315,-123.5315,,CA,852,,False
node_03131,node_03131,51.6575,-0.2015,,GB,5607,,False
node_03132,node_03132,51.4795,-1.0505,,GB,13037,,False
node_03133,node_03133,48.6705,2.1295,,FR,12322,,False
node_03134,node_03134,49.0785,18.9295,,SK,6855,,False
node_03135,node_03135,37.4595,-122.2005,,US,30041,,False
node_03136,node_03136,53.5505,10.0395,,DE,8893,,False
node_03137,node_03137,40.1185,-87.6495,,US,23473,,False
node_03138,node_03138,50.7205,4.2405,,BE,6848,,False
node_03139,node_03139,45.6995,9.0415,,IT,3302,,False
node_03140,node_03140,51.2115,6.8015,,DE,3209,,False
node_03141,node_03141,42.6615,23.3075,,BG,8866,,False
node_03142,node_03142,42.7005,23.3185,,BG,29580,,False
node_03143,node_03143,51.4585,5.4585,,NL,206238,,False
node_03144,node_03144,41.3295,19.8185,,AL,21183,,False
node_03145,node_03145,52.7005,5.7295,,NL,1136,,False
node_03146,node_03146,47.3815,8.5395,,CH,3303,,False
node_03147,node_03147,51.9995,4.3905,,NL,207176,,False
node_03148,node_03148,51.0105,11.0015,,DE,3320,,False
node_03149,node_03149,51.2385,22.2975,,PL,5617,,False
node_03150,node_03150,55.8185,-4.2825,,GB,5378,,False
node_03151,node_03151,46.0505,14.5185,,SI,34779,,False
node_03152,node_03152,-28.7425,24.7685,,ZA,327750,,False
node_03153,node_03153,-25.9785,28.0385,,ZA,36937,,False
node_03154,node_03154,35.7815,51.3175,,IR,39074,,False
node_03155,node_03155,50.1415,8.5575,,DE,3320,,False
node_03156,node_03156,59.2475,17.9885,,SE,64449,,False
node_03157,node_03157,49.8805,8.6495,,DE,8365,,False
node_03158,node_03158,42.6595,23.3505,,BG,8866,,False
node_03159,node_03159,44.7975,20.3775,,RS,15958,,False
node_03160,node_03160,54.6885,25.2775,,LT,13194,,False
node_03161,node_03161,47.4585,19.0275,,HU,20845,,False
node_03162,node_03162,37.3675,-121.8205,,US,46375,,False
node_03163,node_03163,48.7995,2.1295,,FR,5410,,False
node_03164,node_03164,47.3495,8.7195,,CH,210305,,False
node_03165,node_03165,49.8605,18.2695,,CZ,197083,,False
node_03166,node_03166,47.4975,8.7305,,CH,202261,,False
node_03167,node_03167,50.7405,7.2005,,DE,3320,,False
node_03168,node_03168,55.6415,12.6015,,DK,216275,,False
node_03169,node_03169,48.5085,11.7015,,DE,3320,,False
node_03170,node_03170,53.7305,-7.8025,,IE,44384,,False
node_03171,node_03171,50.0685,14.3985,,CZ,38952,,False
node_03172,node_03172,45.1705,5.7195,,FR,42970,,False
node_03173,node_03173,50.4315,14.9295,,CZ,15614,,False
node_03174,node_03174,59.9615,11.0105,,NO,29695,,False
node_03175,node_03175,-19.2585,146.8205,,AU,7594,,False
node_03176,node_03176,50.0595,14.4815,,CZ,8251,,False
node_03177,node_03177,37.2595,-122.0385,,US,7922,,False
node_03178,node_03178,46.6615,6.5175,,CH,6730,,False
node_03179,node_03179,52.7885,6.9275,,NL,206238,,False
node_03180,node_03180,35.6895,51.3885,,IR,43754,,False
node_03181,node_03181,49.6105,15.5685,,CZ,42306,,False
node_03182,node_03182,52.5205,5.7195,,NL,12414,,False
node_03183,node_03183,49.1985,18.7595,,SK,2607,,False
node_03184,node_03184,45.6975,4.8205,,FR,3215,,False
node_03185,node_03185,40.5885,-124.1395,,US,19108,,False
node_03186,node_03186,43.2415,3.0005,,FR,12322,,False
node_03187,node_03187,54.3585,-7.7085,,GB,202282,,False
node_03188,node_03188,45.5895,9.2315,,IT,12874,,False
node_03189,node_03189,48.8285,2.2585,,FR,3215,,False
node_03190,node_03190,48.8295,2.2785,,FR,5410,,False
node_03191,node_03191,51.7415,-0.4715,,GB,20712,,False
node_03192,node_03192,53.2875,-6.3415,,IE,15502,,False
node_03193,node_03193,43.1975,27.9185,,BG,20956,,False
node_03194,node_03194,44.0815,0.5395,,FR,3215,,False
node_03195,node_03195,33.8115,-117.9405,,US,20001,,False
node_03196,node_03196,52.0195,4.6995,,NL,206238,,False
node_03197,node_03197,50.9905,4.8695,,BE,5432,,False
node_03198,node_03198,52.0875,5.2505,,NL,1136,,False
node_03199,node_03199,47.0085,-1.1995,,FR,12322,,False
node_03200,node_03200,48.4715,7.7405,,FR,12322,,False
node_03201,node_03201,53.0875,6.6715,,NL,1136,,False
node_03202,node_03202,49.3175,6.1715,,FR,12322,,False
node_03203,node_03203,52.4395,4.8315,,NL,206238,,False
node_03204,node_03204,44.7305,5.0415,,FR,3215,,False
node_03205,node_03205,48.6275,2.4915,,FR,12322,,False
node_03206,node_03206,45.6985,4.9015,,FR,12322,,False
node_03207,node_03207,42.6595,23.4015,,BG,8866,,False
node_03208,node_03208,-31.9915,115.8875,,AU,7575,,False
node_03209,node_03209,-23.5485,-46.6325,,BR,28573,,False
node_03210,node_03210,49.2195,2.8785,,FR,12322,,False
node_03211,node_03211,48.8195,2.4085,,FR,12322,,False
node_03212,node_03212,43.5475,5.0385,,FR,12322,,False
node_03213,node_03213,48.8415,2.2385,,FR,12322,,False
node_03214,node_03214,48.8015,2.4295,,FR,12322,,False
node_03215,node_03215,43.6305,4.1995,,FR,5410,,False
node_03216,node_03216,48.4115,7.4295,,FR,3215,,False
node_03217,node_03217,44.8395,-0.6895,,FR,12322,,False
node_03218,node_03218,44.3195,4.9505,,FR,12322,,False
node_03219,node_03219,48.9005,2.2805,,FR,15557,,False
node_03220,node_03220,48.7985,2.0615,,FR,15557,,False
node_03221,node_03221,43.6015,7.1015,,FR,35540,,False
node_03222,node_03222,49.2815,-0.6985,,FR,5410,,False
node_03223,node_03223,44.9285,4.8875,,FR,12322,,False
node_03224,node_03224,43.6805,4.6285,,FR,12322,,False
node_03225,node_03225,47.1775,-1.1215,,FR,12322,,False
node_03226,node_03226,49.4585,6.1285,,FR,15557,,False
node_03227,node_03227,48.4015,7.4985,,FR,16347,,False
node_03228,node_03228,43.6475,1.4895,,FR,12322,,False
node_03229,node_03229,47.2395,-1.5805,,FR,3215,,False
node_03230,node_03230,46.8615,-0.4605,,FR,12322,,False
node_03231,node_03231,48.6305,-2.2585,,FR,3215,,False
node_03232,node_03232,43.5985,1.4075,,FR,3215,,False
node_03233,node_03233,48.7995,2.6075,,FR,12322,,False
node_03234,node_03234,40.4915,-112.0225,,US,7922,,False
node_03235,node_03235,43.6175,3.8485,,FR,12322,,False
node_03236,node_03236,49.5615,3.6385,,FR,12322,,False
node_03237,node_03237,42.4775,2.6585,,FR,12322,,False
node_03238,node_03238,43.4385,0.9995,,FR,5410,,False
node_03239,node_03239,51.4275,-0.9795,,GB,29550,,False
node_03240,node_03240,53.9575,27.7805,,BY,25106,,False
node_03241,node_03241,48.9105,2.2705,,FR,3215,,False
node_03242,node_03242,59.9295,30.4515,,RU,42518,,False
node_03243,node_03243,43.6385,-79.3785,,CA,32881,,False
node_03244,node_03244,52.0605,5.2915,,NL,33915,,False
node_03245,node_03245,43.6875,7.2175,,FR,5410,,False
node_03246,node_03246,42.6575,20.2795,,RS,8661,,False
node_03247,node_03247,49.0875,17.3415,,CZ,44489,,False
node_03248,node_03248,42.6585,-71.1425,,US,701,,False
node_03249,node_03249,37.8395,-122.2325,,US,7018,,False
node_03250,node_03250,48.8115,2.3685,,FR,12322,,False
node_03251,node_03251,60.3785,5.3205,,NO,29695,,False
node_03252,node_03252,-33.4205,-70.5495,,CL,52341,,False
node_03253,node_03253,42.7375,-71.5885,,US,13977,,False
node_03254,node_03254,50.9375,-1.4025,,GB,13037,,False
node_03255,node_03255,47.2095,-1.6515,,FR,12322,,False
node_03256,node_03256,1.2805,103.8285,,SG,135600,,False
node_03257,node_03257,54.9005,23.9195,,LT,24877,,False
node_03258,node_03258,48.6415,6.0505,,FR,12322,,False
node_03259,node_03259,54.3375,-4.4785,,IM,13122,,False
node_03260,node_03260,13.0375,77.7515,,IN,24560,,False
node_03261,node_03261,48.4615,-5.0985,,FR,12322,,False
node_03262,node_03262,34.0495,-118.2425,,US,38195,,False
node_03263,node_03263,48.1015,17.1075,,SK,15962,,False
node_03264,node_03264,44.6575,-63.6315,,CA,397727,,False
node_03265,node_03265,55.6275,37.4785,,RU,42610,,False
node_03266,node_03266,39.1695,-86.4915,,US,18530,,False
node_03267,node_03267,52.3395,4.6675,,NL,1136,,False
node_03268,node_03268,29.7415,-95.5015,,US,7018,,False
node_03269,node_03269,45.4205,-75.7205,,CA,32881,,False
node_03270,node_03270,36.1895,44.0105,,IQ,197882,,False
node_03271,node_03271,54.6475,19.8915,,RU,31214,,False
node_03272,node_03272,45.5005,-73.7085,,CA,1403,,False
node_03273,node_03273,37.7705,-122.3985,,US,7018,,False
node_03274,node_03274,56.9505,24.1075,,LV,199103,,False
node_03275,node_03275,46.1785,6.1885,,CH,13030,,False
node_03276,node_03276,49.9595,14.0385,,CZ,42908,,False
node_03277,node_03277,51.2995,-114.0305,,CA,852,,False
node_03278,node_03278,32.0705,34.8395,,IL,378,,False
node_03279,node_03279,32.2105,34.9395,,IL,378,,False
node_03280,node_03280,39.8895,32.7805,,TR,34984,,False
node_03281,node_03281,32.0895,34.8615,,IL,378,,False
node_03282,node_03282,48.9885,-1.5225,,FR,3215,,False
node_03283,node_03283,32.9495,-97.3025,,US,5650,,False
node_03284,node_03284,56.2815,13.9375,,SE,8473,,False
node_03285,node_03285,44.2995,4.6085,,FR,3215,,False
node_03286,node_03286,44.1795,-81.6315,,CA,11727,,False
node_03287,node_03287,52.8415,4.8595,,NL,33915,,False
node_03288,node_03288,52.2075,6.0095,,NL,33915,,False
node_03289,node_03289,48.4675,-2.0505,,FR,35540,,False
node_03290,node_03290,55.9915,-3.7105,,GB,5607,,False
node_03291,node_03291,52.3685,16.8705,,PL,5617,,False
node_03292,node_03292,52.0895,5.2115,,NL,33915,,False
node_03293,node_03293,52.9475,-1.4985,,GB,5089,,False
node_03294,node_03294,51.4405,5.4215,,NL,33915,,False
node_03295,node_03295,53.9495,-1.0505,,GB,786,,False
node_03296,node_03296,45.5585,-122.6895,,US,209,,False
node_03297,node_03297,37.9805,23.7315,,GR,1241,,False
node_03298,node_03298,49.5215,6.4215,,DE,3320,,False
node_03299,node_03299,43.6595,-79.3985,,CA,239,,False
node_03300,node_03300,53.3115,-6.2225,,IE,34245,,False
node_03301,node_03301,41.5485,-8.4325,,PT,49941,,False
node_03302,node_03302,46.1015,19.6685,,RS,41897,,False
node_03303,node_03303,45.2595,19.8005,,RS,31042,,False
node_03304,node_03304,-33.3085,26.5205,,ZA,37520,,False
node_03305,node_03305,45.5085,-73.5525,,CA,5769,,False
node_03306,node_03306,40.5385,-3.6495,,ES,51718,,False
node_03307,node_03307,37.7795,-122.3995,,US,19165,,False
node_03308,node_03308,53.3585,-6.2385,,IE,15502,,False
node_03309,node_03309,35.6105,139.6115,,JP,2514,,False
node_03310,node_03310,51.4205,-2.2085,,GB,12775,,False
node_03311,node_03311,50.1015,3.6515,,FR,12322,,False
node_03312,node_03312,49.3375,8.6715,,DE,8881,,False
node_03313,node_03313,45.5705,-73.5925,,CA,399760,,False
node_03314,node_03314,59.2485,18.1875,,SE,3301,,False
node_03315,node_03315,45.7595,3.1295,,FR,199636,,False
node_03316,node_03316,41.9075,12.4495,,IT,12874,,False
node_03317,node_03317,47.0895,17.8995,,HU,28728,,False
node_03318,node_03318,-12.0925,-77.0695,,PE,12252,,False
node_03319,node_03319,48.9115,2.3705,,FR,8426,,False
node_03320,node_03320,53.3405,-6.2485,,IE,1213,,False
node_03321,node_03321,47.3885,18.9015,,HU,20845,,False
node_03322,node_03322,48.6085,9.5515,,DE,3320,,False
node_03323,node_03323,40.1395,-105.1225,,US,393552,,False
node_03324,node_03324,40.1195,-88.2615,,US,7922,,False
node_03325,node_03325,33.0215,-96.7015,,US,5650,,False
node_03326,node_03326,48.2685,16.4105,,AT,5405,,False
node_03327,node_03327,42.2175,-71.5525,,US,701,,False
node_03328,node_03328,43.9705,1.3875,,FR,12322,,False
node_03329,node_03329,41.5875,2.5785,,ES,15704,,False
node_03330,node_03330,27.7375,-82.7505,,US,400846,,False
node_03331,node_03331,42.8895,24.7095,,BG,58079,,False
node_03332,node_03332,50.5205,14.9705,,CZ,8251,,False
node_03333,node_03333,48.7985,2.1305,,FR,15557,,False
node_03334,node_03334,39.2815,-81.5995,,US,30298,,False
node_03335,node_03335,47.1915,8.4805,,CH,48971,,False
node_03336,node_03336,50.1305,14.1615,,CZ,8251,,False
node_03337,node_03337,42.1385,24.7515,,BG,9070,,False
node_03338,node_03338,49.2215,16.3975,,CZ,16019,,False
node_03339,node_03339,69.3375,88.2095,,RU,33871,,False
node_03340,node_03340,40.6775,-3.6205,,ES,3262,,False
node_03341,node_03341,50.8195,-0.1405,,GB,786,,False
node_03342,node_03342,53.6385,10.0305,,DE,197975,,False
node_03343,node_03343,47.0895,5.4915,,FR,12322,,False
node_03344,node_03344,52.2775,104.2515,,RU,5547,,False
node_03345,node_03345,49.2905,16.2315,,CZ,56427,,False
node_03346,node_03346,43.7085,-79.3715,,CA,577,,False
node_03347,node_03347,45.8475,-71.7005,,CA,14593,,False
node_03348,node_03348,48.1095,-1.6105,,FR,51806,,False
node_03349,node_03349,49.1675,9.4475,,DE,62336,,False
node_03350,node_03350,47.4185,8.6285,,CH,3303,,False
node_03351,node_03351,47.4195,8.6285,,CH,58280,,False
node_03352,node_03352,41.5885,-4.7315,,ES,57269,,False
node_03353,node_03353,-7.3225,112.7295,,ID,133809,,False
node_03354,node_03354,40.5495,-3.6705,,ES,3352,,False
node_03355,node_03355,35.1495,33.3505,,CY,35432,,False
node_03356,node_03356,-41.1825,174.9615,,NZ,56030,,False
node_03357,node_03357,53.9275,27.6185,,BY,25106,,False
node_03358,node_03358,10.2485,-61.4715,,TT,27800,,False
node_03359,node_03359,46.0495,14.4595,,SI,2107,,False
node_03360,node_03360,44.8115,20.4595,,RS,44143,,False
node_03361,node_03361,50.4515,30.4495,,UA,25500,,False
node_03362,node_03362,41.7195,44.7815,,GE,20545,,False
node_03363,node_03363,55.9815,37.2575,,RU,44964,,False
node_03364,node_03364,44.4875,11.2075,,IT,3269,,False
node_03365,node_03365,48.8085,2.3585,,FR,12322,,False
node_03366,node_03366,40.0285,-84.1915,,US,5650,,False
node_03367,node_03367,-29.8585,30.9995,,ZA,32437,,False
node_03368,node_03368,31.5875,34.8205,,IL,12400,,False
node_03369,node_03369,51.3285,-1.0595,,GB,6871,,False
node_03370,node_03370,33.8375,-118.3385,,US,5650,,False
node_03371,node_03371,55.6285,37.4415,,RU,31370,,False
node_03372,node_03372,34.0505,-118.2585,,US,401446,,False
node_03373,node_03373,-33.8815,151.1975,,AU,7575,,False
node_03374,node_03374,52.3915,4.9275,,NL,33915,,False
node_03375,node_03375,37.7615,-122.4605,,US,46375,,False
node_03376,node_03376,45.4985,-122.6695,,US,209,,False
node_03377,node_03377,57.7795,40.9515,,RU,44507,,False
node_03378,node_03378,45.4505,-73.5785,,CA,1403,,False
node_03379,node_03379,49.7605,16.4685,,CZ,25512,,False
node_03380,node_03380,49.1915,16.5285,,CZ,31246,,False
node_03381,node_03381,49.4095,14.6785,,CZ,13036,,False
node_03382,node_03382,49.7785,17.6995,,CZ,206177,,False
node_03383,node_03383,42.2795,-71.2395,,US,7922,,False
node_03384,node_03384,49.7515,6.1105,,LU,47377,,False
node_03385,node_03385,45.9775,14.6415,,SI,49896,,False
node_03386,node_03386,39.6285,2.6315,,ES,44431,,False
node_03387,node_03387,49.7975,12.6475,,CZ,204064,,False
node_03388,node_03388,45.4785,9.0975,,IT,9026,,False
node_03389,node_03389,48.2685,16.4075,,AT,51265,,False
node_03390,node_03390,46.0585,14.5695,,SI,49402,,False
node_03391,node_03391,59.9495,10.8805,,NO,49788,,False
node_03392,node_03392,53.1975,-8.5485,,IE,43406,,False
node_03393,node_03393,37.2585,-121.8985,,US,7018,,False
node_03394,node_03394,49.8895,18.1915,,CZ,30764,,False
node_03395,node_03395,55.9205,37.7515,,RU,12389,,False
node_03396,node_03396,53.1005,-6.8385,,IE,31122,,False
node_03397,node_03397,-20.3205,57.5275,,MU,23889,,False
node_03398,node_03398,48.2615,7.4675,,FR,3215,,False
node_03399,node_03399,35.8175,-78.8315,,US,7018,,False
node_03400,node_03400,39.2815,-76.6315,,US,174,,False
node_03401,node_03401,32.9415,-96.3805,,US,7018,,False
node_03402,node_03402,59.9415,10.8005,,NO,29695,,False
node_03403,node_03403,35.6585,138.4975,,JP,10013,,False
node_03404,node_03404,45.4705,9.1775,,IT,44567,,False
node_03405,node_03405,45.4485,9.1985,,IT,12874,,False
node_03406,node_03406,51.4385,-0.0315,,GB,20712,,False
node_03407,node_03407,53.0995,-2.4315,,GB,42611,,False
node_03408,node_03408,44.3775,-89.8305,,US,10352,,False
node_03409,node_03409,35.6995,-78.6405,,US,16591,,False
node_03410,node_03410,46.1975,6.2005,,CH,34146,,False
node_03411,node_03411,6.1315,1.2205,,TG,36924,,False
node_03412,node_03412,40.8985,-73.0685,,US,6128,,False
node_03413,node_03413,48.4705,35.0415,,UA,15895,,False
node_03414,node_03414,-18.9315,47.5315,,MG,37608,,False
node_03415,node_03415,59.9205,10.8115,,NO,49788,,False
node_03416,node_03416,47.4515,8.5415,,CH,59414,,False
node_03417,node_03417,37.7415,-121.4285,,US,7018,,False
node_03418,node_03418,51.4315,-0.2125,,GB,201838,,False
node_03419,node_03419,40.6275,-112.0415,,US,209,,False
node_03420,node_03420,49.4705,1.0685,,FR,12322,,False
node_03421,node_03421,47.6385,-122.2205,,US,7922,,False
node_03422,node_03422,47.3975,8.8095,,CH,6730,,False
node_03423,node_03423,46.5505,24.5705,,RO,2614,,False
node_03424,node_03424,53.6615,11.3705,,DE,51978,,False
node_03425,node_03425,45.7775,4.9205,,FR,12322,,False
node_03426,node_03426,53.8005,-1.7595,,GB,216104,,False
node_03427,node_03427,51.4815,4.2705,,NL,1136,,False
node_03428,node_03428,56.3395,38.1415,,RU,43826,,False
node_03429,node_03429,52.3675,4.5275,,NL,1136,,False
node_03430,node_03430,47.7985,13.0475,,AT,1764,,False
node_03431,node_03431,46.5115,6.6275,,CH,1836,,False
node_03432,node_03432,54.7215,25.2915,,LT,21211,,False
node_03433,node_03433,53.6885,15.1215,,PL,5617,,False
node_03434,node_03434,45.1415,26.0315,,RO,8708,,False
node_03435,node_03435,48.7375,9.0975,,DE,553,,False
node_03436,node_03436,46.0895,11.1175,,IT,12835,,False
node_03437,node_03437,48.7785,9.1785,,DE,553,,False
node_03438,node_03438,48.7785,9.1785,,DE,553,,False
node_03439,node_03439,48.7805,9.1785,,DE,553,,False
node_03440,node_03440,48.7805,9.1785,,DE,553,,False
node_03441,node_03441,46.0575,14.5095,,SI,41828,,False
node_03442,node_03442,44.8215,11.5995,,IT,3269,,False
node_03443,node_03443,48.0885,9.7895,,DE,553,,False
node_03444,node_03444,47.2315,39.7595,,RU,60246,,False
node_03445,node_03445,48.7815,9.1805,,DE,14593,,False
node_03446,node_03446,40.3785,-3.5385,,ES,15704,,False
node_03447,node_03447,69.6505,18.9615,,NO,224,,False
node_03448,node_03448,49.2085,16.8275,,CZ,205400,,False
node_03449,node_03449,45.0785,-93.2025,,US,209,,False
node_03450,node_03450,-37.8195,145.0975,,AU,17551,,False
node_03451,node_03451,-6.7705,39.2585,,TZ,37126,,False
node_03452,node_03452,41.8775,-87.8215,,US,7018,,False
node_03453,node_03453,55.6785,12.5485,,DK,205235,,False
node_03454,node_03454,52.3795,4.9595,,NL,33915,,False
node_03455,node_03455,37.3905,-122.0805,,US,7922,,False
node_03456,node_03456,37.3405,-121.9605,,US,7922,,False
node_03457,node_03457,42.9405,-71.3795,,US,7922,,False
node_03458,node_03458,-36.8525,174.7605,,NZ,9245,,False
node_03459,node_03459,-36.8505,174.7605,,NZ,64095,,False
node_03460,node_03460,53.8705,27.6605,,BY,6697,,False
node_03461,node_03461,43.1675,-70.9885,,US,7922,,False
node_03462,node_03462,53.8505,27.4515,,BY,49711,,False
node_03463,node_03463,49.0115,8.4175,,DE,208974,,False
node_03464,node_03464,48.5685,2.6075,,FR,8362,,False
node_03465,node_03465,48.2895,14.2875,,AT,49808,,False
node_03466,node_03466,-12.1095,-77.0325,,PE,265691,,False
node_03467,node_03467,53.2815,-6.8615,,IE,31122,,False
node_03468,node_03468,48.8395,2.6485,,FR,5410,,False
node_03469,node_03469,51.4815,7.0395,,DE,3320,,False
node_03470,node_03470,52.5775,9.5805,,DE,197637,,False
node_03471,node_03471,46.8815,19.6205,,HU,24822,,False
node_03472,node_03472,45.8185,8.8305,,IT,3269,,False
node_03473,node_03473,52.5275,13.3185,,DE,50324,,False
node_03474,node_03474,49.8515,18.5385,,CZ,5610,,False
node_03475,node_03475,49.0275,8.4685,,DE,20849,,False
node_03476,node_03476,39.6005,2.6785,,ES,57269,,False
node_03477,node_03477,56.8475,53.2005,,RU,35558,,False
node_03478,node_03478,60.1675,24.9405,,FI,16086,,False
node_03479,node_03479,51.6895,5.2905,,NL,201644,,False
node_03480,node_03480,33.7995,-118.3485,,US,5650,,False
node_03481,node_03481,48.8905,16.0415,,CZ,44489,,False
node_03482,node_03482,50.8805,20.6375,,PL,24848,,False
node_03483,node_03483,49.3675,10.1795,,DE,3320,,False
node_03484,node_03484,-33.8115,151.1495,,AU,7545,,False
node_03485,node_03485,-31.8215,115.7695,,AU,4764,,False
node_03486,node_03486,50.5005,9.7095,,DE,213281,,False
node_03487,node_03487,49.4995,6.1105,,LU,198290,,False
node_03488,node_03488,59.2015,9.6315,,NO,29695,,False
node_03489,node_03489,-37.8205,144.9375,,AU,134697,,False
node_03490,node_03490,54.6895,25.2785,,LT,8764,,False
node_03491,node_03491,46.9485,7.4295,,CH,6730,,False
node_03492,node_03492,48.1095,11.7795,,DE,3320,,False
node_03493,node_03493,45.0485,9.6905,,IT,29447,,False
node_03494,node_03494,50.0785,14.4905,,CZ,20723,,False
node_03495,node_03495,35.5595,139.7205,,JP,2516,,False
node_03496,node_03496,37.3815,24.9215,,GR,6799,,False
node_03497,node_03497,0.3385,-78.1215,,EC,52458,,False
node_03498,node_03498,55.9495,-3.1915,,GB,212683,,False
node_03499,node_03499,52.2195,0.1095,,GB,2856,,False
node_03500,node_03500,48.8075,2.4215,,FR,3215,,False
node_03501,node_03501,45.2515,-75.9125,,CA,5645,,False
node_03502,node_03502,53.8295,18.0395,,PL,5617,,False
node_03503,node_03503,50.3275,12.7395,,CZ,13036,,False
node_03504,node_03504,50.0585,15.1895,,CZ,200114,,False
node_03505,node_03505,52.5095,13.4495,,DE,208135,,False
node_03506,node_03506,51.3975,-0.2295,,GB,47227,,False
node_03507,node_03507,46.1295,14.6005,,SI,203618,,False
node_03508,node_03508,48.2805,11.5705,,DE,21385,,False
node_03509,node_03509,52.2095,20.9715,,PL,9141,,False
node_03510,node_03510,50.0715,14.3915,,CZ,5610,,False
node_03511,node_03511,53.2585,-6.2025,,IE,5466,,False
node_03512,node_03512,48.1395,11.5775,,DE,3320,,False
node_03513,node_03513,43.6395,-79.5325,,CA,1403,,False
node_03514,node_03514,1.3275,103.8585,,SG,4773,,False
node_03515,node_03515,48.7615,7.6485,,FR,3215,,False
node_03516,node_03516,46.1675,6.0995,,CH,12333,,False
node_03517,node_03517,38.6885,-75.0685,,US,7922,,False
node_03518,node_03518,55.7595,37.8475,,RU,12695,,False
node_03519,node_03519,40.6415,22.9375,,GR,15544,,False
node_03520,node_03520,50.7585,15.0275,,CZ,29504,,False
node_03521,node_03521,50.1195,8.7375,,DE,197729,,False
node_03522,node_03522,49.2305,13.5175,,CZ,197046,,False
node_03523,node_03523,59.2575,18.0985,,SE,158,,False
node_03524,node_03524,49.2085,-123.0315,,CA,852,,False
node_03525,node_03525,44.8395,10.9495,,IT,62290,,False
node_03526,node_03526,48.2205,-114.2805,,US,33588,,False
node_03527,node_03527,43.2905,-1.9805,,ES,12319,,False
node_03528,node_03528,59.6205,16.5605,,SE,8434,,False
node_03529,node_03529,53.3675,-6.4985,,IE,215733,,False
node_03530,node_03530,48.7085,9.6915,,DE,20677,,False
node_03531,node_03531,42.3095,-71.5385,,US,701,,False
node_03532,node_03532,56.0595,14.1715,,SE,34622,,False
node_03533,node_03533,35.0185,126.7985,,KR,9318,,False
node_03534,node_03534,-37.8305,144.9685,,AU,4764,,False
node_03535,node_03535,43.3785,-79.8115,,CA,7992,,False
node_03536,node_03536,51.4615,-0.0005,,GB,12628,,False
node_03537,node_03537,-13.4905,-55.6595,,BR,1916,,False
node_03538,node_03538,51.3085,4.4515,,BE,6848,,False
node_03539,node_03539,-31.9525,115.8615,,AU,135887,,False
node_03540,node_03540,9.7515,-83.7485,,CR,266853,,False
node_03541,node_03541,55.9995,37.8675,,RU,42148,,False
node_03542,node_03542,40.9185,-73.3325,,US,701,,False
node_03543,node_03543,53.3315,-6.2515,,IE,1213,,False
node_03544,node_03544,49.0675,18.9205,,SK,44234,,False
node_03545,node_03545,48.4195,17.8005,,SK,56933,,False
node_03546,node_03546,53.4505,-6.2495,,IE,56911,,False
node_03547,node_03547,48.7075,44.5015,,RU,43801,,False
node_03548,node_03548,46.6685,-120.6025,,US,19116,,False
node_03549,node_03549,17.7285,83.3085,,IN,133593,,False
node_03550,node_03550,47.5385,-122.2815,,US,209,,False
node_03551,node_03551,45.7975,-108.5815,,US,33588,,False
node_03552,node_03552,-42.7695,172.8495,,NZ,45475,,False
node_03553,node_03553,38.9905,-79.1185,,US,4922,,False
node_03554,node_03554,54.9395,23.8875,,LT,20846,,False
node_03555,node_03555,39.4685,-119.7725,,US,11170,,False
node_03556,node_03556,-6.2225,106.7795,,ID,38896,,False
node_03557,node_03557,45.0685,-93.1305,,US,7922,,False
node_03558,node_03558,14.5895,121.1105,,PH,17639,,False
node_03559,node_03559,-32.9425,-71.5485,,CL,7418,,False
node_03560,node_03560,51.6805,39.2085,,RU,15930,,False
node_03561,node_03561,46.2515,11.3385,,IT,43989,,False
node_03562,node_03562,45.0785,7.6195,,IT,30722,,False
node_03563,node_03563,51.9815,4.3195,,NL,15435,,False
node_03564,node_03564,60.4675,25.1305,,FI,60156,,False
node_03565,node_03565,45.5385,10.2105,,IT,49640,,False
node_03566,node_03566,46.0795,11.1305,,IT,3269,,False
node_03567,node_03567,65.7995,21.6805,,SE,200675,,False
node_03568,node_03568,48.1905,16.3905,,AT,51184,,False
node_03569,node_03569,46.9485,7.4375,,CH,3303,,False
node_03570,node_03570,51.4405,7.2575,,DE,29484,,False
node_03571,node_03571,53.9605,-1.0715,,GB,20712,,False
node_03572,node_03572,53.9675,-1.0815,,GB,12496,,False
node_03573,node_03573,48.4585,35.0485,,UA,213361,,False
node_03574,node_03574,-14.0595,32.0085,,ZM,14593,,False
node_03575,node_03575,51.4415,6.7785,,DE,3209,,False
node_03576,node_03576,52.7595,-1.2705,,GB,20712,,False
node_03577,node_03577,51.0415,13.7295,,DE,62365,,False
node_03578,node_03578,53.3815,-6.2105,,IE,15502,,False
node_03579,node_03579,50.2375,14.3005,,CZ,16019,,False
node_03580,node_03580,52.4995,13.3005,,DE,8473,,False
node_03581,node_03581,46.9815,-0.2495,,FR,3215,,False
node_03582,node_03582,51.5085,0.0005,,GB,35826,,False
node_03583,node_03583,53.3995,-6.2195,,IE,34245,,False
node_03584,node_03584,48.3975,7.2215,,FR,34970,,False
node_03585,node_03585,51.5215,-0.0385,,GB,198864,,False
node_03586,node_03586,49.4185,8.6675,,DE,553,,False
node_03587,node_03587,48.9095,9.1785,,DE,553,,False
node_03588,node_03588,48.5295,9.0485,,DE,3320,,False
node_03589,node_03589,48.7815,9.1785,,DE,553,,False
node_03590,node_03590,49.0075,8.3995,,DE,3209,,False
node_03591,node_03591,49.0905,8.4295,,DE,34878,,False
node_03592,node_03592,59.4415,24.7495,,EE,56588,,False
node_03593,node_03593,49.0195,8.3705,,DE,34878,,False
node_03594,node_03594,48.7775,9.1805,,DE,553,,False
node_03595,node_03595,50.5975,4.4415,,BE,12392,,False
node_03596,node_03596,63.4285,10.3975,,NO,25400,,False
node_03597,node_03597,47.5395,15.5675,,AT,13292,,False
node_03598,node_03598,44.4605,2.2285,,FR,3215,,False
node_03599,node_03599,58.1585,8.0195,,NO,224,,False
node_03600,node_03600,-34.8985,-56.1605,,UY,1797,,False
node_03601,node_03601,53.5405,49.2705,,RU,8402,,False
node_03602,node_03602,46.7805,-71.2495,,CA,577,,False
node_03603,node_03603,37.3475,-5.2295,,ES,207614,,False
node_03604,node_03604,48.7405,9.0905,,DE,553,,False
node_03605,node_03605,38.7275,-9.1485,,PT,1930,,False
node_03606,node_03606,46.0915,11.1215,,IT,12835,,False
node_03607,node_03607,50.0115,14.4215,,CZ,8251,,False
node_03608,node_03608,59.7815,17.8775,,SE,3399,,False
node_03609,node_03609,47.1415,8.5695,,CH,8821,,False
node_03610,node_03610,55.8185,49.1805,,RU,12389,,False
node_03611,node_03611,41.3085,19.8105,,AL,198890,,False
node_03612,node_03612,41.3275,19.8105,,AL,35444,,False
node_03613,node_03613,39.5295,-104.8995,,US,7922,,False
node_03614,node_03614,41.3215,19.8205,,AL,21183,,False
node_03615,node_03615,52.2275,5.1815,,NL,50266,,False
node_03616,node_03616,-12.0985,-77.0085,,PE,27843,,False
node_03617,node_03617,37.2475,-79.9925,,US,4922,,False
node_03618,node_03618,-41.1205,175.0675,,NZ,4049,,False
node_03619,node_03619,50.0395,36.2185,,UA,13188,,False
node_03620,node_03620,55.5685,12.9185,,SE,44746,,False
node_03621,node_03621,57.7915,28.3485,,RU,15673,,False
node_03622,node_03622,-27.0925,152.9295,,AU,10143,,False
node_03623,node_03623,41.3275,19.8195,,AL,42313,,False
node_03624,node_03624,-41.2495,174.7695,,NZ,9500,,False
node_03625,node_03625,41.3185,19.8215,,AL,50973,,False
node_03626,node_03626,43.0675,-89.4085,,US,2381,,False
node_03627,node_03627,47.6085,-122.3325,,US,54858,,False
node_03628,node_03628,33.6605,-116.2525,,US,20001,,False
node_03629,node_03629,52.2275,6.8885,,NL,206238,,False
node_03630,node_03630,45.3985,-122.2595,,US,7922,,False
node_03631,node_03631,50.1495,-5.0695,,GB,14593,,False
node_03632,node_03632,49.9095,10.3895,,DE,3320,,False
node_03633,node_03633,50.7205,3.0095,,FR,12322,,False
node_03634,node_03634,46.1215,14.5515,,SI,43061,,False
node_03635,node_03635,48.1575,3.4415,,FR,12322,,False
node_03636,node_03636,46.0885,11.1175,,IT,12835,,False
node_03637,node_03637,51.4605,-0.1415,,GB,31493,,False
node_03638,node_03638,55.7015,12.5885,,DK,197301,,False
node_03639,node_03639,55.1915,61.3285,,RU,8369,,False
node_03640,node_03640,47.6885,8.7495,,CH,13030,,False
node_03641,node_03641,52.4295,13.3195,,DE,3320,,False
node_03642,node_03642,52.9995,9.0695,,DE,9145,,False
node_03643,node_03643,50.0485,14.3505,,CZ,29208,,False
node_03644,node_03644,46.5705,0.3815,,FR,2200,,False
node_03645,node_03645,22.2895,114.1475,,HK,4760,,False
node_03646,node_03646,38.0105,23.6675,,GR,6799,,False
node_03647,node_03647,47.0815,7.5175,,CH,15600,,False
node_03648,node_03648,48.7815,9.1875,,DE,553,,False
node_03649,node_03649,48.2075,16.3475,,AT,8412,,False
node_03650,node_03650,51.4395,7.0175,,DE,8881,,False
node_03651,node_03651,45.7805,4.8775,,FR,51083,,False
node_03652,node_03652,48.7275,17.3985,,SK,43451,,False
node_03653,node_03653,47.4005,9.6285,,CH,8758,,False
node_03654,node_03654,52.0015,4.3685,,NL,39002,,False
node_03655,node_03655,41.2195,13.9995,,IT,35612,,False
node_03656,node_03656,48.7785,9.1795,,DE,553,,False
node_03657,node_03657,48.9515,8.8505,,DE,3209,,False
node_03658,node_03658,49.0275,8.3615,,DE,8881,,False
node_03659,node_03659,48.7795,9.1815,,DE,553,,False
node_03660,node_03660,48.8915,9.1815,,DE,553,,False
node_03661,node_03661,46.1385,18.3275,,HU,5483,,False
node_03662,node_03662,55.9685,12.2875,,DK,216275,,False
node_03663,node_03663,-33.9725,18.4685,,ZA,37153,,False
node_03664,node_03664,46.8105,9.8385,,CH,559,,False
node_03665,node_03665,13.7585,100.4995,,TH,133481,,False
node_03666,node_03666,-25.9315,28.1395,,ZA,37153,,False
node_03667,node_03667,-7.2615,112.7505,,ID,17451,,False
node_03668,node_03668,41.6475,-0.8885,,ES,41397,,False
node_03669,node_03669,40.4015,-3.7225,,ES,3352,,False
node_03670,node_03670,34.6685,32.6985,,CY,201860,,False
node_03671,node_03671,40.4815,-3.6315,,ES,3352,,False
node_03672,node_03672,45.8215,11.8095,,IT,199666,,False
node_03673,node_03673,45.7605,21.2705,,RO,50667,,False
node_03674,node_03674,48.8575,2.3605,,FR,12322,,False
node_03675,node_03675,49.4705,8.4505,,DE,3320,,False
node_03676,node_03676,51.5715,7.0305,,DE,680,,False
node_03677,node_03677,37.3415,-121.8895,,US,7922,,False
node_03678,node_03678,38.9085,-77.1685,,US,701,,False
node_03679,node_03679,48.1785,16.3415,,AT,47132,,False
node_03680,node_03680,39.9805,-105.1585,,US,7922,,False
node_03681,node_03681,35.5715,139.3715,,JP,17523,,False
node_03682,node_03682,44.6285,10.9375,,IT,137,,False
node_03683,node_03683,50.5305,8.6785,,DE,3320,,False
node_03684,node_03684,41.9185,12.5085,,IT,1267,,False
node_03685,node_03685,49.9185,14.3485,,CZ,42189,,False
node_03686,node_03686,50.0175,22.0095,,PL,42490,,False
node_03687,node_03687,33.8305,-116.4905,,US,5650,,False
node_03688,node_03688,50.7995,8.7595,,DE,3320,,False
node_03689,node_03689,47.3305,7.1995,,CH,6730,,False
node_03690,node_03690,47.1575,8.4405,,CH,51395,,False
node_03691,node_03691,44.8005,20.4905,,RS,31042,,False
node_03692,node_03692,14.3275,120.9405,,PH,55821,,False
node_03693,node_03693,53.3095,13.9805,,DE,61028,,False
node_03694,node_03694,45.7805,4.7805,,FR,12322,,False
node_03695,node_03695,49.9815,14.5305,,CZ,50825,,False
node_03696,node_03696,49.6375,-1.6085,,FR,12322,,False
node_03697,node_03697,8.5875,-71.1525,,VE,23007,,False
node_03698,node_03698,59.4275,24.7085,,EE,3221,,False
node_03699,node_03699,51.9195,4.2485,,NL,15435,,False
node_03700,node_03700,58.3315,8.5785,,NO,25400,,False
node_03701,node_03701,47.1885,8.5195,,CH,28859,,False
node_03702,node_03702,57.7805,12.3395,,SE,8473,,False
node_03703,node_03703,50.1585,14.5405,,CZ,5610,,False
node_03704,node_03704,49.9995,14.6715,,CZ,62099,,False
node_03705,node_03705,50.5515,5.8615,,BE,12392,,False
node_03706,node_03706,39.2575,-76.7125,,US,11131,,False
node_03707,node_03707,59.9995,30.2085,,RU,12389,,False
node_03708,node_03708,46.4685,30.6995,,UA,52191,,False
node_03709,node_03709,-39.1805,174.0995,,NZ,14593,,False
node_03710,node_03710,-41.2895,174.7205,,NZ,64073,,False
node_03711,node_03711,53.9775,-1.0985,,GB,13037,,False
node_03712,node_03712,39.7675,-75.8815,,US,701,,False
node_03713,node_03713,51.2215,-1.4805,,GB,20712,,False
node_03714,node_03714,-18.8725,-159.7895,,CK,10131,,False
node_03715,node_03715,53.2695,-6.1985,,IE,15502,,False
node_03716,node_03716,35.0285,-107.4125,,US,400371,,False
node_03717,node_03717,41.2805,1.9875,,ES,203457,,False
node_03718,node_03718,-35.3305,149.1275,,AU,38826,,False
node_03719,node_03719,40.2605,-80.1525,,US,701,,False
node_03720,node_03720,59.2605,18.0205,,SE,3399,,False
node_03721,node_03721,37.7875,-122.3895,,US,7018,,False
node_03722,node_03722,48.9685,7.3605,,FR,3215,,False
node_03723,node_03723,45.2695,5.9605,,FR,15557,,False
node_03724,node_03724,52.3375,6.1115,,NL,206238,,False
node_03725,node_03725,48.1285,11.5615,,DE,21476,,False
node_03726,node_03726,59.9095,10.8615,,NO,2119,,False
node_03727,node_03727,45.4815,9.1015,,IT,62290,,False
node_03728,node_03728,59.4515,18.0575,,SE,3301,,False
node_03729,node_03729,51.9975,4.2075,,NL,49981,,False
node_03730,node_03730,43.3015,-0.3725,,FR,209090,,False
node_03731,node_03731,43.3205,45.6885,,RU,49724,,False
node_03732,node_03732,7.0715,125.6085,,PH,132905,,False
node_03733,node_03733,47.1285,-0.1405,,FR,2027,,False
node_03734,node_03734,50.8875,4.4605,,BE,9208,,False
node_03735,node_03735,51.3005,4.4405,,BE,6848,,False
node_03736,node_03736,49.4675,10.9915,,DE,3320,,False
node_03737,node_03737,54.3475,18.6515,,PL,47544,,False
node_03738,node_03738,31.3275,-113.5325,,MX,8151,,False
node_03739,node_03739,32.9805,-96.7125,,US,7018,,False
node_03740,node_03740,45.5715,-73.5615,,CA,5769,,False
node_03741,node_03741,13.4815,144.7985,,GU,17456,,False
node_03742,node_03742,55.9685,-3.1705,,GB,5089,,False
node_03743,node_03743,53.2515,-6.1505,,IE,6830,,False
node_03744,node_03744,26.7895,-80.1095,,US,7922,,False
node_03745,node_03745,56.9405,24.1205,,LV,41424,,False
node_03746,node_03746,40.0715,-75.2125,,US,7922,,False
node_03747,node_03747,31.9005,35.1985,,PS,12975,,False
node_03748,node_03748,41.7785,-87.8015,,US,7018,,False
node_03749,node_03749,59.2005,18.1995,,SE,3301,,False
node_03750,node_03750,49.7385,4.8505,,FR,3215,,False
node_03751,node_03751,47.6105,-122.3395,,US,54858,,False
node_03752,node_03752,51.4315,7.5705,,DE,41585,,False
node_03753,node_03753,48.9605,-122.7085,,US,20055,,False
node_03754,node_03754,46.0115,8.9315,,CH,3303,,False
node_03755,node_03755,51.1875,6.8715,,DE,34568,,False
node_03756,node_03756,43.6595,51.1615,,KZ,56568,,False
node_03757,node_03757,48.9975,2.2275,,FR,3215,,False
node_03758,node_03758,54.4085,18.5775,,PL,49420,,False
node_03759,node_03759,50.6505,12.2175,,DE,3209,,False
node_03760,node_03760,57.7085,12.0185,,SE,8434,,False
node_03761,node_03761,49.1785,16.6885,,CZ,16019,,False
node_03762,node_03762,50.1995,3.8395,,FR,12322,,False
node_03763,node_03763,61.8285,16.1005,,SE,25417,,False
node_03764,node_03764,57.7095,11.7805,,SE,8473,,False
node_03765,node_03765,42.1705,-8.6895,,ES,57656,,False
node_03766,node_03766,62.7415,22.8805,,FI,719,,False
node_03767,node_03767,49.4305,13.8815,,CZ,16246,,False
node_03768,node_03768,53.3315,-6.2185,,IE,6830,,False
node_03769,node_03769,43.8085,11.1775,,IT,49605,,False
node_03770,node_03770,41.5785,-3.0715,,ES,3352,,False
node_03771,node_03771,41.8695,12.4495,,IT,12874,,False
node_03772,node_03772,52.2175,6.9005,,NL,33915,,False
node_03773,node_03773,51.9905,4.2105,,NL,49981,,False
node_03774,node_03774,47.8585,12.1215,,DE,29413,,False
node_03775,node_03775,49.8115,-97.1025,,CA,63318,,False
node_03776,node_03776,52.1805,5.2985,,NL,33915,,False
node_03777,node_03777,42.6685,23.3285,,BG,5421,,False
node_03778,node_03778,37.9775,23.7295,,GR,6799,,False
node_03779,node_03779,3.0785,101.5805,,MY,9930,,False
node_03780,node_03780,42.1515,41.6615,,GE,35805,,False
node_03781,node_03781,-38.6885,-62.2825,,AR,28109,,False
node_03782,node_03782,-34.8695,-55.1415,,UY,6057,,False
node_03783,node_03783,37.5375,-6.0585,,ES,203641,,False
node_03784,node_03784,47.6805,9.1775,,DE,57154,,False
node_03785,node_03785,52.5395,13.7885,,DE,15366,,False
node_03786,node_03786,56.6605,16.4895,,SE,3301,,False
node_03787,node_03787,57.1805,10.1605,,DK,206157,,False
node_03788,node_03788,41.3895,2.2015,,ES,3262,,False
node_03789,node_03789,36.7205,-4.3785,,ES,12479,,False
node_03790,node_03790,33.8395,-81.1625,,US,22646,,False
node_03791,node_03791,51.5095,-0.2315,,GB,2818,,False
node_03792,node_03792,47.3815,8.4985,,CH,212323,,False
node_03793,node_03793,39.0015,-77.2905,,US,701,,False
node_03794,node_03794,55.6795,12.5905,,DK,3292,,False
node_03795,node_03795,-33.0425,-71.5895,,CL,7418,,False
node_03796,node_03796,48.7005,2.1105,,FR,15557,,False
node_03797,node_03797,43.6995,5.0375,,FR,12322,,False
node_03798,node_03798,52.0185,5.5575,,NL,12414,,False
node_03799,node_03799,52.0395,8.5185,,DE,3209,,False
node_03800,node_03800,48.9095,13.8685,,CZ,44489,,False
node_03801,node_03801,50.1005,8.5885,,DE,8560,,False
node_03802,node_03802,53.1395,18.1315,,PL,12618,,False
node_03803,node_03803,47.4105,2.9415,,FR,12322,,False
node_03804,node_03804,50.0875,18.5315,,PL,13000,,False
node_03805,node_03805,48.9195,9.1375,,DE,8881,,False
node_03806,node_03806,58.3875,15.4195,,SE,8473,,False
node_03807,node_03807,51.9585,4.5795,,NL,16298,,False
node_03808,node_03808,50.2085,19.2595,,PL,33923,,False
node_03809,node_03809,38.6295,-90.2485,,US,2552,,False
node_03810,node_03810,50.7695,6.0915,,DE,8422,,False
node_03811,node_03811,53.2395,6.8375,,NL,206238,,False
node_03812,node_03812,59.9095,10.7475,,NO,2119,,False
node_03813,node_03813,52.3775,6.2875,,NL,50266,,False
node_03814,node_03814,51.8275,14.1495,,DE,3320,,False
node_03815,node_03815,49.6795,5.8095,,BE,5432,,False
node_03816,node_03816,50.6905,3.0395,,FR,35540,,False
node_03817,node_03817,52.2205,6.8905,,NL,1136,,False
node_03818,node_03818,48.6575,15.1615,,AT,34318,,False
node_03819,node_03819,50.0995,8.6315,,DE,29066,,False
node_03820,node_03820,52.2405,4.4515,,NL,50266,,False
node_03821,node_03821,51.4775,4.2675,,NL,50266,,False
node_03822,node_03822,47.2575,-1.6725,,FR,12322,,False
node_03823,node_03823,50.9795,7.0175,,DE,33984,,False
node_03824,node_03824,47.3785,8.5395,,CH,8302,,False
node_03825,node_03825,51.5705,4.1995,,NL,15435,,False
node_03826,node_03826,50.8405,-0.7795,,GB,20712,,False
node_03827,node_03827,47.3375,8.5205,,CH,13030,,False
node_03828,node_03828,51.7795,8.8205,,DE,3209,,False
node_03829,node_03829,38.6375,-90.2485,,US,2552,,False
node_03830,node_03830,43.5785,7.1215,,FR,12322,,False
node_03831,node_03831,49.3105,10.7515,,DE,8899,,False
node_03832,node_03832,-6.1205,106.7775,,ID,131749,,False
node_03833,node_03833,45.1675,5.6885,,FR,28768,,False
node_03834,node_03834,-7.2605,112.7505,,ID,24521,,False
node_03835,node_03835,51.6075,-0.6525,,GB,208189,,False
node_03836,node_03836,35.6875,139.7575,,JP,2907,,False
node_03837,node_03837,43.7795,-79.2325,,CA,812,,False
node_03838,node_03838,51.1575,4.4285,,BE,5432,,False
node_03839,node_03839,50.6215,3.0485,,FR,3215,,False
node_03840,node_03840,46.3615,0.4585,,FR,12322,,False
node_03841,node_03841,48.5905,9.7995,,DE,3209,,False
node_03842,node_03842,50.0495,-5.1795,,GB,51048,,False
node_03843,node_03843,49.5775,11.0105,,DE,3209,,False
node_03844,node_03844,41.3895,2.1715,,ES,24592,,False
node_03845,node_03845,48.8675,2.3175,,FR,8426,,False
node_03846,node_03846,52.3295,5.2175,,NL,38919,,False
node_03847,node_03847,50.8395,5.6985,,NL,33915,,False
node_03848,node_03848,52.0705,4.3495,,NL,201290,,False
node_03849,node_03849,52.4575,6.0005,,NL,1136,,False
node_03850,node_03850,48.1475,15.1015,,AT,43848,,False
node_03851,node_03851,42.6675,23.3975,,BG,60447,,False
node_03852,node_03852,55.6615,12.1475,,DK,15516,,False
node_03853,node_03853,51.1415,3.8675,,BE,5432,,False
node_03854,node_03854,58.6895,12.4785,,SE,8473,,False
node_03855,node_03855,44.9095,10.9885,,IT,60049,,False
node_03856,node_03856,48.0995,-1.6305,,FR,8426,,False
node_03857,node_03857,46.9375,7.7815,,CH,3303,,False
node_03858,node_03858,47.4095,-1.6485,,FR,12322,,False
node_03859,node_03859,47.2405,5.9815,,FR,3215,,False
node_03860,node_03860,-23.6685,-46.7415,,BR,26599,,False
node_03861,node_03861,31.8705,34.7985,,IL,12400,,False
node_03862,node_03862,50.9795,5.8295,,NL,33915,,False
node_03863,node_03863,46.8415,-71.3005,,CA,1403,,False
node_03864,node_03864,36.9775,-121.9685,,US,7922,,False
node_03865,node_03865,38.9495,-77.3015,,US,701,,False
node_03866,node_03866,52.5275,6.0605,,NL,1136,,False
node_03867,node_03867,38.9305,-79.8515,,US,5650,,False
node_03868,node_03868,29.6295,52.5095,,IR,58224,,False
node_03869,node_03869,57.7795,14.1195,,SE,3301,,False
node_03870,node_03870,-37.8195,145.3095,,AU,38880,,False
node_03871,node_03871,51.5915,0.5995,,GB,13037,,False
node_03872,node_03872,48.8585,2.3775,,FR,34948,,False
node_03873,node_03873,51.2985,6.5575,,DE,12571,,False
node_03874,node_03874,53.1095,8.4575,,DE,3320,,False
node_03875,node_03875,48.2005,11.5875,,DE,15456,,False
node_03876,node_03876,43.0515,-124.4225,,US,20115,,False
node_03877,node_03877,49.7995,9.9775,,DE,8823,,False
node_03878,node_03878,48.1075,-1.6115,,FR,15557,,False
node_03879,node_03879,35.7405,139.7185,,JP,17506,,False
node_03880,node_03880,49.3505,6.1485,,FR,12322,,False
node_03881,node_03881,48.9905,12.1995,,DE,204796,,False
node_03882,node_03882,51.1875,6.4205,,DE,9135,,False
node_03883,node_03883,50.9785,7.0315,,DE,33984,,False
node_03884,node_03884,48.8215,2.3915,,FR,41653,,False
node_03885,node_03885,51.6985,39.1975,,RU,3216,,False
node_03886,node_03886,25.0075,121.5175,,TW,18419,,False
node_03887,node_03887,51.7315,5.2475,,NL,206238,,False
node_03888,node_03888,52.2075,5.9485,,NL,12414,,False
node_03889,node_03889,-33.4585,151.4385,,AU,38195,,False
node_03890,node_03890,35.6595,10.8885,,TN,37705,,False
node_03891,node_03891,-27.5325,153.0895,,AU,134090,,False
node_03892,node_03892,1.3475,103.8195,,SG,9506,,False
node_03893,node_03893,33.8895,35.4995,,LB,42334,,False
node_03894,node_03894,44.8715,-0.5995,,FR,12322,,False
node_03895,node_03895,1.3475,172.9215,,US,14593,,False
node_03896,node_03896,-36.8485,174.7715,,NZ,64073,,False
node_03897,node_03897,-36.6315,174.7375,,NZ,4771,,False
node_03898,node_03898,53.9495,27.4875,,BY,50345,,False
node_03899,node_03899,35.7705,51.4185,,IR,50558,,False
node_03900,node_03900,1.3495,103.8195,,SG,4657,,False
node_03901,node_03901,37.9805,-121.3105,,US,18663,,False
node_03902,node_03902,20.6185,-103.4285,,MX,270161,,False
node_03903,node_03903,37.0575,-93.3185,,US,32363,,False
node_03904,node_03904,-32.9295,151.7815,,AU,38170,,False
node_03905,node_03905,39.1605,-94.8325,,US,16591,,False
node_03906,node_03906,51.5685,8.8405,,DE,8899,,False
node_03907,node_03907,50.0975,8.6305,,DE,47447,,False
node_03908,node_03908,46.1675,4.8015,,FR,2027,,False
node_03909,node_03909,-33.9015,18.7115,,ZA,37100,,False
node_03910,node_03910,62.8885,27.6475,,FI,198024,,False
node_03911,node_03911,51.1485,6.8675,,DE,8881,,False
node_03912,node_03912,47.1985,-1.5515,,FR,174,,False
node_03913,node_03913,24.5595,-81.7815,,US,7922,,False
node_03914,node_03914,49.1815,9.2285,,DE,21161,,False
node_03915,node_03915,50.8085,5.2185,,BE,6848,,False
node_03916,node_03916,50.1175,7.7995,,DE,8899,,False
node_03917,node_03917,31.6705,35.1595,,IL,12400,,False
node_03918,node_03918,50.9415,5.3195,,BE,5432,,False
node_03919,node_03919,31.0795,77.1805,,IN,24560,,False
node_03920,node_03920,36.6785,-121.7985,,US,7922,,False
node_03921,node_03921,28.5615,77.1915,,IN,24560,,False
node_03922,node_03922,-34.3185,150.9215,,AU,4804,,False
node_03923,node_03923,-24.2405,-54.7525,,PY,52455,,False
node_03924,node_03924,46.4685,30.6985,,UA,43320,,False
node_03925,node_03925,46.8405,16.2185,,SI,21283,,False
node_03926,node_03926,38.7715,-9.1015,,PT,2860,,False
node_03927,node_03927,48.3385,16.3095,,AT,1764,,False
node_03928,node_03928,-0.2015,-78.4225,,EC,27947,,False
node_03929,node_03929,38.7615,-9.1385,,PT,1930,,False
node_03930,node_03930,43.2995,5.3675,,FR,37100,,False
node_03931,node_03931,51.4805,11.9775,,DE,41981,,False
node_03932,node_03932,41.1495,24.1475,,GR,1241,,False
node_03933,node_03933,-38.7085,-62.2625,,AR,27883,,False
node_03934,node_03934,50.4285,30.4705,,UA,13188,,False
node_03935,node_03935,47.5715,8.4715,,CH,15600,,False
node_03936,node_03936,47.3375,8.5175,,CH,13030,,False
node_03937,node_03937,47.2795,15.4875,,AT,8447,,False
node_03938,node_03938,44.5605,11.4275,,IT,21309,,False
node_03939,node_03939,36.9415,21.7175,,GR,29247,,False
node_03940,node_03940,52.2085,21.0085,,PL,9141,,False
node_03941,node_03941,47.5385,7.9585,,CH,6730,,False
node_03942,node_03942,33.8295,-84.3315,,US,7018,,False
node_03943,node_03943,44.9505,-93.1815,,US,209,,False
node_03944,node_03944,44.4375,26.1295,,RO,12302,,False
node_03945,node_03945,52.1785,21.1795,,PL,9141,,False
node_03946,node_03946,35.4415,139.6395,,JP,2497,,False
node_03947,node_03947,-20.5615,-48.5695,,BR,18881,,False
node_03948,node_03948,47.2885,11.1205,,AT,35765,,False
node_03949,node_03949,50.1695,14.7115,,CZ,50825,,False
node_03950,node_03950,48.2785,0.9315,,FR,3215,,False
node_03951,node_03951,-37.7115,176.2975,,NZ,9500,,False
node_03952,node_03952,13.7515,100.5885,,TH,133481,,False
node_03953,node_03953,31.9515,34.8285,,IL,1680,,False
node_03954,node_03954,55.8195,37.6395,,RU,12695,,False
node_03955,node_03955,40.1075,-88.2505,,US,14593,,False
node_03956,node_03956,33.9775,-118.4495,,US,4,,False
node_03957,node_03957,45.5015,-122.7025,,US,7922,,False
node_03958,node_03958,33.8375,-116.5305,,US,5650,,False
node_03959,node_03959,46.7005,16.1605,,SI,5603,,False
node_03960,node_03960,50.0715,19.9205,,PL,5617,,False
node_03961,node_03961,45.4475,8.6215,,IT,30722,,False
node_03962,node_03962,32.9785,-96.8885,,US,5650,,False
node_03963,node_03963,52.1005,4.9975,,NL,1136,,False
node_03964,node_03964,51.8615,4.6685,,NL,206238,,False
node_03965,node_03965,44.9605,-92.9015,,US,209,,False
node_03966,node_03966,48.1695,16.4105,,AT,202616,,False
node_03967,node_03967,36.6185,-4.5095,,ES,3352,,False
node_03968,node_03968,42.8595,74.6105,,KG,41750,,False
node_03969,node_03969,60.5885,25.0315,,FI,1759,,False
node_03970,node_03970,51.8285,-0.4725,,GB,20712,,False
node_03971,node_03971,52.0595,5.2875,,NL,15435,,False
node_03972,node_03972,48.4285,17.7885,,SK,56933,,False
node_03973,node_03973,43.9685,-75.9105,,US,11351,,False
node_03974,node_03974,48.8695,2.2995,,FR,5410,,False
node_03975,node_03975,37.2705,-122.0205,,US,7018,,False
node_03976,node_03976,53.2515,34.3705,,RU,48511,,False
node_03977,node_03977,61.4695,23.7505,,FI,204779,,False
node_03978,node_03978,50.5815,3.1405,,FR,35661,,False
node_03979,node_03979,48.0675,7.3915,,FR,12322,,False
node_03980,node_03980,-34.9315,138.5915,,AU,4739,,False
node_03981,node_03981,44.6675,-76.3625,,CA,14593,,False
node_03982,node_03982,41.4775,12.8785,,IT,20912,,False
node_03983,node_03983,36.0775,-115.1105,,US,22773,,False
node_03984,node_03984,50.5375,14.0505,,CZ,16019,,False
node_03985,node_03985,60.1675,24.7205,,FI,203296,,False
node_03986,node_03986,62.5875,23.6215,,FI,8829,,False
node_03987,node_03987,51.2215,18.5815,,PL,12985,,False
node_03988,node_03988,50.4375,30.4815,,UA,51124,,False
node_03989,node_03989,43.7105,-79.2885,,CA,577,,False
node_03990,node_03990,32.8515,-117.2005,,US,20001,,False
node_03991,node_03991,39.5385,-104.9295,,US,7922,,False
node_03992,node_03992,48.0495,16.3205,,AT,8339,,False
node_03993,node_03993,43.6205,1.3305,,FR,3215,,False
node_03994,node_03994,54.7685,38.6415,,RU,50449,,False
node_03995,node_03995,46.1605,6.0715,,CH,35612,,False
node_03996,node_03996,43.0715,-77.5925,,US,11351,,False
node_03997,node_03997,52.2185,6.8895,,NL,206238,,False
node_03998,node_03998,55.3805,10.4205,,DK,198901,,False
node_03999,node_03999,55.8075,37.6915,,RU,51892,,False
node_04000,node_04000,52.1075,6.6415,,NL,206238,,False
node_04001,node_04001,48.1975,16.3915,,AT,8412,,False
node_04002,node_04002,51.4305,-0.0585,,GB,215066,,False
node_04003,node_04003,52.6775,5.6775,,NL,15435,,False
node_04004,node_04004,48.1085,11.5875,,DE,8767,,False
node_04005,node_04005,4.1805,73.5075,,MV,7642,,False
node_04006,node_04006,50.2795,14.2385,,CZ,50163,,False
node_04007,node_04007,45.6195,11.5095,,IT,16232,,False
node_04008,node_04008,55.7005,37.3895,,RU,29226,,False
node_04009,node_04009,43.4675,-79.7495,,CA,577,,False
node_04010,node_04010,41.7075,44.7805,,GE,16010,,False
node_04011,node_04011,4.2105,73.5415,,MV,7642,,False
node_04012,node_04012,46.1985,5.2285,,FR,3215,,False
node_04013,node_04013,65.0615,25.4685,,FI,1741,,False
node_04014,node_04014,50.6895,3.1995,,FR,3215,,False
node_04015,node_04015,43.6805,6.9795,,FR,5410,,False
node_04016,node_04016,40.6115,-111.9205,,US,13415,,False
node_04017,node_04017,50.9405,4.6505,,BE,6848,,False
node_04018,node_04018,59.6085,16.5415,,SE,1257,,False
node_04019,node_04019,47.0615,7.6315,,CH,15600,,False
node_04020,node_04020,35.7295,139.8575,,JP,2516,,False
node_04021,node_04021,34.6585,133.9185,,JP,4685,,False
node_04022,node_04022,48.1705,11.4985,,DE,8767,,False
node_04023,node_04023,-33.0105,-71.2615,,CL,7418,,False
node_04024,node_04024,52.5115,5.7295,,NL,1136,,False
node_04025,node_04025,43.6915,13.0415,,IT,12874,,False
node_04026,node_04026,46.6475,-1.5925,,FR,20766,,False
node_04027,node_04027,60.1685,24.9475,,FI,16086,,False
node_04028,node_04028,49.7175,8.8375,,DE,3320,,False
node_04029,node_04029,38.0315,23.7585,,GR,200736,,False
node_04030,node_04030,39.0495,-77.5215,,US,701,,False
node_04031,node_04031,50.3485,4.2695,,BE,12392,,False
node_04032,node_04032,41.5305,-83.6905,,US,15081,,False
node_04033,node_04033,62.6115,29.7795,,FI,719,,False
node_04034,node_04034,51.9775,9.5105,,DE,209347,,False
node_04035,node_04035,40.3385,-3.7495,,ES,15704,,False
node_04036,node_04036,32.0775,34.8915,,IL,61102,,False
node_04037,node_04037,40.6385,-8.6525,,PT,2860,,False
node_04038,node_04038,47.7005,8.5975,,CH,8758,,False
node_04039,node_04039,43.8485,-79.3315,,CA,812,,False
node_04040,node_04040,55.6575,37.5315,,RU,25513,,False
node_04041,node_04041,50.4205,30.6515,,UA,8788,,False
node_04042,node_04042,30.1195,-95.5425,,US,7018,,False
node_04043,node_04043,51.4605,-0.1225,,GB,215066,,False
node_04044,node_04044,4.7305,-74.0515,,CO,3816,,False
node_04045,node_04045,53.2485,-9.2905,,IE,5466,,False
node_04046,node_04046,43.7895,1.3595,,FR,3215,,False
node_04047,node_04047,49.2505,16.6195,,CZ,13036,,False
node_04048,node_04048,48.8285,2.3305,,FR,12322,,False
node_04049,node_04049,-7.7785,110.3905,,ID,45305,,False
node_04050,node_04050,-41.1515,175.0105,,NZ,9500,,False
node_04051,node_04051,48.8115,2.3115,,FR,5410,,False
node_04052,node_04052,43.9585,12.7315,,IT,3269,,False
node_04053,node_04053,44.8495,-0.5785,,FR,12322,,False
node_04054,node_04054,41.1275,-96.0725,,US,15108,,False
node_04055,node_04055,50.0185,19.9485,,PL,5617,,False
node_04056,node_04056,60.2585,22.2805,,FI,42885,,False
node_04057,node_04057,47.5895,19.1105,,HU,20845,,False
node_04058,node_04058,51.2905,6.9305,,DE,60522,,False
node_04059,node_04059,55.7385,37.4915,,RU,8402,,False
node_04060,node_04060,36.5015,-4.7185,,ES,200845,,False
node_04061,node_04061,53.1795,8.1915,,DE,9145,,False
node_04062,node_04062,56.2005,37.9785,,RU,49893,,False
node_04063,node_04063,46.5615,15.6605,,SI,51509,,False
node_04064,node_04064,-12.1395,-77.0225,,PE,265691,,False
node_04065,node_04065,41.0075,28.9785,,TR,47524,,False
node_04066,node_04066,-0.2085,-78.4915,,EC,61468,,False
node_04067,node_04067,14.0205,-60.9905,,LC,15344,,False
node_04068,node_04068,25.7415,-100.2305,,MX,17072,,False
node_04069,node_04069,-25.8125,28.1405,,ZA,328039,,False
node_04070,node_04070,47.7805,9.6075,,DE,3320,,False
node_04071,node_04071,46.3715,5.0975,,FR,2027,,False
node_04072,node_04072,50.9715,4.9285,,BE,6848,,False
node_04073,node_04073,44.3205,-88.3695,,US,10796,,False
node_04074,node_04074,55.9805,37.5015,,RU,49828,,False
node_04075,node_04075,51.4295,0.3675,,GB,212655,,False
node_04076,node_04076,55.4575,10.6585,,DK,47304,,False
node_04077,node_04077,48.2685,4.0685,,FR,2200,,False
node_04078,node_04078,-33.8905,151.1885,,AU,23719,,False
node_04079,node_04079,39.7115,-75.1015,,US,701,,False
node_04080,node_04080,50.1175,8.8995,,DE,3320,,False
node_04081,node_04081,34.1975,-118.5395,,US,20001,,False
node_04082,node_04082,51.2215,-1.4395,,GB,5607,,False
node_04083,node_04083,50.0985,8.6315,,DE,3257,,False
node_04084,node_04084,60.2395,25.1215,,FI,719,,False
node_04085,node_04085,50.1105,8.6315,,DE,3209,,False
node_04086,node_04086,-33.8395,151.1515,,AU,1221,,False
node_04087,node_04087,48.4505,22.7185,,UA,35067,,False
node_04088,node_04088,45.0705,11.7905,,IT,3269,,False
node_04089,node_04089,48.2105,16.3705,,AT,8412,,False
node_04090,node_04090,38.1495,-78.5585,,US,397005,,False
node_04091,node_04091,44.4385,15.0575,,HR,5391,,False
node_04092,node_04092,50.9615,6.9375,,DE,39351,,False
node_04093,node_04093,51.5275,-0.2715,,GB,203231,,False
node_04094,node_04094,43.1295,131.9085,,RU,33819,,False
node_04095,node_04095,38.0305,23.7585,,GR,200736,,False
node_04096,node_04096,59.3395,18.5695,,SE,8434,,False
node_04097,node_04097,48.0285,12.5615,,DE,31317,,False
node_04098,node_04098,53.3995,-3.1215,,GB,2856,,False
node_04099,node_04099,46.8815,8.6385,,CH,13030,,False
node_04100,node_04100,59.8905,30.3285,,RU,49505,,False
node_04101,node_04101,55.6505,12.5505,,DK,207727,,False
node_04102,node_04102,45.9095,8.9915,,CH,3303,,False
node_04103,node_04103,45.1005,-81.3985,,CA,11260,,False
node_04104,node_04104,37.9915,23.7675,,GR,5408,,False
node_04105,node_04105,45.5495,9.2185,,IT,1267,,False
node_04106,node_04106,48.0285,17.1995,,SK,15962,,False
node_04107,node_04107,-23.6325,-46.6405,,BR,18881,,False
node_04108,node_04108,52.0115,4.7095,,NL,206238,,False
node_04109,node_04109,56.2075,-2.7295,,GB,6871,,False
node_04110,node_04110,57.0085,40.9805,,RU,42393,,False
node_04111,node_04111,38.9695,-77.6185,,US,701,,False
node_04112,node_04112,42.6615,21.1675,,RS,29170,,False
node_04113,node_04113,45.0895,-93.0115,,US,209,,False
node_04114,node_04114,51.4085,16.1805,,PL,198537,,False
node_04115,node_04115,50.0775,8.2415,,DE,8881,,False
node_04116,node_04116,60.2385,24.8115,,FI,1759,,False
node_04117,node_04117,51.1705,10.4515,,DE,3320,,False
node_04118,node_04118,46.4475,4.1175,,FR,215596,,False
node_04119,node_04119,47.2115,7.5285,,CH,13030,,False
node_04120,node_04120,44.6975,-63.6605,,CA,11260,,False
node_04121,node_04121,45.4605,9.0595,,IT,3269,,False
node_04122,node_04122,51.7205,4.2795,,NL,15435,,False
node_04123,node_04123,53.6895,-1.4995,,GB,2856,,False
node_04124,node_04124,59.9115,10.8605,,NO,29695,,False
node_04125,node_04125,50.8395,5.6975,,NL,1136,,False
node_04126,node_04126,48.8615,2.3475,,FR,5410,,False
node_04127,node_04127,52.0975,5.1085,,NL,33915,,False
node_04128,node_04128,-33.7905,151.2585,,AU,4764,,False
node_04129,node_04129,46.9475,7.3795,,CH,13030,,False
node_04130,node_04130,46.0815,14.4795,,SI,56635,,False
node_04131,node_04131,52.9975,9.8305,,DE,13101,,False
node_04132,node_04132,45.4385,10.9915,,IT,202870,,False
node_04133,node_04133,52.6205,13.2415,,DE,14593,,False
node_04134,node_04134,45.5515,8.8815,,IT,202613,,False
node_04135,node_04135,52.2215,5.9875,,NL,50266,,False
node_04136,node_04136,51.7085,5.3675,,NL,33915,,False
node_04137,node_04137,45.7815,9.6185,,IT,47217,,False
node_04138,node_04138,51.5305,5.5805,,NL,15435,,False
node_04139,node_04139,46.8315,9.4505,,CH,3303,,False
node_04140,node_04140,46.4785,15.7215,,SI,3212,,False
node_04141,node_04141,33.0585,-112.0485,,US,17385,,False
node_04142,node_04142,47.5195,15.1675,,AT,8447,,False
node_04143,node_04143,48.0195,16.3685,,AT,8339,,False
node_04144,node_04144,53.6005,8.6285,,DE,9145,,False
node_04145,node_04145,40.0315,-76.3905,,US,7922,,False
node_04146,node_04146,44.2095,43.1305,,RU,12683,,False
node_04147,node_04147,39.8905,-104.8795,,US,7922,,False
node_04148,node_04148,39.0475,-78.1585,,US,701,,False
node_04149,node_04149,-33.8705,151.0015,,AU,7545,,False
node_04150,node_04150,49.2815,11.1015,,DE,20686,,False
node_04151,node_04151,35.4395,139.6375,,JP,17506,,False
node_04152,node_04152,7.7905,98.3275,,TH,45758,,False
node_04153,node_04153,48.2805,11.5585,,DE,58299,,False
node_04154,node_04154,52.7315,10.2285,,DE,57353,,False
node_04155,node_04155,54.7915,9.4285,,DE,3209,,False
node_04156,node_04156,48.7815,9.1485,,DE,3320,,False
node_04157,node_04157,51.5775,4.9795,,NL,206238,,False
node_04158,node_04158,51.8195,8.6795,,DE,8899,,False
node_04159,node_04159,53.4885,10.1605,,DE,3320,,False
node_04160,node_04160,48.6295,9.0305,,DE,3209,,False
node_04161,node_04161,47.0015,15.4505,,AT,42729,,False
node_04162,node_04162,42.6805,23.2615,,BG,8262,,False
node_04163,node_04163,35.7675,139.6385,,JP,59105,,False
node_04164,node_04164,-36.5905,174.6885,,NZ,9790,,False
node_04165,node_04165,1.3675,103.8295,,SG,55430,,False
node_04166,node_04166,49.6305,8.6215,,DE,3209,,False
node_04167,node_04167,49.4715,1.1215,,FR,5410,,False
node_04168,node_04168,48.0195,11.4815,,DE,3209,,False
node_04169,node_04169,47.4215,0.6815,,FR,3215,,False
node_04170,node_04170,52.5085,13.5075,,DE,58243,,False
node_04171,node_04171,42.4575,24.9375,,BG,14593,,False
node_04172,node_04172,52.0085,8.5675,,DE,198967,,False
node_04173,node_04173,49.4505,7.8075,,DE,196819,,False
node_04174,node_04174,48.0985,-1.6315,,FR,44297,,False
node_04175,node_04175,48.8695,2.0885,,FR,15557,,False
node_04176,node_04176,43.0775,5.8085,,FR,15557,,False
node_04177,node_04177,49.0985,8.0685,,DE,8899,,False
node_04178,node_04178,49.2195,6.9985,,DE,3320,,False
node_04179,node_04179,50.0175,8.7895,,DE,8881,,False
node_04180,node_04180,56.7795,10.1795,,DK,39642,,False
node_04181,node_04181,47.5015,8.3395,,CH,8758,,False
node_04182,node_04182,53.1005,8.8195,,DE,3209,,False
node_04183,node_04183,47.8875,16.4105,,AT,8447,,False
node_04184,node_04184,49.0105,8.4405,,DE,8881,,False
node_04185,node_04185,53.6395,10.0415,,DE,6805,,False
node_04186,node_04186,48.1405,11.5415,,DE,8767,,False
node_04187,node_04187,46.0705,14.5415,,SI,21283,,False
node_04188,node_04188,40.0075,-75.2625,,US,701,,False
node_04189,node_04189,42.4505,-71.2225,,US,33083,,False
node_04190,node_04190,38.2505,140.8485,,JP,2907,,False
node_04191,node_04191,-31.9495,115.8585,,AU,45118,,False
node_04192,node_04192,30.3615,-91.0005,,US,7018,,False
node_04193,node_04193,-33.7305,151.2905,,AU,4764,,False
node_04194,node_04194,42.5115,41.8705,,GE,203136,,False
node_04195,node_04195,35.7475,139.7115,,JP,2516,,False
node_04196,node_04196,55.0195,73.4015,,RU,15870,,False
node_04197,node_04197,-26.6525,153.0775,,AU,153720,,False
node_04198,node_04198,-34.6795,138.6895,,AU,134090,,False
node_04199,node_04199,48.3585,11.2575,,DE,210793,,False
node_04200,node_04200,53.2995,10.5675,,DE,14593,,False
node_04201,node_04201,51.6475,8.6975,,DE,8899,,False
node_04202,node_04202,51.5585,9.9275,,DE,3320,,False
node_04203,node_04203,49.2585,7.2475,,DE,3320,,False
node_04204,node_04204,48.0495,7.8675,,DE,3209,,False
node_04205,node_04205,50.8915,6.9875,,DE,3209,,False
node_04206,node_04206,49.1785,9.3285,,DE,62336,,False
node_04207,node_04207,51.1805,6.8685,,DE,3209,,False
node_04208,node_04208,48.8315,2.5185,,FR,12322,,False
node_04209,node_04209,48.8515,2.3395,,FR,34177,,False
node_04210,node_04210,51.6075,7.2195,,DE,3320,,False
node_04211,node_04211,48.9015,2.2605,,FR,5410,,False
node_04212,node_04212,51.9515,6.9905,,DE,8899,,False
node_04213,node_04213,48.8195,2.3015,,FR,12322,,False
node_04214,node_04214,47.6205,-122.5185,,US,396952,,False
node_04215,node_04215,49.6615,8.5715,,DE,3209,,False
node_04216,node_04216,50.0085,8.3515,,DE,3320,,False
node_04217,node_04217,53.4895,10.2475,,DE,3209,,False
node_04218,node_04218,49.4105,6.9075,,DE,60294,,False
node_04219,node_04219,48.6315,9.2275,,DE,3320,,False
node_04220,node_04220,52.2375,10.9985,,DE,201701,,False
node_04221,node_04221,51.7085,14.3185,,DE,3320,,False
node_04222,node_04222,52.2915,8.0385,,DE,3320,,False
node_04223,node_04223,41.9885,12.5485,,IT,3269,,False
node_04224,node_04224,51.5275,9.1295,,DE,209040,,False
node_04225,node_04225,55.8605,-3.0705,,GB,13037,,False
node_04226,node_04226,53.1415,8.2095,,DE,9145,,False
node_04227,node_04227,52.1875,5.3905,,NL,1136,,False
node_04228,node_04228,52.4505,8.6505,,DE,57353,,False
node_04229,node_04229,52.7305,10.7205,,DE,42965,,False
node_04230,node_04230,53.6295,10.1715,,DE,6805,,False
node_04231,node_04231,49.9805,7.9315,,DE,3209,,False
node_04232,node_04232,49.4705,8.6615,,DE,3209,,False
node_04233,node_04233,51.5815,6.9715,,DE,3209,,False
node_04234,node_04234,47.6605,10.0315,,DE,3320,,False
node_04235,node_04235,50.7895,6.1075,,DE,8422,,False
node_04236,node_04236,54.1495,-4.4925,,IM,42455,,False
node_04237,node_04237,50.6315,3.2385,,FR,3215,,False
node_04238,node_04238,60.2115,24.6585,,FI,204779,,False
node_04239,node_04239,55.6975,12.5195,,DK,15516,,False
node_04240,node_04240,49.2495,8.7195,,DE,8899,,False
node_04241,node_04241,49.3395,11.1715,,DE,6805,,False
node_04242,node_04242,51.5005,-0.1785,,GB,786,,False
node_04243,node_04243,52.2975,6.7515,,NL,50266,,False
node_04244,node_04244,46.9285,15.2575,,AT,62276,,False
node_04245,node_04245,48.7385,9.3175,,DE,3209,,False
node_04246,node_04246,48.0995,14.4175,,AT,12605,,False
node_04247,node_04247,53.3915,-6.2125,,IE,5607,,False
node_04248,node_04248,-31.9925,115.7785,,AU,45797,,False
node_04249,node_04249,49.8185,6.6095,,DE,8881,,False
node_04250,node_04250,57.6305,18.2805,,SE,3301,,False
node_04251,node_04251,50.4815,12.3605,,DE,24940,,False
node_04252,node_04252,49.8785,8.6505,,DE,3320,,False
node_04253,node_04253,49.5885,5.9815,,LU,14593,,False
node_04254,node_04254,49.4385,8.6175,,DE,8881,,False
node_04255,node_04255,56.9995,9.9875,,DK,9158,,False
node_04256,node_04256,47.6405,6.8375,,FR,3215,,False
node_04257,node_04257,48.1905,11.3575,,DE,3320,,False
node_04258,node_04258,51.2375,6.8475,,DE,58299,,False
node_04259,node_04259,51.9405,10.1275,,DE,3320,,False
node_04260,node_04260,49.1385,8.2085,,DE,3320,,False
node_04261,node_04261,47.7515,11.3685,,DE,3320,,False
node_04262,node_04262,49.6775,10.9395,,DE,3209,,False
node_04263,node_04263,45.1985,5.6695,,FR,12322,,False
node_04264,node_04264,59.3015,17.9695,,SE,3301,,False
node_04265,node_04265,53.6675,10.1495,,DE,15943,,False
node_04266,node_04266,50.0915,11.9695,,DE,3320,,False
node_04267,node_04267,44.0085,28.6405,,RO,8708,,False
node_04268,node_04268,49.6575,8.5715,,DE,3320,,False
node_04269,node_04269,49.2385,7.0615,,DE,3209,,False
node_04270,node_04270,48.8485,10.9475,,DE,3320,,False
node_04271,node_04271,52.2995,9.4675,,DE,3320,,False
node_04272,node_04272,50.7485,7.7675,,DE,3320,,False
node_04273,node_04273,50.7495,12.6275,,DE,8881,,False
node_04274,node_04274,56.9975,9.9885,,DK,39642,,False
node_04275,node_04275,49.4685,8.5985,,DE,8899,,False
node_04276,node_04276,45.1885,5.7095,,FR,3215,,False
node_04277,node_04277,52.2695,10.5295,,DE,680,,False
node_04278,node_04278,50.0505,14.4295,,CZ,208329,,False
node_04279,node_04279,48.6715,8.9995,,DE,3209,,False
node_04280,node_04280,48.7675,13.0595,,DE,31317,,False
node_04281,node_04281,46.7885,6.6395,,CH,6730,,False
node_04282,node_04282,50.9485,6.9195,,DE,8422,,False
node_04283,node_04283,48.1775,11.5105,,DE,8767,,False
node_04284,node_04284,47.1775,5.3005,,FR,12322,,False
node_04285,node_04285,53.1575,8.6105,,DE,3209,,False
node_04286,node_04286,59.4295,24.7105,,EE,3249,,False
node_04287,node_04287,43.5815,7.1315,,FR,3215,,False
node_04288,node_04288,51.3075,12.3015,,DE,8881,,False
node_04289,node_04289,51.4975,0.0215,,GB,207080,,False
node_04290,node_04290,39.4885,-0.3615,,ES,34977,,False
node_04291,node_04291,49.4185,26.9905,,UA,201094,,False
node_04292,node_04292,51.1085,16.9805,,PL,35179,,False
node_04293,node_04293,53.2605,-6.6585,,IE,215733,,False
node_04294,node_04294,45.7915,15.9675,,HR,2108,,False
node_04295,node_04295,48.7805,9.1685,,DE,201886,,False
node_04296,node_04296,52.3075,5.0385,,NL,50266,,False
node_04297,node_04297,45.7505,15.9985,,HR,25467,,False
node_04298,node_04298,45.0585,7.6795,,IT,35612,,False
node_04299,node_04299,53.1415,8.1995,,DE,3320,,False
node_04300,node_04300,31.7015,76.7395,,IN,9829,,False
node_04301,node_04301,53.8115,10.3605,,DE,198930,,False
node_04302,node_04302,51.9215,5.8415,,NL,1136,,False
node_04303,node_04303,47.0195,28.8715,,MD,60602,,False
node_04304,node_04304,-25.2715,-57.5525,,PY,23201,,False
node_04305,node_04305,10.6115,-71.6825,,VE,269782,,False
node_04306,node_04306,40.6115,-3.5415,,ES,3352,,False
node_04307,node_04307,10.4795,-66.8105,,VE,8053,,False
node_04308,node_04308,47.8795,6.2705,,FR,12322,,False
node_04309,node_04309,48.3615,-4.5695,,FR,2200,,False
node_04310,node_04310,59.9615,30.3405,,RU,41722,,False
node_04311,node_04311,-30.0425,-51.2125,,BR,2716,,False
node_04312,node_04312,47.3815,8.4975,,CH,29691,,False
node_04313,node_04313,47.4815,8.4575,,CH,6730,,False
node_04314,node_04314,47.0675,7.3075,,CH,3303,,False
node_04315,node_04315,22.2975,39.1185,,SA,50999,,False
node_04316,node_04316,47.2115,7.5285,,CH,9044,,False
node_04317,node_04317,47.3605,8.5085,,CH,3303,,False
node_04318,node_04318,-41.4415,147.1395,,AU,45158,,False
node_04319,node_04319,-33.6115,-70.5885,,CL,22047,,False
node_04320,node_04320,51.9615,-0.2825,,GB,212655,,False
node_04321,node_04321,-37.7385,175.2575,,NZ,9790,,False
node_04322,node_04322,-37.0215,175.8585,,NZ,64073,,False
node_04323,node_04323,-41.2595,174.9485,,NZ,64073,,False
node_04324,node_04324,42.5775,-71.4395,,US,701,,False
node_04325,node_04325,54.0075,-0.4195,,GB,20712,,False
node_04326,node_04326,36.9305,138.8175,,JP,59128,,False
node_04327,node_04327,45.7575,24.1485,,RO,8708,,False
node_04328,node_04328,44.4305,8.8305,,IT,1267,,False
node_04329,node_04329,40.5585,-3.6485,,ES,3352,,False
node_04330,node_04330,53.5985,10.0715,,DE,15943,,False
node_04331,node_04331,51.9415,15.5275,,PL,9103,,False
node_04332,node_04332,48.1715,16.3775,,AT,8412,,False
node_04333,node_04333,70.0785,29.7185,,NO,207464,,False
node_04334,node_04334,51.9395,15.5285,,PL,13065,,False
node_04335,node_04335,68.8005,16.5385,,NO,202204,,False
node_04336,node_04336,38.4305,-122.6715,,US,46375,,False
node_04337,node_04337,47.3775,-1.0305,,FR,3215,,False
node_04338,node_04338,52.3585,4.8795,,NL,50266,,False
node_04339,node_04339,40.6905,-73.9705,,US,701,,False
node_04340,node_04340,52.2015,7.9295,,DE,3320,,False
node_04341,node_04341,70.6595,23.6815,,NO,206557,,False
node_04342,node_04342,48.9115,2.2515,,FR,3215,,False
node_04343,node_04343,48.1715,0.5875,,FR,12322,,False
node_04344,node_04344,55.7775,37.6275,,RU,8470,,False
node_04345,node_04345,-34.7115,138.7095,,AU,58507,,False
node_04346,node_04346,52.5505,13.4305,,DE,3320,,False
node_04347,node_04347,52.1985,4.6305,,NL,12414,,False
node_04348,node_04348,51.1085,4.3305,,BE,9031,,False
node_04349,node_04349,37.4705,-121.9195,,US,42615,,False
node_04350,node_04350,38.4995,-122.6985,,US,7018,,False
node_04351,node_04351,-33.9115,151.1975,,AU,7545,,False
node_04352,node_04352,49.4395,11.0995,,DE,3320,,False
node_04353,node_04353,37.2675,-77.3185,,US,7922,,False
node_04354,node_04354,43.6215,1.3415,,FR,3215,,False
node_04355,node_04355,-17.5415,-149.5625,,PF,9471,,False
node_04356,node_04356,49.0105,12.0875,,DE,12611,,False
node_04357,node_04357,59.3275,18.0685,,SE,42675,,False
node_04358,node_04358,46.8495,7.1885,,CH,31736,,False
node_04359,node_04359,53.8615,9.7085,,DE,207790,,False
node_04360,node_04360,59.3495,18.0685,,SE,1653,,False
node_04361,node_04361,49.9105,10.8685,,DE,200062,,False
node_04362,node_04362,50.0805,14.4695,,CZ,15685,,False
node_04363,node_04363,49.2215,17.6595,,CZ,25424,,False
node_04364,node_04364,47.0605,8.3595,,CH,13030,,False
node_04365,node_04365,48.3815,10.9395,,DE,3209,,False
node_04366,node_04366,50.8895,6.8405,,DE,8422,,False
node_04367,node_04367,51.7415,19.4505,,PL,12887,,False
node_04368,node_04368,48.0995,-1.4695,,FR,2027,,False
node_04369,node_04369,52.5505,13.4505,,DE,3320,,False
node_04370,node_04370,45.7095,5.9215,,FR,12322,,False
node_04371,node_04371,48.5195,9.0615,,DE,43910,,False
node_04372,node_04372,45.7305,4.8775,,FR,12322,,False
node_04373,node_04373,52.4975,13.4175,,DE,6805,,False
node_04374,node_04374,14.6475,-90.6115,,GT,14754,,False
node_04375,node_04375,54.1695,12.3485,,DE,3320,,False
node_04376,node_04376,43.3105,21.8805,,RS,8400,,False
node_04377,node_04377,38.0275,23.7315,,GR,6799,,False
node_04378,node_04378,41.0775,14.2775,,IT,202613,,False
node_04379,node_04379,43.5595,7.0505,,FR,3215,,False
node_04380,node_04380,50.8495,4.3505,,BE,9031,,False
node_04381,node_04381,46.7585,23.5815,,RO,8708,,False
node_04382,node_04382,49.4505,11.0115,,DE,24940,,False
node_04383,node_04383,47.4915,19.1775,,HU,12301,,False
node_04384,node_04384,48.1385,11.5585,,DE,3320,,False
node_04385,node_04385,48.5695,7.7485,,FR,2259,,False
node_04386,node_04386,52.5275,13.3595,,DE,29670,,False
node_04387,node_04387,47.9605,21.7095,,HU,42864,,False
node_04388,node_04388,48.1495,17.1305,,SK,28952,,False
node_04389,node_04389,47.3615,7.3805,,CH,6730,,False
node_04390,node_04390,41.5495,-70.6125,,US,7922,,False
node_04391,node_04391,33.4005,-111.8925,,US,22773,,False
node_04392,node_04392,35.7915,51.4095,,IR,49100,,False
node_04393,node_04393,50.6675,17.9205,,PL,12912,,False
node_04394,node_04394,55.5805,38.2475,,RU,35271,,False
node_04395,node_04395,52.2675,6.1575,,NL,50266,,False
node_04396,node_04396,40.1995,-105.0115,,US,7922,,False
node_04397,node_04397,-36.7885,174.7185,,NZ,56030,,False
node_04398,node_04398,52.0995,5.0585,,NL,1136,,False
node_04399,node_04399,47.6095,-122.3305,,US,209,,False
node_04400,node_04400,46.8015,-71.2505,,CA,11814,,False
node_04401,node_04401,52.2285,5.1915,,NL,28685,,False
node_04402,node_04402,59.5695,30.1015,,RU,43966,,False
node_04403,node_04403,42.3975,-71.1315,,US,13837,,False
node_04404,node_04404,51.8885,-2.1105,,GB,13037,,False
node_04405,node_04405,43.9805,21.2595,,RS,8400,,False
node_04406,node_04406,-33.7895,151.1295,,AU,137576,,False
node_04407,node_04407,53.0015,6.5095,,NL,1136,,False
node_04408,node_04408,38.7915,-77.3085,,US,21928,,False
node_04409,node_04409,42.4475,-71.2185,,US,7922,,False
node_04410,node_04410,35.8215,-78.6985,,US,11426,,False
node_04411,node_04411,-31.3615,-64.2125,,AR,27790,,False
node_04412,node_04412,43.7215,0.9775,,FR,12322,,False
node_04413,node_04413,52.7915,-2.0925,,GB,13285,,False
node_04414,node_04414,-34.1525,147.3885,,AU,4764,,False
node_04415,node_04415,48.4795,16.5885,,AT,8447,,False
node_04416,node_04416,51.5105,-0.1315,,GB,6871,,False
node_04417,node_04417,38.8805,-1.1115,,ES,41368,,False
node_04418,node_04418,45.5505,-73.2215,,CA,577,,False
node_04419,node_04419,-20.2315,-70.1505,,CL,7418,,False
node_04420,node_04420,49.7795,4.7005,,FR,3215,,False
node_04421,node_04421,50.0315,21.9815,,PL,35199,,False
node_04422,node_04422,48.9295,2.3475,,FR,199571,,False
node_04423,node_04423,46.6885,-1.4515,,FR,3215,,False
node_04424,node_04424,47.4515,8.2795,,CH,13030,,False
node_04425,node_04425,48.1605,11.5695,,DE,8767,,False
node_04426,node_04426,47.3815,8.5095,,CH,15796,,False
node_04427,node_04427,47.5475,7.7905,,CH,3303,,False
node_04428,node_04428,-25.4315,-49.2795,,BR,8167,,False
node_04429,node_04429,49.4195,2.8205,,FR,20766,,False
node_04430,node_04430,45.7615,13.8275,,SI,21283,,False
node_04431,node_04431,48.1485,11.5495,,DE,202716,,False
node_04432,node_04432,56.8705,16.6595,,SE,204847,,False
node_04433,node_04433,51.7705,7.2205,,DE,8899,,False
node_04434,node_04434,38.2605,15.6305,,IT,202870,,False
node_04435,node_04435,45.7205,9.7215,,IT,202613,,False
node_04436,node_04436,47.2485,8.7815,,CH,13030,,False
node_04437,node_04437,60.4905,25.4075,,FI,51319,,False
node_04438,node_04438,53.0775,8.8785,,DE,3209,,False
node_04439,node_04439,45.6015,8.7585,,IT,35612,,False
node_04440,node_04440,45.5015,11.4285,,IT,34758,,False
node_04441,node_04441,45.8975,4.5795,,FR,12322,,False
node_04442,node_04442,47.4095,8.0495,,CH,3303,,False
node_04443,node_04443,51.3495,7.4595,,DE,3320,,False
node_04444,node_04444,45.4375,4.3895,,FR,15557,,False
node_04445,node_04445,51.2715,6.8215,,DE,50873,,False
node_04446,node_04446,50.6715,7.1515,,DE,3320,,False
node_04447,node_04447,49.5885,11.1575,,DE,42652,,False
node_04448,node_04448,50.2405,2.7195,,FR,3215,,False
node_04449,node_04449,50.9315,12.1995,,DE,43847,,False
node_04450,node_04450,47.4785,-0.5105,,FR,3215,,False
node_04451,node_04451,60.0605,30.4295,,RU,42668,,False
node_04452,node_04452,49.4975,8.5405,,DE,3320,,False
node_04453,node_04453,48.5285,-2.7695,,FR,3215,,False
node_04454,node_04454,52.4505,13.3605,,DE,8881,,False
node_04455,node_04455,50.6085,19.3305,,PL,206957,,False
node_04456,node_04456,52.5195,13.4505,,DE,50436,,False
node_04457,node_04457,49.0095,12.1005,,DE,8881,,False
node_04458,node_04458,48.8615,2.3905,,FR,12322,,False
node_04459,node_04459,47.2595,8.7715,,CH,3303,,False
node_04460,node_04460,47.3605,-0.5185,,FR,3215,,False
node_04461,node_04461,45.4215,11.0915,,IT,1267,,False
node_04462,node_04462,45.0615,7.6515,,IT,12906,,False
node_04463,node_04463,62.4875,30.2475,,FI,719,,False
node_04464,node_04464,48.9985,8.5175,,DE,8881,,False
node_04465,node_04465,52.4505,-1.7725,,GB,213671,,False
node_04466,node_04466,49.2115,16.6375,,CZ,5610,,False
node_04467,node_04467,50.6295,5.5585,,BE,5432,,False
node_04468,node_04468,49.5805,17.2485,,CZ,202605,,False
node_04469,node_04469,48.7685,1.5085,,FR,3215,,False
node_04470,node_04470,51.9295,7.6195,,DE,8881,,False
node_04471,node_04471,49.5915,17.2395,,CZ,16019,,False
node_04472,node_04472,52.5205,13.3095,,DE,50436,,False
node_04473,node_04473,45.8585,4.7105,,FR,12322,,False
node_04474,node_04474,48.7805,9.2805,,DE,3320,,False
node_04475,node_04475,49.1305,16.4775,,CZ,12570,,False
node_04476,node_04476,59.3015,18.0875,,SE,197564,,False
node_04477,node_04477,46.3305,-0.5925,,FR,12322,,False
node_04478,node_04478,51.9285,7.6685,,DE,8881,,False
node_04479,node_04479,49.7405,18.6285,,CZ,43709,,False
node_04480,node_04480,60.6215,15.5885,,SE,49770,,False
node_04481,node_04481,45.7185,-0.0705,,FR,12322,,False
node_04482,node_04482,43.5275,1.5405,,FR,3215,,False
node_04483,node_04483,53.0195,12.9705,,DE,3320,,False
node_04484,node_04484,52.4315,16.9205,,PL,197227,,False
node_04485,node_04485,45.1775,5.7605,,FR,12322,,False
node_04486,node_04486,47.5105,8.6815,,CH,13030,,False
node_04487,node_04487,50.9495,11.6075,,DE,16202,,False
node_04488,node_04488,48.1775,10.7585,,DE,12886,,False
node_04489,node_04489,49.8375,8.6985,,DE,8881,,False
node_04490,node_04490,38.7705,-9.1015,,PT,1897,,False
node_04491,node_04491,51.3585,12.3885,,DE,3320,,False
node_04492,node_04492,48.0595,8.4485,,DE,3209,,False
node_04493,node_04493,19.3215,-99.1715,,MX,278,,False
node_04494,node_04494,35.2185,136.8505,,JP,2514,,False
node_04495,node_04495,48.8885,2.2805,,FR,3215,,False
node_04496,node_04496,50.4295,30.4005,,UA,198754,,False
node_04497,node_04497,27.6905,-97.4485,,US,11427,,False
node_04498,node_04498,55.5975,13.0375,,SE,51519,,False
node_04499,node_04499,46.3015,7.5375,,CH,15547,,False
node_04500,node_04500,52.2215,6.8995,,NL,1136,,False
node_04501,node_04501,50.7305,4.2095,,BE,25428,,False
node_04502,node_04502,48.6185,9.0605,,DE,3320,,False
node_04503,node_04503,42.0995,-76.2615,,US,11351,,False
node_04504,node_04504,45.3775,-75.6105,,CA,5645,,False
node_04505,node_04505,53.0995,8.7905,,DE,9145,,False
node_04506,node_04506,59.8815,30.4285,,RU,44050,,False
node_04507,node_04507,51.4805,-1.0805,,GB,56478,,False
node_04508,node_04508,-34.5915,-58.4405,,AR,7303,,False
node_04509,node_04509,49.6115,6.0815,,LU,56665,,False
node_04510,node_04510,60.0075,30.2575,,RU,39087,,False
node_04511,node_04511,-34.8995,138.6375,,AU,134090,,False
node_04512,node_04512,48.3475,-4.7115,,FR,15557,,False
node_04513,node_04513,52.0075,5.1705,,NL,1136,,False
node_04514,node_04514,51.8215,0.1405,,GB,5089,,False
node_04515,node_04515,33.4705,-112.0685,,US,22773,,False
node_04516,node_04516,53.1175,8.1775,,DE,3320,,False
node_04517,node_04517,53.2475,10.4275,,DE,3320,,False
node_04518,node_04518,64.1995,29.1375,,FI,203817,,False
node_04519,node_04519,50.4105,3.3195,,FR,12322,,False
node_04520,node_04520,-32.1825,-52.1595,,BR,28573,,False
node_04521,node_04521,48.7095,9.6515,,DE,206339,,False
node_04522,node_04522,48.6405,2.2315,,FR,14593,,False
node_04523,node_04523,50.1475,8.5515,,DE,6661,,False
node_04524,node_04524,52.4375,13.5375,,DE,3320,,False
node_04525,node_04525,52.4695,13.3675,,DE,29670,,False
node_04526,node_04526,45.4215,5.3385,,FR,3215,,False
node_04527,node_04527,50.0005,8.5795,,DE,3320,,False
node_04528,node_04528,43.6195,1.4305,,FR,197422,,False
node_04529,node_04529,35.8715,-78.7085,,US,11426,,False
node_04530,node_04530,46.5405,6.6315,,CH,15796,,False
node_04531,node_04531,51.2805,0.5475,,GB,50300,,False
node_04532,node_04532,41.6505,-70.1515,,US,7922,,False
node_04533,node_04533,44.6095,-79.4215,,CA,5645,,False
node_04534,node_04534,43.8615,-116.4605,,US,63298,,False
node_04535,node_04535,10.7005,-71.6395,,VE,61461,,False
node_04536,node_04536,53.9875,-1.5385,,GB,20712,,False
node_04537,node_04537,45.4275,-75.5625,,CA,577,,False
node_04538,node_04538,-25.4915,31.0095,,ZA,37640,,False
node_04539,node_04539,37.3705,-121.9995,,US,7018,,False
node_04540,node_04540,39.8075,-85.8195,,US,11525,,False
node_04541,node_04541,35.8305,139.5775,,JP,17676,,False
node_04542,node_04542,40.2515,-111.6515,,US,6510,,False
node_04543,node_04543,-17.7405,31.0795,,ZW,37123,,False
node_04544,node_04544,-33.0315,-68.6295,,AR,264787,,False
node_04545,node_04545,42.3575,-71.0895,,US,3,,False
node_04546,node_04546,37.9685,-87.5695,,US,21928,,False
node_04547,node_04547,45.3785,-75.6085,,CA,577,,False
node_04548,node_04548,43.2375,76.9115,,KZ,197686,,False
node_04549,node_04549,40.7285,-74.0785,,US,701,,False
node_04550,node_04550,52.6495,1.7075,,GB,31472,,False
node_04551,node_04551,45.3915,-75.7525,,CA,395965,,False
node_04552,node_04552,52.1115,4.6485,,NL,50266,,False
node_04553,node_04553,-33.5425,-70.5715,,CL,22047,,False
node_04554,node_04554,34.6385,50.9085,,IR,9147,,False
node_04555,node_04555,49.2085,16.5995,,CZ,16019,,False
node_04556,node_04556,50.2315,14.8595,,CZ,15614,,False
node_04557,node_04557,47.6375,6.9395,,FR,12322,,False
node_04558,node_04558,3.2005,101.6195,,MY,4788,,False
node_04559,node_04559,50.0275,15.7815,,CZ,42306,,False
node_04560,node_04560,62.2515,25.7515,,FI,51728,,False
node_04561,node_04561,38.7585,-9.2785,,PT,2860,,False
node_04562,node_04562,42.4275,19.2575,,ME,42560,,False
node_04563,node_04563,52.6815,4.9075,,NL,50266,,False
node_04564,node_04564,-35.4815,149.0995,,AU,38195,,False
node_04565,node_04565,49.2895,-123.1205,,CA,852,,False
node_04566,node_04566,44.7405,1.3815,,FR,12322,,False
node_04567,node_04567,51.1515,3.2415,,BE,199095,,False
node_04568,node_04568,48.8005,2.3415,,FR,12322,,False
node_04569,node_04569,40.0115,-105.2625,,US,104,,False
node_04570,node_04570,48.1795,12.2395,,DE,197524,,False
node_04571,node_04571,53.5605,10.0995,,DE,15943,,False
node_04572,node_04572,48.5905,7.7405,,FR,3215,,False
node_04573,node_04573,38.4685,-122.7485,,US,42615,,False
node_04574,node_04574,52.4105,9.7275,,DE,15743,,False
node_04575,node_04575,-31.2485,-61.4825,,AR,27792,,False
node_04576,node_04576,-6.2215,106.8275,,ID,17451,,False
node_04577,node_04577,25.6905,-100.3225,,MX,8151,,False
node_04578,node_04578,35.1475,33.3885,,CY,35432,,False
node_04579,node_04579,49.0875,8.4095,,DE,8881,,False
node_04580,node_04580,48.7485,1.9195,,FR,15557,,False
node_04581,node_04581,50.0315,20.0415,,PL,31242,,False
node_04582,node_04582,53.6875,17.5615,,PL,44914,,False
node_04583,node_04583,50.8805,20.6275,,PL,200031,,False
node_04584,node_04584,46.6005,-81.0115,,CA,11814,,False
node_04585,node_04585,48.8075,2.3585,,FR,12322,,False
node_04586,node_04586,48.0915,-1.6405,,FR,3215,,False
node_04587,node_04587,17.0685,-96.7305,,MX,8151,,False
node_04588,node_04588,44.5415,18.6715,,BA,202632,,False
node_04589,node_04589,35.7615,139.6915,,JP,9824,,False
node_04590,node_04590,-37.9195,145.4675,,AU,4764,,False
node_04591,node_04591,51.5875,-0.1125,,GB,56478,,False
node_04592,node_04592,0.5075,35.2695,,KE,36914,,False
node_04593,node_04593,46.1785,4.8075,,FR,12322,,False
node_04594,node_04594,40.2915,-3.8325,,ES,3352,,False
node_04595,node_04595,53.1385,7.3185,,DE,9145,,False
node_04596,node_04596,48.2115,16.3685,,AT,8412,,False
node_04597,node_04597,31.7915,35.1695,,IL,6810,,False
node_04598,node_04598,48.2195,16.3295,,AT,40980,,False
node_04599,node_04599,48.5685,7.7605,,FR,3215,,False
node_04600,node_04600,49.1575,8.4905,,DE,209400,,False
node_04601,node_04601,48.7895,9.2005,,DE,3209,,False
node_04602,node_04602,48.1105,8.3115,,DE,3320,,False
node_04603,node_04603,52.1885,11.5675,,DE,15366,,False
node_04604,node_04604,47.3515,8.6975,,CH,13030,,False
node_04605,node_04605,35.3275,25.2785,,GR,8991,,False
node_04606,node_04606,47.7805,9.5785,,DE,3209,,False
node_04607,node_04607,48.2075,16.3895,,AT,8412,,False
node_04608,node_04608,39.9915,-0.0505,,ES,3352,,False
node_04609,node_04609,48.8005,2.4905,,FR,12322,,False
node_04610,node_04610,45.1815,5.7505,,FR,3215,,False
node_04611,node_04611,36.7275,-2.6295,,ES,3352,,False
node_04612,node_04612,49.9985,8.0205,,DE,62336,,False
node_04613,node_04613,50.8885,12.7915,,DE,31259,,False
node_04614,node_04614,48.4785,7.9715,,DE,8881,,False
node_04615,node_04615,43.6485,-79.3825,,CA,577,,False
node_04616,node_04616,49.4495,10.9175,,DE,8899,,False
node_04617,node_04617,50.6415,5.5775,,BE,47377,,False
node_04618,node_04618,31.9595,77.1085,,IN,24560,,False
node_04619,node_04619,55.5615,37.7085,,RU,60986,,False
node_04620,node_04620,50.6415,5.7985,,BE,12392,,False
node_04621,node_04621,51.0375,13.7295,,DE,3320,,False
node_04622,node_04622,51.5415,46.0195,,RU,44552,,False
node_04623,node_04623,30.4395,-97.8185,,US,16591,,False
node_04624,node_04624,35.7095,139.5315,,JP,2497,,False
node_04625,node_04625,51.7515,10.8815,,DE,3320,,False
node_04626,node_04626,-13.5205,-71.9825,,PE,6147,,False
node_04627,node_04627,49.0205,8.3875,,DE,208183,,False
node_04628,node_04628,50.7915,3.2375,,BE,6848,,False
node_04629,node_04629,59.2195,39.8595,,RU,49821,,False
node_04630,node_04630,33.7505,-84.3905,,US,7018,,False
node_04631,node_04631,39.5005,-104.7295,,US,20303,,False
node_04632,node_04632,44.4415,26.1405,,RO,31554,,False
node_04633,node_04633,42.7405,-84.5695,,US,30600,,False
node_04634,node_04634,46.6175,14.3115,,AT,62373,,False
node_04635,node_04635,60.0585,24.4415,,FI,719,,False
node_04636,node_04636,35.6985,139.7185,,JP,17506,,False
node_04637,node_04637,38.4675,-122.7515,,US,7018,,False
node_04638,node_04638,33.8595,-118.3715,,US,5650,,False
node_04639,node_04639,39.1195,-77.5595,,US,701,,False
node_04640,node_04640,35.5585,-97.6425,,US,46416,,False
node_04641,node_04641,30.4015,-97.7225,,US,26457,,False
node_04642,node_04642,29.8995,-95.6615,,US,7018,,False
node_04643,node_04643,50.4215,30.6885,,UA,8788,,False
node_04644,node_04644,40.3395,-3.8205,,ES,3352,,False
node_04645,node_04645,33.8775,130.8815,,JP,7679,,False
node_04646,node_04646,44.1875,28.6275,,RO,8708,,False
node_04647,node_04647,37.2615,-80.4125,,US,4922,,False
node_04648,node_04648,43.8785,8.0185,,IT,12874,,False
node_04649,node_04649,53.3205,-6.2815,,IE,215733,,False
node_04650,node_04650,49.7405,19.5885,,PL,48956,,False
node_04651,node_04651,60.2915,24.7285,,FI,719,,False
node_04652,node_04652,48.8105,9.1495,,DE,6805,,False
node_04653,node_04653,49.4885,8.4705,,DE,21473,,False
node_04654,node_04654,59.3375,17.9615,,SE,1257,,False
node_04655,node_04655,51.9195,7.5215,,DE,3320,,False
node_04656,node_04656,49.6795,19.6615,,PL,48956,,False
node_04657,node_04657,49.9805,14.5315,,CZ,50825,,False
node_04658,node_04658,41.4905,12.9275,,IT,20912,,False
node_04659,node_04659,50.0315,22.0175,,PL,31604,,False
node_04660,node_04660,35.7985,139.3975,,JP,2516,,False
node_04661,node_04661,49.7115,18.3285,,CZ,56456,,False
node_04662,node_04662,53.4095,21.9285,,PL,204126,,False
node_04663,node_04663,50.5475,5.0895,,BE,12392,,False
node_04664,node_04664,53.3615,-113.2495,,CA,36817,,False
node_04665,node_04665,58.2485,22.5005,,EE,3221,,False
node_04666,node_04666,-6.8905,107.6205,,ID,46044,,False
node_04667,node_04667,52.2785,8.6415,,DE,57353,,False
node_04668,node_04668,52.3985,13.2075,,DE,3320,,False
node_04669,node_04669,51.1885,6.5385,,DE,8899,,False
node_04670,node_04670,29.5875,-98.3315,,US,11427,,False
node_04671,node_04671,67.2995,14.3985,,NO,2116,,False
node_04672,node_04672,57.7105,11.9695,,SE,39648,,False
node_04673,node_04673,42.2495,3.1205,,ES,200845,,False
node_04674,node_04674,25.1105,121.5305,,TW,3462,,False
node_04675,node_04675,56.1115,10.1605,,DK,3292,,False
node_04676,node_04676,47.1615,27.6005,,RO,8708,,False
node_04677,node_04677,41.3275,-72.8985,,US,7922,,False
node_04678,node_04678,44.9485,-93.1685,,US,209,,False
node_04679,node_04679,46.1695,21.3175,,RO,8953,,False
node_04680,node_04680,59.2375,18.1985,,SE,8473,,False
node_04681,node_04681,37.4685,-121.9205,,US,7034,,False
node_04682,node_04682,54.3015,10.0595,,DE,13101,,False
node_04683,node_04683,-33.7885,151.1295,,AU,45638,,False
node_04684,node_04684,48.3585,10.9095,,DE,3320,,False
node_04685,node_04685,52.5595,-0.1085,,GB,5607,,False
node_04686,node_04686,49.0315,8.4715,,DE,12843,,False
node_04687,node_04687,37.6795,-122.3925,,US,7922,,False
node_04688,node_04688,48.5995,2.5775,,FR,12322,,False
node_04689,node_04689,-16.5015,-68.1225,,BO,6568,,False
node_04690,node_04690,38.0505,23.8575,,GR,6799,,False
node_04691,node_04691,41.8015,-72.5315,,US,22773,,False
node_04692,node_04692,39.0505,-77.4905,,US,701,,False
node_04693,node_04693,52.2205,5.4795,,NL,1136,,False
node_04694,node_04694,-31.9625,115.8705,,AU,24303,,False
node_04695,node_04695,53.5675,10.5705,,DE,198930,,False
node_04696,node_04696,47.2585,8.8615,,CH,13030,,False
node_04697,node_04697,23.1285,113.2475,,CN,17622,,False
node_04698,node_04698,51.4975,6.4775,,DE,8881,,False
node_04699,node_04699,50.0775,19.9495,,PL,12887,,False
node_04700,node_04700,43.9775,4.6795,,FR,12322,,False
node_04701,node_04701,48.5085,9.6195,,DE,3209,,False
node_04702,node_04702,48.3695,-4.3705,,FR,12322,,False
node_04703,node_04703,53.3505,-6.2605,,IE,5466,,False
node_04704,node_04704,49.0075,12.1005,,DE,12611,,False
node_04705,node_04705,50.1185,8.7405,,DE,29140,,False
node_04706,node_04706,53.1515,-7.1795,,IE,31122,,False
node_04707,node_04707,43.5375,6.4615,,FR,3215,,False
node_04708,node_04708,50.2185,8.7715,,DE,64475,,False
node_04709,node_04709,50.0805,18.5515,,PL,13000,,False
node_04710,node_04710,50.7995,12.8675,,DE,8881,,False
node_04711,node_04711,49.8675,19.2285,,PL,50467,,False
node_04712,node_04712,42.4985,-83.1595,,US,12083,,False
node_04713,node_04713,42.4585,-71.0525,,US,701,,False
node_04714,node_04714,49.9295,19.0075,,PL,202228,,False
node_04715,node_04715,41.1375,-104.7605,,US,20412,,False
node_04716,node_04716,52.1905,6.8595,,NL,206238,,False
node_04717,node_04717,42.8005,-83.7285,,US,54869,,False
node_04718,node_04718,50.4175,30.6585,,UA,8788,,False
node_04719,node_04719,50.4085,30.6385,,UA,8788,,False
node_04720,node_04720,45.1105,7.4795,,IT,34606,,False
node_04721,node_04721,49.7605,7.5695,,DE,9063,,False
node_04722,node_04722,52.3185,12.7715,,DE,57342,,False
node_04723,node_04723,47.2615,1.9275,,FR,12322,,False
node_04724,node_04724,59.9605,30.3485,,RU,24739,,False
node_04725,node_04725,51.6075,7.1795,,DE,3209,,False
node_04726,node_04726,47.2105,-1.5405,,FR,3215,,False
node_04727,node_04727,49.2215,16.5095,,CZ,5610,,False
node_04728,node_04728,48.1275,8.3305,,DE,200924,,False
node_04729,node_04729,43.3075,5.3705,,FR,197696,,False
node_04730,node_04730,51.4185,7.1075,,DE,3320,,False
node_04731,node_04731,50.0615,14.5285,,CZ,43541,,False
node_04732,node_04732,55.7775,37.4795,,RU,42610,,False
node_04733,node_04733,8.6905,-82.4905,,PA,14593,,False
node_04734,node_04734,40.6205,-80.2205,,US,395748,,False
node_04735,node_04735,59.9315,30.3595,,RU,35807,,False
node_04736,node_04736,40.0075,-82.7695,,US,7018,,False
node_04737,node_04737,50.8895,-2.2795,,GB,206347,,False
node_04738,node_04738,54.2985,10.1305,,DE,13101,,False
node_04739,node_04739,59.4915,13.4705,,SE,8473,,False
node_04740,node_04740,50.6775,4.3715,,BE,209725,,False
node_04741,node_04741,48.0685,16.3575,,AT,2488,,False
node_04742,node_04742,49.8005,9.7275,,DE,3209,,False
node_04743,node_04743,52.0915,-1.9515,,GB,61049,,False
node_04744,node_04744,59.8785,30.4285,,RU,44050,,False
node_04745,node_04745,49.4975,-56.0705,,CA,855,,False
node_04746,node_04746,59.5795,17.5195,,SE,13189,,False
node_04747,node_04747,43.9615,5.7795,,FR,14593,,False
node_04748,node_04748,60.4175,15.3715,,SE,8473,,False
node_04749,node_04749,47.1375,15.4515,,AT,40980,,False
node_04750,node_04750,59.1715,18.2015,,SE,3399,,False
node_04751,node_04751,-22.8185,-47.0625,,BR,11097,,False
node_04752,node_04752,51.8905,-0.8225,,GB,61337,,False
node_04753,node_04753,-26.0615,27.9695,,ZA,328137,,False
node_04754,node_04754,50.8875,11.6015,,DE,204052,,False
node_04755,node_04755,38.9885,-0.5185,,ES,6739,,False
node_04756,node_04756,-21.2485,55.4715,,RE,3215,,False
node_04757,node_04757,51.0715,4.7215,,BE,6848,,False
node_04758,node_04758,46.8485,29.5975,,MD,1547,,False
node_04759,node_04759,51.9585,8.5175,,DE,3209,,False
node_04760,node_04760,48.8495,2.3375,,FR,12322,,False
node_04761,node_04761,53.4505,-2.1525,,GB,20712,,False
node_04762,node_04762,51.6175,-0.1825,,GB,5607,,False
node_04763,node_04763,51.4585,5.4575,,NL,206238,,False
node_04764,node_04764,50.4495,30.5175,,UA,24725,,False
node_04765,node_04765,47.3615,3.3875,,FR,12322,,False
node_04766,node_04766,-1.2015,36.6385,,KE,30844,,False
node_04767,node_04767,53.5495,10.0485,,DE,9211,,False
node_04768,node_04768,50.0205,8.6985,,DE,205112,,False
node_04769,node_04769,49.4815,8.4585,,DE,21473,,False
node_04770,node_04770,52.2775,4.8085,,NL,1136,,False
node_04771,node_04771,48.7395,9.0985,,DE,553,,False
node_04772,node_04772,46.7805,6.6385,,CH,13030,,False
node_04773,node_04773,-34.6025,-58.3805,,AR,27747,,False
node_04774,node_04774,50.7685,0.2795,,GB,207995,,False
node_04775,node_04775,52.4005,9.7805,,DE,3320,,False
node_04776,node_04776,38.9015,-77.2095,,US,701,,False
node_04777,node_04777,35.7215,139.7805,,JP,2527,,False
node_04778,node_04778,36.3595,-94.2485,,US,7018,,False
node_04779,node_04779,16.2375,-61.5585,,GP,21351,,False
node_04780,node_04780,49.2495,-124.0785,,CA,6327,,False
node_04781,node_04781,35.6905,139.6875,,JP,2500,,False
node_04782,node_04782,49.0105,8.3985,,DE,28979,,False
node_04783,node_04783,-33.6385,19.0085,,ZA,327872,,False
node_04784,node_04784,-16.5325,145.4695,,AU,151660,,False
node_04785,node_04785,54.9175,11.9495,,DK,44869,,False
node_04786,node_04786,47.6385,-122.2205,,US,7922,,False
node_04787,node_04787,52.0895,5.1195,,NL,1136,,False
node_04788,node_04788,35.6495,139.6495,,JP,4685,,False
node_04789,node_04789,41.6705,-85.9005,,US,7922,,False
node_04790,node_04790,33.1515,-96.8205,,US,7018,,False
node_04791,node_04791,48.9315,9.3695,,DE,202329,,False
node_04792,node_04792,59.3975,13.5105,,SE,50821,,False
node_04793,node_04793,38.8495,-77.4095,,US,701,,False
node_04794,node_04794,36.1915,-94.1295,,US,395662,,False
node_04795,node_04795,48.6415,7.7105,,FR,12322,,False
node_04796,node_04796,49.8305,10.0005,,DE,8823,,False
node_04797,node_04797,43.7305,-87.8485,,US,4181,,False
node_04798,node_04798,-29.7215,31.0715,,ZA,37611,,False
node_04799,node_04799,55.5115,9.5115,,DK,39642,,False
node_04800,node_04800,45.2975,-66.1925,,CA,3367,,False
node_04801,node_04801,35.7095,139.7775,,JP,2519,,False
node_04802,node_04802,46.6405,27.7175,,RO,41953,,False
node_04803,node_04803,39.1415,-94.5825,,US,11708,,False
node_04804,node_04804,41.3915,-81.4425,,US,7018,,False
node_04805,node_04805,28.5215,-82.5525,,US,12083,,False
node_04806,node_04806,38.0775,-78.3815,,US,19901,,False
node_04807,node_04807,37.2105,-80.4015,,US,7922,,False
node_04808,node_04808,40.9815,29.1585,,TR,29399,,False
node_04809,node_04809,40.7295,-73.3515,,US,701,,False
node_04810,node_04810,48.7775,2.2095,,FR,2027,,False
node_04811,node_04811,44.4285,26.0595,,RO,2614,,False
node_04812,node_04812,41.8095,12.5995,,IT,5394,,False
node_04813,node_04813,32.6485,-16.9005,,PT,3243,,False
node_04814,node_04814,42.3685,-71.1105,,US,7922,,False
node_04815,node_04815,40.4315,-74.2505,,US,701,,False
node_04816,node_04816,47.5815,9.0905,,CH,13030,,False
node_04817,node_04817,55.9185,10.0605,,DK,3292,,False
node_04818,node_04818,22.9915,120.1605,,TW,13335,,False
node_04819,node_04819,51.5315,46.0205,,RU,15974,,False
node_04820,node_04820,40.1985,28.9915,,TR,202130,,False
node_04821,node_04821,30.7695,-86.6085,,US,7018,,False
node_04822,node_04822,41.9195,12.3615,,IT,3269,,False
node_04823,node_04823,39.6505,-104.7785,,US,209,,False
node_04824,node_04824,44.8115,-0.6285,,FR,12322,,False
node_04825,node_04825,63.7475,-68.5225,,CA,14593,,False
node_04826,node_04826,35.7795,139.8775,,JP,9824,,False
node_04827,node_04827,37.4705,-121.9225,,US,6939,,False
node_04828,node_04828,-43.5715,172.6475,,NZ,64073,,False
node_04829,node_04829,47.9975,-1.4815,,FR,5410,,False
node_04830,node_04830,41.6715,2.7485,,ES,33932,,False
node_04831,node_04831,34.0115,-117.9615,,US,5650,,False
node_04832,node_04832,44.4275,26.0295,,RO,12302,,False
node_04833,node_04833,46.7595,-96.9205,,US,32809,,False
node_04834,node_04834,-33.4905,-70.5905,,CL,7418,,False
node_04835,node_04835,41.7715,26.2095,,BG,25374,,False
node_04836,node_04836,52.0075,4.3595,,NL,41153,,False
node_04837,node_04837,-41.3225,174.8195,,NZ,55850,,False
node_04838,node_04838,-29.7805,30.8295,,ZA,32437,,False
node_04839,node_04839,43.1605,-77.6105,,US,31922,,False
node_04840,node_04840,69.6805,18.9695,,NO,224,,False
node_04841,node_04841,45.9885,-66.6495,,CA,855,,False
node_04842,node_04842,-9.4405,147.1805,,PG,17828,,False
node_04843,node_04843,-33.5195,-70.5995,,CL,27901,,False
node_04844,node_04844,33.3015,-117.1495,,US,20001,,False
node_04845,node_04845,51.8685,7.7415,,DE,202278,,False
node_04846,node_04846,56.7695,9.8715,,DK,204151,,False
node_04847,node_04847,34.9195,135.8015,,JP,17511,,False
node_04848,node_04848,43.2085,-79.8885,,CA,812,,False
node_04849,node_04849,52.8595,-3.0485,,GB,13037,,False
node_04850,node_04850,46.6105,14.3115,,AT,61201,,False
node_04851,node_04851,35.7105,139.3675,,JP,9600,,False
node_04852,node_04852,-38.1505,145.1885,,AU,4764,,False
node_04853,node_04853,43.1475,-93.2015,,US,30600,,False
node_04854,node_04854,52.3585,4.6095,,NL,1136,,False
node_04855,node_04855,49.7895,9.9295,,DE,3320,,False
node_04856,node_04856,48.4605,-123.3805,,CA,63479,,False
node_04857,node_04857,34.2715,-116.3905,,US,7922,,False
node_04858,node_04858,44.3575,20.7595,,RS,15958,,False
node_04859,node_04859,51.4375,-0.8895,,GB,60377,,False
node_04860,node_04860,-3.3115,114.6105,,ID,7713,,False
node_04861,node_04861,50.0285,14.6605,,CZ,200635,,False
node_04862,node_04862,38.9005,-77.1895,,US,701,,False
node_04863,node_04863,37.5475,-121.9885,,US,46577,,False
node_04864,node_04864,39.4585,-31.1285,,PT,3243,,False
node_04865,node_04865,-23.1895,-46.8985,,BR,28573,,False
node_04866,node_04866,51.5115,0.0015,,GB,197669,,False
node_04867,node_04867,43.8295,-91.3085,,US,20115,,False
node_04868,node_04868,35.6915,139.6915,,JP,2516,,False
node_04869,node_04869,33.3675,130.4775,,JP,4713,,False
node_04870,node_04870,51.0495,-114.0625,,CA,396515,,False
node_04871,node_04871,43.6505,1.4275,,FR,12322,,False
node_04872,node_04872,-7.8205,110.9185,,ID,45700,,False
node_04873,node_04873,53.0295,8.5385,,DE,9145,,False
node_04874,node_04874,50.0395,15.7785,,CZ,2852,,False
node_04875,node_04875,55.7105,12.4385,,DK,3292,,False
node_04876,node_04876,52.5185,13.3995,,DE,8881,,False
node_04877,node_04877,48.3795,-4.5005,,FR,15557,,False
node_04878,node_04878,52.3415,9.6995,,DE,8881,,False
node_04879,node_04879,53.7085,-6.2805,,IE,5466,,False
node_04880,node_04880,36.0415,14.2895,,MT,12709,,False
node_04881,node_04881,47.2215,8.8195,,CH,3303,,False
node_04882,node_04882,48.2105,16.3505,,AT,35492,,False
node_04883,node_04883,46.6875,0.3115,,FR,12322,,False
node_04884,node_04884,57.8475,27.0015,,EE,3221,,False
node_04885,node_04885,41.5495,2.1115,,ES,3352,,False
node_04886,node_04886,53.8405,22.9815,,PL,5617,,False
node_04887,node_04887,55.3515,10.3915,,DK,216230,,False
node_04888,node_04888,48.5715,1.6615,,FR,15557,,False
node_04889,node_04889,47.2375,8.9475,,CH,15796,,False
node_04890,node_04890,50.7085,7.0675,,DE,8422,,False
node_04891,node_04891,46.3695,16.4175,,HR,208764,,False
node_04892,node_04892,51.9105,-8.4225,,IE,15502,,False
node_04893,node_04893,48.8615,2.3475,,FR,197696,,False
node_04894,node_04894,48.4475,22.7075,,UA,56622,,False
node_04895,node_04895,47.2785,8.8575,,CH,13030,,False
node_04896,node_04896,60.9805,25.5975,,FI,214494,,False
node_04897,node_04897,-26.0785,28.0175,,ZA,37680,,False
node_04898,node_04898,52.6695,-0.7415,,GB,5089,,False
node_04899,node_04899,49.0105,8.4685,,DE,3320,,False
node_04900,node_04900,63.0915,21.6185,,FI,719,,False
node_04901,node_04901,51.4415,5.4185,,NL,1136,,False
node_04902,node_04902,47.2615,8.7985,,CH,3303,,False
node_04903,node_04903,44.8675,1.0395,,FR,12322,,False
node_04904,node_04904,53.5475,10.0395,,DE,29014,,False
node_04905,node_04905,61.4985,23.7695,,FI,203602,,False
node_04906,node_04906,48.3285,11.7395,,DE,3209,,False
node_04907,node_04907,47.5895,-2.6205,,FR,12322,,False
node_04908,node_04908,48.7185,9.1305,,DE,8220,,False
node_04909,node_04909,53.3705,-6.4895,,IE,6830,,False
node_04910,node_04910,41.2415,-7.3095,,PT,3243,,False
node_04911,node_04911,47.2185,8.8205,,CH,6730,,False
node_04912,node_04912,51.8285,-8.0125,,IE,5466,,False
node_04913,node_04913,49.2805,-123.1215,,CA,14007,,False
node_04914,node_04914,52.5215,6.0585,,NL,39686,,False
node_04915,node_04915,56.1585,15.5885,,SE,42695,,False
node_04916,node_04916,47.2175,8.8195,,CH,6730,,False
node_04917,node_04917,47.7185,9.2395,,DE,21263,,False
node_04918,node_04918,50.6775,4.3795,,BE,5432,,False
node_04919,node_04919,40.8475,-73.3705,,US,701,,False
node_04920,node_04920,51.4075,5.5505,,NL,1136,,False
node_04921,node_04921,43.5975,1.4405,,FR,41652,,False
node_04922,node_04922,48.0685,17.1105,,SK,6855,,False
node_04923,node_04923,53.4195,10.3205,,DE,35244,,False
node_04924,node_04924,33.4185,-82.1195,,US,7018,,False
node_04925,node_04925,34.5015,-93.0595,,US,7018,,False
node_04926,node_04926,56.0795,92.9815,,RU,34858,,False
node_04927,node_04927,43.2615,5.5815,,FR,15557,,False
node_04928,node_04928,50.7115,-2.4585,,GB,9161,,False
node_04929,node_04929,35.6675,-80.4685,,US,23089,,False
node_04930,node_04930,60.3705,5.3415,,NO,8542,,False
node_04931,node_04931,48.2715,16.4075,,AT,35492,,False
node_04932,node_04932,50.4875,3.9685,,BE,5432,,False
node_04933,node_04933,48.3815,10.0085,,DE,3209,,False
node_04934,node_04934,53.1275,23.1685,,PL,57789,,False
node_04935,node_04935,53.4875,9.1395,,DE,12923,,False
node_04936,node_04936,60.6775,17.1195,,SE,210140,,False
node_04937,node_04937,50.3285,11.6995,,DE,3320,,False
node_04938,node_04938,35.1085,-92.4695,,US,12231,,False
node_04939,node_04939,49.6515,8.7805,,DE,12897,,False
node_04940,node_04940,44.9295,-93.3085,,US,10242,,False
node_04941,node_04941,50.9205,7.1715,,DE,8881,,False
node_04942,node_04942,6.9605,158.2015,,FM,139759,,False
node_04943,node_04943,56.9595,24.1275,,LV,12578,,False
node_04944,node_04944,49.1675,18.3375,,SK,15962,,False
node_04945,node_04945,55.8595,37.5975,,RU,34602,,False
node_04946,node_04946,42.5305,-83.1315,,US,12083,,False
node_04947,node_04947,44.6205,10.5785,,IT,13150,,False
node_04948,node_04948,33.3675,-95.9405,,US,17306,,False
node_04949,node_04949,64.7475,20.9605,,SE,8473,,False
node_04950,node_04950,14.5815,121.0705,,PH,17639,,False
node_04951,node_04951,51.9985,4.3915,,NL,1136,,False
node_04952,node_04952,58.4215,15.6215,,SE,12552,,False
node_04953,node_04953,39.7295,-104.8285,,US,14593,,False
node_04954,node_04954,47.6685,15.5675,,AT,25447,,False
node_04955,node_04955,33.9205,-84.3825,,US,7018,,False
node_04956,node_04956,47.4985,8.7275,,CH,3303,,False
node_04957,node_04957,51.4885,6.8685,,DE,197269,,False
node_04958,node_04958,-27.4715,153.0285,,AU,134090,,False
node_04959,node_04959,43.1295,-77.5615,,US,11351,,False
node_04960,node_04960,45.7275,9.1195,,IT,12874,,False
node_04961,node_04961,56.6375,9.8005,,DK,39642,,False
node_04962,node_04962,55.6685,12.5805,,DK,42541,,False
node_04963,node_04963,51.2985,9.4305,,DE,39835,,False
node_04964,node_04964,67.2815,14.5605,,NO,29695,,False
node_04965,node_04965,24.7905,121.0015,,TW,9916,,False
node_04966,node_04966,45.3505,5.5015,,FR,3215,,False
node_04967,node_04967,-34.0285,151.0915,,AU,4764,,False
node_04968,node_04968,52.4185,13.3615,,DE,3320,,False
node_04969,node_04969,48.3995,9.0515,,DE,3209,,False
node_04970,node_04970,64.4215,29.0315,,FI,203817,,False
node_04971,node_04971,45.4485,-73.4625,,CA,1403,,False
node_04972,node_04972,34.1405,-118.7125,,US,15182,,False
node_04973,node_04973,48.9875,2.2775,,FR,3215,,False
node_04974,node_04974,-20.9315,55.4875,,RE,21351,,False
node_04975,node_04975,51.2375,6.7385,,DE,29018,,False
node_04976,node_04976,52.7905,-2.5615,,GB,14593,,False
node_04977,node_04977,50.9905,2.3585,,FR,5410,,False
node_04978,node_04978,47.4915,19.0985,,HU,5483,,False
node_04979,node_04979,41.8175,-71.4105,,US,15038,,False
node_04980,node_04980,39.3305,-77.3405,,US,7922,,False
node_04981,node_04981,50.0605,18.4095,,PL,13000,,False
node_04982,node_04982,50.0875,6.7705,,DE,9063,,False
node_04983,node_04983,23.0685,113.2905,,CN,9808,,False
node_04984,node_04984,60.7675,10.6705,,NO,29695,,False
node_04985,node_04985,59.2785,15.2105,,SE,51929,,False
node_04986,node_04986,55.8275,12.5315,,DK,3292,,False
node_04987,node_04987,48.9085,9.5815,,DE,8881,,False
node_04988,node_04988,51.3605,12.3615,,DE,3209,,False
node_04989,node_04989,49.6115,6.1315,,LU,56665,,False
node_04990,node_04990,38.9775,-9.0785,,PT,3243,,False
node_04991,node_04991,33.6185,-117.6885,,US,7018,,False
node_04992,node_04992,46.4795,16.4615,,HR,214427,,False
node_04993,node_04993,37.8995,-122.5125,,US,21928,,False
node_04994,node_04994,45.9615,12.6175,,IT,200761,,False
node_04995,node_04995,49.1395,8.5375,,DE,39083,,False
node_04996,node_04996,35.7175,139.5585,,JP,4697,,False
node_04997,node_04997,52.2305,21.0085,,PL,41966,,False
node_04998,node_04998,49.3295,6.0585,,FR,15557,,False
node_04999,node_04999,50.4105,1.5885,,FR,3215,,False
node_05000,node_05000,52.6715,1.3685,,GB,34134,,False
node_05001,node_05001,7.2475,80.5895,,LK,38229,,False
node_05002,node_05002,47.1895,8.8995,,CH,60016,,False
node_05003,node_05003,43.8495,7.9295,,IT,202870,,False
node_05004,node_05004,50.9705,-0.8905,,GB,5378,,False
node_05005,node_05005,-34.9185,-56.1605,,UY,6057,,False
node_05006,node_05006,57.6785,12.0005,,SE,3301,,False
node_05007,node_05007,47.4795,-1.8595,,FR,15557,,False
node_05008,node_05008,39.8495,3.0905,,ES,3352,,False
node_05009,node_05009,51.9415,5.9005,,NL,33915,,False
node_05010,node_05010,60.4275,5.2905,,NO,2119,,False
node_05011,node_05011,48.7315,9.0905,,DE,8881,,False
node_05012,node_05012,52.4615,13.2505,,DE,3320,,False
node_05013,node_05013,50.4305,30.4715,,UA,35297,,False
node_05014,node_05014,51.1175,3.7215,,BE,5432,,False
node_05015,node_05015,42.4885,-83.1085,,US,12083,,False
node_05016,node_05016,45.5595,8.0515,,IT,29447,,False
node_05017,node_05017,-11.9995,-77.0585,,PE,265691,,False
node_05018,node_05018,35.9975,-94.0125,,US,395662,,False
node_05019,node_05019,50.1185,8.7375,,DE,196610,,False
node_05020,node_05020,61.1675,-149.8425,,US,8047,,False
node_05021,node_05021,45.6085,-73.5325,,CA,5769,,False
node_05022,node_05022,49.2385,6.7675,,DE,12941,,False
node_05023,node_05023,48.1295,11.6385,,DE,3320,,False
node_05024,node_05024,22.7615,-102.5115,,MX,8151,,False
node_05025,node_05025,35.6715,139.8185,,JP,2516,,False
node_05026,node_05026,42.1795,-71.2015,,US,35891,,False
node_05027,node_05027,38.4085,-82.4805,,US,5650,,False
node_05028,node_05028,36.0575,-114.9805,,US,22773,,False
node_05029,node_05029,40.5985,-3.9805,,ES,3352,,False
node_05030,node_05030,34.8395,-81.9605,,US,20115,,False
node_05031,node_05031,47.0215,8.6495,,CH,8758,,False
node_05032,node_05032,23.7775,90.4205,,BD,45766,,False
node_05033,node_05033,53.6395,55.9005,,RU,28812,,False
node_05034,node_05034,40.5295,-105.0495,,US,397142,,False
node_05035,node_05035,0.2575,32.5615,,UG,327687,,False
node_05036,node_05036,-32.8785,-68.8485,,AR,263775,,False
node_05037,node_05037,33.3015,44.4315,,IQ,199739,,False
node_05038,node_05038,52.8495,-1.7525,,GB,20712,,False
node_05039,node_05039,51.9075,4.4585,,NL,1136,,False
node_05040,node_05040,-20.2125,57.3985,,MU,23889,,False
node_05041,node_05041,57.2785,-2.3715,,GB,5607,,False
node_05042,node_05042,-33.8915,151.1985,,AU,7545,,False
node_05043,node_05043,34.2075,-82.2005,,US,10279,,False
node_05044,node_05044,-27.6825,152.9195,,AU,10143,,False
node_05045,node_05045,-41.3005,174.7895,,NZ,23655,,False
node_05046,node_05046,49.4405,11.0995,,DE,3320,,False
node_05047,node_05047,6.3675,2.3905,,BJ,328228,,False
node_05048,node_05048,50.0785,14.5315,,CZ,44002,,False
node_05049,node_05049,42.4405,19.2415,,ME,40981,,False
node_05050,node_05050,52.2005,8.3415,,DE,9145,,False
node_05051,node_05051,51.4585,-0.9625,,GB,56478,,False
node_05052,node_05052,54.8415,46.5775,,RU,3216,,False
node_05053,node_05053,51.0275,13.8275,,DE,3320,,False
node_05054,node_05054,24.9995,121.2985,,TW,3462,,False
node_05055,node_05055,47.9215,106.9085,,MN,55805,,False
node_05056,node_05056,-37.8185,144.9385,,AU,134090,,False
node_05057,node_05057,3.0095,30.9195,,UG,327687,,False
node_05058,node_05058,-33.0525,27.8595,,ZA,329133,,False
node_05059,node_05059,59.2785,18.0105,,SE,209659,,False
node_05060,node_05060,52.3715,5.2215,,NL,50266,,False
node_05061,node_05061,37.4295,-122.1225,,US,7018,,False
node_05062,node_05062,-11.6685,27.4775,,CD,328452,,False
node_05063,node_05063,48.1775,16.4185,,AT,47132,,False
node_05064,node_05064,-20.3015,57.5785,,MU,37708,,False
node_05065,node_05065,37.0875,-76.4715,,US,701,,False
node_05066,node_05066,33.3505,-111.7915,,US,22773,,False
node_05067,node_05067,49.2475,-122.9305,,CA,852,,False
node_05068,node_05068,50.0585,7.4495,,DE,9063,,False
node_05069,node_05069,42.8715,74.5995,,KG,8449,,False
node_05070,node_05070,41.5985,-83.7105,,US,7018,,False
node_05071,node_05071,53.4975,-2.6495,,GB,51809,,False
node_05072,node_05072,43.3775,-84.6585,,US,5650,,False
node_05073,node_05073,50.0975,8.6315,,DE,12941,,False
node_05074,node_05074,59.4595,24.6915,,EE,61189,,False
node_05075,node_05075,47.6095,-122.3285,,US,209,,False
node_05076,node_05076,42.2685,-71.4425,,US,701,,False
node_05077,node_05077,45.0285,-93.3525,,US,209,,False
node_05078,node_05078,47.5795,8.5175,,CH,8758,,False
node_05079,node_05079,22.5705,88.4275,,IN,58765,,False
node_05080,node_05080,38.0415,23.7475,,GR,3329,,False
node_05081,node_05081,44.1995,17.8985,,BA,8670,,False
node_05082,node_05082,20.9715,-89.5915,,MX,8151,,False
node_05083,node_05083,51.7995,-0.2105,,GB,2856,,False
node_05084,node_05084,57.7075,11.9705,,SE,3301,,False
node_05085,node_05085,45.6015,9.8905,,IT,50877,,False
node_05086,node_05086,-27.5085,153.0415,,AU,4764,,False
node_05087,node_05087,33.8805,-117.2125,,US,5650,,False
node_05088,node_05088,42.8475,74.5875,,KG,206718,,False
node_05089,node_05089,-26.0815,28.2475,,ZA,37611,,False
node_05090,node_05090,50.2705,-101.0425,,CA,46920,,False
node_05091,node_05091,34.0615,-84.6325,,US,7018,,False
node_05092,node_05092,55.7115,12.5285,,DK,42541,,False
node_05093,node_05093,48.1785,16.3595,,AT,35492,,False
node_05094,node_05094,17.4995,78.3295,,IN,55577,,False
node_05095,node_05095,37.9605,-121.7205,,US,46375,,False
node_05096,node_05096,40.9785,28.7405,,TR,47524,,False
node_05097,node_05097,39.9515,-75.1695,,US,11878,,False
node_05098,node_05098,45.7985,16.0205,,HR,205714,,False
node_05099,node_05099,50.0895,17.7105,,CZ,204332,,False
node_05100,node_05100,61.3805,15.8215,,SE,60213,,False
node_05101,node_05101,12.9685,77.6375,,IN,55836,,False
node_05102,node_05102,61.4515,23.8575,,FI,1926,,False
node_05103,node_05103,51.5295,46.0185,,RU,15974,,False
node_05104,node_05104,43.8605,18.4185,,BA,8400,,False
node_05105,node_05105,38.7085,-121.2805,,US,7922,,False
node_05106,node_05106,49.2795,-123.1105,,CA,40029,,False
node_05107,node_05107,39.1015,-84.8605,,US,6181,,False
node_05108,node_05108,43.3085,5.3705,,FR,197696,,False
node_05109,node_05109,10.3395,123.9205,,PH,17639,,False
node_05110,node_05110,18.4975,-70.0085,,DO,6400,,False
node_05111,node_05111,52.5605,13.3415,,DE,3209,,False
node_05112,node_05112,55.7115,37.5715,,RU,34687,,False
node_05113,node_05113,49.8085,-97.1525,,CA,6327,,False
node_05114,node_05114,50.9695,5.4975,,BE,9031,,False
node_05115,node_05115,25.5815,-80.3525,,US,7922,,False
node_05116,node_05116,49.1475,14.9975,,CZ,50971,,False
node_05117,node_05117,52.7895,-2.1025,,GB,5089,,False
node_05118,node_05118,41.7315,44.7175,,GE,35805,,False
node_05119,node_05119,45.7195,-73.5215,,CA,5769,,False
node_05120,node_05120,51.5115,-0.0905,,GB,8220,,False
node_05121,node_05121,-20.2405,57.4905,,MU,37708,,False
node_05122,node_05122,51.3785,5.5805,,NL,207375,,False
node_05123,node_05123,-1.6595,29.2205,,CD,328796,,False
node_05124,node_05124,61.2715,24.0305,,FI,16086,,False
node_05125,node_05125,51.8975,-2.0885,,GB,212655,,False
node_05126,node_05126,55.5615,37.8515,,RU,60986,,False
node_05127,node_05127,41.6515,-83.5425,,US,13490,,False
node_05128,node_05128,45.4985,9.6775,,IT,3269,,False
node_05129,node_05129,40.7595,-73.9925,,US,209864,,False
node_05130,node_05130,36.3715,-94.1625,,US,22773,,False
node_05131,node_05131,-37.7925,145.3685,,AU,4764,,False
node_05132,node_05132,55.7685,-120.2315,,CA,852,,False
node_05133,node_05133,35.7615,139.7085,,JP,17676,,False
node_05134,node_05134,46.9415,15.5185,,AT,40980,,False
node_05135,node_05135,51.3285,-0.0815,,GB,5378,,False
node_05136,node_05136,47.8395,16.5095,,AT,8339,,False
node_05137,node_05137,34.7515,135.5195,,JP,55392,,False
node_05138,node_05138,49.8385,-99.9595,,CA,19016,,False
node_05139,node_05139,38.4005,-98.0095,,US,15165,,False
node_05140,node_05140,53.3815,-1.4685,,GB,205975,,False
node_05141,node_05141,46.8405,-96.9185,,US,209,,False
node_05142,node_05142,51.9305,-0.1685,,GB,2856,,False
node_05143,node_05143,30.1515,-95.4985,,US,397412,,False
node_05144,node_05144,49.2515,-122.8125,,CA,852,,False
node_05145,node_05145,28.5815,-81.3725,,US,7018,,False
node_05146,node_05146,30.4495,-97.6215,,US,7018,,False
node_05147,node_05147,45.4805,9.2285,,IT,12874,,False
node_05148,node_05148,49.2215,-122.6015,,CA,174,,False
node_05149,node_05149,-34.7095,138.6895,,AU,134090,,False
node_05150,node_05150,47.4795,7.5405,,CH,6772,,False
node_05151,node_05151,48.7015,9.0105,,DE,3320,,False
node_05152,node_05152,53.9095,27.6315,,BY,6697,,False
node_05153,node_05153,52.4475,13.4315,,DE,29014,,False
node_05154,node_05154,52.0415,20.7215,,PL,41959,,False
node_05155,node_05155,55.9485,-3.1925,,GB,5378,,False
node_05156,node_05156,48.3585,14.5175,,AT,12605,,False
node_05157,node_05157,48.5395,12.1475,,DE,8881,,False
node_05158,node_05158,52.1905,7.8385,,DE,202208,,False
node_05159,node_05159,52.3115,13.0185,,DE,15366,,False
node_05160,node_05160,48.1075,11.6595,,DE,3209,,False
node_05161,node_05161,13.7575,100.4995,,TH,133481,,False
node_05162,node_05162,46.9785,31.9895,,UA,31272,,False
node_05163,node_05163,37.2615,127.0295,,KR,4766,,False
node_05164,node_05164,48.7115,9.4205,,DE,3209,,False
node_05165,node_05165,53.6215,-0.8895,,GB,57099,,False
node_05166,node_05166,32.8785,-96.7085,,US,7018,,False
node_05167,node_05167,15.1805,120.5315,,PH,17639,,False
node_05168,node_05168,43.1075,-89.3485,,US,7018,,False
node_05169,node_05169,53.3475,-6.2625,,IE,5466,,False
node_05170,node_05170,37.4685,-121.9225,,US,64238,,False
node_05171,node_05171,43.7905,7.6175,,IT,202870,,False
node_05172,node_05172,33.5875,-117.0705,,US,5650,,False
node_05173,node_05173,38.8815,-77.1105,,US,22773,,False
node_05174,node_05174,36.9685,-122.0505,,US,11994,,False
node_05175,node_05175,-37.8105,145.2295,,AU,38195,,False
node_05176,node_05176,-26.1405,28.1995,,ZA,328471,,False
node_05177,node_05177,-20.8985,55.5695,,RE,3215,,False
node_05178,node_05178,45.4285,-75.6095,,CA,577,,False
node_05179,node_05179,11.7105,104.9305,,KH,131207,,False
node_05180,node_05180,52.1985,6.0315,,NL,199927,,False
node_05181,node_05181,47.6675,9.5915,,DE,3320,,False
node_05182,node_05182,48.2905,15.9115,,AT,51265,,False
node_05183,node_05183,50.8875,4.3875,,BE,8220,,False
node_05184,node_05184,55.0185,83.0175,,RU,34757,,False
node_05185,node_05185,48.2195,16.4775,,AT,8412,,False
node_05186,node_05186,38.7205,-9.3225,,PT,2860,,False
node_05187,node_05187,52.3615,4.5975,,NL,15435,,False
node_05188,node_05188,48.1475,16.2585,,AT,8447,,False
node_05189,node_05189,52.5385,13.2385,,DE,29014,,False
node_05190,node_05190,51.2215,4.2585,,BE,9031,,False
node_05191,node_05191,52.1995,10.2995,,DE,8899,,False
node_05192,node_05192,34.7185,33.0495,,CY,6866,,False
node_05193,node_05193,53.1895,5.8195,,NL,206238,,False
node_05194,node_05194,50.8715,12.0695,,DE,201701,,False
node_05195,node_05195,22.2805,114.1505,,HK,9735,,False
node_05196,node_05196,45.7375,14.1905,,SI,21283,,False
node_05197,node_05197,47.3095,-122.2295,,US,396503,,False
node_05198,node_05198,47.6275,-121.9685,,US,7922,,False
node_05199,node_05199,52.3805,5.2615,,NL,206238,,False
node_05200,node_05200,52.3815,5.2115,,NL,50266,,False
node_05201,node_05201,48.9585,4.3715,,FR,12322,,False
node_05202,node_05202,-6.4405,106.9015,,ID,133800,,False
node_05203,node_05203,47.9195,16.6915,,AT,8447,,False
node_05204,node_05204,52.5605,13.4715,,DE,6805,,False
node_05205,node_05205,33.9505,-118.3925,,US,20001,,False
node_05206,node_05206,4.1815,73.5075,,MV,24016,,False
node_05207,node_05207,-17.5605,-149.5825,,PF,9471,,False
node_05208,node_05208,35.6095,140.1085,,JP,4685,,False
node_05209,node_05209,42.8515,-84.5715,,US,5650,,False
node_05210,node_05210,36.7295,-87.5705,,US,13781,,False
node_05211,node_05211,41.5905,-73.8605,,US,701,,False
node_05212,node_05212,38.9475,-94.5805,,US,16591,,False
node_05213,node_05213,47.3595,7.9005,,CH,3303,,False
node_05214,node_05214,51.2385,6.7905,,DE,6805,,False
node_05215,node_05215,54.4705,9.1005,,DE,12312,,False
node_05216,node_05216,47.8975,13.1915,,AT,8445,,False
node_05217,node_05217,48.1085,11.5715,,DE,3320,,False
node_05218,node_05218,45.7685,15.1915,,SI,21283,,False
node_05219,node_05219,50.3805,-4.1185,,GB,51561,,False
node_05220,node_05220,55.1275,-1.5085,,GB,209198,,False
node_05221,node_05221,48.3875,9.9675,,DE,3320,,False
node_05222,node_05222,48.9085,7.4175,,FR,12322,,False
node_05223,node_05223,49.6815,18.5375,,CZ,202657,,False
node_05224,node_05224,16.2175,-61.5925,,GP,48252,,False
node_05225,node_05225,48.6485,9.3675,,DE,3320,,False
node_05226,node_05226,54.0895,13.3675,,DE,6805,,False
node_05227,node_05227,52.1805,7.8385,,DE,202208,,False
node_05228,node_05228,50.3805,4.8985,,BE,47377,,False
node_05229,node_05229,49.9475,8.4485,,DE,8881,,False
node_05230,node_05230,46.0615,14.5095,,SI,198524,,False
node_05231,node_05231,47.6075,9.5295,,DE,3209,,False
node_05232,node_05232,52.2785,7.6995,,DE,8899,,False
node_05233,node_05233,46.8885,8.2705,,CH,3303,,False
node_05234,node_05234,43.2085,27.9115,,BG,12796,,False
node_05235,node_05235,14.1775,121.2615,,PH,132400,,False
node_05236,node_05236,48.8685,2.3515,,FR,5410,,False
node_05237,node_05237,52.1985,7.2615,,DE,60294,,False
node_05238,node_05238,48.3285,11.7375,,DE,197164,,False
node_05239,node_05239,50.4495,30.5275,,UA,16007,,False
node_05240,node_05240,-31.7305,115.7675,,AU,1221,,False
node_05241,node_05241,56.9805,24.1675,,LV,24651,,False
node_05242,node_05242,50.9275,6.2575,,DE,3320,,False
node_05243,node_05243,53.2295,6.5285,,NL,33915,,False
node_05244,node_05244,36.7895,31.4385,,TR,34984,,False
node_05245,node_05245,47.9905,14.1085,,AT,51184,,False
node_05246,node_05246,49.0075,8.3985,,DE,3209,,False
node_05247,node_05247,48.2415,9.0785,,DE,60150,,False
node_05248,node_05248,37.7795,140.4495,,JP,4713,,False
node_05249,node_05249,37.9315,-122.3005,,US,7922,,False
node_05250,node_05250,38.8315,-94.7705,,US,16591,,False
node_05251,node_05251,42.8505,74.6205,,KG,12764,,False
node_05252,node_05252,47.7585,-122.2085,,US,20055,,False
node_05253,node_05253,45.5205,-122.9885,,US,54594,,False
node_05254,node_05254,-33.7205,151.1715,,AU,4764,,False
node_05255,node_05255,13.1415,-59.6325,,BB,14813,,False
node_05256,node_05256,45.5915,-73.6015,,CA,5769,,False
node_05257,node_05257,43.6315,7.0995,,FR,15557,,False
node_05258,node_05258,-37.0105,175.8595,,NZ,9500,,False
node_05259,node_05259,1.3475,103.8205,,SG,4773,,False
node_05260,node_05260,51.8085,4.0305,,NL,15435,,False
node_05261,node_05261,38.0715,-0.7495,,ES,200030,,False
node_05262,node_05262,53.6385,10.0205,,DE,29014,,False
node_05263,node_05263,47.3095,18.9105,,HU,21334,,False
node_05264,node_05264,53.1795,23.1405,,PL,34525,,False
node_05265,node_05265,51.9675,7.6415,,DE,3209,,False
node_05266,node_05266,48.1985,16.3715,,AT,35492,,False
node_05267,node_05267,51.1795,14.4315,,DE,3320,,False
node_05268,node_05268,48.3995,9.0515,,DE,3320,,False
node_05269,node_05269,50.3975,8.0775,,DE,12360,,False
node_05270,node_05270,52.1695,5.2675,,NL,1136,,False
node_05271,node_05271,59.3705,17.8975,,SE,8473,,False
node_05272,node_05272,49.6595,8.4475,,DE,60294,,False
node_05273,node_05273,48.5305,-71.6525,,CA,2568,,False
node_05274,node_05274,45.4205,11.8775,,IT,202870,,False
node_05275,node_05275,51.3675,4.4785,,BE,6848,,False
node_05276,node_05276,49.2575,8.1295,,DE,8899,,False
node_05277,node_05277,47.7775,19.9195,,HU,41303,,False
node_05278,node_05278,41.3295,19.7995,,AL,209465,,False
node_05279,node_05279,53.9005,27.5605,,BY,6697,,False
node_05280,node_05280,37.5815,-8.6585,,PT,3243,,False
node_05281,node_05281,27.4685,89.6315,,BT,18024,,False
node_05282,node_05282,23.1515,83.1915,,IN,136360,,False
node_05283,node_05283,30.1775,-95.5125,,US,397412,,False
node_05284,node_05284,43.0705,-89.5225,,US,4181,,False
node_05285,node_05285,59.2975,17.9985,,SE,3301,,False
node_05286,node_05286,34.0815,-84.2915,,US,7922,,False
node_05287,node_05287,41.3075,-111.9605,,US,209,,False
node_05288,node_05288,45.8115,15.9395,,HR,205714,,False
node_05289,node_05289,55.7885,49.1305,,RU,49469,,False
node_05290,node_05290,35.7485,139.7105,,JP,4713,,False
node_05291,node_05291,50.4005,30.3205,,UA,43139,,False
node_05292,node_05292,48.4495,35.0005,,UA,15895,,False
node_05293,node_05293,50.8515,9.7005,,DE,3320,,False
node_05294,node_05294,43.5175,1.6215,,FR,12322,,False
node_05295,node_05295,53.6005,9.4915,,DE,3320,,False
node_05296,node_05296,46.3885,16.4215,,HR,2108,,False
node_05297,node_05297,51.3595,9.4515,,DE,8881,,False
node_05298,node_05298,50.4205,30.4915,,UA,21497,,False
node_05299,node_05299,46.6115,13.8475,,AT,8412,,False
node_05300,node_05300,48.6315,8.1075,,DE,3320,,False
node_05301,node_05301,46.8295,6.9585,,CH,6730,,False
node_05302,node_05302,51.2385,5.0885,,BE,9031,,False
node_05303,node_05303,40.4375,-3.6305,,ES,15450,,False
node_05304,node_05304,49.4895,5.7595,,FR,3215,,False
node_05305,node_05305,56.3005,10.2095,,DK,44869,,False
node_05306,node_05306,48.7415,37.5795,,UA,9205,,False
node_05307,node_05307,49.0095,8.4005,,DE,3320,,False
node_05308,node_05308,50.6905,7.1905,,DE,6805,,False
node_05309,node_05309,48.8175,9.5205,,DE,21263,,False
node_05310,node_05310,48.7085,2.1605,,FR,43619,,False
node_05311,node_05311,34.5815,-118.1195,,US,5650,,False
node_05312,node_05312,50.6595,6.7815,,DE,3320,,False
node_05313,node_05313,45.4115,11.9315,,IT,199837,,False
node_05314,node_05314,45.6595,-73.8785,,CA,1403,,False
node_05315,node_05315,32.7995,35.3775,,IL,208666,,False
node_05316,node_05316,44.1115,-70.0025,,US,13977,,False
node_05317,node_05317,48.1275,11.6075,,DE,212567,,False
node_05318,node_05318,49.8975,10.8875,,DE,198570,,False
node_05319,node_05319,34.6815,-82.5215,,US,7018,,False
node_05320,node_05320,51.2415,7.1485,,DE,680,,False
node_05321,node_05321,48.1775,11.7985,,DE,3320,,False
node_05322,node_05322,16.5075,80.6495,,IN,55577,,False
node_05323,node_05323,18.3905,-66.0005,,PR,23114,,False
node_05324,node_05324,38.9695,-77.5005,,US,7922,,False
node_05325,node_05325,-27.7725,153.2305,,AU,38195,,False
node_05326,node_05326,41.9485,12.4415,,IT,5394,,False
node_05327,node_05327,56.6615,12.8615,,SE,3301,,False
node_05328,node_05328,40.9715,-80.4885,,US,7922,,False
node_05329,node_05329,59.4115,24.7315,,EE,56588,,False
node_05330,node_05330,33.0975,-94.1525,,US,11427,,False
node_05331,node_05331,47.4515,-122.3325,,US,209,,False
node_05332,node_05332,50.0375,21.9985,,PL,38987,,False
node_05333,node_05333,39.8275,-84.1215,,US,30600,,False
node_05334,node_05334,43.1095,12.3885,,IT,12874,,False
node_05335,node_05335,38.7815,-90.5015,,US,7018,,False
node_05336,node_05336,47.4995,19.0385,,HU,15566,,False
node_05337,node_05337,49.0105,12.0985,,DE,12611,,False
node_05338,node_05338,46.1575,4.3595,,FR,51083,,False
node_05339,node_05339,52.2585,9.7595,,DE,13045,,False
node_05340,node_05340,32.2195,35.2295,,PS,12975,,False
node_05341,node_05341,55.5975,13.0005,,SE,33885,,False
node_05342,node_05342,45.6095,9.3005,,IT,202870,,False
node_05343,node_05343,43.8715,-79.9895,,CA,812,,False
node_05344,node_05344,55.6575,12.5015,,DK,203953,,False
node_05345,node_05345,50.0395,10.5015,,DE,3320,,False
node_05346,node_05346,26.1995,50.5015,,BH,5416,,False
node_05347,node_05347,49.8415,24.0315,,UA,59577,,False
node_05348,node_05348,37.7675,-122.2525,,US,46375,,False
node_05349,node_05349,33.8785,130.8675,,JP,2519,,False
node_05350,node_05350,41.2395,-8.5625,,PT,212954,,False
node_05351,node_05351,28.7615,-81.1225,,US,33363,,False
node_05352,node_05352,49.2175,5.9675,,FR,212832,,False
node_05353,node_05353,52.2395,6.8475,,NL,1133,,False
node_05354,node_05354,52.5105,5.0475,,NL,33915,,False
node_05355,node_05355,50.9215,4.9075,,BE,6848,,False
node_05356,node_05356,49.6375,6.1585,,LU,25273,,False
node_05357,node_05357,53.3795,-1.4815,,GB,202454,,False
node_05358,node_05358,59.4805,17.9285,,SE,8473,,False
node_05359,node_05359,38.7485,-9.2015,,PT,2860,,False
node_05360,node_05360,51.9195,4.4285,,NL,1136,,False
node_05361,node_05361,60.4205,22.3285,,FI,719,,False
node_05362,node_05362,47.2715,11.4285,,AT,31394,,False
node_05363,node_05363,43.6295,1.4595,,FR,12322,,False
node_05364,node_05364,50.0195,19.9695,,PL,5617,,False
node_05365,node_05365,52.3905,13.0895,,DE,8881,,False
node_05366,node_05366,52.4615,9.7395,,DE,3209,,False
node_05367,node_05367,40.3815,49.8305,,AZ,60258,,False
node_05368,node_05368,51.5215,-0.0395,,GB,198864,,False
node_05369,node_05369,47.2875,5.0615,,FR,5410,,False
node_05370,node_05370,49.1385,-0.3485,,FR,3215,,False
node_05371,node_05371,24.7705,46.6715,,SA,35819,,False
node_05372,node_05372,12.0675,-85.0925,,NI,14754,,False
node_05373,node_05373,55.7685,12.1875,,DK,3292,,False
node_05374,node_05374,41.3215,69.2475,,UZ,28910,,False
node_05375,node_05375,31.8785,77.1475,,IN,24560,,False
node_05376,node_05376,56.5075,13.0485,,SE,3301,,False
node_05377,node_05377,41.2105,69.2185,,UZ,43533,,False
node_05378,node_05378,45.1905,5.7095,,FR,15557,,False
node_05379,node_05379,48.1815,16.3695,,AT,208323,,False
node_05380,node_05380,45.5995,8.8495,,IT,210278,,False
node_05381,node_05381,-33.3695,-70.6405,,CL,18822,,False
node_05382,node_05382,48.8315,1.9995,,FR,12322,,False
node_05383,node_05383,48.1005,-1.5995,,FR,15557,,False
node_05384,node_05384,26.2385,-81.7585,,US,7922,,False
node_05385,node_05385,44.8215,-0.6085,,FR,2200,,False
node_05386,node_05386,38.9695,-77.3385,,US,7922,,False
node_05387,node_05387,57.4915,12.0815,,SE,200144,,False
node_05388,node_05388,52.7795,6.9275,,NL,206238,,False
node_05389,node_05389,52.3305,4.9575,,NL,1136,,False
node_05390,node_05390,51.1705,6.6275,,DE,60294,,False
node_05391,node_05391,56.8415,15.7775,,SE,8473,,False
node_05392,node_05392,42.5295,-83.7815,,US,7922,,False
node_05393,node_05393,56.8715,53.2985,,RU,3226,,False
node_05394,node_05394,50.5295,2.3485,,FR,5410,,False
node_05395,node_05395,52.0415,4.3095,,NL,206238,,False
node_05396,node_05396,48.8095,2.2295,,FR,2200,,False
node_05397,node_05397,46.2475,0.2405,,FR,12322,,False
node_05398,node_05398,51.3975,6.4405,,DE,8899,,False
node_05399,node_05399,47.2075,-1.5285,,FR,3215,,False
node_05400,node_05400,52.0975,20.8015,,PL,5617,,False
node_05401,node_05401,45.6685,14.2915,,SI,3212,,False
node_05402,node_05402,37.7695,-122.4185,,US,46375,,False
node_05403,node_05403,53.3795,-6.0985,,IE,15502,,False
node_05404,node_05404,52.9615,-0.0425,,GB,20712,,False
node_05405,node_05405,49.0815,19.6475,,SK,204058,,False
node_05406,node_05406,45.8175,15.9975,,HR,25467,,False
node_05407,node_05407,1.3495,103.8175,,SG,9506,,False
node_05408,node_05408,45.7995,15.9875,,HR,5391,,False
node_05409,node_05409,-41.2695,174.7775,,NZ,137257,,False
node_05410,node_05410,49.8295,18.2785,,CZ,30764,,False
node_05411,node_05411,48.4415,-123.3815,,CA,852,,False
node_05412,node_05412,41.3615,-8.7315,,PT,12353,,False
node_05413,node_05413,59.7585,10.4595,,NO,2119,,False
node_05414,node_05414,51.5115,-0.1305,,GB,20712,,False
node_05415,node_05415,50.0775,13.4995,,CZ,203488,,False
node_05416,node_05416,48.4405,22.7295,,UA,213024,,False
node_05417,node_05417,-37.8095,144.9605,,AU,38195,,False
node_05418,node_05418,48.6415,7.7105,,FR,5410,,False
node_05419,node_05419,49.1515,8.2515,,DE,8899,,False
node_05420,node_05420,64.5395,40.5275,,RU,12389,,False
node_05421,node_05421,-21.1185,55.5375,,RE,37002,,False
node_05422,node_05422,-36.7685,174.4875,,NZ,4771,,False
node_05423,node_05423,48.8795,2.2685,,FR,44334,,False
node_05424,node_05424,52.2705,104.3385,,RU,12389,,False
node_05425,node_05425,41.1485,-111.7905,,US,32890,,False
node_05426,node_05426,38.0185,-7.8695,,PT,2860,,False
node_05427,node_05427,52.1005,4.3005,,NL,50266,,False
node_05428,node_05428,17.6575,75.9105,,IN,24560,,False
node_05429,node_05429,56.8195,60.5505,,RU,12668,,False
node_05430,node_05430,40.3475,-8.5885,,PT,12353,,False
node_05431,node_05431,63.1615,14.7015,,SE,43065,,False
node_05432,node_05432,37.4685,-121.9225,,US,35829,,False
node_05433,node_05433,51.7305,6.5275,,DE,3320,,False
node_05434,node_05434,46.1275,-1.0725,,FR,3215,,False
node_05435,node_05435,50.7375,-1.9515,,GB,203315,,False
node_05436,node_05436,63.7615,23.2795,,FI,198859,,False
node_05437,node_05437,50.1075,8.7005,,DE,3320,,False
node_05438,node_05438,51.2805,0.4805,,GB,43408,,False
node_05439,node_05439,52.1485,10.5605,,DE,3320,,False
node_05440,node_05440,-2.1705,-79.8985,,EC,23031,,False
node_05441,node_05441,47.2215,-1.5485,,FR,3215,,False
node_05442,node_05442,49.1895,2.4315,,FR,2027,,False
node_05443,node_05443,60.2115,24.7115,,FI,51728,,False
node_05444,node_05444,48.6195,9.5375,,DE,3209,,False
node_05445,node_05445,52.0975,5.0575,,NL,38965,,False
node_05446,node_05446,60.0985,30.2675,,RU,48102,,False
node_05447,node_05447,48.1995,16.3675,,AT,679,,False
node_05448,node_05448,40.5575,-122.3015,,US,23483,,False
node_05449,node_05449,52.5485,4.6685,,NL,1136,,False
node_05450,node_05450,33.6415,-117.9015,,US,7018,,False
node_05451,node_05451,45.2085,-123.2015,,US,20055,,False
node_05452,node_05452,39.8215,32.5385,,TR,9121,,False
node_05453,node_05453,40.4975,-112.0105,,US,16591,,False
node_05454,node_05454,6.4075,-75.0205,,CO,14593,,False
node_05455,node_05455,41.6085,-86.7605,,US,13428,,False
node_05456,node_05456,52.0285,5.5195,,NL,1136,,False
node_05457,node_05457,41.6515,-73.9205,,US,701,,False
node_05458,node_05458,52.7495,6.8895,,NL,1136,,False
node_05459,node_05459,51.7205,5.0495,,NL,206389,,False
node_05460,node_05460,48.1295,16.2805,,AT,8447,,False
node_05461,node_05461,49.2675,4.0515,,FR,3215,,False
node_05462,node_05462,48.1315,16.3315,,AT,35492,,False
node_05463,node_05463,33.9785,-118.4085,,US,23089,,False
node_05464,node_05464,55.6805,12.5715,,DK,42541,,False
node_05465,node_05465,47.7785,7.2275,,FR,15557,,False
node_05466,node_05466,56.3305,36.7075,,RU,20764,,False
node_05467,node_05467,55.6515,12.5175,,DK,201697,,False
node_05468,node_05468,40.2395,-76.7925,,US,701,,False
node_05469,node_05469,-6.2125,106.8385,,ID,38505,,False
node_05470,node_05470,54.7005,-1.4415,,GB,5089,,False
node_05471,node_05471,34.0185,-117.8705,,US,5650,,False
node_05472,node_05472,-33.8095,18.6695,,ZA,327849,,False
node_05473,node_05473,30.1475,-81.6405,,US,7018,,False
node_05474,node_05474,38.6075,-89.9505,,US,7018,,False
node_05475,node_05475,33.4285,-83.9905,,US,7922,,False
node_05476,node_05476,52.2385,6.5895,,NL,15435,,False
node_05477,node_05477,13.7075,100.3905,,TH,23969,,False
node_05478,node_05478,50.1395,8.7405,,DE,51699,,False
node_05479,node_05479,45.1815,-93.4095,,US,398113,,False
node_05480,node_05480,-36.6105,174.7915,,NZ,9790,,False
node_05481,node_05481,43.5505,-96.7285,,US,11232,,False
node_05482,node_05482,53.3915,-2.1085,,GB,5089,,False
node_05483,node_05483,45.8315,3.1215,,FR,203352,,False
node_05484,node_05484,38.7595,-120.5785,,US,7922,,False
node_05485,node_05485,47.8095,7.1775,,FR,12322,,False
node_05486,node_05486,35.6905,139.7675,,JP,2516,,False
node_05487,node_05487,51.4315,-0.9825,,GB,44574,,False
node_05488,node_05488,40.2995,-74.3615,,US,701,,False
node_05489,node_05489,-15.3405,28.3485,,ZM,36959,,False
node_05490,node_05490,34.2875,-94.2715,,US,399554,,False
node_05491,node_05491,51.5175,-0.0915,,GB,5378,,False
node_05492,node_05492,33.7475,-84.3905,,US,16591,,False
node_05493,node_05493,43.6495,-79.3805,,CA,812,,False
node_05494,node_05494,41.7005,-81.2905,,US,10796,,False
node_05495,node_05495,40.7215,-74.0405,,US,701,,False
node_05496,node_05496,53.3385,-6.2405,,IE,6830,,False
node_05497,node_05497,38.5085,-90.4895,,US,7018,,False
node_05498,node_05498,47.7375,26.6705,,RO,12302,,False
node_05499,node_05499,40.5985,15.7205,,IT,137,,False
node_05500,node_05500,56.9495,24.1105,,LV,24589,,False
node_05501,node_05501,47.6495,9.5005,,DE,21263,,False
node_05502,node_05502,38.7995,-94.4485,,US,7018,,False
node_05503,node_05503,1.3295,103.9015,,SG,56300,,False
node_05504,node_05504,52.2395,6.1885,,NL,199927,,False
node_05505,node_05505,52.5175,-2.0005,,GB,212655,,False
node_05506,node_05506,50.7985,-1.8905,,GB,13037,,False
node_05507,node_05507,55.8575,-4.2395,,GB,56478,,False
node_05508,node_05508,-17.5315,-149.5095,,PF,9471,,False
node_05509,node_05509,47.8095,7.1805,,FR,207151,,False
node_05510,node_05510,52.1405,11.6405,,DE,43341,,False
node_05511,node_05511,24.1685,120.6615,,TW,17809,,False
node_05512,node_05512,-35.0685,138.6115,,AU,134090,,False
node_05513,node_05513,60.1305,24.4675,,FI,1759,,False
node_05514,node_05514,63.8175,20.2775,,SE,207825,,False
node_05515,node_05515,59.0485,10.1175,,NO,29695,,False
node_05516,node_05516,38.9475,-95.2505,,US,11232,,False
node_05517,node_05517,53.3505,-2.9905,,GB,5607,,False
node_05518,node_05518,43.1695,-77.6695,,US,19693,,False
node_05519,node_05519,40.7585,-73.7595,,US,701,,False
node_05520,node_05520,45.6005,8.8575,,IT,12874,,False
node_05521,node_05521,50.0985,8.6275,,DE,197252,,False
node_05522,node_05522,9.2175,76.7985,,IN,9829,,False
node_05523,node_05523,45.4275,9.2385,,IT,210278,,False
node_05524,node_05524,-20.8905,55.4585,,RE,21351,,False
node_05525,node_05525,45.0995,7.6895,,IT,1267,,False
node_05526,node_05526,38.8005,-9.1705,,PT,3243,,False
node_05527,node_05527,43.6005,13.5095,,IT,1267,,False
node_05528,node_05528,7.0575,125.5495,,PH,17639,,False
node_05529,node_05529,45.3795,9.1805,,IT,210278,,False
node_05530,node_05530,-21.1085,55.3005,,RE,37002,,False
node_05531,node_05531,54.8975,23.9105,,LT,8764,,False
node_05532,node_05532,-27.4725,153.0315,,AU,4764,,False
node_05533,node_05533,46.4505,30.7515,,UA,44291,,False
node_05534,node_05534,41.1875,-7.8085,,PT,12353,,False
node_05535,node_05535,48.7715,2.1615,,FR,15557,,False
node_05536,node_05536,39.9875,-7.4425,,PT,3243,,False
node_05537,node_05537,49.7195,11.0775,,DE,3209,,False
node_05538,node_05538,45.4285,9.2375,,IT,210278,,False
node_05539,node_05539,50.7795,6.1075,,DE,34953,,False
node_05540,node_05540,45.4815,9.1975,,IT,8816,,False
node_05541,node_05541,60.1675,24.9385,,FI,1759,,False
node_05542,node_05542,-20.9525,55.3285,,RE,3215,,False
node_05543,node_05543,52.2595,4.6185,,NL,15435,,False
node_05544,node_05544,-27.4685,153.0285,,AU,134090,,False
node_05545,node_05545,52.7705,52.2595,,RU,24940,,False
node_05546,node_05546,41.2905,69.2595,,UZ,39568,,False
node_05547,node_05547,47.1075,-2.0905,,FR,5410,,False
node_05548,node_05548,-20.9015,55.4805,,RE,3215,,False
node_05549,node_05549,48.8705,2.3405,,FR,207642,,False
node_05550,node_05550,55.6415,12.0505,,DK,39642,,False
node_05551,node_05551,53.7275,12.7505,,DE,202680,,False
node_05552,node_05552,50.5905,7.0405,,DE,20886,,False
node_05553,node_05553,34.7195,-86.6385,,US,10364,,False
node_05554,node_05554,55.7615,12.5815,,DK,3292,,False
node_05555,node_05555,49.1785,-122.5625,,CA,852,,False
node_05556,node_05556,44.0995,-92.4925,,US,30600,,False
node_05557,node_05557,50.5905,-3.6815,,GB,13037,,False
node_05558,node_05558,52.5215,13.3985,,DE,15987,,False
node_05559,node_05559,40.9275,-85.5315,,US,30600,,False
node_05560,node_05560,52.5295,13.7585,,DE,15366,,False
node_05561,node_05561,46.9415,32.0495,,UA,31272,,False
node_05562,node_05562,53.5895,-0.6505,,GB,5089,,False
node_05563,node_05563,27.9515,-82.4605,,US,12110,,False
node_05564,node_05564,46.3985,12.8505,,IT,202613,,False
node_05565,node_05565,47.1495,9.5105,,LI,20634,,False
node_05566,node_05566,53.7405,-0.1995,,GB,14593,,False
node_05567,node_05567,45.0115,8.6405,,IT,3269,,False
node_05568,node_05568,48.2205,14.2405,,AT,12605,,False
node_05569,node_05569,30.5105,-84.3195,,US,7922,,False
node_05570,node_05570,51.8275,5.2615,,NL,33915,,False
node_05571,node_05571,32.2085,130.3915,,JP,2516,,False
node_05572,node_05572,27.5175,-82.5025,,US,5650,,False
node_05573,node_05573,55.3985,10.3975,,DK,33796,,False
node_05574,node_05574,48.3595,6.4685,,FR,12322,,False
node_05575,node_05575,32.6415,-16.9415,,PT,15457,,False
node_05576,node_05576,39.0395,-77.4905,,US,701,,False
node_05577,node_05577,38.8005,-9.1605,,PT,12353,,False
node_05578,node_05578,49.3885,8.7895,,DE,24961,,False
node_05579,node_05579,59.2775,17.9815,,SE,8434,,False
node_05580,node_05580,-34.7015,138.7115,,AU,4764,,False
node_05581,node_05581,40.9875,-72.5325,,US,6128,,False
node_05582,node_05582,47.3205,8.5175,,CH,15796,,False
node_05583,node_05583,53.0885,8.7575,,DE,3320,,False
node_05584,node_05584,44.9075,7.3085,,IT,8612,,False
node_05585,node_05585,42.2985,14.1685,,IT,3269,,False
node_05586,node_05586,36.7805,-76.1715,,US,22773,,False
node_05587,node_05587,47.5515,9.7085,,DE,41998,,False
node_05588,node_05588,52.3285,5.0685,,NL,33915,,False
node_05589,node_05589,49.9795,36.2585,,UA,13188,,False
node_05590,node_05590,58.8895,5.7285,,NO,29695,,False
node_05591,node_05591,66.5315,25.6485,,FI,58340,,False
node_05592,node_05592,38.6985,-9.4405,,PT,20879,,False
node_05593,node_05593,46.1785,12.2795,,IT,209137,,False
node_05594,node_05594,39.0805,-84.3905,,US,6181,,False
node_05595,node_05595,51.8305,4.5595,,NL,33915,,False
node_05596,node_05596,47.5615,7.5895,,CH,3303,,False
node_05597,node_05597,48.7195,9.1305,,DE,3320,,False
node_05598,node_05598,57.7205,12.0205,,SE,3301,,False
node_05599,node_05599,42.1115,-93.6995,,US,26793,,False
node_05600,node_05600,26.3715,50.0305,,SA,25019,,False
node_05601,node_05601,42.1685,12.5915,,IT,203591,,False
node_05602,node_05602,51.1105,6.6315,,DE,3209,,False
node_05603,node_05603,35.8175,139.9715,,JP,2527,,False
node_05604,node_05604,46.8485,-96.8425,,US,209,,False
node_05605,node_05605,51.4995,-0.0325,,GB,20712,,False
node_05606,node_05606,37.6585,-122.4125,,US,7922,,False
node_05607,node_05607,28.0795,-82.5425,,US,5650,,False
node_05608,node_05608,42.6405,-83.4825,,US,7922,,False
node_05609,node_05609,39.9615,-83.0015,,US,10796,,False
node_05610,node_05610,45.1005,-73.7615,,CA,40864,,False
node_05611,node_05611,45.5285,-73.5505,,CA,1403,,False
node_05612,node_05612,-21.0595,55.3095,,RE,37002,,False
node_05613,node_05613,45.5505,-122.8705,,US,20055,,False
node_05614,node_05614,41.0675,-73.5195,,US,5650,,False
node_05615,node_05615,38.8215,-94.7995,,US,16591,,False
node_05616,node_05616,55.7895,37.4715,,RU,49505,,False
node_05617,node_05617,39.8815,-83.4485,,US,15081,,False
node_05618,node_05618,47.4675,-94.8825,,US,14371,,False
node_05619,node_05619,52.8085,-2.1225,,GB,61049,,False
node_05620,node_05620,52.0295,-0.2925,,GB,2856,,False
node_05621,node_05621,54.5215,-1.3625,,GB,12496,,False
node_05622,node_05622,52.2095,0.1175,,GB,20712,,False
node_05623,node_05623,37.1905,-93.3625,,US,19901,,False
node_05624,node_05624,55.7915,37.4685,,RU,39494,,False
node_05625,node_05625,53.8915,-3.0115,,GB,5378,,False
node_05626,node_05626,39.7095,-75.1115,,US,701,,False
node_05627,node_05627,34.4105,35.8185,,LB,42003,,False
node_05628,node_05628,48.7575,21.2695,,SK,42841,,False
node_05629,node_05629,48.8405,5.9895,,FR,12322,,False
node_05630,node_05630,55.9475,-3.2105,,GB,20712,,False
node_05631,node_05631,47.7195,17.6095,,HU,5483,,False
node_05632,node_05632,52.0895,-1.7705,,GB,56329,,False
node_05633,node_05633,34.8075,-86.7695,,US,7018,,False
node_05634,node_05634,51.2195,6.8005,,DE,8820,,False
node_05635,node_05635,49.2305,-122.8495,,CA,6327,,False
node_05636,node_05636,54.9995,73.3115,,RU,12389,,False
node_05637,node_05637,52.6795,-2.4625,,GB,13285,,False
node_05638,node_05638,51.4175,-0.7415,,GB,25180,,False
node_05639,node_05639,30.2815,120.1185,,CN,4134,,False
node_05640,node_05640,34.2575,-119.1915,,US,20001,,False
node_05641,node_05641,50.9775,11.0285,,DE,3320,,False
node_05642,node_05642,40.4205,-3.7105,,ES,57269,,False
node_05643,node_05643,29.7005,-95.4305,,US,7018,,False
node_05644,node_05644,51.5015,-0.0105,,GB,8330,,False
node_05645,node_05645,52.5095,4.6695,,NL,50266,,False
node_05646,node_05646,38.6775,-77.2595,,US,16925,,False
node_05647,node_05647,47.9595,-3.5395,,FR,3215,,False
node_05648,node_05648,50.7695,6.0905,,DE,3209,,False
node_05649,node_05649,44.8615,20.3505,,RS,9125,,False
node_05650,node_05650,-20.9325,55.3715,,RE,37002,,False
node_05651,node_05651,52.1885,7.8515,,DE,6805,,False
node_05652,node_05652,48.0695,11.6215,,DE,31317,,False
node_05653,node_05653,38.5295,-123.0885,,US,16509,,False
node_05654,node_05654,60.3775,5.2975,,NO,29695,,False
node_05655,node_05655,52.3995,4.6275,,NL,1136,,False
node_05656,node_05656,35.5115,11.0385,,TN,327934,,False
node_05657,node_05657,33.8185,-117.5415,,US,20001,,False
node_05658,node_05658,47.7885,-122.3505,,US,7922,,False
node_05659,node_05659,40.8215,30.3895,,TR,206163,,False
node_05660,node_05660,47.4775,-121.8005,,US,7922,,False
node_05661,node_05661,52.1485,-106.6405,,CA,803,,False
node_05662,node_05662,49.1015,8.3995,,DE,3209,,False
node_05663,node_05663,47.2395,-1.3495,,FR,3215,,False
node_05664,node_05664,-41.2925,174.7805,,NZ,64073,,False
node_05665,node_05665,45.5475,-73.1695,,CA,1403,,False
node_05666,node_05666,35.6015,139.6905,,JP,2514,,False
node_05667,node_05667,35.6895,-105.9385,,US,393460,,False
node_05668,node_05668,53.1285,-113.2085,,CA,400833,,False
node_05669,node_05669,34.4595,135.3715,,JP,17511,,False
node_05670,node_05670,41.8015,-71.3185,,US,701,,False
node_05671,node_05671,41.9785,2.8175,,ES,202367,,False
node_05672,node_05672,52.1015,5.0075,,NL,1136,,False
node_05673,node_05673,37.4695,-121.9225,,US,398065,,False
node_05674,node_05674,-22.9295,-45.4625,,BR,28669,,False
node_05675,node_05675,47.6175,-2.7415,,FR,2027,,False
node_05676,node_05676,38.4395,-90.3715,,US,7018,,False
node_05677,node_05677,48.2415,16.3585,,AT,204136,,False
node_05678,node_05678,39.4105,-104.9215,,US,7922,,False
node_05679,node_05679,45.4875,-73.5005,,CA,5769,,False
node_05680,node_05680,48.0915,-1.6505,,FR,12322,,False
node_05681,node_05681,48.5875,7.7705,,FR,12322,,False
node_05682,node_05682,51.3795,4.4805,,BE,5432,,False
node_05683,node_05683,46.5005,13.5805,,IT,209987,,False
node_05684,node_05684,55.1585,61.3015,,RU,8369,,False
node_05685,node_05685,42.9705,-82.4085,,CA,577,,False
node_05686,node_05686,29.7975,-98.5185,,US,16527,,False
node_05687,node_05687,55.7405,37.5615,,RU,8359,,False
node_05688,node_05688,59.3085,18.0175,,SE,50821,,False
node_05689,node_05689,47.9995,33.4675,,UA,25229,,False
node_05690,node_05690,49.0115,1.5475,,FR,3215,,False
node_05691,node_05691,32.4175,-93.7115,,US,7018,,False
node_05692,node_05692,50.9285,-0.1415,,GB,56478,,False
node_05693,node_05693,55.3975,10.3995,,DK,203953,,False
node_05694,node_05694,60.7885,11.0595,,NO,205976,,False
node_05695,node_05695,50.8285,4.7595,,BE,6848,,False
node_05696,node_05696,40.9475,-5.6595,,ES,3352,,False
node_05697,node_05697,54.8595,83.0905,,RU,31200,,False
node_05698,node_05698,32.8275,-117.1385,,US,7018,,False
node_05699,node_05699,-31.9905,115.9115,,AU,134697,,False
node_05700,node_05700,51.2005,-2.1885,,GB,51561,,False
node_05701,node_05701,47.8685,-122.3185,,US,20055,,False
node_05702,node_05702,39.1585,-76.7385,,US,701,,False
node_05703,node_05703,31.0895,77.1815,,IN,9829,,False
node_05704,node_05704,43.8605,18.4075,,BA,8670,,False
node_05705,node_05705,48.7175,1.8975,,FR,3215,,False
node_05706,node_05706,54.9385,83.1785,,RU,12389,,False
node_05707,node_05707,54.8895,20.4585,,RU,8774,,False
node_05708,node_05708,35.3715,-82.5115,,US,53488,,False
node_05709,node_05709,42.8295,-103.0015,,US,10947,,False
node_05710,node_05710,51.7195,0.1485,,GB,34979,,False
node_05711,node_05711,56.0805,10.0385,,DK,39642,,False
node_05712,node_05712,44.9115,8.6085,,IT,12874,,False
node_05713,node_05713,15.6075,-87.9605,,HN,272991,,False
node_05714,node_05714,38.9695,-77.5305,,US,701,,False
node_05715,node_05715,41.2915,-73.1305,,US,7922,,False
node_05716,node_05716,42.8385,-84.6805,,US,12083,,False
node_05717,node_05717,16.0585,108.2095,,VN,7552,,False
node_05718,node_05718,37.4695,-121.9195,,US,397990,,False
node_05719,node_05719,51.9395,85.9715,,RU,57552,,False
node_05720,node_05720,41.4105,2.1615,,ES,3352,,False
node_05721,node_05721,-37.0595,142.7675,,AU,134090,,False
node_05722,node_05722,57.7005,12.2075,,SE,8473,,False
node_05723,node_05723,30.6515,-91.1625,,US,7018,,False
node_05724,node_05724,55.0275,82.8985,,RU,34757,,False
node_05725,node_05725,48.8615,2.3485,,FR,199636,,False
node_05726,node_05726,38.5985,-90.2415,,US,7018,,False
node_05727,node_05727,41.2095,-73.3415,,US,6128,,False
node_05728,node_05728,59.3695,18.0195,,SE,3399,,False
node_05729,node_05729,44.8305,-122.7925,,US,12044,,False
node_05730,node_05730,45.7915,15.9675,,HR,205714,,False
node_05731,node_05731,14.5395,121.0175,,PH,9299,,False
node_05732,node_05732,51.1385,71.4085,,KZ,41124,,False
node_05733,node_05733,38.7485,-0.5715,,ES,14593,,False
node_05734,node_05734,52.2195,6.8885,,NL,1136,,False
node_05735,node_05735,52.3675,4.8995,,NL,1136,,False
node_05736,node_05736,52.3475,5.2595,,NL,1136,,False
node_05737,node_05737,52.2485,5.9995,,NL,50673,,False
node_05738,node_05738,52.0805,4.8595,,NL,50266,,False
node_05739,node_05739,40.4575,-3.7095,,ES,57269,,False
node_05740,node_05740,44.7595,20.4905,,RS,8400,,False
node_05741,node_05741,15.5375,-87.9995,,HN,64150,,False
node_05742,node_05742,45.2375,19.8215,,RS,15958,,False
node_05743,node_05743,44.4315,26.0715,,RO,48112,,False
node_05744,node_05744,44.6475,20.2015,,RS,8400,,False
node_05745,node_05745,46.1695,6.1115,,CH,12333,,False
node_05746,node_05746,43.4595,-80.4825,,CA,5645,,False
node_05747,node_05747,34.3605,-117.6325,,US,11123,,False
node_05748,node_05748,44.8915,-0.6025,,FR,2027,,False
node_05749,node_05749,46.5985,13.8385,,AT,1853,,False
node_05750,node_05750,51.8995,-8.5115,,IE,1213,,False
node_05751,node_05751,34.3905,-118.5415,,US,20001,,False
node_05752,node_05752,36.8575,42.9885,,IQ,21277,,False
node_05753,node_05753,27.8995,-15.7315,,ES,12430,,False
node_05754,node_05754,-34.5895,-58.6315,,AR,11664,,False
node_05755,node_05755,23.7815,90.3685,,BD,63961,,False
node_05756,node_05756,48.9995,2.2295,,FR,12322,,False
node_05757,node_05757,47.4915,-122.1905,,US,7922,,False
node_05758,node_05758,3.7485,8.7805,,GQ,37529,,False
node_05759,node_05759,43.1415,-77.6395,,US,11351,,False
node_05760,node_05760,-21.2725,55.4505,,RE,37002,,False
node_05761,node_05761,50.7975,6.4815,,DE,3209,,False
node_05762,node_05762,58.2405,22.5915,,EE,1257,,False
node_05763,node_05763,38.8915,-77.2485,,US,701,,False
node_05764,node_05764,39.7495,-75.3085,,US,7922,,False
node_05765,node_05765,49.4595,11.0675,,DE,3209,,False
node_05766,node_05766,45.3915,-75.6625,,CA,577,,False
node_05767,node_05767,33.6985,72.9885,,PK,23674,,False
node_05768,node_05768,54.8995,23.8985,,LT,13194,,False
node_05769,node_05769,40.1095,-104.9415,,US,14593,,False
node_05770,node_05770,51.5005,-0.1915,,GB,5378,,False
node_05771,node_05771,45.7515,13.6685,,IT,14593,,False
node_05772,node_05772,52.2775,4.8595,,NL,33915,,False
node_05773,node_05773,51.5195,6.3295,,DE,3209,,False
node_05774,node_05774,37.8615,-122.1005,,US,7018,,False
node_05775,node_05775,37.4675,-121.9205,,US,400719,,False
node_05776,node_05776,42.6595,-71.1605,,US,701,,False
node_05777,node_05777,36.1495,-95.9905,,US,7018,,False
node_05778,node_05778,61.1215,-149.7705,,US,8047,,False
node_05779,node_05779,48.8285,2.4105,,FR,29075,,False
node_05780,node_05780,51.0105,13.7005,,DE,12312,,False
node_05781,node_05781,51.5485,0.0505,,GB,20712,,False
node_05782,node_05782,50.1195,8.6805,,DE,210752,,False
node_05783,node_05783,39.7405,-104.9885,,US,14593,,False
node_05784,node_05784,4.6505,101.0615,,MY,9534,,False
node_05785,node_05785,43.9315,2.1515,,FR,57633,,False
node_05786,node_05786,39.0815,-77.1525,,US,701,,False
node_05787,node_05787,-21.0785,55.2675,,RE,3215,,False
node_05788,node_05788,41.8515,3.0975,,ES,60273,,False
node_05789,node_05789,49.7285,10.1485,,DE,14593,,False
node_05790,node_05790,51.5105,-0.1315,,GB,5607,,False
node_05791,node_05791,28.6005,77.3185,,IN,24560,,False
node_05792,node_05792,48.7775,10.0985,,DE,3209,,False
node_05793,node_05793,39.0495,-94.5815,,US,16591,,False
node_05794,node_05794,59.3405,18.0885,,SE,42303,,False
node_05795,node_05795,40.6685,-73.9795,,US,12271,,False
node_05796,node_05796,51.4715,5.4805,,NL,50266,,False
node_05797,node_05797,35.5475,-80.9395,,US,4181,,False
node_05798,node_05798,48.5775,13.4405,,DE,3209,,False
node_05799,node_05799,1.3215,103.8705,,SG,55430,,False
node_05800,node_05800,48.3975,9.9715,,DE,48284,,False
node_05801,node_05801,48.6785,2.3815,,FR,12322,,False
node_05802,node_05802,46.7595,13.0315,,AT,35579,,False
node_05803,node_05803,48.4815,-123.3685,,CA,396503,,False
node_05804,node_05804,46.0495,14.5015,,SI,34779,,False
node_05805,node_05805,-23.8795,29.4515,,ZA,327966,,False
node_05806,node_05806,37.9705,-120.3285,,US,7922,,False
node_05807,node_05807,-34.4125,19.2275,,ZA,328888,,False
node_05808,node_05808,49.8695,8.6275,,DE,31705,,False
node_05809,node_05809,36.7305,-76.5825,,US,20115,,False
node_05810,node_05810,-33.9685,18.4675,,ZA,328210,,False
node_05811,node_05811,51.5085,-0.1325,,GB,5089,,False
node_05812,node_05812,-8.8085,13.2275,,AO,328718,,False
node_05813,node_05813,46.5575,6.7885,,CH,3303,,False
node_05814,node_05814,37.7495,-122.4115,,US,46375,,False
node_05815,node_05815,-41.2805,174.7785,,NZ,45131,,False
node_05816,node_05816,48.8475,8.5185,,DE,39702,,False
node_05817,node_05817,38.7685,-78.3915,,US,19901,,False
node_05818,node_05818,6.8785,79.8885,,LK,38229,,False
node_05819,node_05819,14.5295,121.1485,,PH,9299,,False
node_05820,node_05820,48.1785,16.3395,,AT,8412,,False
node_05821,node_05821,41.7695,-88.3405,,US,7922,,False
node_05822,node_05822,28.1195,-15.4295,,ES,12540,,False
node_05823,node_05823,48.8615,15.1205,,AT,8540,,False
node_05824,node_05824,48.9475,9.1305,,DE,3320,,False
node_05825,node_05825,55.3475,10.3105,,DK,3292,,False
node_05826,node_05826,-33.5615,-70.6495,,CL,52341,,False
node_05827,node_05827,43.6905,-79.3395,,CA,11814,,False
node_05828,node_05828,46.0975,19.6715,,RS,13092,,False
node_05829,node_05829,22.6805,88.3015,,IN,23860,,False
node_05830,node_05830,48.8615,2.3415,,FR,12322,,False
node_05831,node_05831,50.8415,5.2815,,BE,47377,,False
node_05832,node_05832,33.6475,-117.9325,,US,20001,,False
node_05833,node_05833,43.7595,7.1775,,FR,12322,,False
node_05834,node_05834,45.4575,-76.2025,,CA,14593,,False
node_05835,node_05835,35.4375,-80.5125,,US,11426,,False
node_05836,node_05836,12.9985,77.6175,,IN,24309,,False
node_05837,node_05837,54.6895,25.2775,,LT,8764,,False
node_05838,node_05838,43.1395,-88.1115,,US,7018,,False
node_05839,node_05839,5.5695,-0.2115,,GH,37468,,False
node_05840,node_05840,53.3815,-1.4815,,GB,41230,,False
node_05841,node_05841,49.3875,11.1785,,DE,15598,,False
node_05842,node_05842,37.4085,-121.8515,,US,7922,,False
node_05843,node_05843,49.0095,12.0895,,DE,12611,,False
node_05844,node_05844,14.6005,121.0395,,PH,23944,,False
node_05845,node_05845,35.3415,25.1395,,GR,14593,,False
node_05846,node_05846,41.3995,2.1795,,ES,15704,,False
node_05847,node_05847,48.5605,8.9595,,DE,12312,,False
node_05848,node_05848,40.2975,-3.8395,,ES,3352,,False
node_05849,node_05849,-18.1205,178.4605,,FJ,53813,,False
node_05850,node_05850,34.1105,74.7405,,IN,138800,,False
node_05851,node_05851,45.5215,-73.6295,,CA,5769,,False
node_05852,node_05852,-15.4115,28.2915,,ZM,33763,,False
node_05853,node_05853,40.6305,-80.0485,,US,7922,,False
node_05854,node_05854,38.1215,-1.2885,,ES,209910,,False
node_05855,node_05855,-33.9205,18.3815,,ZA,20011,,False
node_05856,node_05856,-38.0585,-72.3785,,CL,27901,,False
node_05857,node_05857,-34.0985,18.8515,,ZA,37640,,False
node_05858,node_05858,40.3075,-3.7325,,ES,57269,,False
node_05859,node_05859,41.9675,-87.7025,,US,7922,,False
node_05860,node_05860,48.5585,-71.6325,,CA,1403,,False
node_05861,node_05861,53.0285,5.6585,,NL,207894,,False
node_05862,node_05862,43.4995,2.1885,,FR,12322,,False
node_05863,node_05863,51.4395,5.1085,,NL,15435,,False
node_05864,node_05864,28.7205,77.1185,,IN,55836,,False
node_05865,node_05865,42.3615,-2.4815,,ES,15704,,False
node_05866,node_05866,-30.0415,-51.2115,,BR,61615,,False
node_05867,node_05867,48.2985,14.2885,,AT,12605,,False
node_05868,node_05868,53.5505,8.5685,,DE,3209,,False
node_05869,node_05869,50.0105,2.8685,,FR,3215,,False
node_05870,node_05870,21.9275,86.7595,,IN,9829,,False
node_05871,node_05871,51.9405,7.1695,,DE,8899,,False
node_05872,node_05872,-24.6485,25.8695,,BW,327750,,False
node_05873,node_05873,50.7815,6.1595,,DE,3320,,False
node_05874,node_05874,49.3815,8.3795,,DE,58299,,False
node_05875,node_05875,42.6975,23.3205,,BG,13172,,False
node_05876,node_05876,44.7895,20.5405,,RS,8400,,False
node_05877,node_05877,40.4115,-3.6095,,ES,57269,,False
node_05878,node_05878,-6.2315,106.5805,,ID,23700,,False
node_05879,node_05879,45.7985,15.9405,,HR,13046,,False
node_05880,node_05880,35.8905,-90.6595,,US,22413,,False
node_05881,node_05881,-25.3325,-57.3885,,PY,27895,,False
node_05882,node_05882,46.0875,-64.6785,,CA,812,,False
node_05883,node_05883,39.3485,-80.0385,,US,5650,,False
node_05884,node_05884,13.5015,144.8515,,GU,7131,,False
node_05885,node_05885,48.2675,2.7315,,FR,12601,,False
node_05886,node_05886,61.4975,23.7815,,FI,207041,,False
node_05887,node_05887,47.4795,19.0615,,HU,2547,,False
node_05888,node_05888,13.4985,144.8075,,GU,152735,,False
node_05889,node_05889,19.8995,-88.8125,,MX,265561,,False
node_05890,node_05890,52.6075,11.8685,,DE,43341,,False
node_05891,node_05891,48.8615,2.3385,,FR,12322,,False
node_05892,node_05892,45.4195,4.3095,,FR,12322,,False
node_05893,node_05893,51.4515,-2.6105,,GB,5089,,False
node_05894,node_05894,24.9715,121.1895,,TW,18420,,False
node_05895,node_05895,49.8475,6.1195,,LU,41273,,False
node_05896,node_05896,54.4075,-6.1505,,GB,6871,,False
node_05897,node_05897,60.1885,24.8295,,FI,16302,,False
node_05898,node_05898,45.8205,1.2595,,FR,5410,,False
node_05899,node_05899,49.4205,10.8495,,DE,8899,,False
node_05900,node_05900,34.4275,-118.5195,,US,21928,,False
node_05901,node_05901,25.0285,121.5705,,TW,3462,,False
node_05902,node_05902,-37.8205,144.9605,,AU,4764,,False
node_05903,node_05903,53.8405,-3.0295,,GB,5089,,False
node_05904,node_05904,-18.9285,47.5305,,MG,37608,,False
node_05905,node_05905,44.1885,-89.8195,,US,10352,,False
node_05906,node_05906,40.4175,-3.6985,,ES,8903,,False
node_05907,node_05907,37.7685,139.2515,,JP,4685,,False
node_05908,node_05908,46.1915,21.3115,,RO,48141,,False
node_05909,node_05909,54.5875,-5.6885,,GB,2856,,False
node_05910,node_05910,42.6985,23.3215,,BG,29580,,False
node_05911,node_05911,60.0695,15.9215,,SE,8473,,False
node_05912,node_05912,-20.8795,55.4515,,RE,14593,,False
node_05913,node_05913,42.4785,3.1275,,FR,12322,,False
node_05914,node_05914,6.4085,2.3375,,BJ,14593,,False
node_05915,node_05915,54.6985,25.2575,,LT,1257,,False
node_05916,node_05916,64.1675,-21.6715,,IS,6677,,False
node_05917,node_05917,39.0215,-94.3515,,US,7922,,False
node_05918,node_05918,25.6615,-100.4415,,MX,8151,,False
node_05919,node_05919,50.0875,14.3485,,CZ,5610,,False
node_05920,node_05920,14.5585,121.0185,,PH,4775,,False
node_05921,node_05921,50.2185,8.2585,,DE,3209,,False
node_05922,node_05922,-6.2205,106.6585,,ID,133815,,False
node_05923,node_05923,16.2175,-61.6205,,FR,3215,,False
node_05924,node_05924,31.3575,34.8995,,IL,6810,,False
node_05925,node_05925,52.3285,4.8695,,NL,1136,,False
node_05926,node_05926,-4.3025,15.3095,,CD,327875,,False
node_05927,node_05927,50.3815,-4.1305,,GB,57356,,False
node_05928,node_05928,35.6915,139.6905,,JP,59105,,False
node_05929,node_05929,-7.9525,112.6105,,ID,46019,,False
node_05930,node_05930,50.4475,30.5205,,UA,8772,,False
node_05931,node_05931,44.1485,-81.0295,,CA,29974,,False
node_05932,node_05932,47.6775,-122.2085,,US,20055,,False
node_05933,node_05933,35.9605,-83.9185,,US,20115,,False
node_05934,node_05934,32.3415,-86.2785,,US,7018,,False
node_05935,node_05935,-37.8215,144.9715,,AU,14593,,False
node_05936,node_05936,-30.0405,-51.2085,,BR,61615,,False
node_05937,node_05937,53.4295,10.3015,,DE,35244,,False
node_05938,node_05938,14.3305,-87.1685,,HN,14754,,False
node_05939,node_05939,40.3275,-3.7525,,ES,12479,,False
node_05940,node_05940,53.5075,-2.4625,,GB,2856,,False
node_05941,node_05941,63.4205,10.8075,,NO,34087,,False
node_05942,node_05942,52.3985,13.2585,,DE,50436,,False
node_05943,node_05943,-16.5095,-68.0715,,BO,27882,,False
node_05944,node_05944,0.3315,32.5885,,UG,327687,,False
node_05945,node_05945,52.0475,7.4785,,DE,24637,,False
node_05946,node_05946,20.8495,-102.7805,,MX,8151,,False
node_05947,node_05947,49.3475,10.5095,,DE,14593,,False
node_05948,node_05948,52.4105,-1.5105,,GB,56478,,False
node_05949,node_05949,59.9415,10.7795,,NO,2119,,False
node_05950,node_05950,45.5575,5.9005,,FR,12322,,False
node_05951,node_05951,-20.2695,57.3805,,MU,23889,,False
node_05952,node_05952,50.6975,7.1405,,DE,3320,,False
node_05953,node_05953,47.4675,19.1205,,HU,44302,,False
node_05954,node_05954,47.8705,1.9105,,FR,5410,,False
node_05955,node_05955,48.8805,2.7505,,FR,12322,,False
node_05956,node_05956,38.9075,-94.3285,,US,16591,,False
node_05957,node_05957,38.8885,-9.0485,,PT,3243,,False
node_05958,node_05958,24.7085,46.6815,,SA,25019,,False
node_05959,node_05959,54.6295,-5.8585,,GB,35071,,False
node_05960,node_05960,45.1895,5.7415,,FR,15557,,False
node_05961,node_05961,33.9385,-84.3225,,US,7018,,False
node_05962,node_05962,13.9285,121.6175,,PH,56099,,False
node_05963,node_05963,38.0805,23.8275,,GR,6799,,False
node_05964,node_05964,41.3915,-73.4525,,US,7922,,False
node_05965,node_05965,44.3785,26.1275,,RO,8708,,False
node_05966,node_05966,37.2595,-76.7525,,US,4922,,False
node_05967,node_05967,25.6605,-80.4425,,US,7018,,False
node_05968,node_05968,43.2815,-2.0125,,ES,3262,,False
node_05969,node_05969,59.1885,17.6185,,SE,59702,,False
node_05970,node_05970,1.3085,103.8585,,SG,4657,,False
node_05971,node_05971,51.3605,7.1185,,DE,62336,,False
node_05972,node_05972,51.5015,0.0185,,GB,56478,,False
node_05973,node_05973,50.1075,8.6785,,DE,3209,,False
node_05974,node_05974,41.9005,12.4495,,VA,8978,,False
node_05975,node_05975,36.0375,-115.1905,,US,22773,,False
node_05976,node_05976,-32.9995,-71.2705,,CL,27901,,False
node_05977,node_05977,42.0785,-71.5195,,US,701,,False
node_05978,node_05978,-21.1585,55.5705,,RE,37002,,False
node_05979,node_05979,45.7305,4.8405,,FR,34019,,False
node_05980,node_05980,23.0015,120.2205,,TW,38254,,False
node_05981,node_05981,34.7175,-76.6585,,US,14593,,False
node_05982,node_05982,-37.8105,144.9615,,AU,7545,,False
node_05983,node_05983,45.1485,-73.1685,,CA,399105,,False
node_05984,node_05984,9.1305,99.3315,,TH,24378,,False
node_05985,node_05985,53.6685,9.6875,,DE,15943,,False
node_05986,node_05986,-45.8795,170.4975,,NZ,9790,,False
node_05987,node_05987,49.1605,6.6575,,FR,2027,,False
node_05988,node_05988,50.0975,8.6275,,DE,200187,,False
node_05989,node_05989,58.0095,11.6275,,SE,8473,,False
node_05990,node_05990,4.7105,-74.0725,,CO,19429,,False
node_05991,node_05991,42.6285,23.3685,,BG,29244,,False
node_05992,node_05992,60.6695,17.1385,,SE,43065,,False
node_05993,node_05993,37.4705,-121.9215,,US,399242,,False
node_05994,node_05994,58.1385,7.9895,,NO,212500,,False
node_05995,node_05995,45.4595,-73.5605,,CA,5769,,False
node_05996,node_05996,51.5295,-0.2995,,GB,199745,,False
node_05997,node_05997,43.6605,-70.2595,,US,397097,,False
node_05998,node_05998,44.8085,20.4605,,RS,9125,,False
node_05999,node_05999,51.7275,19.4515,,PL,16342,,False
node_06000,node_06000,56.2185,15.4215,,SE,201983,,False
node_06001,node_06001,43.2415,1.0415,,FR,3215,,False
node_06002,node_06002,6.4475,3.5915,,NG,37282,,False
node_06003,node_06003,50.0375,15.7615,,CZ,210958,,False
node_06004,node_06004,2.9185,101.6615,,MY,4788,,False
node_06005,node_06005,3.0805,101.5915,,MY,4788,,False
node_06006,node_06006,-34.4095,150.8815,,AU,58698,,False
node_06007,node_06007,25.0675,121.5775,,TW,38856,,False
node_06008,node_06008,45.4485,9.2075,,IT,51580,,False
node_06009,node_06009,52.1485,4.6475,,NL,1136,,False
node_06010,node_06010,1.2995,103.7875,,SG,24637,,False
node_06011,node_06011,-22.3025,166.4375,,NC,56089,,False
node_06012,node_06012,-20.9485,55.6275,,RE,37002,,False
node_06013,node_06013,51.1995,4.3985,,BE,47377,,False
node_06014,node_06014,-33.8705,151.1985,,AU,134090,,False
node_06015,node_06015,10.6685,-71.6015,,VE,269820,,False
node_06016,node_06016,44.7675,20.4795,,RS,13092,,False
node_06017,node_06017,36.0505,-85.2505,,US,19331,,False
node_06018,node_06018,-33.9685,151.0695,,AU,4764,,False
node_06019,node_06019,-43.5315,172.6395,,NZ,38299,,False
node_06020,node_06020,13.9295,121.6195,,PH,56099,,False
node_06021,node_06021,44.8105,20.3895,,RS,15958,,False
node_06022,node_06022,-7.7395,110.3605,,ID,55662,,False
node_06023,node_06023,53.5715,-6.0995,,IE,5466,,False
node_06024,node_06024,38.0815,-78.4595,,US,32133,,False
node_06025,node_06025,49.4775,8.5405,,DE,3320,,False
node_06026,node_06026,50.9185,-1.0095,,GB,13037,,False
node_06027,node_06027,45.7895,24.0205,,RO,9050,,False
node_06028,node_06028,-6.9185,107.6205,,ID,133815,,False
node_06029,node_06029,46.1385,14.5915,,SI,34779,,False
node_06030,node_06030,52.3705,9.2315,,DE,8881,,False
node_06031,node_06031,50.3675,2.0415,,FR,199636,,False
node_06032,node_06032,39.6485,-78.7785,,US,11776,,False
node_06033,node_06033,38.8985,-77.4385,,US,701,,False
node_06034,node_06034,44.9415,4.8915,,FR,2027,,False
node_06035,node_06035,25.0795,121.5775,,TW,3462,,False
node_06036,node_06036,43.6405,7.0475,,FR,5410,,False
node_06037,node_06037,52.5415,13.4875,,DE,6805,,False
node_06038,node_06038,51.0385,13.7975,,DE,21413,,False
node_06039,node_06039,52.3005,9.9075,,DE,13045,,False
node_06040,node_06040,-25.9795,28.1275,,ZA,328826,,False
node_06041,node_06041,44.7975,20.4585,,RS,9002,,False
node_06042,node_06042,41.8995,-88.2215,,US,63311,,False
node_06043,node_06043,51.9975,4.3685,,NL,1128,,False
node_06044,node_06044,52.4705,-0.9015,,GB,13037,,False
node_06045,node_06045,-7.8225,110.3895,,ID,46050,,False
node_06046,node_06046,41.1375,22.4995,,MK,49056,,False
node_06047,node_06047,61.5095,21.7895,,FI,16086,,False
node_06048,node_06048,8.9515,125.5395,,PH,150749,,False
node_06049,node_06049,21.4875,39.1895,,SA,25019,,False
node_06050,node_06050,47.5085,-117.5805,,US,209,,False
node_06051,node_06051,34.8895,136.9395,,JP,23630,,False
node_06052,node_06052,34.6995,33.0895,,CY,8544,,False
node_06053,node_06053,43.3105,-5.7005,,ES,3352,,False
node_06054,node_06054,53.6595,-1.8095,,GB,5378,,False
node_06055,node_06055,51.5105,-0.1295,,GB,14593,,False
node_06056,node_06056,48.7985,2.0105,,FR,3215,,False
node_06057,node_06057,43.3185,-0.3095,,FR,34572,,False
node_06058,node_06058,49.0105,8.3705,,DE,3209,,False
node_06059,node_06059,38.8685,-76.9985,,US,701,,False
node_06060,node_06060,49.5785,6.1215,,LU,8632,,False
node_06061,node_06061,57.4395,10.5215,,DK,3292,,False
node_06062,node_06062,51.1715,-0.6485,,GB,208189,,False
node_06063,node_06063,49.2615,7.2515,,DE,3209,,False
node_06064,node_06064,48.5175,1.6815,,FR,12322,,False
node_06065,node_06065,35.6875,139.6915,,JP,2519,,False
node_06066,node_06066,60.1895,24.8315,,FI,1741,,False
node_06067,node_06067,-38.0805,145.1315,,AU,134090,,False
node_06068,node_06068,-33.9995,18.4815,,ZA,37611,,False
node_06069,node_06069,45.7815,4.8115,,FR,62141,,False
node_06070,node_06070,51.2875,6.8475,,DE,60522,,False
node_06071,node_06071,61.4595,5.8875,,NO,35132,,False
node_06072,node_06072,28.8305,-96.9625,,US,7018,,False
node_06073,node_06073,38.9375,-104.6025,,US,209,,False
node_06074,node_06074,47.3815,8.5375,,CH,13030,,False
node_06075,node_06075,42.2975,-74.0015,,US,32953,,False
node_06076,node_06076,40.1985,-105.0915,,US,393552,,False
node_06077,node_06077,33.8095,132.7685,,JP,55392,,False
node_06078,node_06078,46.3205,-0.4615,,FR,12322,,False
node_06079,node_06079,43.4915,-79.7215,,CA,11814,,False
node_06080,node_06080,46.7395,-79.8115,,CA,14593,,False
node_06081,node_06081,35.6875,51.3495,,IR,58224,,False
node_06082,node_06082,49.9115,5.7295,,BE,9031,,False
node_06083,node_06083,-33.9715,18.4595,,ZA,37239,,False
node_06084,node_06084,41.1695,-8.5605,,PT,2860,,False
node_06085,node_06085,49.2715,-0.2705,,FR,3215,,False
node_06086,node_06086,20.8495,-156.4995,,US,21928,,False
node_06087,node_06087,51.0405,3.2105,,BE,6848,,False
node_06088,node_06088,-20.9005,55.4405,,RE,3215,,False
node_06089,node_06089,56.9575,24.2415,,LV,2588,,False
node_06090,node_06090,42.3285,-71.1985,,US,701,,False
node_06091,node_06091,40.2015,-8.4085,,PT,12353,,False
node_06092,node_06092,52.5175,13.5715,,DE,212245,,False
node_06093,node_06093,50.1085,8.6815,,DE,3209,,False
node_06094,node_06094,42.3975,-71.1225,,US,21928,,False
node_06095,node_06095,-34.9705,138.6075,,AU,139623,,False
node_06096,node_06096,51.4705,6.7575,,DE,3209,,False
node_06097,node_06097,45.9575,14.0875,,SI,198213,,False
node_06098,node_06098,42.1285,24.7375,,BG,8866,,False
node_06099,node_06099,47.1375,10.5585,,AT,31543,,False
node_06100,node_06100,51.5485,-0.0015,,GB,56478,,False
node_06101,node_06101,52.8715,-8.2015,,IE,2110,,False
node_06102,node_06102,40.3975,-4.0015,,ES,12479,,False
node_06103,node_06103,45.8305,4.9585,,FR,12322,,False
node_06104,node_06104,43.6605,-70.2515,,US,14593,,False
node_06105,node_06105,-12.1185,-77.0315,,PE,12252,,False
node_06106,node_06106,41.3285,19.8195,,AL,35047,,False
node_06107,node_06107,47.4895,-122.3005,,US,47689,,False
node_06108,node_06108,39.9705,-4.8305,,ES,3352,,False
node_06109,node_06109,52.0315,5.5395,,NL,1136,,False
node_06110,node_06110,43.3175,21.8895,,RS,13303,,False
node_06111,node_06111,26.2275,50.5805,,BH,5416,,False
node_06112,node_06112,-35.1725,149.1005,,AU,38195,,False
node_06113,node_06113,-20.9525,55.5205,,RE,37002,,False
node_06114,node_06114,25.0085,121.5305,,TW,9416,,False
node_06115,node_06115,36.4485,28.2205,,GR,14593,,False
node_06116,node_06116,37.9805,-122.0195,,US,46375,,False
node_06117,node_06117,24.1575,120.6515,,TW,3462,,False
node_06118,node_06118,42.6675,21.1715,,RS,21246,,False
node_06119,node_06119,45.7795,4.8215,,FR,35540,,False
node_06120,node_06120,47.0575,15.4415,,AT,39837,,False
node_06121,node_06121,51.0185,13.8115,,DE,6805,,False
node_06122,node_06122,62.5795,11.3815,,NO,48863,,False
node_06123,node_06123,36.9585,-121.8425,,US,14593,,False
node_06124,node_06124,52.2285,9.0375,,DE,213281,,False
node_06125,node_06125,22.7595,121.1375,,TW,3462,,False
node_06126,node_06126,47.4105,19.2475,,HU,20845,,False
node_06127,node_06127,44.9315,25.4475,,RO,48161,,False
node_06128,node_06128,14.3185,120.8085,,PH,135325,,False
node_06129,node_06129,10.2395,-67.6115,,VE,269730,,False
node_06130,node_06130,53.3475,-6.2615,,IE,6830,,False
node_06131,node_06131,45.4175,-75.7015,,CA,14593,,False
node_06132,node_06132,33.8515,-84.2915,,US,7018,,False
node_06133,node_06133,51.1095,4.3295,,BE,6848,,False
node_06134,node_06134,35.6395,139.7295,,JP,23788,,False
node_06135,node_06135,40.3405,-3.7105,,ES,57269,,False
node_06136,node_06136,51.1275,4.5695,,BE,6848,,False
node_06137,node_06137,8.9495,125.5395,,PH,150749,,False
node_06138,node_06138,42.7095,23.3095,,BG,204281,,False
node_06139,node_06139,50.3515,3.5395,,FR,57265,,False
node_06140,node_06140,43.6685,7.2105,,FR,42369,,False
node_06141,node_06141,12.1305,15.0505,,TD,328594,,False
node_06142,node_06142,32.1915,-81.2295,,US,7018,,False
node_06143,node_06143,48.8575,2.3405,,FR,48817,,False
node_06144,node_06144,50.6285,7.0305,,DE,3209,,False
node_06145,node_06145,44.8495,24.8705,,RO,57815,,False
node_06146,node_06146,41.0305,-80.6695,,US,7018,,False
node_06147,node_06147,48.9315,2.2705,,FR,3215,,False
node_06148,node_06148,50.8085,12.9315,,DE,200599,,False
node_06149,node_06149,40.3105,29.0615,,TR,203511,,False
node_06150,node_06150,12.2895,-1.4885,,BF,37721,,False
node_06151,node_06151,22.2815,114.1415,,HK,3662,,False
node_06152,node_06152,34.6975,33.0875,,CY,206912,,False
node_06153,node_06153,41.6415,-0.9325,,ES,3352,,False
node_06154,node_06154,47.2475,-1.5315,,FR,3215,,False
node_06155,node_06155,55.5975,12.9985,,SE,51519,,False
node_06156,node_06156,41.5975,-93.6115,,US,14593,,False
node_06157,node_06157,-27.9515,-54.7505,,BR,28343,,False
node_06158,node_06158,55.6415,12.0895,,DK,208327,,False
node_06159,node_06159,44.9775,5.1105,,FR,12322,,False
node_06160,node_06160,53.9305,9.5105,,DE,3320,,False
node_06161,node_06161,43.1575,-70.6485,,US,14593,,False
node_06162,node_06162,43.6385,3.4615,,FR,3215,,False
node_06163,node_06163,39.9185,-75.3925,,US,701,,False
node_06164,node_06164,43.4895,-79.7225,,CA,7992,,False
node_06165,node_06165,47.9775,2.7675,,FR,12322,,False
node_06166,node_06166,49.2785,-122.9925,,CA,6327,,False
node_06167,node_06167,41.2405,-73.9025,,US,701,,False
node_06168,node_06168,55.8615,12.3775,,DK,204151,,False
node_06169,node_06169,45.5275,-73.5115,,CA,5769,,False
node_06170,node_06170,59.5675,17.5185,,SE,13189,,False
node_06171,node_06171,-34.4295,150.8685,,AU,38195,,False
node_06172,node_06172,12.3715,-1.5015,,BF,25543,,False
node_06173,node_06173,45.5595,-73.5715,,CA,1403,,False
node_06174,node_06174,32.3775,-86.3105,,US,12083,,False
node_06175,node_06175,44.4475,26.2295,,RO,42405,,False
node_06176,node_06176,59.9485,10.7495,,NO,25400,,False
node_06177,node_06177,-33.9005,151.1595,,AU,4764,,False
node_06178,node_06178,37.9805,-87.6105,,US,7018,,False
node_06179,node_06179,51.9505,5.7495,,NL,1136,,False
node_06180,node_06180,60.2315,24.9595,,FI,1759,,False
node_06181,node_06181,49.4675,-2.5395,,GG,8680,,False
node_06182,node_06182,27.5085,41.7205,,SA,25019,,False
node_06183,node_06183,51.1595,4.8205,,BE,9031,,False
node_06184,node_06184,35.3805,-77.9895,,US,11426,,False
node_06185,node_06185,51.9005,8.3905,,DE,33873,,False
node_06186,node_06186,39.9815,-74.9995,,US,7922,,False
node_06187,node_06187,-26.1425,28.2005,,ZA,328745,,False
node_06188,node_06188,21.0285,-89.5795,,MX,8151,,False
node_06189,node_06189,33.4015,-111.7995,,US,7018,,False
node_06190,node_06190,5.2275,-3.7585,,CI,37721,,False
node_06191,node_06191,43.8795,-79.4385,,CA,812,,False
node_06192,node_06192,-33.4695,-70.5585,,CL,7418,,False
node_06193,node_06193,39.2115,-86.8685,,US,14593,,False
node_06194,node_06194,37.9605,23.6975,,GR,200736,,False
node_06195,node_06195,40.8685,-76.1625,,US,3737,,False
node_06196,node_06196,-20.9005,55.4575,,RE,3215,,False
node_06197,node_06197,45.5495,-122.6825,,US,209,,False
node_06198,node_06198,35.5615,45.4375,,IQ,21277,,False
node_06199,node_06199,38.9085,-104.7915,,US,7922,,False
node_06200,node_06200,50.6985,7.1785,,DE,3320,,False
node_06201,node_06201,22.0695,120.7085,,TW,38841,,False
node_06202,node_06202,52.1975,6.0285,,NL,199927,,False
node_06203,node_06203,57.1405,-2.1215,,GB,2856,,False
node_06204,node_06204,-35.0685,138.8585,,AU,134697,,False
node_06205,node_06205,52.5595,13.1995,,DE,8881,,False
node_06206,node_06206,40.2675,-75.3795,,US,701,,False
node_06207,node_06207,10.9585,-71.7295,,VE,61461,,False
node_06208,node_06208,48.8905,2.3405,,FR,35540,,False
node_06209,node_06209,43.6805,3.8405,,FR,3215,,False
node_06210,node_06210,50.2615,28.6705,,UA,50633,,False
node_06211,node_06211,44.4595,3.1915,,FR,3215,,False
node_06212,node_06212,-26.1425,28.2015,,ZA,37239,,False
node_06213,node_06213,-33.8695,151.2315,,AU,4804,,False
node_06214,node_06214,45.7415,4.8915,,FR,15401,,False
node_06215,node_06215,50.7275,7.1475,,DE,3320,,False
node_06216,node_06216,10.2575,-67.9625,,VE,269730,,False
node_06217,node_06217,50.8185,12.8975,,DE,16202,,False
node_06218,node_06218,38.4185,27.1275,,TR,9121,,False
node_06219,node_06219,42.4885,-96.4815,,US,54578,,False
node_06220,node_06220,50.9305,2.9285,,BE,9031,,False
node_06221,node_06221,39.9985,116.3185,,CN,4808,,False
node_06222,node_06222,37.7195,-122.1515,,US,7018,,False
node_06223,node_06223,37.0505,-76.4015,,US,22773,,False
node_06224,node_06224,42.1015,-80.1015,,US,7341,,False
node_06225,node_06225,41.3375,19.7995,,AL,47394,,False
node_06226,node_06226,6.9705,158.2095,,FM,139759,,False
node_06227,node_06227,49.3805,8.8395,,DE,41998,,False
node_06228,node_06228,-20.8985,55.4795,,RE,3215,,False
node_06229,node_06229,12.3395,-1.5505,,BF,37577,,False
node_06230,node_06230,43.7115,-79.3805,,CA,577,,False
node_06231,node_06231,45.3285,14.4405,,HR,13046,,False
node_06232,node_06232,-38.0615,145.3005,,AU,4764,,False
node_06233,node_06233,53.5305,10.0205,,DE,211547,,False
node_06234,node_06234,13.0315,77.6305,,IN,55836,,False
node_06235,node_06235,48.1875,11.6505,,DE,24786,,False
node_06236,node_06236,26.1575,50.4705,,BH,5416,,False
node_06237,node_06237,53.2175,-6.6485,,IE,15502,,False
node_06238,node_06238,46.7585,-119.1685,,US,14593,,False
node_06239,node_06239,44.7995,-0.5985,,FR,3215,,False
node_06240,node_06240,53.3805,-6.1385,,IE,31122,,False
node_06241,node_06241,51.0315,7.1115,,DE,8899,,False
node_06242,node_06242,52.1785,4.5115,,NL,50266,,False
node_06243,node_06243,48.1275,11.5675,,DE,8767,,False
node_06244,node_06244,43.8995,-79.4625,,CA,577,,False
node_06245,node_06245,39.7315,-104.9125,,US,7922,,False
node_06246,node_06246,45.7775,4.8185,,FR,12322,,False
node_06247,node_06247,-21.0005,55.6785,,RE,3215,,False
node_06248,node_06248,-7.8095,110.2785,,ID,23693,,False
node_06249,node_06249,52.1115,5.0985,,NL,50266,,False
node_06250,node_06250,37.4685,-121.9215,,US,400564,,False
node_06251,node_06251,57.5715,-4.3815,,GB,6871,,False
node_06252,node_06252,50.5275,3.5095,,BE,12392,,False
node_06253,node_06253,63.4685,23.8195,,FI,206125,,False
node_06254,node_06254,-29.7305,31.0695,,ZA,32437,,False
node_06255,node_06255,48.9015,2.1595,,FR,57752,,False
node_06256,node_06256,-29.3205,27.4895,,LS,327750,,False
node_06257,node_06257,52.3905,4.9395,,NL,1136,,False
node_06258,node_06258,34.4415,-119.6205,,US,22773,,False
node_06259,node_06259,47.6675,-122.1295,,US,20055,,False
node_06260,node_06260,47.9585,3.3705,,FR,12322,,False
node_06261,node_06261,42.8595,-71.5095,,US,13977,,False
node_06262,node_06262,46.7705,7.2405,,CH,3303,,False
node_06263,node_06263,49.9885,10.6805,,DE,3209,,False
node_06264,node_06264,41.6385,-93.5185,,US,16591,,False
node_06265,node_06265,50.9385,6.9115,,DE,8422,,False
node_06266,node_06266,35.3395,-97.5785,,US,53449,,False
node_06267,node_06267,51.3805,1.4115,,GB,20712,,False
node_06268,node_06268,52.1685,4.5815,,NL,208864,,False
node_06269,node_06269,50.4505,30.5215,,UA,48648,,False
node_06270,node_06270,45.2105,-84.9885,,US,398143,,False
node_06271,node_06271,44.7815,20.4915,,RS,15958,,False
node_06272,node_06272,51.5185,6.3375,,DE,57353,,False
node_06273,node_06273,52.0905,5.0075,,NL,50266,,False
node_06274,node_06274,49.1605,9.6075,,DE,3320,,False
node_06275,node_06275,37.6575,-121.8815,,US,7922,,False
node_06276,node_06276,51.4585,6.0485,,NL,1136,,False
node_06277,node_06277,31.4695,74.4085,,PK,17557,,False
node_06278,node_06278,39.7795,-74.7415,,US,7922,,False
node_06279,node_06279,51.8715,7.7385,,DE,60294,,False
node_06280,node_06280,-34.0805,18.4385,,ZA,328391,,False
node_06281,node_06281,52.0405,5.6585,,NL,1136,,False
node_06282,node_06282,42.6515,23.3685,,BG,8866,,False
node_06283,node_06283,43.0175,-71.4105,,US,7922,,False
node_06284,node_06284,44.7575,-0.5505,,FR,3215,,False
node_06285,node_06285,51.3915,-0.2905,,GB,2856,,False
node_06286,node_06286,37.9795,-1.1105,,ES,57269,,False
node_06287,node_06287,35.4215,139.5905,,JP,9824,,False
node_06288,node_06288,51.5875,-1.4295,,GB,56478,,False
node_06289,node_06289,37.3585,-121.9985,,US,7922,,False
node_06290,node_06290,27.4705,89.6415,,BT,152317,,False
node_06291,node_06291,45.7605,4.7815,,FR,5410,,False
node_06292,node_06292,47.6895,-122.3685,,US,209,,False
node_06293,node_06293,37.6505,-122.4285,,US,7922,,False
node_06294,node_06294,25.0115,121.4615,,TW,38856,,False
node_06295,node_06295,50.0875,14.4075,,CZ,21430,,False
node_06296,node_06296,41.6775,0.7275,,ES,205241,,False
node_06297,node_06297,53.8985,27.5575,,BY,6697,,False
node_06298,node_06298,55.9395,-3.2925,,GB,5089,,False
node_06299,node_06299,45.9215,13.6175,,IT,204471,,False
node_06300,node_06300,11.3795,-69.6725,,VE,61461,,False
node_06301,node_06301,45.5715,5.9175,,FR,15557,,False
node_06302,node_06302,41.4295,2.2285,,ES,60171,,False
node_06303,node_06303,51.5115,-0.1315,,GB,2856,,False
node_06304,node_06304,40.4505,-3.7315,,ES,766,,False
node_06305,node_06305,50.1305,8.5785,,DE,205094,,False
node_06306,node_06306,42.3885,-71.1005,,US,6167,,False
node_06307,node_06307,42.4985,-71.5805,,US,20115,,False
node_06308,node_06308,47.6895,-122.1205,,US,20055,,False
node_06309,node_06309,52.1605,4.4995,,NL,1136,,False
node_06310,node_06310,47.7615,11.3695,,DE,3209,,False
node_06311,node_06311,40.8475,-74.5805,,US,701,,False
node_06312,node_06312,49.0005,12.2095,,DE,12611,,False
node_06313,node_06313,33.0105,-96.5295,,US,5650,,False
node_06314,node_06314,47.3685,7.3605,,CH,13030,,False
node_06315,node_06315,47.1295,9.5105,,LI,35223,,False
node_06316,node_06316,50.9005,11.5815,,DE,3320,,False
node_06317,node_06317,53.2515,-6.2085,,IE,5466,,False
node_06318,node_06318,42.9605,-87.8625,,US,10796,,False
node_06319,node_06319,39.7305,-105.0625,,US,7922,,False
node_06320,node_06320,46.1885,-1.1225,,FR,12322,,False
node_06321,node_06321,-32.9305,-71.5525,,CL,7418,,False
node_06322,node_06322,51.3205,4.9375,,BE,6848,,False
node_06323,node_06323,44.5405,-88.2525,,US,14593,,False
node_06324,node_06324,51.3085,9.4785,,DE,3209,,False
node_06325,node_06325,47.0695,15.4385,,AT,8447,,False
node_06326,node_06326,49.2595,6.4385,,FR,5410,,False
node_06327,node_06327,42.5395,-92.4515,,US,13855,,False
node_06328,node_06328,-20.9605,55.3185,,RE,37002,,False
node_06329,node_06329,12.1285,-86.2305,,NI,27742,,False
node_06330,node_06330,-6.3725,106.7995,,ID,23700,,False
node_06331,node_06331,50.9815,11.0195,,DE,3320,,False
node_06332,node_06332,41.9275,12.4905,,IT,3269,,False
node_06333,node_06333,53.4185,-2.3395,,GB,51809,,False
node_06334,node_06334,-33.9905,18.4805,,ZA,37199,,False
node_06335,node_06335,50.4615,3.9705,,BE,47377,,False
node_06336,node_06336,53.2875,-6.1995,,IE,6830,,False
node_06337,node_06337,50.7275,7.1905,,DE,3209,,False
node_06338,node_06338,5.5995,-0.1895,,GH,37721,,False
node_06339,node_06339,50.7075,4.6115,,BE,5432,,False
node_06340,node_06340,46.8085,7.1615,,CH,15796,,False
node_06341,node_06341,47.5285,-52.8685,,CA,577,,False
node_06342,node_06342,46.5215,-122.9285,,US,14593,,False
node_06343,node_06343,52.1895,7.8675,,DE,202208,,False
node_06344,node_06344,48.3395,8.7775,,DE,14593,,False
node_06345,node_06345,16.0505,120.3375,,PH,56262,,False
node_06346,node_06346,49.5315,0.8675,,FR,3215,,False
node_06347,node_06347,49.3875,5.9885,,FR,2027,,False
node_06348,node_06348,53.6095,-6.2115,,IE,31122,,False
node_06349,node_06349,18.2805,-70.3315,,DO,271916,,False
node_06350,node_06350,48.8905,2.2285,,FR,33930,,False
node_06351,node_06351,53.5915,9.7085,,DE,3320,,False
node_06352,node_06352,51.6985,5.2995,,NL,1136,,False
node_06353,node_06353,46.2215,6.2995,,FR,12322,,False
node_06354,node_06354,42.6985,23.3205,,BG,13124,,False
node_06355,node_06355,14.0795,-87.1895,,HN,14754,,False
node_06356,node_06356,48.7695,2.0205,,FR,49584,,False
node_06357,node_06357,48.1215,11.6105,,DE,8881,,False
node_06358,node_06358,48.0195,3.1705,,FR,12322,,False
node_06359,node_06359,30.2685,-97.7285,,US,16591,,False
node_06360,node_06360,53.1805,-0.5485,,GB,786,,False
node_06361,node_06361,43.5315,-5.6685,,ES,3352,,False
node_06362,node_06362,-34.5885,-58.4685,,AR,3549,,False
node_06363,node_06363,48.9905,2.3115,,FR,15557,,False
node_06364,node_06364,46.8915,-100.7185,,US,11138,,False
node_06365,node_06365,41.9275,-88.1925,,US,7922,,False
node_06366,node_06366,5.5395,-73.3625,,CO,269822,,False
node_06367,node_06367,20.9575,-89.6625,,MX,8151,,False
node_06368,node_06368,40.8585,-102.8625,,US,14593,,False
node_06369,node_06369,39.9695,-75.1725,,US,7922,,False
node_06370,node_06370,46.1305,-67.8425,,US,29979,,False
node_06371,node_06371,48.8415,2.3875,,FR,12322,,False
node_06372,node_06372,42.6975,23.3285,,BG,34224,,False
node_06373,node_06373,48.4075,2.6885,,FR,2027,,False
node_06374,node_06374,35.6895,139.7585,,JP,7660,,False
node_06375,node_06375,52.7215,5.6385,,NL,1136,,False
node_06376,node_06376,46.0815,14.9985,,SI,28933,,False
node_06377,node_06377,51.3915,-0.2915,,GB,5089,,False
node_06378,node_06378,-33.7615,151.1095,,AU,4764,,False
node_06379,node_06379,52.3595,4.9495,,NL,1888,,False
node_06380,node_06380,49.1115,10.7595,,DE,3320,,False
node_06381,node_06381,-18.8985,-48.3205,,BR,262785,,False
node_06382,node_06382,40.3875,-8.3805,,PT,12353,,False
node_06383,node_06383,43.6485,-79.3805,,CA,577,,False
node_06384,node_06384,52.3715,4.8995,,NL,33915,,False
node_06385,node_06385,30.3515,-97.6305,,US,7018,,False
node_06386,node_06386,48.8885,2.3705,,FR,5410,,False
node_06387,node_06387,53.8705,10.6905,,DE,6805,,False
node_06388,node_06388,38.0815,-1.2795,,ES,62412,,False
node_06389,node_06389,51.5195,20.0005,,PL,12912,,False
node_06390,node_06390,51.2075,10.8115,,DE,199284,,False
node_06391,node_06391,52.1585,-0.7085,,GB,215066,,False
node_06392,node_06392,26.3895,50.1875,,SA,41176,,False
node_06393,node_06393,36.0805,-80.2925,,US,7018,,False
node_06394,node_06394,48.1805,11.5675,,DE,8767,,False
node_06395,node_06395,50.0685,14.4875,,CZ,29208,,False
node_06396,node_06396,7.0595,-73.8525,,CO,18678,,False
node_06397,node_06397,-34.9795,-71.2425,,CL,7418,,False
node_06398,node_06398,47.9415,9.7575,,DE,41998,,False
node_06399,node_06399,52.3595,4.9485,,NL,1104,,False
node_06400,node_06400,12.1215,-86.2115,,NI,27742,,False
node_06401,node_06401,61.5075,23.8485,,FI,1759,,False
node_06402,node_06402,51.7685,7.4585,,DE,8899,,False
node_06403,node_06403,43.4895,-1.4615,,FR,12322,,False
node_06404,node_06404,10.6405,-71.6115,,VE,269730,,False
node_06405,node_06405,41.1375,22.5095,,MK,211450,,False
node_06406,node_06406,52.2685,6.1995,,NL,1136,,False
node_06407,node_06407,48.1985,5.9395,,FR,210732,,False
node_06408,node_06408,52.1575,4.4495,,NL,39647,,False
node_06409,node_06409,37.5095,-122.2805,,US,46375,,False
node_06410,node_06410,49.7805,22.7695,,PL,200410,,False
node_06411,node_06411,9.5815,123.7495,,PH,135366,,False
node_06412,node_06412,49.9875,14.7505,,CZ,199490,,False
node_06413,node_06413,64.1485,-21.9295,,IS,212926,,False
node_06414,node_06414,39.6615,-77.6995,,US,14291,,False
node_06415,node_06415,12.1075,-86.2395,,NI,18840,,False
node_06416,node_06416,39.4575,-9.0595,,PT,3243,,False
node_06417,node_06417,41.5285,-87.2595,,US,7922,,False
node_06418,node_06418,37.3695,-80.6695,,US,396185,,False
node_06419,node_06419,52.3575,4.9515,,NL,60131,,False
node_06420,node_06420,41.6395,-91.5585,,US,393238,,False
node_06421,node_06421,6.4305,3.4415,,NG,37721,,False
node_06422,node_06422,43.7285,-79.3425,,CA,577,,False
node_06423,node_06423,51.0485,5.7375,,BE,6848,,False
node_06424,node_06424,51.6685,9.5985,,DE,3320,,False
node_06425,node_06425,1.3005,103.7885,,SG,134148,,False
node_06426,node_06426,38.5575,68.7885,,TJ,49472,,False
node_06427,node_06427,-20.8885,55.4885,,RE,21351,,False
node_06428,node_06428,40.9975,-76.4505,,US,1088,,False
node_06429,node_06429,43.8485,1.3995,,FR,14593,,False
node_06430,node_06430,56.4495,9.3995,,DK,39642,,False
node_06431,node_06431,28.6695,77.2795,,IN,133982,,False
node_06432,node_06432,60.4705,22.2695,,FI,202246,,False
node_06433,node_06433,50.3775,30.4605,,UA,25526,,False
node_06434,node_06434,43.8775,-78.9295,,CA,577,,False
node_06435,node_06435,26.1095,-80.4095,,US,7922,,False
node_06436,node_06436,38.8995,-104.8295,,US,7922,,False
node_06437,node_06437,53.8675,-3.0195,,GB,5607,,False
node_06438,node_06438,-33.5605,-70.6795,,CL,27651,,False
node_06439,node_06439,48.0505,14.5105,,AT,39560,,False
node_06440,node_06440,10.1575,-67.9985,,VE,264628,,False
node_06441,node_06441,51.1805,7.2315,,DE,8881,,False
node_06442,node_06442,35.7175,51.4275,,IR,39074,,False
node_06443,node_06443,40.2685,69.6375,,TJ,24722,,False
node_06444,node_06444,45.2995,-121.7525,,US,32365,,False
node_06445,node_06445,33.6575,-79.0125,,US,21565,,False
node_06446,node_06446,40.4685,19.4875,,AL,21183,,False
node_06447,node_06447,48.9895,2.4175,,FR,15557,,False
node_06448,node_06448,11.5705,104.8975,,KH,137989,,False
node_06449,node_06449,-34.0205,151.0785,,AU,38195,,False
node_06450,node_06450,33.9775,-81.2415,,US,397068,,False
node_06451,node_06451,38.5705,68.7985,,TJ,204106,,False
node_06452,node_06452,38.0215,-1.1315,,ES,3352,,False
node_06453,node_06453,37.3375,-121.8905,,US,7922,,False
node_06454,node_06454,47.7985,13.1595,,AT,39878,,False
node_06455,node_06455,-36.9015,174.6895,,NZ,64073,,False
node_06456,node_06456,41.8785,-87.8005,,US,7922,,False
node_06457,node_06457,43.1405,-90.2605,,US,14593,,False
node_06458,node_06458,51.9175,4.3705,,NL,15435,,False
node_06459,node_06459,45.4185,-75.7095,,CA,395570,,False
node_06460,node_06460,39.0605,-77.3995,,US,701,,False
node_06461,node_06461,42.3105,-83.6795,,US,36375,,False
node_06462,node_06462,44.4275,26.1015,,RO,31554,,False
node_06463,node_06463,47.9985,0.1815,,FR,12322,,False
node_06464,node_06464,42.1675,-75.8385,,US,5650,,False
node_06465,node_06465,1.3095,103.9015,,SG,56300,,False
node_06466,node_06466,-33.9205,18.5315,,ZA,328266,,False
node_06467,node_06467,28.6205,77.4215,,IN,24560,,False
node_06468,node_06468,51.9315,4.5975,,NL,33915,,False
node_06469,node_06469,40.9475,-111.8925,,US,6315,,False
node_06470,node_06470,31.0915,121.3475,,CN,4812,,False
node_06471,node_06471,39.4315,-74.6025,,US,7922,,False
node_06472,node_06472,48.7995,-122.4515,,US,14593,,False
node_06473,node_06473,37.2415,-122.0415,,US,7018,,False
node_06474,node_06474,-20.8885,55.4785,,RE,37002,,False
node_06475,node_06475,43.2605,-2.9305,,ES,207714,,False
node_06476,node_06476,-22.2025,166.4595,,NC,45345,,False
node_06477,node_06477,50.7185,7.1395,,DE,2792,,False
node_06478,node_06478,14.5275,121.1505,,PH,45754,,False
node_06479,node_06479,50.8605,6.1505,,DE,3320,,False
node_06480,node_06480,36.5105,116.8105,,CN,4134,,False
node_06481,node_06481,37.6315,-112.0795,,US,26253,,False
node_06482,node_06482,10.6395,-71.6095,,VE,269750,,False
node_06483,node_06483,48.1505,16.2905,,AT,29287,,False
node_06484,node_06484,40.1575,-110.3985,,US,30432,,False
node_06485,node_06485,35.5975,-106.0185,,US,209,,False
node_06486,node_06486,-37.7895,175.3015,,NZ,56030,,False
node_06487,node_06487,51.2785,22.5375,,PL,12741,,False
node_06488,node_06488,44.8195,13.8885,,HR,207348,,False
node_06489,node_06489,49.7975,73.0985,,KZ,208448,,False
node_06490,node_06490,42.8715,74.5895,,KG,41750,,False
node_06491,node_06491,-21.2625,55.5095,,RE,14593,,False
node_06492,node_06492,40.1975,-8.4105,,PT,3243,,False
node_06493,node_06493,13.6785,-89.2395,,SV,14754,,False
node_06494,node_06494,47.0185,28.8205,,MD,31252,,False
node_06495,node_06495,-21.4295,-64.6895,,BO,27839,,False
node_06496,node_06496,44.7715,17.1905,,BA,25144,,False
node_06497,node_06497,44.4275,26.1005,,RO,216249,,False
node_06498,node_06498,-38.9305,-69.2095,,AR,52268,,False
node_06499,node_06499,-21.2595,55.5205,,RE,37002,,False
node_06500,node_06500,31.5215,74.3605,,PK,135407,,False
node_06501,node_06501,50.6385,5.5815,,BE,210349,,False
node_06502,node_06502,16.8515,96.1315,,MM,135371,,False
node_06503,node_06503,45.8415,15.6915,,HR,12810,,False
node_06504,node_06504,50.7375,5.0315,,BE,12392,,False
node_06505,node_06505,6.8795,79.8715,,LK,4755,,False
node_06506,node_06506,45.5405,-122.6585,,US,6167,,False
node_06507,node_06507,45.7675,15.7985,,HR,5391,,False
node_06508,node_06508,3.9215,-56.0315,,SR,27775,,False
node_06509,node_06509,62.4695,6.1585,,NO,20741,,False
node_06510,node_06510,34.0305,-84.2415,,US,7018,,False
node_06511,node_06511,10.9915,-74.7815,,CO,266832,,False
node_06512,node_06512,57.6675,14.9795,,SE,28854,,False
node_06513,node_06513,59.9515,10.7695,,NO,50304,,False
node_06514,node_06514,27.6285,85.3105,,NP,139922,,False
node_06515,node_06515,43.2595,76.9605,,KZ,29046,,False
node_06516,node_06516,40.6095,22.9605,,GR,57794,,False
node_06517,node_06517,55.6015,38.1205,,RU,47914,,False
node_06518,node_06518,27.7185,85.3405,,NP,141047,,False
node_06519,node_06519,59.8705,17.6205,,SE,3301,,False
node_06520,node_06520,23.6985,120.9615,,TW,3462,,False
node_06521,node_06521,6.8895,79.9615,,LK,18001,,False
node_06522,node_06522,52.2715,76.9515,,KZ,9198,,False
node_06523,node_06523,4.1815,73.5115,,MV,7642,,False
node_06524,node_06524,49.4685,11.0915,,DE,204053,,False
node_06525,node_06525,4.1805,73.5115,,MV,7642,,False
node_06526,node_06526,21.0015,-89.6385,,MX,17072,,False
node_06527,node_06527,42.0815,-87.9425,,US,7922,,False
node_06528,node_06528,43.2395,76.8775,,KZ,35168,,False
node_06529,node_06529,35.1205,126.9075,,KR,4766,,False
node_06530,node_06530,3.2815,-76.5325,,CO,272942,,False
node_06531,node_06531,50.9605,4.0285,,BE,5432,,False
node_06532,node_06532,22.6415,120.3285,,TW,4780,,False
node_06533,node_06533,38.0085,23.8285,,GR,6799,,False
node_06534,node_06534,59.2995,9.2685,,NO,29695,,False
node_06535,node_06535,49.0475,2.1995,,FR,212321,,False
node_06536,node_06536,44.4285,26.1695,,RO,8708,,False
node_06537,node_06537,44.4895,26.0795,,RO,9050,,False
node_06538,node_06538,14.9205,-23.5505,,CV,37575,,False
node_06539,node_06539,10.7675,106.6795,,VN,18403,,False
node_06540,node_06540,59.4395,24.7495,,EE,2586,,False
node_06541,node_06541,27.6685,85.4305,,NP,17501,,False
node_06542,node_06542,52.7905,6.8905,,NL,213052,,False
node_06543,node_06543,41.2005,22.5805,,MK,49056,,False
node_06544,node_06544,52.9775,22.2415,,PL,51948,,False
node_06545,node_06545,60.1585,24.9015,,FI,42252,,False
node_06546,node_06546,45.8685,25.7915,,RO,39531,,False
node_06547,node_06547,49.6505,8.5615,,DE,30766,,False
node_06548,node_06548,-26.1405,28.1975,,ZA,327782,,False
node_06549,node_06549,28.0805,76.5775,,IN,24560,,False
node_06550,node_06550,41.8675,-87.6225,,US,7922,,False
node_06551,node_06551,27.7085,85.3275,,NP,17501,,False
node_06552,node_06552,42.8695,74.5675,,KG,41750,,False
node_06553,node_06553,18.4605,-88.9325,,MX,8151,,False
node_06554,node_06554,-32.9515,-60.6515,,AR,7303,,False
node_06555,node_06555,6.3715,2.4185,,BJ,37090,,False
node_06556,node_06556,41.0115,28.9485,,TR,9121,,False
node_06557,node_06557,47.4605,19.1385,,HU,20845,,False
node_06558,node_06558,46.1685,21.3395,,RO,8708,,False
node_06559,node_06559,24.1815,120.5895,,TW,3462,,False
node_06560,node_06560,-33.8905,18.6995,,ZA,37457,,False
node_06561,node_06561,42.8805,74.5895,,KG,50223,,False
node_06562,node_06562,50.1105,8.6795,,DE,16188,,False
node_06563,node_06563,49.8975,2.3005,,FR,9036,,False
node_06564,node_06564,21.4185,39.9005,,SA,25019,,False
node_06565,node_06565,13.7205,-89.1995,,SV,264720,,False
node_06566,node_06566,-21.1585,55.2905,,RE,37002,,False
node_06567,node_06567,33.5185,36.3005,,SY,29256,,False
node_06568,node_06568,-33.8725,18.6315,,ZA,20011,,False
node_06569,node_06569,6.7185,79.9915,,LK,18001,,False
node_06570,node_06570,22.6705,120.4875,,TW,3462,,False
node_06571,node_06571,-21.1325,55.2975,,RE,3215,,False
node_06572,node_06572,47.2305,27.7875,,MD,31252,,False
node_06573,node_06573,-33.2685,151.4375,,AU,45671,,False
node_06574,node_06574,40.4885,-76.2815,,US,21928,,False
node_06575,node_06575,49.8685,14.2585,,CZ,5610,,False
node_06576,node_06576,27.7495,85.3285,,NP,4007,,False
node_06577,node_06577,-18.4895,-70.3105,,CL,273148,,False
node_06578,node_06578,33.8875,9.5395,,TN,37705,,False
node_06579,node_06579,50.2375,18.6595,,PL,198050,,False
node_06580,node_06580,47.9185,106.9195,,MN,10219,,False
node_06581,node_06581,60.3015,25.0995,,FI,43161,,False
node_06582,node_06582,51.3775,-0.2395,,GB,201838,,False
node_06583,node_06583,-33.9115,18.6805,,ZA,327782,,False
node_06584,node_06584,55.5905,12.9405,,SE,34244,,False
node_06585,node_06585,-26.1415,28.2515,,ZA,37611,,False
node_06586,node_06586,56.1815,10.1615,,DK,201505,,False
node_06587,node_06587,-38.9525,-68.0585,,AR,52294,,False
node_06588,node_06588,53.3505,-6.2585,,IE,15806,,False
node_06589,node_06589,-7.2685,112.7415,,ID,140443,,False
node_06590,node_06590,40.3105,69.6175,,TJ,24722,,False
node_06591,node_06591,24.1715,72.4275,,IN,142520,,False
node_06592,node_06592,-27.4425,153.1675,,AU,4804,,False
node_06593,node_06593,39.8005,32.8075,,TR,12735,,False
node_06594,node_06594,51.1275,-0.0115,,GB,201694,,False
node_06595,node_06595,40.7915,43.8485,,AM,51225,,False
node_06596,node_06596,39.9305,32.8585,,TR,47524,,False
node_06597,node_06597,42.8775,74.6195,,KG,14593,,False
node_06598,node_06598,25.0585,121.4895,,TW,4780,,False
node_06599,node_06599,44.4805,26.1095,,RO,12310,,False
node_06600,node_06600,64.1585,-21.9505,,IS,51896,,False
node_06601,node_06601,47.1685,8.5005,,CH,8821,,False
node_06602,node_06602,-34.0485,18.5905,,ZA,37611,,False
node_06603,node_06603,33.8885,9.5405,,TN,37492,,False
node_06604,node_06604,52.3875,16.8515,,PL,13110,,False
node_06605,node_06605,53.2995,-6.2285,,IE,6830,,False
node_06606,node_06606,9.5015,2.2515,,BJ,328098,,False
node_06607,node_06607,43.8385,18.3175,,BA,42560,,False
node_06608,node_06608,42.2695,-89.0925,,US,5650,,False
node_06609,node_06609,4.8095,-75.6925,,CO,13489,,False
node_06610,node_06610,34.7005,33.0875,,CY,35432,,False
node_06611,node_06611,6.8315,80.0385,,LK,18001,,False
node_06612,node_06612,7.8175,126.0485,,PH,154040,,False
node_06613,node_06613,-27.2305,153.1085,,AU,4764,,False
node_06614,node_06614,-6.9085,107.5785,,ID,135478,,False
node_06615,node_06615,51.8115,19.3585,,PL,16342,,False
node_06616,node_06616,59.2375,10.3995,,NO,2119,,False
node_06617,node_06617,68.4505,22.4795,,FI,1653,,False
node_06618,node_06618,40.6595,22.9505,,GR,200736,,False
node_06619,node_06619,36.8275,127.1705,,KR,9756,,False
node_06620,node_06620,60.3175,5.3505,,NO,59720,,False
node_06621,node_06621,33.4195,-117.6095,,US,7018,,False
node_06622,node_06622,-29.7785,30.9905,,ZA,327782,,False
node_06623,node_06623,27.6085,84.5275,,NP,17501,,False
node_06624,node_06624,-25.5015,-54.6625,,PY,61512,,False
node_06625,node_06625,24.7985,67.0785,,PK,135407,,False
node_06626,node_06626,-25.3615,-57.5915,,PY,23201,,False
node_06627,node_06627,52.7415,41.4385,,RU,61436,,False
node_06628,node_06628,9.2215,76.7985,,IN,138754,,False
node_06629,node_06629,31.9515,35.9085,,JO,8376,,False
node_06630,node_06630,37.2875,-5.9205,,ES,3352,,False
node_06631,node_06631,41.2785,69.3395,,UZ,8193,,False
node_06632,node_06632,47.0395,28.8595,,MD,31252,,False
node_06633,node_06633,4.5975,101.0795,,MY,4788,,False
node_06634,node_06634,-8.8125,13.2305,,AO,33763,,False
node_06635,node_06635,11.5395,-72.9195,,CO,52468,,False
node_06636,node_06636,-21.3205,55.5705,,RE,3215,,False
node_06637,node_06637,40.1315,-74.0695,,US,6128,,False
node_06638,node_06638,-17.7315,168.3115,,VU,9249,,False
node_06639,node_06639,12.9705,77.5915,,IN,138754,,False
node_06640,node_06640,44.1815,28.6515,,RO,31017,,False
node_06641,node_06641,37.5695,-122.3285,,US,7922,,False
node_06642,node_06642,-30.3515,153.0875,,AU,153836,,False
node_06643,node_06643,53.3605,-6.2525,,IE,6830,,False
node_06644,node_06644,46.0005,24.9975,,RO,31362,,False
node_06645,node_06645,1.8475,102.9285,,MY,4788,,False
node_06646,node_06646,40.4585,-80.0115,,US,701,,False
node_06647,node_06647,12.0275,8.5785,,NG,328585,,False
node_06648,node_06648,61.1985,-149.8215,,US,14593,,False
node_06649,node_06649,45.7995,15.9585,,HR,13046,,False
node_06650,node_06650,-34.5595,150.7485,,AU,38195,,False
node_06651,node_06651,41.0105,28.9785,,TR,34984,,False
node_06652,node_06652,40.7275,-3.8705,,ES,12479,,False
node_06653,node_06653,25.0695,121.5895,,TW,38856,,False
node_06654,node_06654,44.8675,13.8495,,HR,15994,,False
node_06655,node_06655,41.3695,-8.3805,,PT,2860,,False
node_06656,node_06656,64.0005,-22.5605,,IS,56704,,False
node_06657,node_06657,32.0475,34.7705,,IL,208905,,False
node_06658,node_06658,40.5485,72.8205,,KG,41750,,False
node_06659,node_06659,35.6885,139.6905,,JP,24284,,False
node_06660,node_06660,40.6595,-80.0395,,US,27364,,False
node_06661,node_06661,62.4195,22.1705,,FI,201172,,False
node_06662,node_06662,40.9395,29.1205,,TR,9121,,False
node_06663,node_06663,35.0085,25.7415,,GR,3329,,False
node_06664,node_06664,38.5605,68.7575,,TJ,43197,,False
node_06665,node_06665,-31.9395,115.9385,,AU,23273,,False
node_06666,node_06666,24.1815,120.6085,,TW,3462,,False
node_06667,node_06667,-6.2385,106.8185,,ID,152407,,False
node_06668,node_06668,47.3005,8.5685,,CH,6730,,False
node_06669,node_06669,-27.4425,152.9895,,AU,4804,,False
node_06670,node_06670,45.7615,21.2295,,RO,35348,,False
node_06671,node_06671,-12.1025,-77.0005,,PE,21575,,False
node_06672,node_06672,13.4485,144.8095,,GU,3605,,False
node_06673,node_06673,27.7295,85.3395,,NP,24550,,False
node_06674,node_06674,17.9205,102.6295,,LA,17804,,False
node_06675,node_06675,13.7015,-89.2205,,SV,16906,,False
node_06676,node_06676,12.1185,-68.8895,,CW,52233,,False
node_06677,node_06677,-20.9305,55.3305,,RE,37002,,False
node_06678,node_06678,41.3295,19.8205,,AL,8661,,False
node_06679,node_06679,9.0905,7.4705,,NG,328585,,False
node_06680,node_06680,-0.2525,-79.1885,,EC,264825,,False
node_06681,node_06681,50.8395,4.4315,,BE,5432,,False
node_06682,node_06682,50.8405,-1.7885,,GB,206626,,False
node_06683,node_06683,41.1085,-112.0325,,US,53407,,False
node_06684,node_06684,26.4375,50.1075,,SA,41176,,False
node_06685,node_06685,25.0075,121.4575,,TW,3462,,False
node_06686,node_06686,11.5585,104.9075,,KH,137853,,False
node_06687,node_06687,-33.9305,18.4485,,ZA,329276,,False
node_06688,node_06688,40.8015,-3.7615,,ES,15704,,False
node_06689,node_06689,-34.9125,-56.1915,,UY,6057,,False
node_06690,node_06690,39.0905,117.1985,,CN,3462,,False
node_06691,node_06691,52.2985,4.9395,,NL,174,,False
node_06692,node_06692,41.0005,19.9995,,AL,207047,,False
node_06693,node_06693,40.1475,44.4795,,AM,49800,,False
node_06694,node_06694,52.3015,7.9995,,DE,9145,,False
node_06695,node_06695,14.9175,-23.5095,,CV,37517,,False
node_06696,node_06696,-6.7385,111.0205,,ID,64300,,False
node_06697,node_06697,-21.2925,55.8105,,RE,37002,,False
node_06698,node_06698,-21.0285,55.7005,,RE,37002,,False
node_06699,node_06699,24.7785,120.9315,,TW,3462,,False
node_06700,node_06700,21.1585,-86.9085,,MX,265619,,False
node_06701,node_06701,51.8105,5.7315,,NL,1136,,False
node_06702,node_06702,32.3015,-80.8685,,US,22646,,False
node_06703,node_06703,38.5575,68.8115,,TJ,34557,,False
node_06704,node_06704,41.3895,2.1715,,ES,3352,,False
node_06705,node_06705,51.8195,-1.2925,,GB,2856,,False
node_06706,node_06706,51.5875,-0.0225,,GB,42689,,False
node_06707,node_06707,-24.1895,-65.3025,,AR,61521,,False
node_06708,node_06708,34.9015,35.8885,,SY,48065,,False
node_06709,node_06709,59.3185,24.5485,,EE,3249,,False
node_06710,node_06710,49.2095,16.5985,,CZ,31246,,False
node_06711,node_06711,40.0405,-105.2715,,US,7922,,False
node_06712,node_06712,52.4615,10.1985,,DE,203536,,False
node_06713,node_06713,-18.9015,-48.3205,,BR,16735,,False
node_06714,node_06714,13.6775,-89.2695,,SV,27729,,False
node_06715,node_06715,12.5495,-16.2895,,SN,37649,,False
node_06716,node_06716,-37.8185,145.0805,,AU,1221,,False
node_06717,node_06717,15.5195,121.1805,,PH,17639,,False
node_06718,node_06718,59.2715,18.0505,,SE,29518,,False
node_06719,node_06719,47.9185,106.9215,,MN,134356,,False
node_06720,node_06720,38.5775,-9.1485,,PT,3243,,False
node_06721,node_06721,-45.9125,170.4915,,NZ,64073,,False
node_06722,node_06722,40.0495,70.8175,,KG,50251,,False
node_06723,node_06723,59.4295,24.7475,,EE,3249,,False
node_06724,node_06724,37.2605,35.3875,,TR,12735,,False
node_06725,node_06725,2.9875,101.7885,,MY,4788,,False
node_06726,node_06726,24.1775,120.5985,,TW,3462,,False
node_06727,node_06727,51.0085,13.6985,,DE,15372,,False
node_06728,node_06728,-16.2895,-63.5915,,BO,6568,,False
node_06729,node_06729,10.4785,-66.9015,,VE,263703,,False
node_06730,node_06730,42.8675,74.6095,,KG,12997,,False
node_06731,node_06731,-33.3515,-70.7305,,CL,52341,,False
node_06732,node_06732,41.9505,-88.2405,,US,6167,,False
node_06733,node_06733,24.1785,120.6095,,TW,3462,,False
node_06734,node_06734,-3.7415,-73.2495,,PE,21575,,False
node_06735,node_06735,47.4975,9.4505,,CH,8758,,False
node_06736,node_06736,-21.1115,55.3005,,RE,3215,,False
node_06737,node_06737,9.9295,-84.1095,,CR,262197,,False
node_06738,node_06738,38.0205,23.8005,,GR,6799,,False
node_06739,node_06739,26.0715,50.5605,,BH,5416,,False
node_06740,node_06740,51.5275,20.0115,,PL,5617,,False
node_06741,node_06741,43.2185,-77.2785,,US,11351,,False
node_06742,node_06742,59.9415,5.8715,,NO,216374,,False
node_06743,node_06743,0.3175,32.5815,,UG,36924,,False
node_06744,node_06744,40.0595,70.8215,,KG,41750,,False
node_06745,node_06745,-26.0405,28.0175,,ZA,3741,,False
node_06746,node_06746,39.7495,-74.1425,,US,7922,,False
node_06747,node_06747,-33.9285,18.4175,,ZA,37199,,False
node_06748,node_06748,16.8415,96.1685,,MM,134840,,False
node_06749,node_06749,47.3575,9.4485,,CH,42760,,False
node_06750,node_06750,24.7095,46.6785,,SA,35753,,False
node_06751,node_06751,46.8205,5.5885,,FR,202328,,False
node_06752,node_06752,51.1715,6.9285,,DE,8881,,False
node_06753,node_06753,46.1585,20.7295,,RO,8708,,False
node_06754,node_06754,-37.0815,174.9195,,NZ,56030,,False
node_06755,node_06755,38.7605,-9.2705,,PT,2860,,False
node_06756,node_06756,35.6775,139.6505,,JP,4777,,False
node_06757,node_06757,41.9785,21.4705,,MK,205119,,False
node_06758,node_06758,51.0805,3.7505,,BE,5432,,False
node_06759,node_06759,-33.8425,18.5505,,ZA,328266,,False
node_06760,node_06760,-25.4915,-49.2895,,BR,8167,,False
node_06761,node_06761,41.8815,-87.6295,,US,3356,,False
node_06762,node_06762,12.0985,-68.9285,,NL,11081,,False
node_06763,node_06763,-17.4005,-66.2185,,BO,6568,,False
node_06764,node_06764,-12.0485,-77.0285,,PE,3356,,False
node_06765,node_06765,47.1815,27.8075,,MD,8926,,False
node_06766,node_06766,38.0175,23.7875,,GR,6799,,False
node_06767,node_06767,13.6795,-89.2425,,SV,61502,,False
node_06768,node_06768,65.0615,25.4685,,FI,51691,,False
node_06769,node_06769,48.2385,16.4985,,AT,8447,,False
node_06770,node_06770,45.5705,-94.2005,,US,394056,,False
node_06771,node_06771,57.1115,12.2395,,SE,48942,,False
node_06772,node_06772,40.0715,45.0395,,AM,198265,,False
node_06773,node_06773,42.1415,-71.7395,,US,701,,False
node_06774,node_06774,47.2275,28.8205,,MD,8926,,False
node_06775,node_06775,19.4485,-70.6895,,DO,6400,,False
node_06776,node_06776,17.4485,78.4615,,IN,24560,,False
node_06777,node_06777,52.3695,9.7215,,DE,3320,,False
node_06778,node_06778,12.5695,104.9915,,KH,132730,,False
node_06779,node_06779,60.4275,24.2575,,FI,16302,,False
node_06780,node_06780,58.9005,17.9475,,SE,3301,,False
node_06781,node_06781,42.4615,76.1875,,KG,41750,,False
node_06782,node_06782,42.8385,74.5875,,KG,12997,,False
node_06783,node_06783,33.3195,44.3675,,IQ,57324,,False
node_06784,node_06784,40.6695,22.8985,,GR,200736,,False
node_06785,node_06785,53.0105,18.5985,,PL,29314,,False
node_06786,node_06786,-32.1585,-52.1815,,BR,53066,,False
node_06787,node_06787,-36.9105,-73.0415,,CL,14117,,False
node_06788,node_06788,56.9375,24.0795,,LV,12578,,False
node_06789,node_06789,1.3495,103.8195,,SG,4777,,False
node_06790,node_06790,47.0205,28.8195,,MD,25454,,False
node_06791,node_06791,46.0005,105.0005,,MN,58439,,False
node_06792,node_06792,-40.8995,174.8905,,NZ,56030,,False
node_06793,node_06793,50.8715,4.7105,,BE,6848,,False
node_06794,node_06794,37.3575,-6.6785,,ES,43747,,False
node_06795,node_06795,49.1685,17.8815,,CZ,13036,,False
node_06796,node_06796,-34.8485,-56.1285,,UY,19422,,False
node_06797,node_06797,-27.4705,153.0315,,AU,4804,,False
node_06798,node_06798,35.3395,140.1815,,JP,131925,,False
node_06799,node_06799,25.6905,-100.3185,,MX,265594,,False
node_06800,node_06800,6.5015,-9.4985,,LR,329082,,False
node_06801,node_06801,-33.8115,18.4675,,ZA,37053,,False
node_06802,node_06802,-31.5405,-68.5425,,AR,61553,,False
node_06803,node_06803,10.0015,7.9975,,NG,328585,,False
node_06804,node_06804,40.0405,-75.5425,,US,701,,False
node_06805,node_06805,23.9715,120.9575,,TW,18049,,False
node_06806,node_06806,48.1475,17.1085,,SK,2607,,False
node_06807,node_06807,-6.2485,106.8285,,ID,153717,,False
node_06808,node_06808,49.3775,10.1885,,DE,3320,,False
node_06809,node_06809,42.8685,74.5685,,KG,41750,,False
node_06810,node_06810,55.7305,24.3595,,LT,25406,,False
node_06811,node_06811,15.1485,145.6995,,MP,7131,,False
node_06812,node_06812,47.8405,106.7795,,MN,133453,,False
node_06813,node_06813,40.1885,29.0605,,TR,48678,,False
node_06814,node_06814,28.7875,80.6105,,NP,17501,,False
node_06815,node_06815,14.9985,120.0715,,PH,9299,,False
node_06816,node_06816,-23.1695,-47.7385,,BR,28580,,False
node_06817,node_06817,35.2385,-81.2525,,US,21928,,False
node_06818,node_06818,45.4395,9.2175,,IT,8816,,False
node_06819,node_06819,-12.0195,-77.0225,,PE,273192,,False
node_06820,node_06820,-33.6905,-71.2115,,CL,269988,,False
node_06821,node_06821,8.9885,-79.5105,,PA,18809,,False
node_06822,node_06822,52.2075,20.8905,,PL,5617,,False
node_06823,node_06823,46.0585,14.5105,,SI,34779,,False
node_06824,node_06824,59.4295,24.6205,,EE,8728,,False
node_06825,node_06825,42.1905,-89.8595,,US,53259,,False
node_06826,node_06826,-33.1185,-64.3495,,AR,64106,,False
node_06827,node_06827,40.9075,0.8305,,ES,199496,,False
node_06828,node_06828,43.7605,-71.3995,,US,14593,,False
node_06829,node_06829,50.4695,4.0215,,BE,47377,,False
node_06830,node_06830,-26.1515,28.0415,,ZA,327782,,False
node_06831,node_06831,25.3095,55.3615,,AE,5384,,False
node_06832,node_06832,37.9805,23.7715,,GR,200736,,False
node_06833,node_06833,51.3315,4.4515,,BE,6848,,False
node_06834,node_06834,-21.3795,55.6275,,RE,37002,,False
node_06835,node_06835,50.8415,3.2575,,BE,5432,,False
node_06836,node_06836,40.9305,72.9875,,KG,50251,,False
node_06837,node_06837,48.0615,15.1375,,AT,43848,,False
node_06838,node_06838,47.1775,8.1085,,CH,13030,,False
node_06839,node_06839,42.6685,21.1685,,RS,33983,,False
node_06840,node_06840,44.6505,10.9285,,IT,41720,,False
node_06841,node_06841,-16.5085,-68.1615,,BO,6568,,False
node_06842,node_06842,20.9415,-89.6915,,MX,265620,,False
node_06843,node_06843,-24.5315,-54.8505,,PY,263732,,False
node_06844,node_06844,27.6705,85.2695,,NP,17501,,False
node_06845,node_06845,40.5285,-104.9305,,US,7922,,False
node_06846,node_06846,33.5315,36.2395,,SY,48065,,False
node_06847,node_06847,40.1485,-97.1795,,US,7029,,False
node_06848,node_06848,39.5115,-76.4095,,US,701,,False
node_06849,node_06849,41.9785,21.4705,,MK,200899,,False
node_06850,node_06850,53.5605,10.7705,,DE,212341,,False
node_06851,node_06851,-32.3695,-54.1595,,UY,6057,,False
node_06852,node_06852,38.5615,68.7905,,TJ,51346,,False
node_06853,node_06853,-6.2425,106.8215,,ID,153087,,False
node_06854,node_06854,-21.1985,55.3615,,RE,37002,,False
node_06855,node_06855,31.5185,74.3615,,PK,23674,,False
node_06856,node_06856,-29.9085,-71.2485,,CL,11340,,False
node_06857,node_06857,5.9875,116.0875,,MY,55420,,False
node_06858,node_06858,47.9195,106.8975,,MN,56293,,False
node_06859,node_06859,-32.5905,-53.3825,,UY,6057,,False
node_06860,node_06860,38.5715,68.7975,,TJ,208592,,False
node_06861,node_06861,46.2905,15.2975,,SI,5603,,False
node_06862,node_06862,41.4895,13.8285,,IT,20972,,False
node_06863,node_06863,51.5085,-0.1315,,GB,56478,,False
node_06864,node_06864,-34.1005,18.8385,,ZA,11845,,False
node_06865,node_06865,10.0015,-84.1215,,CR,52228,,False
node_06866,node_06866,42.8875,-85.7105,,US,7018,,False
node_06867,node_06867,45.8175,15.9795,,HR,205714,,False
node_06868,node_06868,45.9995,24.9995,,RO,215362,,False
node_06869,node_06869,42.3705,-71.0805,,US,12161,,False
node_06870,node_06870,-34.9125,-56.1905,,UY,6057,,False
node_06871,node_06871,-34.9305,138.5995,,AU,139623,,False
node_06872,node_06872,-36.8205,-73.0095,,CL,11340,,False
node_06873,node_06873,46.6605,6.9305,,CH,3303,,False
node_06874,node_06874,38.6095,68.7915,,TJ,47139,,False
node_06875,node_06875,42.2905,18.8415,,ME,15397,,False
node_06876,node_06876,69.0685,18.5115,,NO,2116,,False
node_06877,node_06877,47.6395,26.2915,,RO,28684,,False
node_06878,node_06878,52.3785,4.8975,,NL,3333,,False
node_06879,node_06879,47.6095,-122.3425,,US,3130,,False
node_06880,node_06880,32.8005,-96.8225,,US,4128,,False
node_06881,node_06881,50.1075,8.6775,,DE,31898,,False
node_06882,node_06882,38.8675,-77.1225,,US,4,,False
node_06883,node_06883,50.2785,9.3675,,DE,200462,,False
node_06884,node_06884,49.0475,2.1385,,FR,12876,,False
node_06885,node_06885,50.4775,12.3585,,DE,24940,,False
node_06886,node_06886,39.9885,32.8185,,TR,12735,,False
node_06887,node_06887,51.2675,6.8285,,DE,197540,,False
node_06888,node_06888,50.0895,14.4885,,CZ,8251,,False
node_06889,node_06889,54.9495,73.4095,,RU,12389,,False
node_06890,node_06890,49.1605,16.5995,,CZ,5610,,False
node_06891,node_06891,48.9205,13.8005,,CZ,25512,,False
node_06892,node_06892,49.0515,17.4705,,CZ,44489,,False
node_06893,node_06893,35.9785,-83.9995,,US,33566,,False
node_06894,node_06894,39.9595,-82.9995,,US,16509,,False
node_06895,node_06895,37.9685,23.7815,,GR,200736,,False
node_06896,node_06896,43.1205,6.1515,,FR,15557,,False
node_06897,node_06897,50.0115,15.9615,,CZ,42306,,False
node_06898,node_06898,50.0485,15.7815,,CZ,16019,,False
node_06899,node_06899,38.0705,23.7685,,GR,56457,,False
node_06900,node_06900,40.5985,15.7195,,IT,137,,False
node_06901,node_06901,50.0685,14.4395,,CZ,16019,,False
node_06902,node_06902,46.5195,6.6395,,CH,198385,,False
node_06903,node_06903,51.0185,2.1505,,FR,16276,,False
node_06904,node_06904,35.6905,139.6905,,JP,7506,,False
node_06905,node_06905,-27.8715,-54.4795,,BR,263649,,False
node_06906,node_06906,47.3515,8.5805,,CH,6730,,False
node_06907,node_06907,35.7315,139.7605,,JP,2516,,False
node_06908,node_06908,48.9785,14.4815,,CZ,16019,,False
node_06909,node_06909,49.8515,18.1215,,CZ,47727,,False
node_06910,node_06910,23.0085,72.5675,,IN,45117,,False
node_06911,node_06911,49.0495,5.8975,,FR,12322,,False
node_06912,node_06912,49.7075,13.5085,,CZ,8251,,False
node_06913,node_06913,51.5285,-0.7315,,GB,20860,,False
node_06914,node_06914,50.8885,4.4585,,BE,44806,,False
node_06915,node_06915,25.0595,55.3195,,AE,15802,,False
node_06916,node_06916,51.9815,6.9295,,DE,203924,,False
node_06917,node_06917,49.2675,-123.1195,,CA,40029,,False
node_06918,node_06918,49.2175,16.5305,,CZ,16019,,False
node_06919,node_06919,47.2695,11.4105,,AT,31510,,False
node_06920,node_06920,49.2005,16.5405,,CZ,31246,,False
node_06921,node_06921,44.4775,26.1215,,RO,33970,,False
node_06922,node_06922,47.4705,8.7815,,CH,58299,,False
node_06923,node_06923,48.5795,9.3715,,DE,14593,,False
node_06924,node_06924,52.4595,13.3675,,DE,15657,,False
node_06925,node_06925,45.4775,9.0985,,IT,12850,,False
node_06926,node_06926,-22.5595,17.0685,,NA,33763,,False
node_06927,node_06927,-33.9225,151.1485,,AU,134697,,False
node_06928,node_06928,50.1105,8.6585,,DE,8820,,False
node_06929,node_06929,45.7115,4.8085,,FR,3215,,False
node_06930,node_06930,35.6785,139.7695,,JP,23661,,False
node_06931,node_06931,60.0005,30.2895,,RU,51092,,False
node_06932,node_06932,48.3015,25.9295,,UA,59497,,False
node_06933,node_06933,50.1115,8.6795,,DE,51167,,False
node_06934,node_06934,48.1475,17.1505,,SK,29405,,False
node_06935,node_06935,10.8015,106.7105,,VN,45899,,False
node_06936,node_06936,53.3475,-2.1285,,GB,212655,,False
node_06937,node_06937,47.3985,8.5315,,CH,3303,,False
node_06938,node_06938,43.4595,11.8815,,IT,31034,,False
node_06939,node_06939,45.7405,4.8775,,FR,199636,,False
node_06940,node_06940,38.7585,-9.2815,,PT,2860,,False
node_06941,node_06941,38.7705,-9.1015,,PT,2860,,False
node_06942,node_06942,38.7615,-9.1615,,PT,2860,,False
node_06943,node_06943,49.0275,20.5895,,SK,50242,,False
node_06944,node_06944,-33.9215,151.1895,,AU,63473,,False
node_06945,node_06945,59.4195,17.9195,,SE,43893,,False
node_06946,node_06946,17.4115,78.4495,,IN,18209,,False
node_06947,node_06947,34.7685,113.7205,,CN,17623,,False
node_06948,node_06948,22.3175,114.1715,,HK,135377,,False
node_06949,node_06949,50.0295,14.4915,,CZ,5610,,False
node_06950,node_06950,48.0705,-0.7785,,FR,3215,,False
node_06951,node_06951,-22.8885,-43.1185,,BR,17222,,False
node_06952,node_06952,52.2775,4.7515,,NL,8315,,False
node_06953,node_06953,-26.1415,28.2015,,ZA,327849,,False
node_06954,node_06954,39.0995,-77.5585,,US,701,,False
node_06955,node_06955,52.0675,6.9175,,DE,8899,,False
node_06956,node_06956,47.6895,8.6275,,CH,35518,,False
node_06957,node_06957,52.6785,4.8975,,NL,201290,,False
node_06958,node_06958,52.3985,4.8875,,NL,198089,,False
node_06959,node_06959,32.8395,-96.8825,,US,13830,,False
node_06960,node_06960,42.1405,24.7585,,BG,212023,,False
node_06961,node_06961,30.2785,-97.7705,,US,11427,,False
node_06962,node_06962,48.1695,17.1295,,SK,15962,,False
node_06963,node_06963,42.6915,23.3395,,BG,8866,,False
node_06964,node_06964,49.7785,7.8905,,DE,3320,,False
node_06965,node_06965,50.1105,8.6805,,DE,16509,,False
node_06966,node_06966,59.2775,18.0105,,SE,33885,,False
node_06967,node_06967,47.1795,8.4305,,CH,51395,,False
node_06968,node_06968,50.9475,1.9515,,FR,3215,,False
node_06969,node_06969,50.1405,8.7415,,DE,213151,,False
node_06970,node_06970,1.3215,103.9215,,SG,135134,,False
node_06971,node_06971,50.1385,8.7375,,DE,213151,,False
node_06972,node_06972,50.0785,14.5275,,CZ,29134,,False
node_06973,node_06973,35.7005,51.4075,,IR,48551,,False
node_06974,node_06974,12.8375,77.6785,,IN,134944,,False
node_06975,node_06975,29.6815,-82.3615,,US,23473,,False
node_06976,node_06976,44.4775,26.1185,,RO,51295,,False
node_06977,node_06977,49.9505,7.9085,,DE,3320,,False
node_06978,node_06978,51.0375,-114.0705,,CA,16509,,False
node_06979,node_06979,32.0895,34.7795,,IL,16509,,False
node_06980,node_06980,48.4395,15.7395,,AT,39912,,False
node_06981,node_06981,37.4885,-121.9295,,US,6939,,False
node_06982,node_06982,51.6905,5.9705,,NL,206238,,False
node_06983,node_06983,52.1715,4.5005,,NL,20857,,False
node_06984,node_06984,18.9715,72.8215,,IN,16276,,False
node_06985,node_06985,50.8095,7.0215,,DE,8422,,False
node_06986,node_06986,51.5695,-0.1185,,GB,13037,,False
node_06987,node_06987,40.7075,-74.0125,,US,63949,,False
node_06988,node_06988,53.7885,-2.7425,,GB,2856,,False
node_06989,node_06989,-33.9195,18.4175,,ZA,16509,,False
node_06990,node_06990,-23.5385,-46.6325,,BR,16509,,False
node_06991,node_06991,50.6095,7.8575,,DE,12360,,False
node_06992,node_06992,43.6475,-79.3815,,CA,31898,,False
node_06993,node_06993,51.3795,-2.4015,,GB,20712,,False
node_06994,node_06994,51.6575,6.4485,,DE,3320,,False
node_06995,node_06995,6.2375,-75.5815,,CO,3816,,False
node_06996,node_06996,25.2895,51.5285,,QA,21859,,False
node_06997,node_06997,46.7105,23.6885,,RO,8708,,False
node_06998,node_06998,6.2385,-75.5905,,CO,13489,,False
node_06999,node_06999,59.8295,30.9295,,RU,49505,,False
node_07000,node_07000,21.0195,-101.2605,,MX,11172,,False
node_07001,node_07001,48.4105,14.4205,,AT,8447,,False
node_07002,node_07002,-34.3185,150.9205,,AU,4764,,False
node_07003,node_07003,43.6005,1.4405,,FR,3215,,False
node_07004,node_07004,42.4475,-71.2185,,US,701,,False
node_07005,node_07005,34.7295,-86.5885,,US,7018,,False
node_07006,node_07006,45.5775,9.1615,,IT,30722,,False
node_07007,node_07007,48.1385,11.5815,,DE,8767,,False
node_07008,node_07008,49.4505,11.0775,,DE,24940,,False
node_07009,node_07009,55.7405,37.6075,,RU,25532,,False
node_07010,node_07010,50.0275,14.5275,,CZ,62099,,False
node_07011,node_07011,48.9585,16.5975,,CZ,44489,,False
node_07012,node_07012,38.8805,-77.1425,,US,701,,False
node_07013,node_07013,48.1705,11.7985,,DE,3209,,False
node_07014,node_07014,-33.8705,151.2085,,AU,31898,,False
node_07015,node_07015,60.1815,24.9685,,FI,719,,False
node_07016,node_07016,59.8885,30.3295,,RU,49505,,False
node_07017,node_07017,52.3715,30.3805,,BY,43232,,False
node_07018,node_07018,59.9475,30.2205,,RU,35807,,False
node_07019,node_07019,55.9595,37.5205,,RU,49828,,False
node_07020,node_07020,48.6605,7.8215,,FR,12322,,False
node_07021,node_07021,60.3385,25.0275,,FI,24940,,False
node_07022,node_07022,51.5385,46.0075,,RU,3267,,False
node_07023,node_07023,38.6495,-9.0525,,PT,3243,,False
node_07024,node_07024,39.0405,-77.4925,,US,213230,,False
node_07025,node_07025,26.3005,73.0385,,IN,24560,,False
node_07026,node_07026,-42.8925,147.2985,,AU,134090,,False
node_07027,node_07027,42.6285,23.3285,,BG,8866,,False
node_07028,node_07028,51.5195,-0.0705,,GB,39767,,False
node_07029,node_07029,56.8185,60.5505,,RU,13335,,False
node_07030,node_07030,42.8205,-86.1295,,US,20115,,False
node_07031,node_07031,54.6315,39.7105,,RU,34467,,False
node_07032,node_07032,56.9075,53.3505,,RU,47418,,False
node_07033,node_07033,13.7105,100.5905,,TH,17552,,False
node_07034,node_07034,30.3115,-95.4595,,US,35847,,False
node_07035,node_07035,19.0815,72.8805,,IN,31898,,False
node_07036,node_07036,52.5285,13.3215,,DE,205790,,False
node_07037,node_07037,17.2815,-62.6885,,KN,36290,,False
node_07038,node_07038,49.4495,11.0085,,DE,24940,,False
node_07039,node_07039,45.5285,-123.1205,,US,20055,,False
node_07040,node_07040,48.2095,15.6215,,AT,8339,,False
node_07041,node_07041,51.1705,14.4415,,DE,3320,,False
node_07042,node_07042,11.5615,104.9275,,KH,23673,,False
node_07043,node_07043,32.8115,-96.9525,,US,36352,,False
node_07044,node_07044,52.3775,13.0785,,DE,3209,,False
node_07045,node_07045,50.4515,30.5185,,UA,43380,,False
node_07046,node_07046,51.4985,7.0195,,DE,3209,,False
node_07047,node_07047,46.5275,6.6395,,CH,6730,,False
node_07048,node_07048,37.3875,-122.0785,,US,7018,,False
node_07049,node_07049,48.1175,11.4875,,DE,8767,,False
node_07050,node_07050,38.7595,-77.3125,,US,701,,False
node_07051,node_07051,49.1915,16.3575,,CZ,12570,,False
node_07052,node_07052,37.8505,-122.2425,,US,46375,,False
node_07053,node_07053,-33.8595,151.2175,,AU,133159,,False
node_07054,node_07054,38.0675,23.8385,,GR,6799,,False
node_07055,node_07055,-33.2595,-70.6215,,CL,27651,,False
node_07056,node_07056,-34.4815,-54.3305,,UY,6057,,False
node_07057,node_07057,42.7115,23.2875,,BG,8866,,False
node_07058,node_07058,50.6875,3.1995,,FR,16276,,False
node_07059,node_07059,59.9395,10.7095,,NO,29695,,False
node_07060,node_07060,47.3505,5.0095,,FR,3215,,False
node_07061,node_07061,48.7905,2.4095,,FR,59689,,False
node_07062,node_07062,48.1475,16.2995,,AT,29287,,False
node_07063,node_07063,32.8575,-117.2295,,US,20001,,False
node_07064,node_07064,46.6685,7.2905,,CH,31736,,False
node_07065,node_07065,15.8575,74.5015,,IN,137153,,False
node_07066,node_07066,-34.5985,-58.3785,,AR,28109,,False
node_07067,node_07067,46.5205,6.5975,,CH,2613,,False
node_07068,node_07068,1.3105,103.6775,,SG,14061,,False
node_07069,node_07069,46.5215,6.5975,,CH,48390,,False
node_07070,node_07070,50.1395,8.7375,,DE,205597,,False
node_07071,node_07071,49.4515,11.0775,,DE,24940,,False
node_07072,node_07072,50.9875,2.1285,,FR,16276,,False
node_07073,node_07073,36.2975,7.9185,,DZ,65536,,False
node_07074,node_07074,-34.9015,-56.0715,,UY,28000,,False
node_07075,node_07075,51.0175,11.0385,,DE,199284,,False
node_07076,node_07076,51.0185,11.0385,,DE,199284,,False
node_07077,node_07077,47.4475,8.5395,,CH,12307,,False
node_07078,node_07078,35.7585,51.4305,,IR,39074,,False
node_07079,node_07079,39.7105,-104.9595,,US,209,,False
node_07080,node_07080,15.8615,74.5005,,IN,137153,,False
node_07081,node_07081,35.3105,25.1515,,GR,6799,,False
node_07082,node_07082,56.8115,60.5515,,RU,28890,,False
node_07083,node_07083,55.8895,-3.0825,,GB,215066,,False
node_07084,node_07084,22.0005,78.9975,,IN,24560,,False
node_07085,node_07085,15.8615,74.4975,,IN,141815,,False
node_07086,node_07086,45.6005,9.0485,,IT,12874,,False
node_07087,node_07087,55.7495,37.6185,,RU,209974,,False
node_07088,node_07088,49.4515,11.0785,,DE,197540,,False
node_07089,node_07089,33.3675,-112.1205,,US,31898,,False
node_07090,node_07090,33.4185,-112.0405,,US,31898,,False
node_07091,node_07091,50.9005,11.5795,,DE,199284,,False
node_07092,node_07092,50.9015,11.5795,,DE,199284,,False
node_07093,node_07093,-17.5415,-149.5595,,PF,9471,,False
node_07094,node_07094,27.4905,79.1705,,IN,55836,,False
node_07095,node_07095,53.0485,-2.0485,,GB,212655,,False
node_07096,node_07096,52.3205,16.1215,,PL,197892,,False
node_07097,node_07097,33.0105,-117.2185,,US,30041,,False
node_07098,node_07098,48.2095,16.3715,,AT,57169,,False
node_07099,node_07099,47.8785,13.7275,,AT,49808,,False
node_07100,node_07100,53.4615,9.9575,,DE,3320,,False
node_07101,node_07101,50.0475,14.3685,,CZ,13036,,False
node_07102,node_07102,56.0495,40.2785,,RU,47196,,False
node_07103,node_07103,35.7395,51.3785,,IR,59441,,False
node_07104,node_07104,51.1385,0.2695,,GB,2856,,False
node_07105,node_07105,13.8115,100.5695,,TH,45758,,False
node_07106,node_07106,53.3705,-6.3205,,IE,6830,,False
node_07107,node_07107,47.7805,9.6095,,DE,3209,,False
node_07108,node_07108,41.2285,-8.6205,,PT,3243,,False
node_07109,node_07109,48.0375,16.1705,,AT,51184,,False
node_07110,node_07110,45.6305,11.4405,,IT,35612,,False
node_07111,node_07111,60.0515,30.4305,,RU,42668,,False
node_07112,node_07112,50.3915,17.0005,,CZ,57294,,False
node_07113,node_07113,39.9805,-88.2595,,US,23473,,False
node_07114,node_07114,56.1805,9.5275,,DK,39642,,False
node_07115,node_07115,51.3515,-2.9325,,GB,13037,,False
node_07116,node_07116,43.4685,-80.4115,,CA,812,,False
node_07117,node_07117,48.8985,2.3805,,FR,12322,,False
node_07118,node_07118,50.4795,12.3405,,DE,24940,,False
node_07119,node_07119,35.6895,51.3905,,IR,25184,,False
node_07120,node_07120,48.1085,-1.6585,,FR,12322,,False
node_07121,node_07121,55.9675,37.2915,,RU,29182,,False
node_07122,node_07122,40.4205,-3.6985,,ES,12479,,False
node_07123,node_07123,-31.9295,115.7595,,AU,38195,,False
node_07124,node_07124,52.2875,76.9705,,KZ,29355,,False
node_07125,node_07125,52.2875,76.9705,,KZ,29355,,False
node_07126,node_07126,47.0885,51.9205,,KZ,29355,,False
node_07127,node_07127,47.0895,51.9205,,KZ,29355,,False
node_07128,node_07128,47.1895,18.4505,,HU,21334,,False
node_07129,node_07129,42.3415,69.5905,,KZ,29355,,False
node_07130,node_07130,47.8385,11.1475,,DE,3320,,False
node_07131,node_07131,35.6185,139.7485,,JP,134351,,False
node_07132,node_07132,22.2795,114.2685,,HK,133752,,False
node_07133,node_07133,1.3805,103.8685,,SG,59253,,False
node_07134,node_07134,50.1005,8.6285,,DE,28753,,False
node_07135,node_07135,34.0615,-118.2415,,US,395954,,False
node_07136,node_07136,47.4875,-122.2915,,US,396190,,False
node_07137,node_07137,33.2775,-111.8915,,US,19148,,False
node_07138,node_07138,40.5185,-74.3515,,US,396362,,False
node_07139,node_07139,41.8485,-88.0315,,US,27411,,False
node_07140,node_07140,32.7995,-96.8215,,US,394380,,False
node_07141,node_07141,25.7995,-80.2315,,US,393886,,False
node_07142,node_07142,38.7505,-77.5315,,US,30633,,False
node_07143,node_07143,-33.9195,151.1885,,AU,136988,,False
node_07144,node_07144,52.3915,4.6685,,NL,60781,,False
node_07145,node_07145,51.5075,-0.0005,,GB,205544,,False
node_07146,node_07146,48.2675,16.4095,,AT,40994,,False
node_07147,node_07147,50.0505,72.9605,,KZ,208448,,False
node_07148,node_07148,50.1085,8.6805,,DE,31898,,False
node_07149,node_07149,50.1095,8.6805,,DE,3320,,False
node_07150,node_07150,60.3375,25.0315,,FI,24940,,False
node_07151,node_07151,52.5405,5.7115,,NL,206264,,False
node_07152,node_07152,49.4515,11.0815,,DE,6730,,False
node_07153,node_07153,53.0795,8.7685,,DE,49855,,False
node_07154,node_07154,53.0985,8.7795,,DE,50629,,False
node_07155,node_07155,41.3695,2.0705,,ES,25412,,False
node_07156,node_07156,52.3715,4.9005,,NL,36352,,False
node_07157,node_07157,43.2615,76.9605,,KZ,9198,,False
node_07158,node_07158,51.0485,3.7215,,BE,9031,,False
node_07159,node_07159,47.7595,-3.3585,,FR,12322,,False
node_07160,node_07160,41.0685,14.8515,,IT,210278,,False
node_07161,node_07161,48.2715,16.4115,,AT,40994,,False
node_07162,node_07162,49.4475,11.0075,,DE,197540,,False
node_07163,node_07163,-27.4495,153.0275,,AU,133159,,False
node_07164,node_07164,38.7575,-121.1615,,US,11404,,False
node_07165,node_07165,51.5205,-0.1615,,GB,20712,,False
node_07166,node_07166,45.5185,-122.8705,,US,20055,,False
node_07167,node_07167,35.1495,-80.8405,,US,11402,,False
node_07168,node_07168,44.8515,-0.5905,,FR,16347,,False
node_07169,node_07169,50.8715,4.4795,,BE,9009,,False
node_07170,node_07170,-23.5525,-46.6295,,BR,31898,,False
node_07171,node_07171,39.0385,-77.4895,,US,31898,,False
node_07172,node_07172,22.3405,114.1105,,HK,9304,,False
node_07173,node_07173,50.1185,8.7315,,DE,31898,,False
node_07174,node_07174,47.7795,9.6115,,DE,21263,,False
node_07175,node_07175,50.7875,19.1915,,PL,200272,,False
node_07176,node_07176,50.1115,8.6815,,DE,34927,,False
node_07177,node_07177,32.6485,35.8475,,JO,14593,,False
node_07178,node_07178,50.9415,7.0075,,DE,8422,,False
node_07179,node_07179,17.3915,78.4895,,IN,31898,,False
node_07180,node_07180,-41.2805,174.7805,,NZ,24324,,False
node_07181,node_07181,53.5715,9.8605,,DE,8881,,False
node_07182,node_07182,10.3315,123.9015,,PH,10139,,False
node_07183,node_07183,47.1915,8.8315,,CH,60016,,False
node_07184,node_07184,51.9895,5.9275,,NL,39637,,False
node_07185,node_07185,52.3605,4.9475,,NL,39637,,False
node_07186,node_07186,53.7075,9.9975,,DE,15943,,False
node_07187,node_07187,53.7285,10.2675,,DE,198930,,False
node_07188,node_07188,50.4785,12.3385,,DE,24940,,False
node_07189,node_07189,50.1285,8.5985,,DE,200462,,False
node_07190,node_07190,48.1095,11.4895,,DE,3320,,False
node_07191,node_07191,42.3315,-83.4705,,US,12083,,False
node_07192,node_07192,55.9285,12.3095,,DK,203953,,False
node_07193,node_07193,50.0585,14.4195,,CZ,16019,,False
node_07194,node_07194,48.1405,11.5795,,DE,3209,,False
node_07195,node_07195,47.3915,8.5195,,CH,13030,,False
node_07196,node_07196,47.3815,8.5195,,CH,13030,,False
node_07197,node_07197,51.5085,9.9505,,DE,6805,,False
node_07198,node_07198,53.0015,6.5105,,NL,1136,,False
node_07199,node_07199,49.6085,6.1305,,LU,34683,,False
node_07200,node_07200,59.2705,15.2105,,SE,3301,,False
node_07201,node_07201,48.1505,16.3805,,AT,8412,,False
node_07202,node_07202,47.3775,8.5415,,CH,31898,,False
node_07203,node_07203,48.0785,11.5515,,DE,3209,,False
node_07204,node_07204,48.8595,2.3415,,FR,16276,,False
node_07205,node_07205,44.4305,26.0515,,RO,8708,,False
node_07206,node_07206,8.9795,-79.5185,,PA,27928,,False
node_07207,node_07207,-6.3995,106.8815,,ID,17451,,False
node_07208,node_07208,47.4885,19.0975,,HU,210772,,False
node_07209,node_07209,39.7375,-104.9925,,US,30475,,False
node_07210,node_07210,48.6985,9.7075,,DE,3320,,False
node_07211,node_07211,37.4005,-122.1015,,US,7922,,False
node_07212,node_07212,52.3605,4.9485,,NL,39563,,False
node_07213,node_07213,52.6375,0.8395,,GB,13037,,False
node_07214,node_07214,-34.0805,18.4495,,ZA,20011,,False
node_07215,node_07215,45.3105,-73.9005,,CA,16276,,False
node_07216,node_07216,-33.8085,151.1595,,AU,38195,,False
node_07217,node_07217,55.8495,-4.2395,,GB,2856,,False
node_07218,node_07218,50.4775,12.3305,,DE,24940,,False
node_07219,node_07219,55.7405,37.6115,,RU,197765,,False
node_07220,node_07220,-34.9325,138.6015,,AU,135421,,False
node_07221,node_07221,41.1615,-8.6285,,PT,210374,,False
node_07222,node_07222,52.5475,0.0875,,GB,21260,,False
node_07223,node_07223,53.3405,-6.2525,,IE,16509,,False
node_07224,node_07224,-23.5595,-46.6425,,BR,16509,,False
node_07225,node_07225,1.2915,103.8475,,SG,16509,,False
node_07226,node_07226,37.5115,126.9675,,KR,16509,,False
node_07227,node_07227,52.5975,8.2085,,DE,9145,,False
node_07228,node_07228,1.3515,103.8185,,SG,18106,,False
node_07229,node_07229,48.0685,37.9005,,UA,213694,,False
node_07230,node_07230,34.6915,135.5005,,JP,31898,,False
node_07231,node_07231,50.4515,30.5305,,UA,13121,,False
node_07232,node_07232,-33.8205,151.1115,,AU,38195,,False
node_07233,node_07233,51.5515,0.0615,,GB,201838,,False
node_07234,node_07234,46.1115,4.7415,,FR,12322,,False
node_07235,node_07235,52.9775,8.8275,,DE,8899,,False
node_07236,node_07236,40.9715,29.2485,,TR,34984,,False
node_07237,node_07237,46.0085,8.9685,,CH,57777,,False
node_07238,node_07238,47.4495,8.5385,,CH,57777,,False
node_07239,node_07239,51.4385,5.4695,,NL,50266,,False
node_07240,node_07240,43.7115,3.9995,,FR,3215,,False
node_07241,node_07241,47.4885,8.7095,,CH,8758,,False
node_07242,node_07242,49.9295,14.2695,,CZ,44002,,False
node_07243,node_07243,50.1615,16.3595,,CZ,5610,,False
node_07244,node_07244,45.5215,-122.8095,,US,7922,,False
node_07245,node_07245,38.9575,-77.3595,,US,31713,,False
node_07246,node_07246,51.1785,-0.5495,,GB,13037,,False
node_07247,node_07247,51.5115,-0.1295,,GB,5607,,False
node_07248,node_07248,-17.8085,-63.1595,,BO,266671,,False
node_07249,node_07249,49.4485,11.0815,,DE,51167,,False
node_07250,node_07250,34.0495,-118.2385,,US,31713,,False
node_07251,node_07251,50.8805,4.5015,,BE,50156,,False
node_07252,node_07252,-2.8795,-79.0525,,EC,27668,,False
node_07253,node_07253,48.1385,-1.9515,,FR,15557,,False
node_07254,node_07254,48.1385,-1.9515,,FR,20766,,False
node_07255,node_07255,47.5905,5.3185,,FR,3215,,False
node_07256,node_07256,49.0015,9.3385,,DE,3320,,False
node_07257,node_07257,44.8095,20.3885,,RS,51859,,False
node_07258,node_07258,13.7575,100.4995,,TH,31713,,False
node_07259,node_07259,11.1085,77.3495,,IN,142439,,False
node_07260,node_07260,45.8885,12.2995,,IT,202613,,False
node_07261,node_07261,-26.2005,28.0495,,ZA,31713,,False
node_07262,node_07262,47.3975,9.3195,,CH,13030,,False
node_07263,node_07263,51.2085,0.3095,,GB,5378,,False
node_07264,node_07264,50.9695,13.9395,,DE,6805,,False
node_07265,node_07265,51.2305,0.2895,,GB,5378,,False
node_07266,node_07266,-23.5415,-46.5795,,BR,27699,,False
node_07267,node_07267,60.1895,25.0305,,FI,16086,,False
node_07268,node_07268,13.8195,100.6515,,TH,131447,,False
node_07269,node_07269,45.3115,-73.8985,,CA,16276,,False
node_07270,node_07270,38.5985,-83.7885,,US,7029,,False
node_07271,node_07271,56.9675,24.1675,,LV,12847,,False
node_07272,node_07272,46.0785,-64.8125,,CA,21659,,False
node_07273,node_07273,41.9305,12.4175,,IT,202870,,False
node_07274,node_07274,47.6775,9.3785,,DE,21263,,False
node_07275,node_07275,-27.4505,153.1685,,AU,134090,,False
node_07276,node_07276,33.3815,-112.0115,,US,22773,,False
node_07277,node_07277,48.5275,25.0585,,UA,57049,,False
node_07278,node_07278,40.4095,49.8285,,AZ,209700,,False
node_07279,node_07279,40.6395,47.7585,,AZ,209700,,False
node_07280,node_07280,43.3115,-1.9715,,ES,15704,,False
node_07281,node_07281,59.8995,30.3195,,RU,200483,,False
node_07282,node_07282,53.7775,9.5905,,DE,207790,,False
node_07283,node_07283,48.7705,2.3805,,FR,16276,,False
node_07284,node_07284,40.8895,-74.6815,,US,6128,,False
node_07285,node_07285,48.1615,17.0885,,SK,6830,,False
node_07286,node_07286,40.8875,-74.6805,,US,14593,,False
node_07287,node_07287,48.9095,2.3595,,FR,49920,,False
node_07288,node_07288,45.6905,9.3995,,IT,210278,,False
node_07289,node_07289,56.8315,60.6395,,RU,33962,,False
node_07290,node_07290,-17.3505,30.2095,,ZW,30844,,False
node_07291,node_07291,42.1595,12.5995,,IT,203591,,False
node_07292,node_07292,19.3705,-99.1605,,MX,8151,,False
node_07293,node_07293,-35.2785,149.1395,,AU,38195,,False
node_07294,node_07294,45.7815,4.7805,,FR,5410,,False
node_07295,node_07295,50.6875,3.1805,,FR,16276,,False
node_07296,node_07296,49.4485,11.0805,,DE,24940,,False
node_07297,node_07297,53.5505,10.0515,,DE,206813,,False
node_07298,node_07298,52.3715,4.8915,,NL,12876,,False
node_07299,node_07299,52.4715,13.3715,,DE,49745,,False
node_07300,node_07300,50.1275,8.5775,,DE,206813,,False
node_07301,node_07301,53.0515,8.8375,,DE,50629,,False
node_07302,node_07302,55.7585,37.6175,,RU,201430,,False
node_07303,node_07303,43.5975,1.4385,,FR,2027,,False
node_07304,node_07304,53.3305,-6.4015,,IE,6830,,False
node_07305,node_07305,40.8185,-96.7105,,US,7896,,False
node_07306,node_07306,49.4485,11.0805,,DE,197540,,False
node_07307,node_07307,49.9515,15.2705,,CZ,196843,,False
node_07308,node_07308,-34.9025,-56.1595,,UY,28000,,False
node_07309,node_07309,39.0195,-77.4485,,US,14383,,False
node_07310,node_07310,50.1105,8.6815,,DE,20473,,False
node_07311,node_07311,32.7785,-96.7985,,US,63949,,False
node_07312,node_07312,52.3695,4.9315,,NL,33915,,False
node_07313,node_07313,49.4405,17.8115,,CZ,16019,,False
node_07314,node_07314,-25.3395,-57.5225,,PY,27733,,False
node_07315,node_07315,43.5975,1.4385,,FR,12322,,False
node_07316,node_07316,49.7705,15.5595,,CZ,5610,,False
node_07317,node_07317,20.8315,-102.7905,,MX,265551,,False
node_07318,node_07318,49.7605,14.6695,,CZ,50825,,False
node_07319,node_07319,52.5005,13.4205,,DE,6805,,False
node_07320,node_07320,49.1795,-0.3195,,FR,3215,,False
node_07321,node_07321,-31.8625,115.9315,,AU,7545,,False
node_07322,node_07322,49.2175,16.5115,,CZ,5610,,False
node_07323,node_07323,55.5695,12.6115,,DK,3292,,False
node_07324,node_07324,53.8985,27.5575,,BY,31143,,False
node_07325,node_07325,60.1915,24.6075,,FI,16086,,False
node_07326,node_07326,50.1075,8.6785,,DE,31898,,False
node_07327,node_07327,52.1485,21.0585,,PL,9141,,False
node_07328,node_07328,31.7695,35.2085,,IL,31898,,False
node_07329,node_07329,45.7695,4.8685,,FR,207992,,False
node_07330,node_07330,56.0005,92.8785,,RU,50544,,False
node_07331,node_07331,49.2075,16.6795,,CZ,13036,,False
node_07332,node_07332,22.3185,114.1705,,HK,16509,,False
node_07333,node_07333,52.4485,13.3105,,DE,3209,,False
node_07334,node_07334,48.8595,2.3505,,FR,16509,,False
node_07335,node_07335,45.4605,9.1805,,IT,16509,,False
node_07336,node_07336,51.5105,-0.1295,,GB,16509,,False
node_07337,node_07337,53.3515,-6.2595,,IE,16509,,False
node_07338,node_07338,19.0815,72.8805,,IN,16509,,False
node_07339,node_07339,34.6875,135.5015,,JP,16509,,False
node_07340,node_07340,37.5675,126.9815,,KR,16509,,False
node_07341,node_07341,1.3485,103.8215,,SG,16509,,False
node_07342,node_07342,-33.8715,151.2115,,AU,16509,,False
node_07343,node_07343,35.6795,139.7715,,JP,16509,,False
node_07344,node_07344,39.0395,-77.4885,,US,14618,,False
node_07345,node_07345,39.9605,-82.9985,,US,16509,,False
node_07346,node_07346,37.7705,-122.4185,,US,16509,,False
node_07347,node_07347,45.8415,-119.6985,,US,16509,,False
node_07348,node_07348,45.5015,-73.5685,,CA,16509,,False
node_07349,node_07349,52.3195,7.3415,,DE,8899,,False
node_07350,node_07350,51.3405,12.3715,,DE,51401,,False
node_07351,node_07351,52.2975,4.7475,,NL,8075,,False
node_07352,node_07352,50.1585,14.7475,,CZ,8251,,False
node_07353,node_07353,56.0195,12.1975,,DK,3292,,False
node_07354,node_07354,50.3985,8.0785,,DE,48314,,False
node_07355,node_07355,35.8885,-106.3115,,US,209,,False
node_07356,node_07356,50.0195,14.4495,,CZ,16019,,False
node_07357,node_07357,52.2385,21.1195,,PL,15694,,False
node_07358,node_07358,52.2385,21.1195,,PL,24724,,False
node_07359,node_07359,43.8015,-120.5505,,US,396982,,False
node_07360,node_07360,46.3085,11.6005,,IT,202870,,False
node_07361,node_07361,45.4695,11.0405,,IT,3269,,False
node_07362,node_07362,45.4505,11.0605,,IT,202870,,False
node_07363,node_07363,44.8615,11.6505,,IT,202613,,False
node_07364,node_07364,50.0175,14.4515,,CZ,209810,,False
node_07365,node_07365,34.0495,-118.2585,,US,21859,,False
node_07366,node_07366,48.5585,39.3815,,UA,202619,,False
node_07367,node_07367,53.6975,23.8375,,BY,6697,,False
node_07368,node_07368,47.1395,8.1575,,CH,59808,,False
node_07369,node_07369,47.2495,-1.6215,,FR,203596,,False
node_07370,node_07370,48.1105,-1.6105,,FR,203596,,False
node_07371,node_07371,42.4385,19.2295,,ME,8585,,False
node_07372,node_07372,37.8985,-122.0595,,US,7922,,False
node_07373,node_07373,19.3195,-81.3795,,KY,36549,,False
node_07374,node_07374,48.9295,14.4905,,CZ,44489,,False
node_07375,node_07375,60.1685,24.9315,,FI,24940,,False
node_07376,node_07376,44.8615,24.8715,,RO,34915,,False
node_07377,node_07377,50.1375,14.5175,,CZ,5610,,False
node_07378,node_07378,52.3595,4.9485,,NL,1104,,False
node_07379,node_07379,13.8095,100.5685,,TH,17552,,False
node_07380,node_07380,13.8105,100.5585,,TH,131090,,False
node_07381,node_07381,46.8895,7.4995,,CH,15600,,False
node_07382,node_07382,51.9505,7.9895,,DE,3320,,False
node_07383,node_07383,49.0975,12.4895,,DE,24940,,False
node_07384,node_07384,53.5595,9.9595,,DE,8881,,False
node_07385,node_07385,34.6575,33.0205,,CY,206912,,False
node_07386,node_07386,50.4795,12.3415,,DE,24940,,False
node_07387,node_07387,38.5705,68.7915,,TJ,43030,,False
node_07388,node_07388,38.5705,68.7915,,TJ,43030,,False
node_07389,node_07389,40.3395,-3.7685,,ES,766,,False
node_07390,node_07390,60.3395,25.0315,,FI,24940,,False
node_07391,node_07391,52.3915,4.8775,,NL,50266,,False
node_07392,node_07392,37.3875,-121.9625,,US,14061,,False
node_07393,node_07393,50.1215,8.6775,,DE,60068,,False
node_07394,node_07394,43.5315,5.4685,,FR,12322,,False
node_07395,node_07395,35.6875,139.7585,,JP,63781,,False
node_07396,node_07396,45.3785,11.9385,,IT,60943,,False
node_07397,node_07397,50.1205,8.6785,,DE,31713,,False
node_07398,node_07398,49.2015,16.6185,,CZ,29208,,False
node_07399,node_07399,53.0475,8.6395,,DE,3320,,False
node_07400,node_07400,52.3795,4.8995,,NL,29028,,False
node_07401,node_07401,45.5985,-121.1905,,US,19527,,False
node_07402,node_07402,52.5195,7.3395,,DE,8899,,False
node_07403,node_07403,28.6175,77.3805,,IN,132420,,False
node_07404,node_07404,51.8585,5.7805,,NL,50266,,False
node_07405,node_07405,47.1895,7.7005,,CH,15600,,False
node_07406,node_07406,47.1995,7.4005,,CH,15600,,False
node_07407,node_07407,46.9305,7.5005,,CH,15600,,False
node_07408,node_07408,47.0515,7.6105,,CH,15600,,False
node_07409,node_07409,8.9875,-79.5195,,PA,18809,,False
node_07410,node_07410,50.6485,3.0405,,FR,3215,,False
node_07411,node_07411,43.2895,5.5005,,FR,15557,,False
node_07412,node_07412,48.8215,1.9505,,FR,3215,,False
node_07413,node_07413,10.2395,-67.5685,,VE,6306,,False
node_07414,node_07414,7.7575,-80.2785,,PA,18809,,False
node_07415,node_07415,46.2095,6.1715,,CH,29222,,False
node_07416,node_07416,52.5315,5.7215,,NL,50673,,False
node_07417,node_07417,40.4175,-3.6825,,ES,8560,,False
node_07418,node_07418,59.5785,30.1275,,RU,43966,,False
node_07419,node_07419,41.2775,-96.0125,,US,209,,False
node_07420,node_07420,49.4705,14.9975,,CZ,43542,,False
node_07421,node_07421,48.1775,-1.6315,,FR,12322,,False
node_07422,node_07422,44.4195,12.2085,,IT,202613,,False
node_07423,node_07423,47.3715,8.0785,,CH,15600,,False
node_07424,node_07424,47.0375,7.2795,,CH,15600,,False
node_07425,node_07425,46.8285,9.2795,,CH,15600,,False
node_07426,node_07426,47.2095,7.7895,,CH,15600,,False
node_07427,node_07427,48.8995,2.2995,,FR,20986,,False
node_07428,node_07428,46.3205,7.9795,,CH,15600,,False
node_07429,node_07429,41.0585,-76.3405,,US,20057,,False
node_07430,node_07430,19.0785,72.8805,,IN,31898,,False
node_07431,node_07431,52.4375,4.8315,,NL,1136,,False
node_07432,node_07432,33.7475,-84.3885,,US,63949,,False
node_07433,node_07433,35.6885,139.8815,,JP,9824,,False
node_07434,node_07434,12.9785,77.5915,,IN,14061,,False
node_07435,node_07435,41.9995,-87.9985,,US,20473,,False
node_07436,node_07436,51.5205,-0.6185,,GB,14061,,False
node_07437,node_07437,40.8015,-74.0185,,US,14061,,False
node_07438,node_07438,37.3885,-121.9585,,US,14061,,False
node_07439,node_07439,35.6895,139.6915,,JP,63949,,False
node_07440,node_07440,43.7105,-79.4085,,CA,14061,,False
node_07441,node_07441,52.4375,4.8275,,NL,33915,,False
node_07442,node_07442,47.3695,8.0075,,CH,15600,,False
node_07443,node_07443,45.4405,-75.5125,,CA,11814,,False
node_07444,node_07444,25.0785,55.1675,,AE,15802,,False
node_07445,node_07445,50.0985,14.3985,,CZ,16019,,False
node_07446,node_07446,50.2685,14.4985,,CZ,13036,,False
node_07447,node_07447,50.6395,3.0285,,FR,12322,,False
node_07448,node_07448,30.3405,-97.7315,,US,16591,,False
node_07449,node_07449,37.2375,-121.7905,,US,31898,,False
node_07450,node_07450,17.3815,78.4595,,IN,31898,,False
node_07451,node_07451,30.6475,-88.2305,,US,7018,,False
node_07452,node_07452,42.7005,23.3195,,BG,203380,,False
node_07453,node_07453,37.7705,139.2605,,JP,4685,,False
node_07454,node_07454,43.4975,-8.1895,,ES,3352,,False
node_07455,node_07455,23.1285,113.2615,,CN,4134,,False
node_07456,node_07456,35.8175,140.1215,,JP,31898,,False
node_07457,node_07457,34.8375,135.5015,,JP,31898,,False
node_07458,node_07458,48.8595,2.3615,,FR,15557,,False
node_07459,node_07459,52.3915,4.6515,,NL,60781,,False
node_07460,node_07460,1.3185,103.7675,,SG,56300,,False
node_07461,node_07461,50.1195,14.4775,,CZ,204165,,False
node_07462,node_07462,56.9805,24.1275,,LV,48798,,False
node_07463,node_07463,55.2905,23.9775,,LT,13194,,False
node_07464,node_07464,51.5115,-0.1325,,GB,205544,,False
node_07465,node_07465,56.9475,24.0975,,LV,5518,,False
node_07466,node_07466,50.1075,8.6775,,DE,28753,,False
node_07467,node_07467,42.6795,23.3175,,BG,35141,,False
node_07468,node_07468,42.7005,23.3275,,BG,8860,,False
node_07469,node_07469,42.7015,23.3275,,BG,44901,,False
node_07470,node_07470,48.2015,16.3675,,AT,57169,,False
node_07471,node_07471,41.5475,2.1085,,ES,57269,,False
node_07472,node_07472,60.3385,25.0285,,FI,24940,,False
node_07473,node_07473,-23.5515,-46.6415,,BR,61317,,False
node_07474,node_07474,-26.2005,28.0485,,ZA,61317,,False
node_07475,node_07475,43.4495,5.2485,,FR,2027,,False
node_07476,node_07476,43.7115,-79.4115,,CA,20473,,False
node_07477,node_07477,43.7075,-79.4115,,CA,63949,,False
node_07478,node_07478,50.4785,12.3585,,DE,24940,,False
node_07479,node_07479,50.1985,8.6385,,DE,28753,,False
node_07480,node_07480,50.1195,8.6785,,DE,14061,,False
node_07481,node_07481,40.4305,-3.6215,,ES,59432,,False
node_07482,node_07482,40.4205,-3.6815,,ES,202053,,False
node_07483,node_07483,60.1715,24.9285,,FI,24940,,False
node_07484,node_07484,60.1675,24.9295,,FI,202053,,False
node_07485,node_07485,48.9175,2.3895,,FR,20473,,False
node_07486,node_07486,48.8585,2.3495,,FR,12876,,False
node_07487,node_07487,32.0795,34.7795,,IL,202422,,False
node_07488,node_07488,18.5205,73.8495,,IN,132335,,False
node_07489,node_07489,12.9805,77.5895,,IN,14061,,False
node_07490,node_07490,35.6215,139.7395,,JP,20473,,False
node_07491,node_07491,52.3475,4.9395,,NL,14061,,False
node_07492,node_07492,52.3885,4.6595,,NL,43927,,False
node_07493,node_07493,52.3785,4.6395,,NL,12876,,False
node_07494,node_07494,52.2395,21.0395,,PL,202053,,False
node_07495,node_07495,52.2295,21.0095,,PL,12876,,False
node_07496,node_07496,52.2305,21.0095,,PL,202422,,False
node_07497,node_07497,38.7205,-9.1405,,PT,203020,,False
node_07498,node_07498,44.4315,26.0995,,RO,43927,,False
node_07499,node_07499,44.4315,26.0995,,RO,56430,,False
node_07500,node_07500,55.7475,37.6205,,RU,50867,,False
node_07501,node_07501,40.6185,-73.9795,,US,701,,False
node_07502,node_07502,1.3095,103.6805,,SG,20473,,False
node_07503,node_07503,1.3095,103.6805,,SG,14061,,False
node_07504,node_07504,1.2905,103.8505,,SG,63949,,False
node_07505,node_07505,51.5105,-0.0595,,GB,29802,,False
node_07506,node_07506,51.6515,-0.0895,,GB,43927,,False
node_07507,node_07507,25.8095,-80.2295,,US,20473,,False
node_07508,node_07508,37.3395,-121.8895,,US,6939,,False
node_07509,node_07509,37.3405,-121.8895,,US,7203,,False
node_07510,node_07510,41.8515,-87.6495,,US,61317,,False
node_07511,node_07511,-33.4295,-70.6085,,CL,7418,,False
node_07512,node_07512,48.5505,-3.1285,,FR,12322,,False
node_07513,node_07513,48.8675,2.3415,,FR,205684,,False
node_07514,node_07514,35.6175,-78.4785,,US,22709,,False
node_07515,node_07515,25.0695,121.5815,,TW,18041,,False
node_07516,node_07516,41.2285,-8.6225,,PT,12353,,False
node_07517,node_07517,42.0005,-88.0025,,US,20473,,False
node_07518,node_07518,42.0815,-71.0425,,US,7922,,False
node_07519,node_07519,35.8175,140.1175,,JP,31898,,False
node_07520,node_07520,40.1405,-76.2925,,US,3737,,False
node_07521,node_07521,32.6515,-16.9325,,PT,15457,,False
node_07522,node_07522,39.0215,-77.5425,,US,31898,,False
node_07523,node_07523,19.0675,72.8885,,IN,132933,,False
node_07524,node_07524,53.8675,10.6485,,DE,8881,,False
node_07525,node_07525,40.0385,-76.2815,,US,16794,,False
node_07526,node_07526,25.0795,121.5485,,TW,149791,,False
node_07527,node_07527,-13.4985,33.9985,,MW,36913,,False
node_07528,node_07528,23.7295,92.7185,,IN,141253,,False
node_07529,node_07529,50.0875,14.3595,,CZ,29208,,False
node_07530,node_07530,39.0395,-77.4905,,US,701,,False
node_07531,node_07531,47.0175,7.4495,,CH,15600,,False
node_07532,node_07532,-34.5005,-58.5205,,AR,265819,,False
node_07533,node_07533,52.0385,5.6405,,NL,38919,,False
node_07534,node_07534,51.3015,-0.7495,,GB,31655,,False
node_07535,node_07535,24.1375,120.6805,,TW,18049,,False
node_07536,node_07536,38.9095,-77.2285,,US,701,,False
node_07537,node_07537,45.9885,7.7615,,CH,15600,,False
node_07538,node_07538,50.0615,14.4015,,CZ,29208,,False
node_07539,node_07539,48.0985,9.7875,,DE,3209,,False
node_07540,node_07540,19.0775,72.8775,,IN,396982,,False
node_07541,node_07541,50.4175,16.1685,,CZ,42306,,False
node_07542,node_07542,58.4095,15.6185,,SE,8473,,False
node_07543,node_07543,48.8075,2.1885,,FR,204092,,False
node_07544,node_07544,41.0585,-76.3415,,US,14593,,False
node_07545,node_07545,49.5795,18.6785,,CZ,204666,,False
node_07546,node_07546,47.3595,8.5385,,CH,34927,,False
node_07547,node_07547,45.5115,-73.5905,,CA,16276,,False
node_07548,node_07548,48.8175,2.3805,,FR,35540,,False
node_07549,node_07549,37.3495,-121.9495,,US,132203,,False
node_07550,node_07550,9.2875,-79.7485,,PA,265867,,False
node_07551,node_07551,8.9895,-79.5185,,PA,27928,,False
node_07552,node_07552,39.0495,-77.4885,,US,132203,,False
node_07553,node_07553,8.9885,-79.5325,,PA,27928,,False
node_07554,node_07554,8.9695,-79.5325,,PA,262248,,False
node_07555,node_07555,39.0475,-77.4925,,US,132203,,False
node_07556,node_07556,37.3475,-121.9525,,US,132203,,False
node_07557,node_07557,52.0195,5.0395,,NL,15435,,False
node_07558,node_07558,47.1805,8.4295,,CH,51395,,False
node_07559,node_07559,48.3915,7.6195,,FR,3215,,False
node_07560,node_07560,52.2385,6.8495,,NL,14593,,False
node_07561,node_07561,41.3205,69.2495,,UZ,212860,,False
node_07562,node_07562,50.9875,2.1305,,FR,16276,,False
node_07563,node_07563,37.3385,-121.8895,,US,8075,,False
node_07564,node_07564,36.6715,-78.3895,,US,8075,,False
node_07565,node_07565,39.0395,-77.4195,,US,8075,,False
node_07566,node_07566,13.0895,80.2705,,IN,8075,,False
node_07567,node_07567,47.6105,-122.3295,,US,8075,,False
node_07568,node_07568,29.4215,-98.4895,,US,8075,,False
node_07569,node_07569,-37.8185,144.9705,,AU,8075,,False
node_07570,node_07570,41.1375,-104.8085,,US,8075,,False
node_07571,node_07571,42.3275,-71.4425,,US,701,,False
node_07572,node_07572,33.4475,-112.0725,,US,8075,,False
node_07573,node_07573,-33.8715,151.1975,,AU,8075,,False
node_07574,node_07574,53.3395,-6.2525,,IE,8075,,False
node_07575,node_07575,51.5105,-0.1325,,GB,8075,,False
node_07576,node_07576,52.3705,4.8875,,NL,8075,,False
node_07577,node_07577,41.6015,-93.6125,,US,8075,,False
node_07578,node_07578,22.2775,114.1785,,HK,8075,,False
node_07579,node_07579,37.5675,126.9785,,KR,8075,,False
node_07580,node_07580,48.8585,2.3485,,FR,8075,,False
node_07581,node_07581,46.0905,13.2185,,IT,3269,,False
node_07582,node_07582,-26.2285,28.0585,,ZA,8075,,False
node_07583,node_07583,52.3515,4.9385,,NL,14061,,False
node_07584,node_07584,53.7415,-1.5405,,GB,60255,,False
node_07585,node_07585,42.6805,-71.4805,,US,701,,False
node_07586,node_07586,44.4185,26.1705,,RO,8708,,False
node_07587,node_07587,45.9075,6.1105,,FR,12322,,False
node_07588,node_07588,53.6215,10.0005,,DE,20694,,False
node_07589,node_07589,53.5475,10.0515,,DE,20694,,False
node_07590,node_07590,41.3815,2.1315,,ES,57269,,False
node_07591,node_07591,32.9385,-97.3085,,US,7018,,False
node_07592,node_07592,1.4375,103.8275,,SG,13335,,False
node_07593,node_07593,9.0175,-79.4725,,PA,18809,,False
node_07594,node_07594,50.4785,12.3685,,DE,24940,,False
node_07595,node_07595,52.3895,4.6685,,NL,20473,,False
node_07596,node_07596,44.8305,11.6385,,IT,210278,,False
node_07597,node_07597,40.8205,-74.4605,,US,63949,,False
node_07598,node_07598,-23.5525,-46.6395,,BR,31898,,False
node_07599,node_07599,50.1315,8.7005,,DE,16276,,False
node_07600,node_07600,49.2275,6.9715,,DE,3320,,False
node_07601,node_07601,56.8585,60.6115,,RU,206926,,False
node_07602,node_07602,35.6995,140.0015,,JP,4685,,False
node_07603,node_07603,20.5615,-100.2785,,MX,16509,,False
node_07604,node_07604,50.1085,14.6275,,CZ,202618,,False
node_07605,node_07605,-36.8505,174.7575,,NZ,16509,,False
node_07606,node_07606,13.7605,100.4975,,TH,16509,,False
node_07607,node_07607,52.8505,13.2475,,DE,16509,,False
node_07608,node_07608,25.0415,121.5575,,TW,16509,,False
node_07609,node_07609,54.3185,10.1285,,DE,8881,,False
node_07610,node_07610,52.1405,-106.6315,,CA,399580,,False
node_07611,node_07611,53.0915,8.8785,,DE,3320,,False
node_07612,node_07612,51.3585,6.6385,,DE,3209,,False
node_07613,node_07613,55.7495,37.7285,,RU,51219,,False
node_07614,node_07614,40.8905,29.3985,,TR,201863,,False
node_07615,node_07615,51.9815,5.7995,,NL,15435,,False
node_07616,node_07616,45.4985,9.2005,,IT,202613,,False
node_07617,node_07617,32.8995,-96.9795,,US,53698,,False
node_07618,node_07618,36.0705,-115.1295,,US,53698,,False
node_07619,node_07619,28.4985,-80.8195,,US,33363,,False
node_07620,node_07620,45.3205,9.2105,,IT,31898,,False
node_07621,node_07621,53.0315,27.5605,,BY,59770,,False
node_07622,node_07622,45.2905,-73.8785,,CA,16276,,False
node_07623,node_07623,-23.5385,-46.5785,,BR,13335,,False
node_07624,node_07624,45.6675,-0.9385,,FR,5410,,False
node_07625,node_07625,49.2075,16.5975,,CZ,16019,,False
node_07626,node_07626,-33.4515,-70.6225,,CL,27651,,False
node_07627,node_07627,36.8595,-76.2425,,US,53698,,False
node_07628,node_07628,-34.1695,150.6085,,AU,4764,,False
node_07629,node_07629,-27.4925,153.0785,,AU,134090,,False
node_07630,node_07630,14.6485,121.0685,,PH,17639,,False
node_07631,node_07631,33.4705,-112.0715,,US,22773,,False
node_07632,node_07632,48.8575,2.3395,,FR,12322,,False
node_07633,node_07633,44.8205,20.4595,,RS,25431,,False
node_07634,node_07634,44.7705,20.4095,,RS,8400,,False
node_07635,node_07635,45.4415,-73.6205,,CA,32613,,False
node_07636,node_07636,59.2985,18.0805,,SE,33885,,False
node_07637,node_07637,47.9975,7.8005,,DE,8881,,False
node_07638,node_07638,48.9305,14.4105,,CZ,44489,,False
node_07639,node_07639,48.5485,7.9715,,DE,15894,,False
node_07640,node_07640,4.1815,73.5175,,MV,150125,,False
node_07641,node_07641,41.0195,28.9885,,TR,211859,,False
node_07642,node_07642,60.4005,25.0285,,FI,24940,,False
node_07643,node_07643,38.4305,-122.6715,,US,46375,,False
node_07644,node_07644,8.9605,-82.1815,,PA,11556,,False
node_07645,node_07645,50.6775,13.8795,,CZ,13036,,False
node_07646,node_07646,48.8985,11.9095,,DE,3320,,False
node_07647,node_07647,49.1595,11.6295,,DE,3320,,False
node_07648,node_07648,13.0595,80.2595,,IN,148000,,False
node_07649,node_07649,49.1975,16.5895,,CZ,33943,,False
node_07650,node_07650,53.7575,-1.4505,,GB,12496,,False
node_07651,node_07651,41.9385,12.5295,,IT,202870,,False
node_07652,node_07652,53.8905,27.5295,,BY,212172,,False
node_07653,node_07653,50.0975,8.6305,,DE,31898,,False
node_07654,node_07654,45.3795,9.7905,,IT,41720,,False
node_07655,node_07655,32.8595,-79.9695,,US,396982,,False
node_07656,node_07656,51.0205,2.1605,,FR,16276,,False
node_07657,node_07657,22.4415,114.1705,,HK,9269,,False
node_07658,node_07658,43.2575,-2.9295,,ES,12338,,False
node_07659,node_07659,45.2505,8.8605,,IT,14593,,False
node_07660,node_07660,35.6905,139.6905,,JP,17676,,False
node_07661,node_07661,50.1075,8.6815,,DE,197540,,False
node_07662,node_07662,50.4775,12.3415,,DE,197540,,False
node_07663,node_07663,50.1095,8.6815,,DE,21336,,False
node_07664,node_07664,50.4605,30.5315,,UA,21497,,False
node_07665,node_07665,51.4785,-0.1225,,GB,56478,,False
node_07666,node_07666,46.6395,14.3275,,AT,39912,,False
node_07667,node_07667,-33.3995,151.3475,,AU,4764,,False
node_07668,node_07668,48.2105,16.3675,,AT,39912,,False
node_07669,node_07669,41.3315,19.8175,,AL,197706,,False
node_07670,node_07670,50.1315,14.0275,,CZ,8251,,False
node_07671,node_07671,48.1975,16.3675,,AT,61098,,False
node_07672,node_07672,54.0485,13.7675,,DE,12312,,False
node_07673,node_07673,44.7815,-0.5325,,FR,198985,,False
node_07674,node_07674,35.7015,139.8075,,JP,17676,,False
node_07675,node_07675,55.7775,12.5185,,DK,1835,,False
node_07676,node_07676,51.0385,11.0085,,DE,199284,,False
node_07677,node_07677,50.0985,14.3985,,CZ,16019,,False
node_07678,node_07678,55.0375,82.9385,,RU,57494,,False
node_07679,node_07679,45.6785,1.1885,,FR,3215,,False
node_07680,node_07680,46.0495,14.4685,,SI,2107,,False
node_07681,node_07681,39.1005,-94.5815,,US,23428,,False
node_07682,node_07682,52.0275,8.5295,,DE,680,,False
node_07683,node_07683,50.0775,14.4695,,CZ,5610,,False
node_07684,node_07684,48.2805,14.5795,,AT,8447,,False
node_07685,node_07685,58.0005,56.1595,,RU,12768,,False
node_07686,node_07686,51.7585,0.0005,,GB,3257,,False
node_07687,node_07687,33.7485,-84.3895,,US,20473,,False
node_07688,node_07688,1.3095,103.6805,,SG,14061,,False
node_07689,node_07689,-34.4785,-54.2995,,UY,6057,,False
node_07690,node_07690,44.4175,8.9515,,IT,202613,,False
node_07691,node_07691,-29.2615,-53.6185,,BR,2716,,False
node_07692,node_07692,47.3805,8.5415,,CH,16509,,False
node_07693,node_07693,49.7575,9.9615,,DE,29317,,False
node_07694,node_07694,41.5975,-0.9085,,ES,16509,,False
node_07695,node_07695,33.0075,-97.8125,,US,5650,,False
node_07696,node_07696,-37.8105,144.9575,,AU,16509,,False
node_07697,node_07697,3.1295,101.6775,,MY,16509,,False
node_07698,node_07698,51.2675,6.8175,,DE,58299,,False
node_07699,node_07699,43.3015,5.3875,,FR,31898,,False
node_07700,node_07700,52.3915,4.6575,,NL,20473,,False
node_07701,node_07701,17.3875,78.4885,,IN,16509,,False
node_07702,node_07702,50.0715,14.4485,,CZ,48926,,False
node_07703,node_07703,37.2375,-121.7905,,US,31898,,False
node_07704,node_07704,50.0275,14.3095,,CZ,30764,,False
node_07705,node_07705,51.7105,9.2895,,DE,3320,,False
node_07706,node_07706,47.0815,6.7995,,CH,205747,,False
node_07707,node_07707,47.5675,7.5705,,CH,13030,,False
node_07708,node_07708,51.5875,6.2505,,DE,3320,,False
node_07709,node_07709,51.6295,6.6505,,DE,57353,,False
node_07710,node_07710,50.7195,-1.9995,,GB,204778,,False
node_07711,node_07711,51.5215,-0.6195,,GB,31898,,False
node_07712,node_07712,40.2905,-3.7895,,ES,57269,,False
node_07713,node_07713,9.0005,-79.9985,,PA,272037,,False
node_07714,node_07714,52.7705,13.6175,,DE,3320,,False
node_07715,node_07715,47.1675,8.5575,,CH,3303,,False
node_07716,node_07716,47.3775,8.4975,,CH,57118,,False
node_07717,node_07717,51.5685,6.2875,,DE,3320,,False
node_07718,node_07718,42.3405,-71.1215,,US,6079,,False
node_07719,node_07719,37.8775,-122.2505,,US,292,,False
node_07720,node_07720,41.6215,0.6395,,ES,3352,,False
node_07721,node_07721,41.9375,-71.3485,,US,701,,False
node_07722,node_07722,50.8175,12.9415,,DE,680,,False
node_07723,node_07723,49.3885,-1.0385,,FR,2027,,False
node_07724,node_07724,49.3915,-1.0425,,FR,15557,,False
node_07725,node_07725,47.3875,8.5375,,CH,13030,,False
node_07726,node_07726,47.8485,7.8775,,DE,200924,,False
node_07727,node_07727,52.2995,5.2385,,NL,1136,,False
node_07728,node_07728,51.4405,4.0785,,NL,15435,,False
node_07729,node_07729,52.3515,4.9585,,NL,31898,,False
node_07730,node_07730,47.3395,8.5195,,CH,8758,,False
node_07731,node_07731,48.3795,20.0295,,SK,58130,,False
node_07732,node_07732,42.1095,14.7095,,IT,29447,,False
node_07733,node_07733,52.3815,4.8995,,NL,20857,,False
node_07734,node_07734,51.3315,4.5205,,BE,6848,,False
node_07735,node_07735,48.9285,2.2215,,FR,12876,,False
node_07736,node_07736,35.6985,139.7515,,JP,2519,,False
node_07737,node_07737,48.9795,2.3315,,FR,12322,,False
node_07738,node_07738,51.9495,4.4915,,NL,206238,,False
node_07739,node_07739,-16.3295,-48.9485,,BR,262588,,False
node_07740,node_07740,50.0815,14.4375,,CZ,16019,,False
node_07741,node_07741,51.5805,4.5775,,NL,1136,,False
node_07742,node_07742,50.1095,8.6785,,DE,212508,,False
node_07743,node_07743,55.7395,37.6085,,RU,60651,,False
node_07744,node_07744,43.0315,44.6685,,RU,57019,,False
node_07745,node_07745,39.9575,-83.0015,,US,16509,,False
node_07746,node_07746,45.8375,-119.7115,,US,16509,,False
node_07747,node_07747,45.5085,-73.5915,,CA,16509,,False
node_07748,node_07748,51.5185,-0.0915,,GB,16509,,False
node_07749,node_07749,50.1195,8.6785,,DE,16509,,False
node_07750,node_07750,45.4995,9.1395,,IT,43989,,False
node_07751,node_07751,48.0195,0.0105,,FR,2027,,False
node_07752,node_07752,43.6275,-79.3695,,CA,26832,,False
node_07753,node_07753,53.9285,27.6415,,BY,25106,,False
node_07754,node_07754,51.9195,4.3915,,NL,15435,,False
node_07755,node_07755,45.1515,9.4915,,IT,41497,,False
node_07756,node_07756,34.7975,126.3875,,KR,4766,,False
node_07757,node_07757,45.6975,9.6675,,IT,12874,,False
node_07758,node_07758,47.6575,-122.3115,,US,73,,False
node_07759,node_07759,43.5195,13.3885,,IT,60822,,False
node_07760,node_07760,43.9085,12.8985,,IT,202613,,False
node_07761,node_07761,35.6875,139.6905,,JP,63949,,False
node_07762,node_07762,50.1215,8.6815,,DE,34927,,False
node_07763,node_07763,56.9715,24.1115,,LV,12578,,False
node_07764,node_07764,40.5615,-74.4785,,US,59678,,False
node_07765,node_07765,56.9495,24.0975,,LV,56630,,False
node_07766,node_07766,54.7405,55.9675,,RU,24955,,False
node_07767,node_07767,42.8885,-8.5425,,ES,12338,,False
node_07768,node_07768,40.4385,-3.6225,,ES,42612,,False
node_07769,node_07769,50.6015,2.7875,,FR,12322,,False
node_07770,node_07770,45.6985,13.7285,,IT,204471,,False
node_07771,node_07771,49.8595,8.7885,,DE,199918,,False
node_07772,node_07772,34.0505,-118.2415,,US,23428,,False
node_07773,node_07773,50.7415,7.1185,,DE,8422,,False
node_07774,node_07774,51.6785,4.9495,,NL,15435,,False
node_07775,node_07775,46.7815,6.6395,,CH,6730,,False
node_07776,node_07776,51.4585,7.3305,,DE,3209,,False
node_07777,node_07777,48.1185,11.6005,,DE,3320,,False
node_07778,node_07778,35.5815,-97.7295,,US,7018,,False
node_07779,node_07779,52.3695,4.9015,,NL,31898,,False
node_07780,node_07780,50.1095,8.6815,,DE,31898,,False
node_07781,node_07781,33.7805,-84.3485,,US,63949,,False
node_07782,node_07782,32.9505,-96.7285,,US,63949,,False
node_07783,node_07783,51.5115,-0.1285,,GB,63949,,False
node_07784,node_07784,35.2475,140.0115,,JP,63949,,False
node_07785,node_07785,48.9975,12.0815,,DE,12611,,False
node_07786,node_07786,13.7405,100.5815,,TH,131445,,False
node_07787,node_07787,44.6475,10.9175,,IT,3269,,False
node_07788,node_07788,22.2815,114.1775,,HK,31713,,False
node_07789,node_07789,44.7475,20.4275,,RS,8400,,False
node_07790,node_07790,28.4585,77.0275,,IN,24560,,False
node_07791,node_07791,50.4585,30.5275,,UA,8772,,False
node_07792,node_07792,51.4595,7.4575,,DE,3320,,False
node_07793,node_07793,52.1875,20.9185,,PL,47301,,False
node_07794,node_07794,41.3885,2.1585,,ES,3352,,False
node_07795,node_07795,59.9095,10.7385,,NO,25400,,False
node_07796,node_07796,59.2805,18.1185,,SE,8473,,False
node_07797,node_07797,18.5705,-72.2715,,HT,14593,,False
node_07798,node_07798,35.8915,-78.9215,,US,16591,,False
node_07799,node_07799,48.9475,9.4285,,DE,3209,,False
node_07800,node_07800,41.0305,28.9485,,TR,15924,,False
node_07801,node_07801,40.6075,-74.1805,,US,401612,,False
node_07802,node_07802,52.3195,21.0695,,PL,41676,,False
node_07803,node_07803,-33.9125,18.4095,,ZA,37053,,False
node_07804,node_07804,50.1095,8.6795,,DE,44066,,False
node_07805,node_07805,-23.5325,-46.7895,,BR,20473,,False
node_07806,node_07806,52.2395,21.0405,,PL,31229,,False
node_07807,node_07807,38.9915,-84.8895,,US,7871,,False
node_07808,node_07808,49.4495,11.0115,,DE,24940,,False
node_07809,node_07809,51.2215,6.7715,,DE,8881,,False
node_07810,node_07810,45.0695,7.5775,,IT,202870,,False
node_07811,node_07811,34.9875,135.8775,,JP,17511,,False
node_07812,node_07812,34.6915,135.6885,,JP,18081,,False
node_07813,node_07813,34.5275,135.7885,,JP,4713,,False
node_07814,node_07814,31.2205,121.4585,,CN,37963,,False
node_07815,node_07815,25.0705,55.2985,,AE,45102,,False
node_07816,node_07816,30.6715,104.0685,,CN,37963,,False
node_07817,node_07817,22.5515,114.0685,,CN,37963,,False
node_07818,node_07818,22.2775,114.1795,,HK,45102,,False
node_07819,node_07819,1.3675,103.7995,,SG,45102,,False
node_07820,node_07820,35.6885,139.6895,,JP,45102,,False
node_07821,node_07821,38.6895,-77.3005,,US,45102,,False
node_07822,node_07822,50.1195,8.6795,,DE,45102,,False
node_07823,node_07823,51.5005,-0.1205,,GB,45102,,False
node_07824,node_07824,38.9505,-84.8505,,US,7871,,False
node_07825,node_07825,48.8715,6.1195,,FR,35540,,False
node_07826,node_07826,44.8275,-0.6705,,FR,5410,,False
node_07827,node_07827,-27.3125,152.9795,,AU,4764,,False
node_07828,node_07828,38.9905,-77.0295,,US,701,,False
node_07829,node_07829,55.6305,13.1905,,SE,206170,,False
node_07830,node_07830,-20.9385,55.3315,,RE,3215,,False
node_07831,node_07831,47.7875,9.8815,,DE,3320,,False
node_07832,node_07832,45.6185,8.4075,,IT,35617,,False
node_07833,node_07833,45.7495,8.3375,,IT,35617,,False
node_07834,node_07834,50.1215,8.7375,,DE,197071,,False
node_07835,node_07835,53.4595,-2.2525,,GB,15490,,False
node_07836,node_07836,37.7695,-122.4225,,US,14061,,False
node_07837,node_07837,34.2415,-84.3125,,US,7018,,False
node_07838,node_07838,49.4515,11.0085,,DE,24940,,False
node_07839,node_07839,45.5615,-122.9315,,US,212317,,False
node_07840,node_07840,39.0175,-77.4515,,US,213230,,False
node_07841,node_07841,39.5785,-104.9315,,US,32133,,False
node_07842,node_07842,31.1015,77.1695,,IN,24560,,False
node_07843,node_07843,52.2685,21.0395,,PL,42598,,False
node_07844,node_07844,13.7395,100.5795,,TH,133481,,False
node_07845,node_07845,7.7915,-72.2705,,VE,271791,,False
node_07846,node_07846,48.6105,7.7505,,FR,3215,,False
node_07847,node_07847,59.3305,18.0705,,SE,16509,,False
node_07848,node_07848,10.4715,-66.7695,,VE,271791,,False
node_07849,node_07849,48.1975,16.3805,,AT,8447,,False
node_07850,node_07850,51.1705,3.2405,,BE,42160,,False
node_07851,node_07851,49.0015,8.4105,,DE,12843,,False
node_07852,node_07852,53.6005,11.4215,,DE,8351,,False
node_07853,node_07853,35.6915,140.1815,,JP,55391,,False
node_07854,node_07854,51.4015,7.1915,,DE,3320,,False
node_07855,node_07855,52.3585,4.9475,,NL,212635,,False
node_07856,node_07856,47.8695,13.2975,,AT,8445,,False
node_07857,node_07857,36.7405,-4.5625,,ES,3352,,False
node_07858,node_07858,49.7805,24.0675,,UA,207301,,False
node_07859,node_07859,49.2215,6.0575,,FR,41114,,False
node_07860,node_07860,48.9275,2.3485,,FR,208871,,False
node_07861,node_07861,51.0485,3.7185,,BE,5432,,False
node_07862,node_07862,-26.1425,28.2085,,ZA,33764,,False
node_07863,node_07863,38.9685,-94.7815,,US,8560,,False
node_07864,node_07864,35.6295,139.4485,,JP,2518,,False
node_07865,node_07865,40.3805,49.8795,,AZ,57675,,False
node_07866,node_07866,40.3515,49.8395,,AZ,50371,,False
node_07867,node_07867,50.0875,14.3595,,CZ,48926,,False
node_07868,node_07868,37.0915,127.0695,,KR,4766,,False
node_07869,node_07869,50.9695,4.4505,,BE,5432,,False
node_07870,node_07870,-6.1695,106.8305,,ID,46044,,False
node_07871,node_07871,52.2775,6.8005,,NL,1136,,False
node_07872,node_07872,45.7775,3.0915,,FR,3215,,False
node_07873,node_07873,45.3285,9.2115,,IT,203201,,False
node_07874,node_07874,49.0305,8.4715,,DE,12843,,False
node_07875,node_07875,48.9915,1.9515,,FR,3215,,False
node_07876,node_07876,50.8985,14.7975,,DE,3320,,False
node_07877,node_07877,33.8385,132.7675,,JP,17506,,False
node_07878,node_07878,43.8885,12.8975,,IT,198102,,False
node_07879,node_07879,47.3995,8.8275,,CH,34554,,False
node_07880,node_07880,50.1205,8.6675,,DE,16276,,False
node_07881,node_07881,44.8295,-0.6115,,FR,3215,,False
node_07882,node_07882,42.6285,23.3585,,BG,35489,,False
node_07883,node_07883,50.9105,6.1785,,DE,3320,,False
node_07884,node_07884,33.8915,-84.4705,,US,18792,,False
node_07885,node_07885,-7.8725,110.3995,,ID,55666,,False
node_07886,node_07886,48.8615,2.3395,,FR,16276,,False
node_07887,node_07887,51.7885,8.8305,,DE,3209,,False
node_07888,node_07888,39.0415,-92.2595,,US,4581,,False
node_07889,node_07889,33.8375,132.7705,,JP,2518,,False
node_07890,node_07890,45.7985,3.1605,,FR,12322,,False
node_07891,node_07891,48.8595,2.3405,,FR,16276,,False
node_07892,node_07892,50.1115,8.6805,,DE,34927,,False
node_07893,node_07893,-37.6505,144.5715,,AU,151660,,False
node_07894,node_07894,40.6595,22.9575,,GR,215734,,False
node_07895,node_07895,40.7305,-3.8625,,ES,13335,,False
node_07896,node_07896,50.0415,14.3375,,CZ,13036,,False
node_07897,node_07897,51.5795,-0.0425,,GB,201838,,False
node_07898,node_07898,51.4315,6.7975,,DE,3320,,False
node_07899,node_07899,48.7615,7.5985,,FR,12322,,False
node_07900,node_07900,48.8575,2.3485,,FR,12876,,False
node_07901,node_07901,55.7585,37.6185,,RU,206904,,False
node_07902,node_07902,21.8405,76.3495,,IN,136342,,False
node_07903,node_07903,44.5475,7.7195,,IT,13113,,False
node_07904,node_07904,52.0295,4.3795,,NL,1136,,False
node_07905,node_07905,52.0705,4.2995,,NL,50266,,False
node_07906,node_07906,55.7405,37.6095,,RU,206904,,False
node_07907,node_07907,1.3115,103.8195,,SG,14061,,False
node_07908,node_07908,59.5115,18.0595,,SE,8473,,False
node_07909,node_07909,49.7895,6.0805,,LU,53667,,False
node_07910,node_07910,30.3115,-95.4595,,US,5650,,False
node_07911,node_07911,48.6775,9.1605,,DE,3320,,False
node_07912,node_07912,40.0015,116.3305,,CN,4538,,False
node_07913,node_07913,48.1795,16.3615,,AT,47692,,False
node_07914,node_07914,49.4495,11.0815,,DE,24940,,False
node_07915,node_07915,-37.8315,145.0715,,AU,58511,,False
node_07916,node_07916,47.2395,6.0215,,FR,12322,,False
node_07917,node_07917,43.6475,-79.3625,,CA,835,,False
node_07918,node_07918,55.5185,36.9675,,RU,211134,,False
node_07919,node_07919,43.6495,-116.2225,,US,11492,,False
node_07920,node_07920,33.4905,-117.1025,,US,5650,,False
node_07921,node_07921,46.3115,10.7575,,IT,202613,,False
node_07922,node_07922,39.9495,-75.1615,,US,701,,False
node_07923,node_07923,51.4495,7.2685,,DE,29484,,False
node_07924,node_07924,18.7905,98.9885,,TH,45758,,False
node_07925,node_07925,58.3915,26.8285,,EE,1257,,False
node_07926,node_07926,58.3815,26.7285,,EE,2586,,False
node_07927,node_07927,50.4595,4.5285,,BE,5432,,False
node_07928,node_07928,51.2875,9.4195,,DE,3209,,False
node_07929,node_07929,56.4585,-2.9705,,GB,13037,,False
node_07930,node_07930,50.0995,8.6295,,DE,31898,,False
node_07931,node_07931,49.1715,0.7895,,FR,15557,,False
node_07932,node_07932,51.7375,7.1695,,DE,3209,,False
node_07933,node_07933,51.5385,7.2095,,DE,31184,,False
node_07934,node_07934,51.5105,-0.1305,,GB,63949,,False
node_07935,node_07935,40.7905,-74.0605,,US,14061,,False
node_07936,node_07936,50.6415,7.1895,,DE,3209,,False
node_07937,node_07937,55.7405,37.6105,,RU,20655,,False
node_07938,node_07938,45.4415,11.0005,,IT,137,,False
node_07939,node_07939,50.9395,6.7815,,DE,8422,,False
node_07940,node_07940,49.4475,11.0815,,DE,24940,,False
node_07941,node_07941,48.8575,2.3415,,FR,16276,,False
node_07942,node_07942,39.9485,-75.1585,,US,19529,,False
node_07943,node_07943,37.7795,-122.4185,,US,19529,,False
node_07944,node_07944,55.6615,12.4115,,DK,203953,,False
node_07945,node_07945,24.0015,120.9975,,TW,9919,,False
node_07946,node_07946,48.9275,2.3475,,FR,60362,,False
node_07947,node_07947,52.9585,10.5375,,DE,3209,,False
node_07948,node_07948,45.0485,7.6685,,IT,202870,,False
node_07949,node_07949,50.4405,30.6185,,UA,48278,,False
node_07950,node_07950,51.9385,1.2885,,GB,13037,,False
node_07951,node_07951,56.8395,60.6495,,RU,210756,,False
node_07952,node_07952,-17.8325,31.0495,,ZW,37204,,False
node_07953,node_07953,59.9275,30.3395,,RU,210756,,False
node_07954,node_07954,55.0385,82.9395,,RU,210756,,False
node_07955,node_07955,55.7485,37.6195,,RU,210756,,False
node_07956,node_07956,48.4805,135.0695,,RU,210756,,False
node_07957,node_07957,47.1315,15.4295,,AT,8447,,False
node_07958,node_07958,50.0295,14.2405,,CZ,34911,,False
node_07959,node_07959,50.4805,12.3305,,DE,24940,,False
node_07960,node_07960,46.0715,14.5205,,SI,197944,,False
node_07961,node_07961,49.9175,10.7815,,DE,3320,,False
node_07962,node_07962,49.1185,9.1515,,DE,62336,,False
node_07963,node_07963,48.8575,2.3475,,FR,20473,,False
node_07964,node_07964,42.8895,-78.8825,,US,36352,,False
node_07965,node_07965,54.2085,8.9185,,DE,207790,,False
node_07966,node_07966,3.0705,101.5685,,MY,38466,,False
node_07967,node_07967,52.3705,4.8895,,NL,211588,,False
node_07968,node_07968,35.7075,51.3995,,IR,43965,,False
node_07969,node_07969,1.2685,103.8295,,SG,9506,,False
node_07970,node_07970,50.1115,8.6795,,DE,47447,,False
node_07971,node_07971,52.3775,8.9705,,DE,42965,,False
node_07972,node_07972,42.0575,12.3305,,IT,1267,,False
node_07973,node_07973,50.1085,8.6805,,DE,199471,,False
node_07974,node_07974,35.7095,51.4005,,IR,43965,,False
node_07975,node_07975,1.3805,103.7505,,SG,4773,,False
node_07976,node_07976,50.9815,5.8705,,NL,15435,,False
node_07977,node_07977,48.9075,8.4305,,DE,3209,,False
node_07978,node_07978,10.3295,123.9105,,PH,4775,,False
node_07979,node_07979,35.7415,51.4005,,IR,12880,,False
node_07980,node_07980,36.3015,59.6105,,IR,12880,,False
node_07981,node_07981,-37.8115,144.9615,,AU,31898,,False
node_07982,node_07982,51.2295,6.7715,,DE,204035,,False
node_07983,node_07983,52.2185,6.0015,,NL,1136,,False
node_07984,node_07984,50.0995,8.6315,,DE,200187,,False
node_07985,node_07985,40.4175,-3.6925,,ES,205697,,False
node_07986,node_07986,48.7185,21.2575,,SK,2607,,False
node_07987,node_07987,37.4795,-5.9325,,ES,205697,,False
node_07988,node_07988,12.9895,80.2575,,IN,24309,,False
node_07989,node_07989,39.4705,-0.4125,,ES,57269,,False
node_07990,node_07990,35.6175,139.7475,,JP,18526,,False
node_07991,node_07991,50.0995,8.6285,,DE,31898,,False
node_07992,node_07992,63.7615,-68.5515,,CA,53910,,False
node_07993,node_07993,50.6815,4.6895,,BE,47377,,False
node_07994,node_07994,55.7575,37.6205,,RU,49813,,False
node_07995,node_07995,24.9485,121.2105,,TW,3462,,False
node_07996,node_07996,47.1215,7.8005,,CH,3303,,False
node_07997,node_07997,24.9675,121.1915,,TW,3462,,False
node_07998,node_07998,58.0285,56.0215,,RU,12389,,False
node_07999,node_07999,39.3795,-76.6785,,US,701,,False
node_08000,node_08000,51.2105,4.3475,,BE,57225,,False
node_08001,node_08001,28.3875,-81.4825,,US,33363,,False
node_08002,node_08002,-23.5405,-46.5825,,BR,212238,,False
node_08003,node_08003,50.1395,8.7375,,DE,34549,,False
node_08004,node_08004,45.3815,9.7775,,IT,202613,,False
node_08005,node_08005,51.1075,6.9485,,DE,207871,,False
node_08006,node_08006,37.8815,-122.2515,,US,16,,False
node_08007,node_08007,62.8075,-92.0905,,CA,14593,,False
node_08008,node_08008,61.7785,34.3595,,RU,47236,,False
node_08009,node_08009,40.2075,-75.3005,,US,701,,False
node_08010,node_08010,42.4285,-71.0705,,US,701,,False
node_08011,node_08011,42.8895,-78.8805,,US,36352,,False
node_08012,node_08012,45.4805,9.0995,,IT,41720,,False
node_08013,node_08013,22.3585,114.1205,,HK,7720,,False
node_08014,node_08014,51.5075,-0.2285,,GB,201838,,False
node_08015,node_08015,51.4215,4.3215,,NL,1136,,False
node_08016,node_08016,38.4215,27.5415,,TR,12735,,False
node_08017,node_08017,50.1175,8.6575,,DE,3320,,False
node_08018,node_08018,48.3785,10.0075,,DE,25538,,False
node_08019,node_08019,52.2695,104.3175,,RU,51645,,False
node_08020,node_08020,49.4405,11.8675,,DE,8767,,False
node_08021,node_08021,40.2105,-88.3925,,US,23473,,False
node_08022,node_08022,37.3515,-121.9625,,US,7922,,False
node_08023,node_08023,43.3575,5.3395,,FR,30781,,False
node_08024,node_08024,45.8085,4.7695,,FR,30781,,False
node_08025,node_08025,48.8585,2.3395,,FR,30781,,False
node_08026,node_08026,43.6095,7.0695,,FR,30781,,False
node_08027,node_08027,48.9295,2.3495,,FR,30781,,False
node_08028,node_08028,45.9105,6.0995,,FR,30781,,False
node_08029,node_08029,45.7405,4.8895,,FR,30781,,False
node_08030,node_08030,48.8615,2.3795,,FR,30781,,False
node_08031,node_08031,48.9115,2.3695,,FR,30781,,False
node_08032,node_08032,48.1075,-1.6105,,FR,30781,,False
node_08033,node_08033,44.8875,-0.5605,,FR,30781,,False
node_08034,node_08034,48.3385,-4.3905,,FR,5410,,False
node_08035,node_08035,59.1695,10.2095,,NO,210152,,False
node_08036,node_08036,48.1205,-1.6805,,FR,12322,,False
node_08037,node_08037,44.4515,26.1195,,RO,25198,,False
node_08038,node_08038,-33.8725,151.2005,,AU,136557,,False
node_08039,node_08039,48.1295,-1.6495,,FR,12322,,False
node_08040,node_08040,49.8205,8.7105,,DE,6805,,False
node_08041,node_08041,10.4975,-66.8295,,VE,174,,False
node_08042,node_08042,2.9095,101.6615,,MY,142412,,False
node_08043,node_08043,50.0995,13.4715,,CZ,203488,,False
node_08044,node_08044,44.4215,12.1515,,IT,62166,,False
node_08045,node_08045,43.4095,-80.4485,,CA,577,,False
node_08046,node_08046,13.7575,100.5275,,TH,133481,,False
node_08047,node_08047,44.9785,8.0575,,IT,202613,,False
node_08048,node_08048,60.3395,25.0275,,FI,24940,,False
node_08049,node_08049,-6.2225,106.7975,,ID,4787,,False
node_08050,node_08050,-33.8685,151.2085,,AU,8888,,False
node_08051,node_08051,52.4885,13.4495,,DE,8820,,False
node_08052,node_08052,48.6505,9.8495,,DE,14593,,False
node_08053,node_08053,48.6515,9.8495,,DE,41998,,False
node_08054,node_08054,49.7985,73.0905,,KZ,202293,,False
node_08055,node_08055,52.0395,8.5705,,DE,198967,,False
node_08056,node_08056,43.7415,1.3705,,FR,3215,,False
node_08057,node_08057,49.8095,19.0815,,PL,5617,,False
node_08058,node_08058,47.6805,8.6315,,CH,8758,,False
node_08059,node_08059,37.9775,23.7315,,GR,199081,,False
node_08060,node_08060,40.6385,22.9415,,GR,199081,,False
node_08061,node_08061,43.1485,12.1075,,IT,12874,,False
node_08062,node_08062,28.6305,-81.4425,,US,6364,,False
node_08063,node_08063,-6.5995,106.8075,,ID,142348,,False
node_08064,node_08064,51.5115,6.8675,,DE,200846,,False
node_08065,node_08065,51.5615,9.9075,,DE,8881,,False
node_08066,node_08066,46.6085,15.1675,,SI,2107,,False
node_08067,node_08067,1.3485,103.8185,,SG,150436,,False
node_08068,node_08068,39.7695,-105.0415,,US,7922,,False
node_08069,node_08069,48.7175,6.2585,,FR,12322,,False
node_08070,node_08070,49.4505,11.0785,,DE,197540,,False
node_08071,node_08071,45.0695,-122.6905,,US,18516,,False
node_08072,node_08072,47.8295,16.9195,,AT,8339,,False
node_08073,node_08073,50.0505,22.0895,,PL,16110,,False
node_08074,node_08074,25.0715,121.5795,,TW,131645,,False
node_08075,node_08075,49.0075,12.1295,,DE,12611,,False
node_08076,node_08076,49.0285,12.1295,,DE,12611,,False
node_08077,node_08077,49.0195,12.0595,,DE,12611,,False
node_08078,node_08078,49.0205,12.1095,,DE,12611,,False
node_08079,node_08079,57.1215,65.5695,,RU,6206,,False
node_08080,node_08080,37.9875,23.7405,,GR,25472,,False
node_08081,node_08081,37.8575,23.7705,,GR,51505,,False
node_08082,node_08082,47.5185,-122.6195,,US,16713,,False
node_08083,node_08083,47.1785,8.4305,,CH,59741,,False
node_08084,node_08084,46.6075,15.1715,,SI,2107,,False
node_08085,node_08085,44.1585,-79.8585,,CA,5645,,False
node_08086,node_08086,37.5495,-121.9885,,US,22296,,False
node_08087,node_08087,53.6415,55.9395,,RU,28812,,False
node_08088,node_08088,49.7815,7.0405,,DE,202693,,False
node_08089,node_08089,42.2285,14.4405,,IT,202870,,False
node_08090,node_08090,51.3305,-0.2495,,GB,13285,,False
node_08091,node_08091,47.5485,7.5815,,CH,3250,,False
node_08092,node_08092,-27.6815,152.8015,,AU,4764,,False
node_08093,node_08093,-6.5985,106.8115,,ID,141626,,False
node_08094,node_08094,-6.2585,106.8115,,ID,141626,,False
node_08095,node_08095,45.5975,-121.1885,,US,396982,,False
node_08096,node_08096,51.2985,9.4915,,DE,8560,,False
node_08097,node_08097,45.0705,7.6915,,IT,1267,,False
node_08098,node_08098,-33.5885,-70.6385,,CL,20015,,False
node_08099,node_08099,37.8015,-122.4485,,US,7922,,False
node_08100,node_08100,50.5375,14.1375,,CZ,5610,,False
node_08101,node_08101,50.0585,15.8375,,CZ,204666,,False
node_08102,node_08102,39.1415,-94.5815,,US,54148,,False
node_08103,node_08103,42.6015,-83.4315,,US,7922,,False
node_08104,node_08104,49.3475,6.1705,,FR,12322,,False
node_08105,node_08105,38.4505,-90.4595,,US,7018,,False
node_08106,node_08106,50.7175,3.1615,,FR,3215,,False
node_08107,node_08107,48.8685,2.3415,,FR,12322,,False
node_08108,node_08108,50.1085,8.6815,,DE,34927,,False
node_08109,node_08109,35.8175,10.6275,,TN,327934,,False
node_08110,node_08110,51.2985,9.4875,,DE,62269,,False
node_08111,node_08111,49.4515,11.0775,,DE,24940,,False
node_08112,node_08112,35.7015,139.7885,,JP,55391,,False
node_08113,node_08113,1.3095,103.6785,,SG,20473,,False
node_08114,node_08114,-33.8995,151.1885,,AU,20473,,False
node_08115,node_08115,20.0105,73.7485,,IN,24560,,False
node_08116,node_08116,51.0385,11.0095,,DE,3320,,False
node_08117,node_08117,28.4295,77.0895,,IN,133982,,False
node_08118,node_08118,51.4015,-0.7505,,GB,5378,,False
node_08119,node_08119,42.1705,-8.6895,,ES,57656,,False
node_08120,node_08120,53.5805,10.0305,,DE,8881,,False
node_08121,node_08121,52.2515,6.2605,,NL,15435,,False
node_08122,node_08122,50.9405,-1.3995,,GB,5089,,False
node_08123,node_08123,45.8185,8.8215,,IT,202870,,False
node_08124,node_08124,52.1985,20.6215,,PL,47790,,False
node_08125,node_08125,39.0995,-94.5785,,US,216107,,False
node_08126,node_08126,52.3715,4.8915,,NL,210429,,False
node_08127,node_08127,52.4415,-1.8385,,GB,56478,,False
node_08128,node_08128,42.1675,-8.6925,,ES,3352,,False
node_08129,node_08129,47.6905,9.5575,,DE,3320,,False
node_08130,node_08130,25.4475,49.5675,,SA,35819,,False
node_08131,node_08131,46.4685,11.3085,,IT,207146,,False
node_08132,node_08132,53.1175,50.0785,,RU,34533,,False
node_08133,node_08133,49.0985,12.4885,,DE,24940,,False
node_08134,node_08134,40.3515,18.1885,,IT,202613,,False
node_08135,node_08135,46.1815,5.7395,,FR,3215,,False
node_08136,node_08136,42.9595,-81.2095,,CA,7794,,False
node_08137,node_08137,28.4215,77.0705,,IN,132453,,False
node_08138,node_08138,48.8095,2.1915,,FR,12322,,False
node_08139,node_08139,41.9005,12.5015,,IT,202613,,False
node_08140,node_08140,52.2705,5.0315,,NL,1136,,False
node_08141,node_08141,52.1315,-0.2085,,GB,2856,,False
node_08142,node_08142,51.7275,8.7215,,DE,3320,,False
node_08143,node_08143,43.5995,3.8575,,FR,12322,,False
node_08144,node_08144,51.3905,-0.2925,,GB,201838,,False
node_08145,node_08145,52.3975,13.0475,,DE,50436,,False
node_08146,node_08146,50.5175,30.7885,,UA,13188,,False
node_08147,node_08147,51.4995,-0.1205,,GB,207841,,False
node_08148,node_08148,35.0795,-92.4705,,US,12231,,False
node_08149,node_08149,-33.9325,151.1505,,AU,134090,,False
node_08150,node_08150,49.8385,18.2905,,CZ,16019,,False
node_08151,node_08151,47.0505,21.9205,,RO,211462,,False
node_08152,node_08152,50.3875,4.9105,,BE,5432,,False
node_08153,node_08153,48.2995,17.2705,,SK,6855,,False
node_08154,node_08154,25.0895,55.1705,,AE,15802,,False
node_08155,node_08155,45.3075,8.8615,,IT,202870,,False
node_08156,node_08156,34.7975,135.3415,,JP,2518,,False
node_08157,node_08157,49.9915,14.4215,,CZ,196735,,False
node_08158,node_08158,37.3875,-122.0885,,US,7922,,False
node_08159,node_08159,52.2785,4.6215,,NL,1136,,False
node_08160,node_08160,35.0085,135.7375,,JP,17511,,False
node_08161,node_08161,47.3185,-2.1925,,FR,12322,,False
node_08162,node_08162,55.9395,23.2375,,LT,16125,,False
node_08163,node_08163,9.9415,76.2675,,IN,151757,,False
node_08164,node_08164,52.0275,5.6185,,NL,12859,,False
node_08165,node_08165,35.6775,139.6285,,JP,2497,,False
node_08166,node_08166,48.5185,7.6495,,FR,12322,,False
node_08167,node_08167,54.6885,25.2795,,LT,61272,,False
node_08168,node_08168,13.9195,100.3895,,TH,9335,,False
node_08169,node_08169,-33.4505,-70.6505,,CL,14593,,False
node_08170,node_08170,58.0005,56.2495,,RU,12768,,False
node_08171,node_08171,46.0505,14.4995,,SI,3212,,False
node_08172,node_08172,-34.1195,18.8495,,ZA,328266,,False
node_08173,node_08173,55.8815,12.9905,,SE,3301,,False
node_08174,node_08174,40.7385,-73.9425,,US,12271,,False
node_08175,node_08175,50.0975,14.4975,,CZ,207451,,False
node_08176,node_08176,52.3915,4.6575,,NL,215680,,False
node_08177,node_08177,52.0015,4.2085,,NL,60790,,False
node_08178,node_08178,47.8415,35.1385,,UA,60754,,False
node_08179,node_08179,47.8775,35.0685,,UA,15738,,False
node_08180,node_08180,47.8375,35.1385,,UA,198030,,False
node_08181,node_08181,50.1085,8.6795,,DE,48314,,False
node_08182,node_08182,48.8605,2.3795,,FR,197133,,False
node_08183,node_08183,49.1515,14.7595,,CZ,44489,,False
node_08184,node_08184,48.9275,2.3495,,FR,47160,,False
node_08185,node_08185,50.7205,6.1395,,DE,3209,,False
node_08186,node_08186,24.0985,120.5405,,TW,3462,,False
node_08187,node_08187,52.1385,-106.6295,,CA,11655,,False
node_08188,node_08188,48.8605,-1.5495,,FR,3215,,False
node_08189,node_08189,51.7995,-0.6585,,GB,210667,,False
node_08190,node_08190,-23.6325,-46.6425,,BR,27699,,False
node_08191,node_08191,47.0985,5.4975,,FR,25428,,False
node_08192,node_08192,52.0815,4.3475,,NL,50266,,False
node_08193,node_08193,52.0375,4.3185,,NL,1136,,False
node_08194,node_08194,41.3715,-73.9615,,US,14593,,False
node_08195,node_08195,52.4585,13.3885,,DE,212068,,False
node_08196,node_08196,43.5095,-80.1915,,CA,5645,,False
node_08197,node_08197,42.3015,-85.6315,,US,21928,,False
node_08198,node_08198,47.8495,35.1295,,UA,31520,,False
node_08199,node_08199,47.8395,35.1395,,UA,15895,,False
node_08200,node_08200,48.9275,1.8595,,FR,12322,,False
node_08201,node_08201,-6.1905,106.8195,,ID,45325,,False
node_08202,node_08202,40.1995,44.4995,,AM,49800,,False
node_08203,node_08203,48.6015,11.3795,,DE,3320,,False
node_08204,node_08204,9.9105,-84.0395,,CR,262149,,False
node_08205,node_08205,35.0185,139.0805,,JP,59103,,False
node_08206,node_08206,-6.1485,106.5915,,ID,149744,,False
node_08207,node_08207,53.9215,9.8815,,DE,13101,,False
node_08208,node_08208,50.5305,14.1275,,CZ,59970,,False
node_08209,node_08209,45.8215,10.0775,,IT,35612,,False
node_08210,node_08210,51.2675,6.8175,,DE,215250,,False
node_08211,node_08211,51.2675,6.8175,,DE,215250,,False
node_08212,node_08212,52.4685,13.3675,,DE,215250,,False
node_08213,node_08213,52.4685,13.3675,,DE,215250,,False
node_08214,node_08214,42.8805,74.6075,,KG,207192,,False
node_08215,node_08215,51.8875,5.2785,,NL,33915,,False
node_08216,node_08216,-37.8225,144.9685,,AU,37988,,False
node_08217,node_08217,51.8885,5.2885,,NL,50266,,False
node_08218,node_08218,59.1695,10.2185,,NO,56655,,False
node_08219,node_08219,43.1905,-79.5515,,CA,7992,,False
node_08220,node_08220,52.3115,8.4985,,DE,213281,,False
node_08221,node_08221,51.6695,-3.0115,,GB,6871,,False
node_08222,node_08222,-37.7905,145.2985,,AU,4764,,False
node_08223,node_08223,4.6475,-74.1205,,CO,263210,,False
node_08224,node_08224,55.7395,37.6095,,RU,24955,,False
node_08225,node_08225,55.7395,37.6095,,RU,24955,,False
node_08226,node_08226,52.6515,5.0795,,NL,1136,,False
node_08227,node_08227,48.5885,7.7995,,FR,16276,,False
node_08228,node_08228,49.4485,11.0805,,DE,3209,,False
node_08229,node_08229,35.6895,139.6905,,JP,37904,,False
node_08230,node_08230,27.7305,85.3105,,NP,140050,,False
node_08231,node_08231,52.2475,6.1705,,NL,1136,,False
node_08232,node_08232,47.7195,-1.3785,,FR,14593,,False
node_08233,node_08233,41.7295,44.7375,,GE,35805,,False
node_08234,node_08234,49.4705,7.1475,,DE,3320,,False
node_08235,node_08235,49.6705,18.3575,,CZ,199298,,False
node_08236,node_08236,34.0475,-118.2415,,US,29802,,False
node_08237,node_08237,50.1075,8.6695,,DE,203592,,False
node_08238,node_08238,49.4805,7.1595,,DE,50332,,False
node_08239,node_08239,52.0115,5.7595,,NL,44592,,False
node_08240,node_08240,15.4805,-87.9905,,HN,264773,,False
node_08241,node_08241,51.6675,12.3505,,DE,3320,,False
node_08242,node_08242,49.4495,11.0105,,DE,24940,,False
node_08243,node_08243,51.8475,4.4005,,NL,15435,,False
node_08244,node_08244,55.7375,37.6105,,RU,62040,,False
node_08245,node_08245,51.3985,7.7605,,DE,3320,,False
node_08246,node_08246,43.3375,-4.0585,,ES,35699,,False
node_08247,node_08247,52.1895,0.1915,,GB,5089,,False
node_08248,node_08248,44.6615,20.2015,,RS,31042,,False
node_08249,node_08249,46.7085,6.5715,,CH,13030,,False
node_08250,node_08250,46.5195,6.6215,,CH,6893,,False
node_08251,node_08251,52.1905,20.9215,,PL,215467,,False
node_08252,node_08252,50.7695,1.6075,,FR,15557,,False
node_08253,node_08253,50.7785,7.9475,,DE,3209,,False
node_08254,node_08254,50.4785,12.3275,,DE,24940,,False
node_08255,node_08255,39.1005,-84.6225,,US,22915,,False
node_08256,node_08256,41.9875,-87.9615,,US,20473,,False
node_08257,node_08257,-37.8315,144.9985,,AU,38195,,False
node_08258,node_08258,60.1695,24.9385,,FI,7578,,False
node_08259,node_08259,23.2375,77.4285,,IN,136342,,False
node_08260,node_08260,55.7485,37.4285,,RU,42787,,False
node_08261,node_08261,50.1215,8.7485,,DE,211301,,False
node_08262,node_08262,42.7015,23.3185,,BG,202422,,False
node_08263,node_08263,-26.2325,28.0595,,ZA,199524,,False
node_08264,node_08264,-34.1215,18.3795,,ZA,328266,,False
node_08265,node_08265,-33.9005,151.1895,,AU,20473,,False
node_08266,node_08266,37.4675,-121.9205,,US,6939,,False
node_08267,node_08267,22.2775,114.1795,,HK,202422,,False
node_08268,node_08268,22.2585,114.1695,,HK,9312,,False
node_08269,node_08269,37.3795,-122.0305,,US,400930,,False
node_08270,node_08270,-33.4405,-70.6605,,CL,27678,,False
node_08271,node_08271,19.0315,73.0095,,IN,202422,,False
node_08272,node_08272,34.6915,135.4995,,JP,4785,,False
node_08273,node_08273,37.5575,126.9205,,KR,20473,,False
node_08274,node_08274,1.3675,103.8005,,SG,202422,,False
node_08275,node_08275,51.2195,6.7805,,DE,3214,,False
node_08276,node_08276,53.1105,8.8505,,DE,680,,False
node_08277,node_08277,59.4405,24.7405,,EE,3214,,False
node_08278,node_08278,47.5015,19.0405,,HU,202422,,False
node_08279,node_08279,45.4675,9.1905,,IT,202422,,False
node_08280,node_08280,43.2475,76.9105,,KZ,202422,,False
node_08281,node_08281,46.9985,28.8605,,MD,202422,,False
node_08282,node_08282,44.4185,26.1705,,RO,202422,,False
node_08283,node_08283,59.3095,18.0905,,SE,8473,,False
node_08284,node_08284,41.0205,28.9905,,TR,49334,,False
node_08285,node_08285,41.0015,28.8505,,TR,202422,,False
node_08286,node_08286,50.4615,30.5305,,UA,202422,,False
node_08287,node_08287,51.2675,0.5215,,GB,62217,,False
node_08288,node_08288,51.5075,-0.1285,,GB,202422,,False
node_08289,node_08289,20.5685,-100.2885,,MX,202422,,False
node_08290,node_08290,37.3895,-121.9585,,US,202422,,False
node_08291,node_08291,37.7495,-97.8185,,US,50131,,False
node_08292,node_08292,39.0505,-77.4885,,US,213230,,False
node_08293,node_08293,25.7815,-80.1785,,US,202422,,False
node_08294,node_08294,41.8475,-87.6285,,US,202422,,False
node_08295,node_08295,34.0475,-118.2685,,US,202422,,False
node_08296,node_08296,47.3795,-122.2885,,US,20473,,False
node_08297,node_08297,37.3495,-121.9685,,US,14061,,False
node_08298,node_08298,38.7505,-77.4685,,US,30633,,False
node_08299,node_08299,32.7805,-96.7985,,US,13767,,False
node_08300,node_08300,-23.4385,-46.9185,,BR,202422,,False
node_08301,node_08301,-12.0485,-77.0285,,PE,202422,,False
node_08302,node_08302,35.5875,-82.5525,,US,15085,,False
node_08303,node_08303,49.7175,18.0775,,CZ,197197,,False
node_08304,node_08304,50.7775,6.0775,,DE,8422,,False
node_08305,node_08305,52.3885,4.6575,,NL,212855,,False
node_08306,node_08306,52.3585,4.9475,,NL,212855,,False
node_08307,node_08307,47.3315,8.7975,,CH,13030,,False
node_08308,node_08308,37.4675,-121.9215,,US,400930,,False
node_08309,node_08309,51.5085,-0.0015,,GB,51263,,False
node_08310,node_08310,33.5795,130.4185,,JP,4685,,False
node_08311,node_08311,47.8395,35.1385,,UA,43022,,False
node_08312,node_08312,44.8005,-0.5915,,FR,5410,,False
node_08313,node_08313,48.8615,2.3385,,FR,12322,,False
node_08314,node_08314,51.4885,-0.1605,,GB,212683,,False
node_08315,node_08315,47.8405,35.1395,,UA,15738,,False
node_08316,node_08316,52.4875,13.3995,,DE,3320,,False
node_08317,node_08317,40.8195,-85.4505,,US,14593,,False
node_08318,node_08318,43.4585,-3.8495,,ES,12334,,False
node_08319,node_08319,54.0905,12.1305,,DE,3320,,False
node_08320,node_08320,37.5215,-121.9195,,US,19625,,False
node_08321,node_08321,28.5585,-81.7695,,US,209,,False
node_08322,node_08322,1.3715,103.8005,,SG,16276,,False
node_08323,node_08323,51.5175,-0.0885,,GB,16276,,False
node_08324,node_08324,37.7685,-122.4185,,US,7922,,False
node_08325,node_08325,39.1195,-88.5385,,US,400496,,False
node_08326,node_08326,39.7315,-89.9085,,US,14858,,False
node_08327,node_08327,51.6175,0.0015,,,207841,,False
node_08328,node_08328,22.2615,114.1715,,HK,10222,,False
node_08329,node_08329,50.8285,4.3675,,BE,12392,,False
node_08330,node_08330,35.4585,139.6175,,JP,9607,,False
node_08331,node_08331,45.8205,4.6575,,FR,3215,,False
node_08332,node_08332,46.7975,-71.3125,,CA,33185,,False
node_08333,node_08333,41.3595,1.8775,,ES,3352,,False
node_08334,node_08334,50.1005,8.6275,,DE,57821,,False
node_08335,node_08335,19.0305,73.0275,,IN,141995,,False
node_08336,node_08336,38.9515,-105.2225,,US,14593,,False
node_08337,node_08337,43.9775,12.6985,,IT,43989,,False
node_08338,node_08338,45.7015,8.7995,,IT,202870,,False
node_08339,node_08339,33.2875,-86.8605,,US,7018,,False
node_08340,node_08340,40.7375,-74.1705,,US,63949,,False
node_08341,node_08341,41.1575,-83.4195,,US,10796,,False
node_08342,node_08342,52.7085,6.4805,,NL,12414,,False
node_08343,node_08343,51.7285,-1.2195,,GB,5089,,False
node_08344,node_08344,52.4995,13.4815,,DE,3209,,False
node_08345,node_08345,51.5115,0.0015,,GB,52041,,False
node_08346,node_08346,49.0485,8.0315,,DE,8899,,False
node_08347,node_08347,-8.3105,114.2915,,ID,149714,,False
node_08348,node_08348,38.9605,-90.1885,,US,40702,,False
node_08349,node_08349,40.1775,44.5175,,AM,207810,,False
node_08350,node_08350,40.1775,44.5175,,AM,49800,,False
node_08351,node_08351,49.7895,6.0775,,LU,214696,,False
node_08352,node_08352,47.6185,-122.3525,,US,215069,,False
node_08353,node_08353,32.4395,-81.7725,,US,35986,,False
node_08354,node_08354,-41.0795,175.4575,,NZ,23655,,False
node_08355,node_08355,52.3875,4.6585,,NL,8283,,False
node_08356,node_08356,48.4195,8.7585,,DE,200924,,False
node_08357,node_08357,48.9715,8.1885,,FR,51167,,False
node_08358,node_08358,46.9475,7.4485,,CH,53667,,False
node_08359,node_08359,54.3095,9.6785,,DE,8881,,False
node_08360,node_08360,50.1405,8.7385,,DE,34549,,False
node_08361,node_08361,-3.3395,-79.0615,,EC,52468,,False
node_08362,node_08362,52.2475,-1.3205,,GB,47638,,False
node_08363,node_08363,53.5785,-1.4105,,GB,5378,,False
node_08364,node_08364,53.5895,-2.7705,,GB,5378,,False
node_08365,node_08365,48.9295,2.3495,,FR,35353,,False
node_08366,node_08366,52.3815,4.6395,,NL,50266,,False
node_08367,node_08367,44.8485,-0.6095,,FR,3215,,False
node_08368,node_08368,49.6075,6.1105,,LU,8632,,False
node_08369,node_08369,49.4485,11.0805,,DE,197540,,False
node_08370,node_08370,48.1385,11.5805,,DE,202401,,False
node_08371,node_08371,-6.2105,107.0405,,ID,139994,,False
node_08372,node_08372,41.8915,12.5105,,IT,12874,,False
node_08373,node_08373,48.8715,2.3205,,FR,12322,,False
node_08374,node_08374,-3.0605,-78.7985,,EC,272819,,False
node_08375,node_08375,40.7105,-74.0085,,US,9009,,False
node_08376,node_08376,48.9105,2.3715,,FR,35353,,False
node_08377,node_08377,51.4485,6.7415,,DE,3320,,False
node_08378,node_08378,-3.4105,-78.5725,,EC,52468,,False
node_08379,node_08379,50.4075,-3.8115,,GB,2856,,False
node_08380,node_08380,40.3915,-111.8515,,US,6315,,False
node_08381,node_08381,-1.3285,36.8685,,KE,328977,,False
node_08382,node_08382,52.4375,13.5395,,DE,3209,,False
node_08383,node_08383,50.8385,19.1295,,PL,39489,,False
node_08384,node_08384,35.3595,132.6995,,JP,4713,,False
node_08385,node_08385,49.4515,11.0695,,DE,24940,,False
node_08386,node_08386,45.4195,8.9395,,IT,35612,,False
node_08387,node_08387,45.8495,9.3995,,IT,51580,,False
node_08388,node_08388,46.8305,-100.9005,,US,11232,,False
node_08389,node_08389,49.9415,15.7995,,CZ,200474,,False
node_08390,node_08390,60.9975,24.4705,,FI,1759,,False
node_08391,node_08391,59.3585,27.4105,,EE,198068,,False
node_08392,node_08392,38.9195,-77.0495,,US,701,,False
node_08393,node_08393,51.1515,2.7605,,BE,6848,,False
node_08394,node_08394,52.3495,4.9605,,NL,31898,,False
node_08395,node_08395,-33.9285,18.8505,,ZA,15022,,False
node_08396,node_08396,44.8015,10.3205,,IT,8968,,False
node_08397,node_08397,45.4675,9.1915,,IT,30848,,False
node_08398,node_08398,44.6475,10.9215,,IT,198102,,False
node_08399,node_08399,50.6885,3.2015,,FR,16276,,False
node_08400,node_08400,37.5485,-121.9885,,US,1050,,False
node_08401,node_08401,50.1115,14.4315,,CZ,215305,,False
node_08402,node_08402,51.5515,7.2115,,DE,3320,,False
node_08403,node_08403,32.7805,-96.7885,,US,198990,,False
node_08404,node_08404,55.7605,37.6215,,RU,62283,,False
node_08405,node_08405,13.7015,100.4515,,TH,133481,,False
node_08406,node_08406,13.8215,100.6515,,TH,58955,,False
node_08407,node_08407,51.3685,12.4675,,DE,13251,,False
node_08408,node_08408,47.5105,11.2775,,DE,3320,,False
node_08409,node_08409,51.4915,-1.3525,,GB,56329,,False
node_08410,node_08410,52.5185,13.3975,,DE,8560,,False
node_08411,node_08411,50.9095,-1.4125,,GB,48101,,False
node_08412,node_08412,53.7515,9.9975,,DE,15943,,False
node_08413,node_08413,38.4175,27.1885,,TR,3188,,False
node_08414,node_08414,29.6085,52.5185,,IR,58224,,False
node_08415,node_08415,59.9085,10.7585,,NO,50304,,False
node_08416,node_08416,35.7175,51.3295,,IR,25184,,False
node_08417,node_08417,33.8185,-118.3305,,US,20001,,False
node_08418,node_08418,43.2485,5.3795,,FR,12322,,False
node_08419,node_08419,54.3595,10.1295,,DE,3209,,False
node_08420,node_08420,54.6795,25.2605,,LT,34689,,False
node_08421,node_08421,52.3605,4.9505,,NL,57866,,False
node_08422,node_08422,52.3815,9.7305,,DE,6805,,False
node_08423,node_08423,52.2175,6.8905,,NL,39686,,False
node_08424,node_08424,52.3475,4.9405,,NL,31898,,False
node_08425,node_08425,50.0985,8.6305,,DE,29066,,False
node_08426,node_08426,-23.5305,-46.7895,,BR,20473,,False
node_08427,node_08427,50.3595,7.5905,,DE,8881,,False
node_08428,node_08428,38.7105,-9.1695,,PT,3243,,False
node_08429,node_08429,51.5205,4.3905,,NL,15435,,False
node_08430,node_08430,50.4615,30.5305,,UA,48438,,False
node_08431,node_08431,-33.4215,-70.6185,,CL,262237,,False
node_08432,node_08432,53.6885,9.8115,,DE,13101,,False
node_08433,node_08433,56.0185,14.1615,,SE,34622,,False
node_08434,node_08434,39.1395,-94.5785,,US,47689,,False
node_08435,node_08435,6.3405,-75.5585,,CO,10620,,False
node_08436,node_08436,38.8005,0.0815,,ES,214286,,False
node_08437,node_08437,39.7775,-86.0425,,US,26006,,False
node_08438,node_08438,49.4485,11.0675,,DE,197540,,False
node_08439,node_08439,-3.9915,-79.2025,,EC,270009,,False
node_08440,node_08440,53.6405,10.0375,,DE,3320,,False
node_08441,node_08441,50.1205,8.7375,,DE,206996,,False
node_08442,node_08442,37.3515,-121.9725,,US,7018,,False
node_08443,node_08443,-45.8925,170.3475,,NZ,64073,,False
node_08444,node_08444,52.3075,9.8075,,DE,6805,,False
node_08445,node_08445,52.3775,10.4485,,DE,8899,,False
node_08446,node_08446,41.6805,44.8385,,GE,16010,,False
node_08447,node_08447,35.6215,139.7385,,JP,34081,,False
node_08448,node_08448,52.5215,13.3985,,DE,8560,,False
node_08449,node_08449,1.4115,103.8985,,SG,4773,,False
node_08450,node_08450,1.4385,103.8295,,SG,18106,,False
node_08451,node_08451,45.9795,4.7595,,FR,2027,,False
node_08452,node_08452,52.3605,4.9495,,NL,39563,,False
node_08453,node_08453,45.3175,9.2105,,IT,31898,,False
node_08454,node_08454,50.9975,6.8115,,DE,8422,,False
node_08455,node_08455,60.1185,19.9015,,AX,200137,,False
node_08456,node_08456,55.5995,12.3215,,DK,203953,,False
node_08457,node_08457,41.8575,-72.2985,,US,20115,,False
node_08458,node_08458,39.8195,-84.0185,,US,6181,,False
node_08459,node_08459,49.8695,8.5615,,DE,3320,,False
node_08460,node_08460,50.1205,8.6815,,DE,216127,,False
node_08461,node_08461,49.4515,11.0115,,DE,24940,,False
node_08462,node_08462,50.8975,12.9175,,DE,3320,,False
node_08463,node_08463,50.1085,8.6675,,DE,31898,,False
node_08464,node_08464,35.6585,139.6775,,JP,2501,,False
node_08465,node_08465,22.9985,120.2275,,TW,7539,,False
node_08466,node_08466,52.4285,4.6585,,NL,15435,,False
node_08467,node_08467,47.2995,8.0485,,CH,13030,,False
node_08468,node_08468,43.5995,1.4385,,FR,12322,,False
node_08469,node_08469,43.7105,-79.4115,,CA,54148,,False
node_08470,node_08470,60.1705,24.9285,,FI,24940,,False
node_08471,node_08471,41.8075,-87.8605,,US,7018,,False
node_08472,node_08472,52.2285,0.1495,,GB,44684,,False
node_08473,node_08473,37.2295,-121.9305,,US,7922,,False
node_08474,node_08474,51.8205,-0.3605,,GB,20712,,False
node_08475,node_08475,51.0215,2.1595,,FR,16276,,False
node_08476,node_08476,40.7075,-112.1205,,US,209,,False
node_08477,node_08477,37.3915,-121.9605,,US,14061,,False
node_08478,node_08478,46.6015,-112.0205,,US,4043,,False
node_08479,node_08479,48.5785,-2.1395,,FR,12322,,False
node_08480,node_08480,56.1895,10.2305,,DK,3308,,False
node_08481,node_08481,52.7195,6.2005,,NL,216333,,False
node_08482,node_08482,50.6805,3.3005,,BE,5432,,False
node_08483,node_08483,10.8195,106.6305,,VN,150826,,False
node_08484,node_08484,13.0075,74.8015,,IN,152533,,False
node_08485,node_08485,32.0795,34.7815,,IL,6810,,False
node_08486,node_08486,50.0415,13.8715,,CZ,196735,,False
node_08487,node_08487,45.6475,-122.5425,,US,7922,,False
node_08488,node_08488,-33.8215,151.1875,,AU,38195,,False
node_08489,node_08489,45.6285,-122.4725,,US,7922,,False
node_08490,node_08490,47.3805,8.5375,,CH,31898,,False
node_08491,node_08491,25.2015,55.2675,,AE,31898,,False
node_08492,node_08492,25.0495,121.5475,,TW,208223,,False
node_08493,node_08493,-37.7385,144.7575,,AU,31898,,False
node_08494,node_08494,-33.7985,150.8775,,AU,31898,,False
node_08495,node_08495,55.8175,37.5785,,RU,8752,,False
node_08496,node_08496,37.4505,-122.2715,,US,7018,,False
node_08497,node_08497,36.0075,-78.9515,,US,7018,,False
node_08498,node_08498,50.4795,12.3385,,DE,24940,,False
node_08499,node_08499,50.3685,3.0795,,FR,3215,,False
node_08500,node_08500,52.0895,5.2295,,NL,1136,,False
node_08501,node_08501,59.3485,17.9795,,SE,8434,,False
node_08502,node_08502,45.8895,6.0495,,FR,211694,,False
node_08503,node_08503,41.3095,-72.9295,,US,46690,,False
node_08504,node_08504,52.5105,5.4505,,NL,1136,,False
node_08505,node_08505,51.9885,4.6715,,NL,201290,,False
node_08506,node_08506,46.6385,14.3415,,AT,34785,,False
node_08507,node_08507,52.3705,4.8915,,NL,200132,,False
node_08508,node_08508,35.6975,139.7415,,JP,55391,,False
node_08509,node_08509,13.0095,77.5715,,IN,55824,,False
node_08510,node_08510,48.8605,2.3415,,FR,21000,,False
node_08511,node_08511,-1.7395,-47.0625,,BR,265484,,False
node_08512,node_08512,48.8615,2.3475,,FR,12876,,False
node_08513,node_08513,29.6175,-95.7225,,US,35847,,False
node_08514,node_08514,53.6685,23.7575,,BY,6697,,False
node_08515,node_08515,-33.9705,18.4575,,ZA,32437,,False
node_08516,node_08516,1.3815,103.8675,,SG,215859,,False
node_08517,node_08517,10.7475,106.6785,,VN,45899,,False
node_08518,node_08518,52.0895,5.1085,,NL,12414,,False
node_08519,node_08519,-33.9695,18.4585,,ZA,329181,,False
node_08520,node_08520,44.9915,38.9885,,RU,49478,,False
node_08521,node_08521,46.0685,14.4885,,SI,56635,,False
node_08522,node_08522,40.3205,-79.7015,,US,7922,,False
node_08523,node_08523,21.0185,105.6895,,VN,140787,,False
node_08524,node_08524,48.8615,2.3495,,FR,9009,,False
node_08525,node_08525,48.8575,2.3395,,FR,16276,,False
node_08526,node_08526,-33.4915,143.2095,,AU,140933,,False
node_08527,node_08527,52.3705,6.6695,,NL,15435,,False
node_08528,node_08528,51.7695,4.5505,,NL,201290,,False
node_08529,node_08529,53.5185,49.1705,,RU,43273,,False
node_08530,node_08530,50.0795,14.4705,,CZ,35592,,False
node_08531,node_08531,35.7005,140.0205,,JP,2519,,False
node_08532,node_08532,1.3205,103.7705,,SG,135600,,False
node_08533,node_08533,43.4675,-80.7485,,CA,29953,,False
node_08534,node_08534,-40.9205,175.0115,,NZ,64073,,False
node_08535,node_08535,49.4875,8.4715,,DE,3209,,False
node_08536,node_08536,48.9075,8.4315,,DE,14593,,False
node_08537,node_08537,48.8885,9.1915,,DE,3320,,False
node_08538,node_08538,-45.8815,170.5315,,NZ,55850,,False
node_08539,node_08539,50.1095,8.6815,,DE,31898,,False
node_08540,node_08540,52.1405,8.4915,,DE,12312,,False
node_08541,node_08541,51.0285,17.1475,,PL,5617,,False
node_08542,node_08542,50.1185,8.7475,,DE,56876,,False
node_08543,node_08543,30.4975,-97.6925,,US,7018,,False
node_08544,node_08544,54.6375,-5.6725,,GB,2856,,False
node_08545,node_08545,55.7905,13.2375,,SE,3301,,False
node_08546,node_08546,-35.7215,174.3185,,NZ,56030,,False
node_08547,node_08547,53.5905,9.9985,,DE,3320,,False
node_08548,node_08548,48.5315,2.6485,,FR,12322,,False
node_08549,node_08549,1.2875,103.8485,,SG,215859,,False
node_08550,node_08550,47.5975,-122.1315,,US,209,,False
node_08551,node_08551,-25.2605,-57.5815,,PY,23201,,False
node_08552,node_08552,22.2575,114.1695,,HK,4760,,False
node_08553,node_08553,52.6385,4.9995,,NL,201290,,False
node_08554,node_08554,35.6505,-106.0205,,US,7922,,False
node_08555,node_08555,60.0615,30.4295,,RU,35000,,False
node_08556,node_08556,48.1585,16.3405,,AT,214649,,False
node_08557,node_08557,50.3595,8.8705,,DE,50469,,False
node_08558,node_08558,-41.2895,174.7805,,NZ,64073,,False
node_08559,node_08559,48.1575,16.3415,,AT,214649,,False
node_08560,node_08560,50.1175,14.1915,,CZ,44489,,False
node_08561,node_08561,52.2375,6.8415,,NL,16350,,False
node_08562,node_08562,51.3805,-0.8485,,GB,48101,,False
node_08563,node_08563,51.0305,13.7115,,DE,50436,,False
node_08564,node_08564,49.7615,18.0215,,CZ,42908,,False
node_08565,node_08565,40.7015,-4.0585,,ES,57269,,False
node_08566,node_08566,28.5685,77.0275,,IN,133982,,False
node_08567,node_08567,47.0795,6.7975,,CH,206522,,False
node_08568,node_08568,-36.7805,174.7275,,NZ,55850,,False
node_08569,node_08569,52.3705,4.8975,,NL,14061,,False
node_08570,node_08570,35.6815,139.6475,,JP,63949,,False
node_08571,node_08571,34.0675,-118.4425,,US,52,,False
node_08572,node_08572,50.1075,8.6775,,DE,16276,,False
node_08573,node_08573,41.7515,-74.0925,,US,12271,,False
node_08574,node_08574,59.4115,17.9475,,SE,215467,,False
node_08575,node_08575,49.2675,-122.9915,,CA,40029,,False
node_08576,node_08576,46.0675,11.1185,,IT,14593,,False
node_08577,node_08577,-43.5315,172.6385,,NZ,64073,,False
node_08578,node_08578,48.1395,-1.5215,,FR,12322,,False
node_08579,node_08579,-43.5285,172.6385,,NZ,64073,,False
node_08580,node_08580,47.4475,8.5395,,CH,12307,,False
node_08581,node_08581,54.8285,25.2795,,LT,14593,,False
node_08582,node_08582,49.5995,6.5695,,DE,3209,,False
node_08583,node_08583,38.0415,114.4695,,CN,4134,,False
node_08584,node_08584,50.5705,8.5495,,DE,3320,,False
node_08585,node_08585,13.7575,100.5005,,TH,63139,,False
node_08586,node_08586,1.3705,103.8005,,SG,37989,,False
node_08587,node_08587,47.0575,15.4505,,AT,29056,,False
node_08588,node_08588,30.2715,120.1515,,CN,56041,,False
node_08589,node_08589,32.0575,118.7575,,CN,56046,,False
node_08590,node_08590,-6.1925,106.8175,,ID,139989,,False
node_08591,node_08591,21.0285,105.8275,,VN,18403,,False
node_08592,node_08592,25.0295,121.5675,,TW,3462,,False
node_08593,node_08593,51.2215,6.7875,,DE,25220,,False
node_08594,node_08594,39.3975,-75.0415,,US,7922,,False
node_08595,node_08595,-41.1325,175.0585,,NZ,64073,,False
node_08596,node_08596,-39.3415,174.2785,,NZ,64073,,False
node_08597,node_08597,51.2075,7.3485,,DE,3320,,False
node_08598,node_08598,52.5175,13.3785,,DE,8560,,False
node_08599,node_08599,52.5185,13.3785,,DE,8560,,False
node_08600,node_08600,52.5195,13.3785,,DE,8560,,False
node_08601,node_08601,-41.2895,174.7785,,NZ,64073,,False
node_08602,node_08602,-36.8515,174.7695,,NZ,138398,,False
node_08603,node_08603,-29.4705,-51.9605,,BR,268482,,False
node_08604,node_08604,-41.2905,174.7795,,NZ,138398,,False
node_08605,node_08605,52.2905,6.8495,,NL,206238,,False
node_08606,node_08606,25.0305,55.1895,,AE,200851,,False
node_08607,node_08607,48.8275,2.3395,,FR,12322,,False
node_08608,node_08608,35.6785,139.6495,,JP,3258,,False
node_08609,node_08609,47.4205,8.5495,,CH,6730,,False
node_08610,node_08610,45.7005,8.7995,,IT,210218,,False
node_08611,node_08611,40.4305,-86.9095,,US,53343,,False
node_08612,node_08612,-39.5685,174.2705,,NZ,64073,,False
node_08613,node_08613,47.5615,8.5005,,CH,15600,,False
node_08614,node_08614,47.0675,7.3105,,CH,15600,,False
node_08615,node_08615,41.9375,2.2505,,ES,208909,,False
node_08616,node_08616,45.5805,12.6805,,IT,3269,,False
node_08617,node_08617,47.1215,8.8975,,CH,3303,,False
node_08618,node_08618,1.3715,103.7975,,SG,202053,,False
node_08619,node_08619,51.8185,6.8985,,DE,8899,,False
node_08620,node_08620,48.8615,2.3385,,FR,16276,,False
node_08621,node_08621,48.8585,2.3495,,FR,12876,,False
node_08622,node_08622,22.3585,114.1195,,HK,61112,,False
node_08623,node_08623,36.6595,-82.1705,,US,17310,,False
node_08624,node_08624,22.3375,114.1995,,HK,202662,,False
node_08625,node_08625,50.4905,4.8495,,BE,5432,,False
node_08626,node_08626,52.2705,7.0005,,NL,1136,,False
node_08627,node_08627,35.6775,139.6505,,JP,63139,,False
node_08628,node_08628,33.2875,44.3205,,IQ,138915,,False
node_08629,node_08629,18.4605,-97.4195,,MX,270151,,False
node_08630,node_08630,50.5205,1.8115,,FR,3215,,False
node_08631,node_08631,48.8605,2.3415,,FR,12322,,False
node_08632,node_08632,49.2615,2.4815,,FR,15557,,False
node_08633,node_08633,51.5175,-0.0685,,GB,207841,,False
node_08634,node_08634,29.3295,47.9815,,KW,63139,,False
node_08635,node_08635,51.5105,7.4715,,DE,8881,,False
node_08636,node_08636,60.3215,5.3715,,NO,59720,,False
node_08637,node_08637,42.4215,-83.3785,,US,7018,,False
node_08638,node_08638,38.7975,-90.3725,,US,7018,,False
node_08639,node_08639,35.6985,51.4075,,IR,203273,,False
node_08640,node_08640,54.7205,25.3375,,LT,5479,,False
node_08641,node_08641,54.7115,25.2675,,LT,8764,,False
node_08642,node_08642,-31.9925,115.9075,,AU,134697,,False
node_08643,node_08643,-27.5915,-48.5825,,BR,268207,,False
node_08644,node_08644,-23.4905,-46.7825,,BR,272432,,False
node_08645,node_08645,36.0705,140.1975,,JP,63806,,False
node_08646,node_08646,51.5205,-0.6225,,GB,31898,,False
node_08647,node_08647,51.5215,4.6785,,NL,201290,,False
node_08648,node_08648,41.2615,-95.8515,,US,43515,,False
node_08649,node_08649,40.2075,44.4685,,AM,49800,,False
node_08650,node_08650,48.0495,11.6585,,DE,29259,,False
node_08651,node_08651,-33.4985,-70.6715,,CL,7418,,False
node_08652,node_08652,28.5385,-81.3805,,US,992,,False
node_08653,node_08653,50.0815,19.8995,,PL,204841,,False
node_08654,node_08654,49.4485,11.0095,,DE,24940,,False
node_08655,node_08655,53.7995,-1.7605,,GB,51918,,False
node_08656,node_08656,42.4995,27.4705,,BG,34524,,False
node_08657,node_08657,50.8705,9.3505,,DE,13101,,False
node_08658,node_08658,38.3475,-0.4895,,ES,3352,,False
node_08659,node_08659,38.3475,-0.4895,,ES,15704,,False
node_08660,node_08660,50.4795,12.3605,,DE,24940,,False
node_08661,node_08661,51.2695,7.2215,,DE,3320,,False
node_08662,node_08662,50.6495,3.0715,,FR,3215,,False
node_08663,node_08663,-3.7395,-38.4585,,BR,272432,,False
node_08664,node_08664,-3.7385,-38.4585,,BR,272432,,False
node_08665,node_08665,55.7015,13.1915,,SE,199656,,False
node_08666,node_08666,48.2075,16.3675,,AT,43957,,False
node_08667,node_08667,-23.4925,-46.7825,,BR,272432,,False
node_08668,node_08668,48.4305,-123.3725,,CA,14593,,False
node_08669,node_08669,60.2275,24.8675,,FI,199508,,False
node_08670,node_08670,32.0785,34.8675,,IL,26954,,False
node_08671,node_08671,53.7905,10.0775,,DE,8899,,False
node_08672,node_08672,14.6115,-90.5225,,GT,14754,,False
node_08673,node_08673,46.3485,-0.3715,,FR,202066,,False
node_08674,node_08674,59.3305,18.0685,,SE,210644,,False
node_08675,node_08675,50.9115,-1.4115,,GB,56478,,False
node_08676,node_08676,54.3295,13.1285,,DE,12693,,False
node_08677,node_08677,51.9115,4.3485,,NL,1136,,False
node_08678,node_08678,45.5005,-73.5605,,CA,10929,,False
node_08679,node_08679,1.3715,103.9695,,SG,31898,,False
node_08680,node_08680,51.4905,7.4415,,DE,43566,,False
node_08681,node_08681,35.6895,139.6875,,JP,24253,,False
node_08682,node_08682,14.3205,121.0575,,PH,9299,,False
node_08683,node_08683,43.5115,16.4675,,HR,205714,,False
node_08684,node_08684,49.9485,16.1675,,CZ,30764,,False
node_08685,node_08685,50.6895,3.1675,,FR,16276,,False
node_08686,node_08686,51.0305,13.7275,,DE,16202,,False
node_08687,node_08687,45.4875,8.9685,,IT,202870,,False
node_08688,node_08688,45.7295,4.8585,,FR,3215,,False
node_08689,node_08689,51.0505,13.6785,,DE,50436,,False
node_08690,node_08690,48.7805,2.2085,,FR,52073,,False
node_08691,node_08691,33.3715,-112.5815,,US,209,,False
node_08692,node_08692,58.0015,56.2385,,RU,12768,,False
node_08693,node_08693,43.6375,-79.3815,,CA,1403,,False
node_08694,node_08694,-33.5025,-70.6115,,CL,20191,,False
node_08695,node_08695,-16.5115,-68.1415,,BO,27882,,False
node_08696,node_08696,49.4505,11.0785,,DE,197540,,False
node_08697,node_08697,39.0405,-77.4915,,US,8560,,False
node_08698,node_08698,22.5515,114.0685,,CN,37963,,False
node_08699,node_08699,41.6395,-88.1205,,US,30600,,False
node_08700,node_08700,45.4575,9.1895,,IT,8612,,False
node_08701,node_08701,22.2605,114.1695,,HK,932,,False
node_08702,node_08702,52.3485,5.2605,,NL,215248,,False
node_08703,node_08703,40.7615,-111.8895,,US,16591,,False
node_08704,node_08704,35.2475,136.9705,,JP,4713,,False
node_08705,node_08705,-16.5205,-68.1095,,BO,61475,,False
node_08706,node_08706,-16.5195,-68.1095,,BO,26210,,False
node_08707,node_08707,-25.2995,152.8605,,AU,4764,,False
node_08708,node_08708,47.5215,19.0605,,HU,12303,,False
node_08709,node_08709,44.7815,-0.5695,,FR,5410,,False
node_08710,node_08710,48.8575,2.3515,,FR,12322,,False
node_08711,node_08711,49.2175,16.5115,,CZ,5610,,False
node_08712,node_08712,49.4485,11.0115,,DE,24940,,False
node_08713,node_08713,52.0295,5.5515,,NL,206238,,False
node_08714,node_08714,52.0315,5.5515,,NL,1136,,False
node_08715,node_08715,40.1185,-82.9985,,US,397018,,False
node_08716,node_08716,35.7195,139.7515,,JP,18094,,False
node_08717,node_08717,53.2005,-6.1085,,IE,15502,,False
node_08718,node_08718,55.7505,37.6115,,RU,210682,,False
node_08719,node_08719,43.7985,6.3775,,FR,14593,,False
node_08720,node_08720,45.7885,3.6775,,FR,14593,,False
node_08721,node_08721,39.1395,-94.5825,,US,210667,,False
node_08722,node_08722,-34.9105,-56.1725,,UY,273002,,False
node_08723,node_08723,42.4095,-71.0015,,US,7922,,False
node_08724,node_08724,50.1005,8.6285,,DE,31898,,False
node_08725,node_08725,40.9785,-73.6915,,US,6128,,False
node_08726,node_08726,51.7415,0.4785,,GB,56329,,False
node_08727,node_08727,-23.4725,-46.8605,,BR,214331,,False
node_08728,node_08728,51.2195,6.7795,,DE,207252,,False
node_08729,node_08729,53.5975,10.0295,,DE,15943,,False
node_08730,node_08730,38.9485,-94.7305,,US,16591,,False
node_08731,node_08731,38.7105,-9.1405,,PT,59787,,False
node_08732,node_08732,14.3315,121.0295,,PH,9299,,False
node_08733,node_08733,14.3275,120.9505,,PH,9299,,False
node_08734,node_08734,48.4785,6.8805,,FR,15557,,False
node_08735,node_08735,48.9685,8.1905,,FR,51167,,False
node_08736,node_08736,51.2995,9.4905,,DE,48777,,False
node_08737,node_08737,13.1405,100.9905,,TH,17552,,False
node_08738,node_08738,47.6585,13.0805,,DE,3320,,False
node_08739,node_08739,48.7415,0.9105,,FR,12322,,False
node_08740,node_08740,47.2695,-0.0485,,FR,12322,,False
node_08741,node_08741,46.4505,12.3815,,IT,208449,,False
node_08742,node_08742,46.4515,12.3815,,IT,208449,,False
node_08743,node_08743,48.7075,9.1715,,DE,208772,,False
node_08744,node_08744,-22.3495,-46.9485,,BR,27699,,False
node_08745,node_08745,25.9905,-80.1485,,US,7922,,False
node_08746,node_08746,-33.9225,18.4175,,ZA,328266,,False
node_08747,node_08747,-43.1215,147.2275,,AU,4764,,False
node_08748,node_08748,52.0505,6.3075,,NL,1136,,False
node_08749,node_08749,49.2715,16.8975,,CZ,29208,,False
node_08750,node_08750,-36.8525,174.7575,,NZ,58631,,False
node_08751,node_08751,1.4205,103.8375,,SG,18106,,False
node_08752,node_08752,51.5185,-0.0915,,GB,16509,,False
node_08753,node_08753,39.0495,-77.4915,,US,14618,,False
node_08754,node_08754,45.3105,-73.8815,,CA,16276,,False
node_08755,node_08755,41.3475,2.1285,,ES,202550,,False
node_08756,node_08756,52.4805,13.2885,,DE,8881,,False
node_08757,node_08757,50.8015,7.2195,,DE,3320,,False
node_08758,node_08758,52.0115,6.3595,,NL,12414,,False
node_08759,node_08759,51.2685,6.8195,,DE,24961,,False
node_08760,node_08760,52.3695,4.8895,,NL,208951,,False
node_08761,node_08761,43.7105,-79.4105,,CA,208951,,False
node_08762,node_08762,38.9175,-119.9895,,US,20115,,False
node_08763,node_08763,40.8015,-74.3695,,US,208951,,False
node_08764,node_08764,-23.5525,-46.6395,,BR,208951,,False
node_08765,node_08765,46.2995,6.0705,,FR,24904,,False
node_08766,node_08766,49.8705,8.6205,,DE,34154,,False
node_08767,node_08767,43.2505,76.9105,,KZ,57008,,False
node_08768,node_08768,25.0715,55.3005,,AE,44578,,False
node_08769,node_08769,53.8975,27.5715,,BY,209283,,False
node_08770,node_08770,55.7475,37.6215,,RU,209974,,False
node_08771,node_08771,43.5685,13.5015,,IT,8265,,False
node_08772,node_08772,14.6015,120.9815,,PH,14593,,False
node_08773,node_08773,37.3785,-121.9585,,US,399888,,False
node_08774,node_08774,52.3605,4.9475,,NL,200023,,False
node_08775,node_08775,52.3675,4.8975,,NL,34872,,False
node_08776,node_08776,-26.1415,28.1975,,ZA,328870,,False
node_08777,node_08777,51.1095,6.9475,,DE,58243,,False
node_08778,node_08778,-34.0785,18.4475,,ZA,328266,,False
node_08779,node_08779,10.4885,-66.8615,,VE,264660,,False
node_08780,node_08780,46.7495,17.7085,,HU,14593,,False
node_08781,node_08781,49.7485,18.6285,,PL,201966,,False
node_08782,node_08782,43.1305,-70.9315,,US,11776,,False
node_08783,node_08783,-8.5085,115.2585,,ID,17451,,False
node_08784,node_08784,-2.9285,104.7095,,ID,153087,,False
node_08785,node_08785,-34.0315,18.4595,,ZA,213481,,False
node_08786,node_08786,60.1685,24.9395,,FI,24940,,False
node_08787,node_08787,51.0215,2.1595,,FR,16276,,False
node_08788,node_08788,34.0475,-118.2395,,US,4229,,False
node_08789,node_08789,43.4275,11.8405,,IT,3269,,False
node_08790,node_08790,39.9585,32.6905,,TR,215812,,False
node_08791,node_08791,52.5905,-1.1095,,GB,20712,,False
node_08792,node_08792,53.2915,-6.4095,,IE,39122,,False
node_08793,node_08793,51.5015,-0.0195,,GB,39122,,False
node_08794,node_08794,44.8215,20.4205,,RS,8400,,False
node_08795,node_08795,37.4675,-121.9185,,US,40916,,False
node_08796,node_08796,39.0985,-94.5785,,US,40916,,False
node_08797,node_08797,50.1185,8.6815,,DE,215703,,False
node_08798,node_08798,-36.8605,174.7615,,NZ,153375,,False
node_08799,node_08799,51.2105,6.7815,,DE,3209,,False
node_08800,node_08800,52.1615,4.4515,,NL,50266,,False
node_08801,node_08801,51.2295,-2.3185,,GB,5378,,False
node_08802,node_08802,-37.7395,144.7615,,AU,31898,,False
node_08803,node_08803,-35.1395,138.4915,,AU,151660,,False
node_08804,node_08804,40.7085,-74.0125,,US,53667,,False
node_08805,node_08805,59.2885,18.0175,,SE,58317,,False
node_08806,node_08806,25.0895,55.2475,,AE,15802,,False
node_08807,node_08807,55.7795,37.6875,,RU,34300,,False
node_08808,node_08808,48.2605,11.4275,,DE,29413,,False
node_08809,node_08809,52.0605,1.1475,,GB,212683,,False
node_08810,node_08810,50.0615,14.4775,,CZ,48448,,False
node_08811,node_08811,35.1985,-106.7525,,US,7922,,False
node_08812,node_08812,-26.2105,28.0285,,ZA,20473,,False
node_08813,node_08813,47.9205,21.0385,,HU,20845,,False
node_08814,node_08814,48.7895,9.2185,,DE,1299,,False
node_08815,node_08815,48.7895,9.2185,,DE,3209,,False
node_08816,node_08816,40.4915,-3.8715,,ES,12430,,False
node_08817,node_08817,35.6215,139.7495,,JP,212238,,False
node_08818,node_08818,60.5775,16.5395,,SE,20626,,False
node_08819,node_08819,50.3805,30.4595,,UA,34867,,False
node_08820,node_08820,-25.0625,-53.6195,,BR,28130,,False
node_08821,node_08821,41.3795,2.0705,,ES,57269,,False
node_08822,node_08822,51.0205,5.1205,,BE,47377,,False
node_08823,node_08823,50.1105,8.6805,,DE,200461,,False
node_08824,node_08824,45.8315,4.9105,,FR,15557,,False
node_08825,node_08825,50.7775,7.1805,,DE,3320,,False
node_08826,node_08826,30.0385,-95.5295,,US,35847,,False
node_08827,node_08827,49.9785,36.2605,,UA,56465,,False
node_08828,node_08828,48.1195,11.5005,,DE,8767,,False
node_08829,node_08829,50.1415,8.7405,,DE,213768,,False
node_08830,node_08830,9.8575,99.0815,,TH,133504,,False
node_08831,node_08831,48.2585,25.9615,,UA,48117,,False
node_08832,node_08832,37.3805,-6.0085,,ES,15704,,False
node_08833,node_08833,50.8505,4.3115,,BE,9031,,False
node_08834,node_08834,53.1415,7.6115,,DE,8899,,False
node_08835,node_08835,43.5305,-5.6485,,ES,3352,,False
node_08836,node_08836,41.9395,-87.6925,,US,7018,,False
node_08837,node_08837,25.9905,-80.2725,,US,7018,,False
node_08838,node_08838,40.6905,-73.9925,,US,701,,False
node_08839,node_08839,37.1015,-7.7325,,PT,3243,,False
node_08840,node_08840,35.9215,14.4275,,MT,51840,,False
node_08841,node_08841,50.4775,12.3575,,DE,24940,,False
node_08842,node_08842,52.1185,8.6775,,DE,20473,,False
node_08843,node_08843,29.7285,-95.4325,,US,7018,,False
node_08844,node_08844,52.1195,8.6775,,DE,9145,,False
node_08845,node_08845,52.1195,8.6775,,DE,3209,,False
node_08846,node_08846,50.1405,8.7375,,DE,31898,,False
node_08847,node_08847,40.8015,-74.0225,,US,14061,,False
node_08848,node_08848,48.1375,11.5785,,DE,3209,,False
node_08849,node_08849,23.1295,113.3085,,CN,4134,,False
node_08850,node_08850,51.5005,-0.1215,,GB,8560,,False
node_08851,node_08851,50.4775,12.3385,,DE,24940,,False
node_08852,node_08852,-2.9005,-79.0015,,EC,266790,,False
node_08853,node_08853,48.4015,9.9685,,DE,3320,,False
node_08854,node_08854,8.9875,-79.5205,,PA,27928,,False
node_08855,node_08855,35.8985,14.4595,,MT,51840,,False
node_08856,node_08856,40.2195,-3.7805,,ES,3352,,False
node_08857,node_08857,48.8585,2.3495,,FR,213394,,False
node_08858,node_08858,44.4805,11.3295,,IT,3269,,False
node_08859,node_08859,1.3115,103.8295,,SG,56300,,False
node_08860,node_08860,47.4475,19.1605,,HU,20845,,False
node_08861,node_08861,28.0895,-15.4595,,ES,3352,,False
node_08862,node_08862,51.4875,-0.1295,,GB,12989,,False
node_08863,node_08863,52.4605,13.3905,,DE,200242,,False
node_08864,node_08864,28.0885,-15.4585,,ES,57269,,False
node_08865,node_08865,-36.8505,174.7715,,NZ,134220,,False
node_08866,node_08866,48.9275,2.3515,,FR,50858,,False
node_08867,node_08867,47.0675,7.3115,,CH,13030,,False
node_08868,node_08868,52.0785,4.3815,,NL,50266,,False
node_08869,node_08869,45.1905,5.7015,,FR,12322,,False
node_08870,node_08870,37.3385,-121.8925,,US,58202,,False
node_08871,node_08871,25.0705,121.5775,,TW,131151,,False
node_08872,node_08872,-35.1585,149.1375,,AU,134697,,False
node_08873,node_08873,48.8575,2.3375,,FR,12322,,False
node_08874,node_08874,49.4495,11.0775,,DE,24940,,False
node_08875,node_08875,40.2015,-88.3715,,US,23473,,False
node_08876,node_08876,48.1385,-1.9615,,FR,14593,,False
node_08877,node_08877,30.5895,114.2685,,CN,137266,,False
node_08878,node_08878,43.6285,7.0995,,FR,35540,,False
node_08879,node_08879,40.6995,-3.9905,,ES,12479,,False
node_08880,node_08880,34.7695,113.7195,,CN,9808,,False
node_08881,node_08881,52.3685,9.7395,,DE,13045,,False
node_08882,node_08882,50.1195,8.6795,,DE,43009,,False
node_08883,node_08883,34.7705,113.7195,,CN,4837,,False
node_08884,node_08884,35.6915,139.6895,,JP,131971,,False
node_08885,node_08885,35.6875,139.6905,,JP,131971,,False
node_08886,node_08886,34.7685,113.7205,,CN,56045,,False
node_08887,node_08887,34.2595,108.9205,,CN,4837,,False
node_08888,node_08888,34.7705,113.7205,,CN,4837,,False
node_08889,node_08889,34.7705,113.7205,,CN,4837,,False
node_08890,node_08890,45.7915,3.1105,,FR,202663,,False
node_08891,node_08891,37.1275,-7.9495,,PT,47202,,False
node_08892,node_08892,43.7875,11.2505,,IT,202613,,False
node_08893,node_08893,49.7795,9.9305,,DE,680,,False
node_08894,node_08894,-43.3595,172.6505,,NZ,64073,,False
node_08895,node_08895,47.4875,19.0515,,HU,201450,,False
node_08896,node_08896,49.9075,2.2715,,FR,5410,,False
node_08897,node_08897,49.8695,8.6515,,DE,8365,,False
node_08898,node_08898,35.6995,51.4115,,IR,204544,,False
node_08899,node_08899,50.8985,6.0715,,NL,49581,,False
node_08900,node_08900,46.9195,7.4715,,CH,8758,,False
node_08901,node_08901,50.1105,8.7115,,DE,60345,,False
node_08902,node_08902,49.7915,6.1015,,LU,53667,,False
node_08903,node_08903,52.3815,4.9015,,NL,44103,,False
node_08904,node_08904,52.0875,5.1175,,NL,50266,,False
node_08905,node_08905,50.0875,8.7275,,DE,48314,,False
node_08906,node_08906,59.9915,30.3075,,RU,42065,,False
node_08907,node_08907,48.2015,16.3775,,AT,8540,,False
node_08908,node_08908,39.9595,-83.0015,,US,6167,,False
node_08909,node_08909,59.9105,10.7385,,NO,29695,,False
node_08910,node_08910,59.9105,10.7385,,NO,63473,,False
node_08911,node_08911,37.9415,-8.8115,,PT,214213,,False
node_08912,node_08912,50.1075,8.6785,,DE,214279,,False
node_08913,node_08913,64.1305,-21.8915,,IS,57043,,False
node_08914,node_08914,42.8715,74.5885,,KG,50053,,False
node_08915,node_08915,-12.0385,-77.0315,,PE,3132,,False
node_08916,node_08916,23.7475,54.4995,,AE,59878,,False
node_08917,node_08917,53.8985,27.5695,,BY,215272,,False
node_08918,node_08918,46.3095,-0.4705,,FR,5410,,False
node_08919,node_08919,16.1705,107.8295,,VN,135932,,False
node_08920,node_08920,52.2885,76.9495,,KZ,9198,,False
node_08921,node_08921,43.2505,76.9095,,KZ,9198,,False
node_08922,node_08922,-34.9485,-54.9305,,UY,6057,,False
node_08923,node_08923,50.4475,30.5305,,UA,26383,,False
node_08924,node_08924,50.4475,30.5205,,UA,48693,,False
node_08925,node_08925,41.1495,-8.6195,,PT,26383,,False
node_08926,node_08926,44.8205,20.4605,,RS,205007,,False
node_08927,node_08927,-22.8285,-43.2195,,BR,28666,,False
node_08928,node_08928,1.4975,103.7505,,MY,137552,,False
node_08929,node_08929,50.1375,7.2105,,DE,56382,,False
node_08930,node_08930,35.6985,51.4105,,IR,204203,,False
node_08931,node_08931,-2.1995,-79.8795,,EC,28006,,False
node_08932,node_08932,35.7015,51.4105,,IR,39650,,False
node_08933,node_08933,-6.6025,106.8915,,ID,135659,,False
node_08934,node_08934,64.9575,25.5415,,FI,202246,,False
node_08935,node_08935,48.9715,8.1915,,FR,51167,,False
node_08936,node_08936,52.2375,21.0415,,PL,51675,,False
node_08937,node_08937,40.4185,-3.6885,,ES,8075,,False
node_08938,node_08938,47.8895,35.0115,,UA,44695,,False
node_08939,node_08939,41.8495,-88.3085,,US,7922,,False
node_08940,node_08940,52.5405,5.7015,,NL,60404,,False
node_08941,node_08941,49.2295,17.6675,,CZ,25424,,False
node_08942,node_08942,59.3215,18.0575,,SE,216350,,False
node_08943,node_08943,50.6995,3.1775,,FR,16276,,False
node_08944,node_08944,40.4275,-3.6215,,ES,57269,,False
node_08945,node_08945,-33.9185,151.0285,,AU,151660,,False
node_08946,node_08946,48.1475,11.5885,,DE,8767,,False
node_08947,node_08947,52.2085,4.8885,,NL,1136,,False
node_08948,node_08948,52.3195,4.9485,,NL,50266,,False
node_08949,node_08949,41.9005,-93.6015,,US,395876,,False
node_08950,node_08950,47.4705,-0.5515,,FR,3215,,False
node_08951,node_08951,-33.7785,151.1685,,AU,4764,,False
node_08952,node_08952,-27.9585,153.3185,,AU,1221,,False
node_08953,node_08953,39.0475,-77.4905,,US,396356,,False
node_08954,node_08954,41.9385,-85.6305,,US,5650,,False
node_08955,node_08955,48.9975,8.3895,,DE,3209,,False
node_08956,node_08956,51.5295,0.0195,,GB,201838,,False
node_08957,node_08957,59.0805,10.2795,,NO,56655,,False
node_08958,node_08958,48.0315,7.8495,,DE,13054,,False
node_08959,node_08959,59.8975,30.2605,,RU,43317,,False
node_08960,node_08960,59.3175,18.0605,,SE,216350,,False
node_08961,node_08961,59.3185,18.0605,,SE,216350,,False
node_08962,node_08962,50.6195,6.9505,,DE,20886,,False
node_08963,node_08963,49.4005,19.4805,,SK,35328,,False
node_08964,node_08964,60.1715,24.9305,,FI,24940,,False
node_08965,node_08965,43.1095,131.8705,,RU,34470,,False
node_08966,node_08966,49.1105,9.7705,,DE,3320,,False
node_08967,node_08967,40.3775,-79.9585,,US,701,,False
node_08968,node_08968,-6.2615,106.9715,,ID,45725,,False
node_08969,node_08969,51.2305,7.6315,,DE,3320,,False
node_08970,node_08970,17.6785,83.2015,,IN,24309,,False
node_08971,node_08971,6.2895,-73.4685,,CO,271927,,False
node_08972,node_08972,47.4205,8.3115,,CH,13030,,False
node_08973,node_08973,44.4015,26.0815,,RO,214209,,False
node_08974,node_08974,40.3675,-80.0525,,US,701,,False
node_08975,node_08975,-6.3015,106.8375,,ID,141067,,False
node_08976,node_08976,46.6595,-94.1225,,US,63330,,False
node_08977,node_08977,40.7605,-73.5625,,US,174,,False
node_08978,node_08978,43.3315,21.8975,,RS,13303,,False
node_08979,node_08979,48.1985,5.9575,,FR,3215,,False
node_08980,node_08980,48.5695,7.8075,,DE,3320,,False
node_08981,node_08981,50.9195,34.7985,,UA,20539,,False
node_08982,node_08982,48.5715,7.7785,,FR,8839,,False
node_08983,node_08983,40.7075,-74.0115,,US,396356,,False
node_08984,node_08984,50.0985,8.6285,,DE,31898,,False
node_08985,node_08985,55.7495,37.6185,,RU,205090,,False
node_08986,node_08986,50.9215,34.7985,,UA,20539,,False
node_08987,node_08987,39.9605,-83.0005,,US,20278,,False
node_08988,node_08988,56.8415,60.5995,,RU,41925,,False
node_08989,node_08989,52.3215,4.9295,,NL,34927,,False
node_08990,node_08990,10.3585,-85.6505,,CR,52263,,False
node_08991,node_08991,43.2015,-86.2705,,US,5650,,False
node_08992,node_08992,43.2515,76.9095,,KZ,41798,,False
node_08993,node_08993,51.1875,71.4505,,KZ,41798,,False
node_08994,node_08994,50.8475,4.3405,,BE,34872,,False
node_08995,node_08995,51.5185,-0.0895,,GB,34927,,False
node_08996,node_08996,51.5095,-0.0595,,GB,207841,,False
node_08997,node_08997,50.8505,4.3405,,BE,34872,,False
node_08998,node_08998,47.3575,8.5405,,CH,34927,,False
node_08999,node_08999,47.3575,8.5405,,CH,58057,,False
node_09000,node_09000,10.4285,-85.0795,,CR,52468,,False
node_09001,node_09001,10.6195,-85.4395,,CR,52468,,False
node_09002,node_09002,42.0005,-87.9995,,US,20473,,False
node_09003,node_09003,49.7105,-123.1295,,CA,852,,False
node_09004,node_09004,42.5115,1.5205,,AD,6752,,False
node_09005,node_09005,40.1875,29.0615,,TR,397563,,False
node_09006,node_09006,52.1195,5.1815,,NL,1136,,False
node_09007,node_09007,53.5105,10.2115,,DE,211727,,False
node_09008,node_09008,46.5205,6.6415,,CH,199811,,False
node_09009,node_09009,51.4875,-0.0185,,GB,152586,,False
node_09010,node_09010,38.9475,-77.3585,,US,152586,,False
node_09011,node_09011,32.8385,-96.8785,,US,62564,,False
node_09012,node_09012,12.9805,77.7315,,IN,153393,,False
node_09013,node_09013,1.3405,103.8915,,SG,137037,,False
node_09014,node_09014,47.5515,7.5515,,CH,13030,,False
node_09015,node_09015,50.4515,30.5215,,UA,214379,,False
node_09016,node_09016,9.9975,-84.1225,,CR,52263,,False
node_09017,node_09017,45.5585,8.0275,,IT,42669,,False
node_09018,node_09018,48.7985,2.0575,,FR,12322,,False
node_09019,node_09019,10.4595,-85.5525,,CR,262197,,False
node_09020,node_09020,35.8995,14.4875,,MT,12709,,False
node_09021,node_09021,28.4575,77.0275,,IN,24560,,False
node_09022,node_09022,50.4575,30.5275,,UA,39608,,False
node_09023,node_09023,50.4585,30.5275,,UA,214379,,False
node_09024,node_09024,22.5575,88.3685,,IN,23860,,False
node_09025,node_09025,52.3685,4.8885,,NL,51088,,False
node_09026,node_09026,39.0485,-77.4915,,US,14618,,False
node_09027,node_09027,-27.4705,153.0285,,AU,151660,,False
node_09028,node_09028,33.9595,-84.2415,,US,7922,,False
node_09029,node_09029,53.3405,-6.2515,,IE,16509,,False
node_09030,node_09030,50.0515,8.4985,,DE,15817,,False
node_09031,node_09031,23.7485,90.3785,,BD,141988,,False
node_09032,node_09032,49.4495,11.0785,,DE,24940,,False
node_09033,node_09033,39.2115,-76.8815,,US,7922,,False
node_09034,node_09034,35.6875,139.6895,,JP,16509,,False
node_09035,node_09035,55.7485,37.6195,,RU,216127,,False
node_09036,node_09036,46.9985,28.8595,,MD,201670,,False
node_09037,node_09037,33.7495,-84.5805,,US,16509,,False
node_09038,node_09038,39.0995,-94.5805,,US,16509,,False
node_09039,node_09039,39.7405,-104.9905,,US,16509,,False
node_09040,node_09040,36.1715,-115.1405,,US,16509,,False
node_09041,node_09041,59.8495,30.3405,,RU,35278,,False
node_09042,node_09042,15.9315,48.6305,,YE,14593,,False
node_09043,node_09043,23.7675,90.3715,,BD,134732,,False
node_09044,node_09044,23.7695,90.3715,,BD,134732,,False
node_09045,node_09045,52.3815,4.9015,,NL,60781,,False
node_09046,node_09046,51.4975,-0.1185,,GB,203443,,False
node_09047,node_09047,55.7495,37.6215,,RU,204997,,False
node_09048,node_09048,55.7405,37.6115,,RU,212165,,False
node_09049,node_09049,44.4915,26.0615,,RO,34689,,False
node_09050,node_09050,48.7815,2.1915,,FR,199912,,False
node_09051,node_09051,32.8275,34.9975,,IL,44709,,False
node_09052,node_09052,52.3985,4.8475,,NL,60431,,False
node_09053,node_09053,59.3985,17.9475,,SE,36007,,False
node_09054,node_09054,55.7395,37.6075,,RU,216368,,False
node_09055,node_09055,44.6875,-63.5725,,CA,577,,False
node_09056,node_09056,8.9275,-79.5925,,PA,263759,,False
node_09057,node_09057,53.3495,-6.2825,,IE,36352,,False
node_09058,node_09058,53.3395,-6.2525,,IE,36352,,False
node_09059,node_09059,47.3605,8.5375,,CH,63473,,False
node_09060,node_09060,48.8615,2.3375,,FR,8560,,False
node_09061,node_09061,59.3275,18.0685,,SE,63473,,False
node_09062,node_09062,40.7085,-74.0115,,US,63473,,False
node_09063,node_09063,34.0485,-118.2415,,US,63473,,False
node_09064,node_09064,41.8495,-87.6515,,US,63473,,False
node_09065,node_09065,39.0995,-94.5815,,US,8560,,False
node_09066,node_09066,51.5015,-0.1215,,GB,8560,,False
node_09067,node_09067,52.5215,13.3985,,DE,8560,,False
node_09068,node_09068,40.4175,-3.6815,,ES,8560,,False
node_09069,node_09069,1.2875,103.8485,,SG,63473,,False
node_09070,node_09070,55.7395,37.6085,,RU,210079,,False
node_09071,node_09071,55.7405,37.6085,,RU,59504,,False
node_09072,node_09072,55.7475,37.6195,,RU,210079,,False
node_09073,node_09073,55.7475,37.6195,,RU,51659,,False
node_09074,node_09074,55.7485,37.6195,,RU,212165,,False
node_09075,node_09075,59.9285,30.1895,,RU,51659,,False
node_09076,node_09076,55.7495,37.6195,,RU,212165,,False
node_09077,node_09077,55.7505,37.6195,,RU,210079,,False
node_09078,node_09078,55.7515,37.6195,,RU,64439,,False
node_09079,node_09079,1.2875,103.8495,,SG,63949,,False
node_09080,node_09080,29.7495,-95.3405,,US,22442,,False
node_09081,node_09081,52.2075,6.8705,,NL,206238,,False
node_09082,node_09082,32.7895,-96.7995,,US,20473,,False
node_09083,node_09083,52.3905,4.6605,,NL,20473,,False
node_09084,node_09084,59.3805,17.9205,,SE,20473,,False
node_09085,node_09085,33.7815,-84.4495,,US,20473,,False
node_09086,node_09086,48.9215,2.3905,,FR,20473,,False
node_09087,node_09087,50.1075,8.7105,,DE,20473,,False
node_09088,node_09088,21.3475,-157.8695,,US,20473,,False
node_09089,node_09089,34.0585,-118.2395,,US,20473,,False
node_09090,node_09090,51.5085,-0.0195,,GB,20473,,False
node_09091,node_09091,-37.8205,144.9705,,AU,20473,,False
node_09092,node_09092,20.5695,-100.2895,,MX,20473,,False
node_09093,node_09093,42.0005,-87.9995,,US,20473,,False
node_09094,node_09094,52.2315,21.0105,,PL,20473,,False
node_09095,node_09095,43.7115,-79.4095,,CA,20473,,False
node_09096,node_09096,-23.5325,-46.7885,,BR,20473,,False
node_09097,node_09097,-26.1325,28.2015,,ZA,20473,,False
node_09098,node_09098,53.4785,-2.2485,,GB,20473,,False
node_09099,node_09099,33.7485,-84.3885,,US,63949,,False
node_09100,node_09100,19.0695,72.8915,,IN,63949,,False
node_09101,node_09101,32.9495,-96.7285,,US,63949,,False
node_09102,node_09102,50.1205,8.6815,,DE,63949,,False
node_09103,node_09103,35.6905,139.6915,,JP,63949,,False
node_09104,node_09104,51.5115,-0.1285,,GB,63949,,False
node_09105,node_09105,-33.8685,151.2015,,AU,63949,,False
node_09106,node_09106,43.7075,-79.4085,,CA,63949,,False
node_09107,node_09107,37.5485,-121.9885,,US,63949,,False
node_09108,node_09108,45.0695,38.6815,,RU,215455,,False
node_09109,node_09109,56.4905,84.9615,,RU,31357,,False
node_09110,node_09110,-6.2085,106.8415,,ID,45102,,False
node_09111,node_09111,42.6695,23.7975,,BG,26383,,False
node_09112,node_09112,56.9505,24.0975,,LV,26383,,False
node_09113,node_09113,52.2315,21.0075,,PL,26383,,False
node_09114,node_09114,-6.2625,106.7575,,ID,141067,,False
node_09115,node_09115,38.6405,-90.2025,,US,40021,,False
node_09116,node_09116,39.0205,-77.5425,,US,31898,,False
node_09117,node_09117,39.0215,-77.5425,,US,31898,,False
node_09118,node_09118,37.2375,-121.7915,,US,31898,,False
node_09119,node_09119,37.2375,-121.7915,,US,31898,,False
node_09120,node_09120,48.1985,16.3785,,AT,8437,,False
node_09121,node_09121,35.6895,139.6885,,JP,140042,,False
node_09122,node_09122,1.2905,103.8485,,SG,140042,,False
node_09123,node_09123,30.5605,114.2085,,CN,9808,,False
node_09124,node_09124,22.2815,114.1785,,HK,213404,,False
node_09125,node_09125,49.7915,6.0985,,LU,53667,,False
node_09126,node_09126,52.3095,4.9495,,NL,209693,,False
node_09127,node_09127,59.4405,24.7395,,EE,209693,,False
node_09128,node_09128,50.1195,8.6395,,DE,8881,,False
node_09129,node_09129,55.0275,82.9205,,RU,49392,,False
node_09130,node_09130,25.0505,121.5305,,TW,203843,,False
node_09131,node_09131,55.7505,37.6205,,RU,50867,,False
node_09132,node_09132,59.9395,30.3205,,RU,200487,,False
node_09133,node_09133,59.4415,24.7405,,EE,41745,,False
node_09134,node_09134,37.7475,-97.8185,,US,36352,,False
node_09135,node_09135,50.7185,6.3715,,DE,3320,,False
node_09136,node_09136,10.2605,-85.5785,,CR,263762,,False
node_09137,node_09137,55.7505,37.6215,,RU,207957,,False
node_09138,node_09138,55.7385,37.6075,,RU,212165,,False
node_09139,node_09139,50.7985,3.7575,,BE,6848,,False
node_09140,node_09140,50.0395,8.5575,,DE,9009,,False
node_09141,node_09141,1.3675,103.9685,,SG,31898,,False
node_09142,node_09142,52.3975,19.3785,,PL,48014,,False
node_09143,node_09143,50.8895,6.0485,,NL,48014,,False
node_09144,node_09144,52.4295,19.4585,,PL,48014,,False
node_09145,node_09145,48.8615,2.3485,,FR,39421,,False
node_09146,node_09146,38.9585,-84.3905,,US,6181,,False
node_09147,node_09147,47.0005,28.8595,,MD,48753,,False
node_09148,node_09148,35.9205,14.4295,,MT,51840,,False
node_09149,node_09149,35.2975,-120.6595,,US,7960,,False
node_09150,node_09150,32.7885,-96.8295,,US,396993,,False
node_09151,node_09151,-20.8915,55.4505,,RE,3215,,False
node_09152,node_09152,49.0195,14.0005,,CZ,41046,,False
node_09153,node_09153,45.5405,-73.6195,,CA,1403,,False
node_09154,node_09154,48.2975,16.3405,,AT,40994,,False
node_09155,node_09155,50.1185,8.6805,,DE,215730,,False
node_09156,node_09156,50.0695,8.6205,,DE,206996,,False
node_09157,node_09157,52.3805,4.9005,,NL,60117,,False
node_09158,node_09158,53.3415,-6.2495,,IE,36352,,False
node_09159,node_09159,25.0115,121.4705,,TW,18419,,False
node_09160,node_09160,52.5275,5.7115,,NL,41608,,False
node_09161,node_09161,48.9295,2.3715,,FR,397032,,False
node_09162,node_09162,52.3695,4.8915,,NL,40663,,False
node_09163,node_09163,39.0905,-121.5385,,US,7922,,False
node_09164,node_09164,50.1115,8.6815,,DE,3214,,False
node_09165,node_09165,49.4475,11.0815,,DE,197540,,False
node_09166,node_09166,50.1185,8.6815,,DE,43357,,False
node_09167,node_09167,-34.0415,18.4675,,ZA,213481,,False
node_09168,node_09168,55.8695,49.2175,,RU,36352,,False
node_09169,node_09169,53.5815,9.9575,,DE,3320,,False
node_09170,node_09170,31.9175,131.4075,,JP,214675,,False
node_09171,node_09171,-33.9295,151.1875,,AU,135126,,False
node_09172,node_09172,51.7475,5.6785,,NL,201290,,False
node_09173,node_09173,49.4515,11.0785,,DE,24940,,False
node_09174,node_09174,52.3375,5.1995,,NL,206238,,False
node_09175,node_09175,49.2085,19.2995,,SK,35328,,False
node_09176,node_09176,60.1705,24.9295,,FI,16086,,False
node_09177,node_09177,35.4675,-120.6705,,US,20115,,False
node_09178,node_09178,42.8885,-78.8805,,US,36352,,False
node_09179,node_09179,-34.6105,-58.3705,,AR,4270,,False
node_09180,node_09180,32.8595,-79.9705,,US,43515,,False
node_09181,node_09181,42.8905,-78.8805,,US,36352,,False
node_09182,node_09182,34.6005,135.4895,,JP,2907,,False
node_09183,node_09183,50.1015,8.5895,,DE,204253,,False
node_09184,node_09184,-34.6025,-58.3795,,AR,4270,,False
node_09185,node_09185,-34.7115,-58.2795,,AR,61486,,False
node_09186,node_09186,-32.9215,151.7805,,AU,4764,,False
node_09187,node_09187,-6.8585,107.5205,,ID,9340,,False
node_09188,node_09188,37.7485,-97.8195,,US,11878,,False
node_09189,node_09189,49.4485,11.0805,,DE,24940,,False
node_09190,node_09190,42.3315,-83.0495,,US,399804,,False
node_09191,node_09191,41.7985,-87.6385,,US,48448,,False
node_09192,node_09192,51.9005,-2.1185,,GB,20712,,False
node_09193,node_09193,-33.8685,151.2015,,AU,9009,,False
node_09194,node_09194,-33.8685,151.2015,,AU,9009,,False
node_09195,node_09195,37.5195,-121.9225,,US,21903,,False
node_09196,node_09196,37.5595,-122.0025,,US,7922,,False
node_09197,node_09197,33.9405,-84.4625,,US,7018,,False
node_09198,node_09198,51.0505,-114.0925,,CA,14593,,False
node_09199,node_09199,52.5215,13.3975,,DE,8560,,False
node_09200,node_09200,25.0675,121.4585,,TW,4780,,False
node_09201,node_09201,21.0285,105.6385,,VN,45899,,False
node_09202,node_09202,10.5315,106.8885,,VN,135932,,False
node_09203,node_09203,10.5115,106.8585,,VN,56150,,False
node_09204,node_09204,21.0175,105.6385,,VN,63734,,False
node_09205,node_09205,47.4015,-0.5515,,FR,3215,,False
node_09206,node_09206,41.8875,12.5095,,IT,12874,,False
node_09207,node_09207,45.0685,7.6895,,IT,3269,,False
node_09208,node_09208,44.6785,8.8095,,IT,3269,,False
node_09209,node_09209,44.5695,10.4595,,IT,3269,,False
node_09210,node_09210,50.1205,8.6795,,DE,51087,,False
node_09211,node_09211,33.8005,-118.2605,,US,48448,,False
node_09212,node_09212,50.4015,12.0595,,DE,3320,,False
node_09213,node_09213,52.2785,4.7695,,NL,31898,,False
node_09214,node_09214,40.4495,-3.7105,,ES,12430,,False
node_09215,node_09215,37.4695,-122.1405,,US,7018,,False
node_09216,node_09216,37.3505,-121.9505,,US,36352,,False
node_09217,node_09217,37.7805,-122.4405,,US,46375,,False
node_09218,node_09218,37.8315,-121.9205,,US,7922,,False
node_09219,node_09219,49.8475,6.1005,,LU,41273,,False
node_09220,node_09220,51.4275,-0.0395,,GB,201838,,False
node_09221,node_09221,50.1185,8.7405,,DE,9009,,False
node_09222,node_09222,-33.8695,151.1805,,AU,4764,,False
node_09223,node_09223,49.0675,18.9205,,SK,35328,,False
node_09224,node_09224,49.2185,18.7405,,SK,35328,,False
node_09225,node_09225,49.0995,21.1005,,SK,35328,,False
node_09226,node_09226,41.3705,2.1605,,ES,57269,,False
node_09227,node_09227,41.3305,19.8205,,AL,26383,,False
node_09228,node_09228,45.5985,-121.1885,,US,20115,,False
node_09229,node_09229,50.9995,11.0515,,DE,680,,False
node_09230,node_09230,52.3395,5.2215,,NL,1136,,False
node_09231,node_09231,50.8505,4.3415,,BE,59827,,False
node_09232,node_09232,49.7615,7.8315,,DE,11967,,False
node_09233,node_09233,-0.1715,-78.4685,,EC,14522,,False
node_09234,node_09234,35.6895,139.6915,,JP,4694,,False
node_09235,node_09235,43.3105,5.3715,,FR,12322,,False
node_09236,node_09236,56.0885,8.2575,,DK,3292,,False
node_09237,node_09237,35.6885,139.6875,,JP,4694,,False
node_09238,node_09238,56.1895,9.5575,,DK,8473,,False
node_09239,node_09239,13.7705,100.6475,,TH,142108,,False
node_09240,node_09240,55.7515,37.6175,,RU,16262,,False
node_09241,node_09241,56.0875,8.2585,,DK,3292,,False
node_09242,node_09242,39.5695,2.6485,,ES,12479,,False
node_09243,node_09243,-42.8685,147.3185,,AU,150121,,False
node_09244,node_09244,48.6475,-2.0315,,FR,214008,,False
node_09245,node_09245,16.9485,81.4085,,IN,138797,,False
node_09246,node_09246,-33.8695,151.1985,,AU,63473,,False
node_09247,node_09247,25.0715,121.4585,,TW,3462,,False
node_09248,node_09248,-7.0025,112.5595,,ID,149697,,False
node_09249,node_09249,59.1685,10.2195,,NO,56655,,False
node_09250,node_09250,-23.7095,-46.4105,,BR,26599,,False
node_09251,node_09251,-33.4505,-70.6505,,CL,27901,,False
node_09252,node_09252,55.7375,37.6105,,RU,50214,,False
node_09253,node_09253,51.5195,-0.0895,,GB,204731,,False
node_09254,node_09254,10.7805,106.7005,,VN,151858,,False
node_09255,node_09255,1.2905,103.8505,,SG,59253,,False
node_09256,node_09256,49.3185,-123.0595,,CA,852,,False
node_09257,node_09257,49.4405,11.0205,,DE,203380,,False
node_09258,node_09258,35.2675,-120.6585,,US,11404,,False
node_09259,node_09259,42.4695,-2.4385,,ES,8560,,False
node_09260,node_09260,35.6905,139.6915,,JP,134351,,False
node_09261,node_09261,1.3715,103.8015,,SG,59253,,False
node_09262,node_09262,52.3285,13.4215,,DE,3320,,False
node_09263,node_09263,49.4485,11.0815,,DE,24940,,False
node_09264,node_09264,35.0595,-80.8185,,US,7018,,False
node_09265,node_09265,1.3605,103.8215,,SG,8888,,False
node_09266,node_09266,-6.2095,106.8415,,ID,45102,,False
node_09267,node_09267,50.1315,8.6015,,DE,47689,,False
node_09268,node_09268,62.4285,-114.4225,,CA,22684,,False
node_09269,node_09269,36.0995,-115.1425,,US,53667,,False
node_09270,node_09270,47.7705,9.5575,,DE,21263,,False
node_09271,node_09271,48.4205,9.9675,,DE,48284,,False
node_09272,node_09272,25.7815,-80.1825,,US,53667,,False
node_09273,node_09273,40.6075,-74.1825,,US,53667,,False
node_09274,node_09274,49.9385,14.7075,,CZ,214224,,False
node_09275,node_09275,46.9485,7.4475,,CH,53667,,False
node_09276,node_09276,43.2995,5.3875,,FR,208226,,False
node_09277,node_09277,52.3685,4.8885,,NL,63473,,False
node_09278,node_09278,40.4295,-3.6215,,ES,59432,,False
node_09279,node_09279,50.3905,8.0585,,DE,3320,,False
node_09280,node_09280,40.3975,-74.1315,,US,7018,,False
node_09281,node_09281,10.8205,106.6285,,VN,135951,,False
node_09282,node_09282,52.3685,4.8895,,NL,43357,,False
node_09283,node_09283,50.1185,8.6795,,DE,49683,,False
node_09284,node_09284,52.3695,4.8895,,NL,206075,,False
node_09285,node_09285,48.8605,2.3395,,FR,3215,,False
node_09286,node_09286,51.5105,-0.1305,,GB,49683,,False
node_09287,node_09287,51.5115,-0.1305,,GB,9009,,False
node_09288,node_09288,55.6715,12.5695,,DK,9009,,False
node_09289,node_09289,53.3385,-6.2495,,IE,26383,,False
node_09290,node_09290,51.5495,-0.0495,,GB,56478,,False
node_09291,node_09291,48.8605,2.3405,,FR,21247,,False
node_09292,node_09292,-53.0395,-70.8695,,CL,273973,,False
node_09293,node_09293,42.7015,23.3205,,BG,203380,,False
node_09294,node_09294,52.5315,5.7105,,NL,202448,,False
node_09295,node_09295,55.7475,37.6205,,RU,210079,,False
node_09296,node_09296,1.2995,103.7905,,SG,26277,,False
node_09297,node_09297,49.6905,8.4515,,DE,3320,,False
node_09298,node_09298,60.1785,24.9275,,FI,1759,,False
node_09299,node_09299,52.1295,11.6275,,DE,6805,,False
node_09300,node_09300,42.6985,23.3175,,BG,211619,,False
node_09301,node_09301,47.9595,21.7175,,HU,211619,,False
node_09302,node_09302,45.4895,16.3675,,HR,211619,,False
node_09303,node_09303,55.7475,37.6185,,RU,50053,,False
node_09304,node_09304,29.7585,-95.3715,,US,399646,,False
node_09305,node_09305,51.1095,17.0285,,PL,35179,,False
node_09306,node_09306,-43.4895,172.6585,,NZ,4049,,False
node_09307,node_09307,34.7715,113.7185,,CN,4538,,False
node_09308,node_09308,52.3585,6.5885,,NL,1136,,False
node_09309,node_09309,52.3305,4.9185,,NL,204003,,False
node_09310,node_09310,50.4815,12.3585,,DE,24940,,False
node_09311,node_09311,55.7475,37.6195,,RU,207713,,False
node_09312,node_09312,13.7405,100.4595,,TH,150423,,False
node_09313,node_09313,41.7305,44.7095,,GE,16010,,False
node_09314,node_09314,48.8615,2.3395,,FR,44407,,False
node_09315,node_09315,59.4395,24.7395,,EE,3214,,False
node_09316,node_09316,29.7605,-95.3705,,US,399646,,False
node_09317,node_09317,35.6905,139.7695,,JP,152184,,False
node_09318,node_09318,19.0515,73.0695,,IN,55836,,False
node_09319,node_09319,53.5615,10.0095,,DE,3320,,False
node_09320,node_09320,34.5875,135.8005,,JP,17511,,False
node_09321,node_09321,34.6885,135.6905,,JP,131158,,False
node_09322,node_09322,34.8385,135.5005,,JP,31898,,False
node_09323,node_09323,57.6305,39.8905,,RU,15774,,False
node_09324,node_09324,49.4505,11.0805,,DE,197540,,False
node_09325,node_09325,60.1715,24.9305,,FI,24940,,False
node_09326,node_09326,42.2375,-71.8395,,US,701,,False
node_09327,node_09327,46.8595,7.1905,,CH,203882,,False
node_09328,node_09328,50.4105,8.0805,,DE,16276,,False
node_09329,node_09329,50.4815,12.3605,,DE,24940,,False
node_09330,node_09330,37.7515,-97.8195,,US,36352,,False
node_09331,node_09331,49.5475,8.2415,,DE,3209,,False
node_09332,node_09332,-35.3415,149.0515,,AU,38826,,False
node_09333,node_09333,52.3685,4.8915,,NL,3257,,False
node_09334,node_09334,51.4815,7.2215,,DE,3320,,False
node_09335,node_09335,52.4015,4.8375,,NL,3257,,False
node_09336,node_09336,9.5595,-73.3325,,CO,52468,,False
node_09337,node_09337,8.9605,-75.8425,,CO,52468,,False
node_09338,node_09338,2.9715,101.6475,,MY,147040,,False
node_09339,node_09339,2.9675,101.6485,,MY,147040,,False
node_09340,node_09340,41.4075,2.1985,,ES,15704,,False
node_09341,node_09341,12.9795,77.5885,,IN,153393,,False
node_09342,node_09342,-17.3795,-66.1515,,BO,27839,,False
node_09343,node_09343,21.0215,105.8485,,VN,45903,,False
node_09344,node_09344,41.3995,2.1985,,ES,3352,,False
node_09345,node_09345,-41.3195,174.8185,,NZ,55850,,False
node_09346,node_09346,43.2515,76.9085,,KZ,48988,,False
node_09347,node_09347,48.1095,-1.6705,,FR,12322,,False
node_09348,node_09348,40.4975,-74.3995,,US,20473,,False
node_09349,node_09349,48.1995,16.3705,,AT,197540,,False
node_09350,node_09350,35.0105,135.7705,,JP,138384,,False
node_09351,node_09351,-33.9295,18.4305,,ZA,328266,,False
node_09352,node_09352,45.5105,-73.6295,,CA,5769,,False
node_09353,node_09353,50.1015,8.5905,,DE,205425,,False
node_09354,node_09354,35.9215,14.4305,,MT,51840,,False
node_09355,node_09355,39.1485,-94.5685,,US,393577,,False
node_09356,node_09356,56.9515,24.1115,,LV,50053,,False
node_09357,node_09357,55.7375,37.6115,,RU,8595,,False
node_09358,node_09358,52.3775,4.9015,,NL,61029,,False
node_09359,node_09359,51.2195,6.7815,,DE,207252,,False
node_09360,node_09360,28.5415,-81.5885,,US,33363,,False
node_09361,node_09361,46.4585,17.0075,,HU,5483,,False
node_09362,node_09362,35.8805,-106.3025,,US,7922,,False
node_09363,node_09363,49.7875,6.0975,,LU,53667,,False
node_09364,node_09364,51.9885,5.9775,,NL,1136,,False
node_09365,node_09365,49.4485,11.0775,,DE,24940,,False
node_09366,node_09366,50.1105,8.6775,,DE,58087,,False
node_09367,node_09367,51.5015,-0.1225,,GB,29017,,False
node_09368,node_09368,53.0315,-2.1525,,GB,212683,,False
node_09369,node_09369,-33.7415,151.1785,,AU,4764,,False
node_09370,node_09370,40.7895,-74.0715,,US,208226,,False
node_09371,node_09371,52.3105,-0.7315,,GB,5413,,False
node_09372,node_09372,48.1985,16.3685,,AT,51184,,False
node_09373,node_09373,57.7495,40.9185,,RU,12389,,False
node_09374,node_09374,39.0205,-77.5415,,US,31898,,False
node_09375,node_09375,34.7105,-117.8815,,US,30041,,False
node_09376,node_09376,35.6215,-117.6715,,US,30041,,False
node_09377,node_09377,34.4415,-117.5215,,US,30041,,False
node_09378,node_09378,35.0475,-118.1805,,US,30041,,False
node_09379,node_09379,52.2275,21.0095,,PL,401332,,False
node_09380,node_09380,39.0185,-77.5405,,US,31898,,False
node_09381,node_09381,59.3315,18.0695,,SE,1257,,False
node_09382,node_09382,-36.0025,-60.0005,,AR,4270,,False
node_09383,node_09383,55.7475,37.6205,,RU,197309,,False
node_09384,node_09384,-23.1805,-46.8795,,BR,26599,,False
node_09385,node_09385,50.8295,19.1105,,PL,5617,,False
node_09386,node_09386,47.4585,-122.2585,,US,401703,,False
node_09387,node_09387,40.1375,-75.3785,,US,401665,,False
node_09388,node_09388,55.7385,37.6115,,RU,208626,,False
node_09389,node_09389,43.6515,-79.3785,,CA,32489,,False
node_09390,node_09390,23.7675,90.3675,,BD,152098,,False
node_09391,node_09391,50.8605,12.8975,,DE,200599,,False
node_09392,node_09392,52.1585,4.4685,,NL,33915,,False
node_09393,node_09393,51.6915,15.7285,,PL,208540,,False
node_09394,node_09394,51.9415,15.5685,,PL,51277,,False
node_09395,node_09395,35.6775,139.7595,,JP,31898,,False
node_09396,node_09396,60.3405,25.0295,,FI,24940,,False
node_09397,node_09397,35.6595,138.4895,,JP,17506,,False
node_09398,node_09398,49.8405,24.0195,,UA,3255,,False
node_09399,node_09399,23.8675,90.3905,,BD,147181,,False
node_09400,node_09400,23.8685,90.3905,,BD,147181,,False
node_09401,node_09401,47.4995,19.0405,,HU,213669,,False
node_09402,node_09402,35.0505,-106.7195,,US,7922,,False
node_09403,node_09403,35.6415,139.9205,,JP,4685,,False
node_09404,node_09404,43.8775,5.4105,,FR,3215,,False
node_09405,node_09405,49.4485,11.0805,,DE,24940,,False
node_09406,node_09406,50.4775,12.3615,,DE,24940,,False
node_09407,node_09407,47.3485,8.5515,,CH,41872,,False
node_09408,node_09408,53.5995,9.9615,,DE,6805,,False
node_09409,node_09409,40.8475,-73.9385,,US,701,,False
node_09410,node_09410,49.4495,11.0815,,DE,24940,,False
node_09411,node_09411,39.0175,-77.5425,,US,31898,,False
node_09412,node_09412,10.2475,-67.5925,,VE,264628,,False
node_09413,node_09413,52.0595,4.2975,,NL,1136,,False
node_09414,node_09414,33.9605,-118.3925,,US,18450,,False
node_09415,node_09415,43.6505,-79.3825,,CA,36352,,False
node_09416,node_09416,45.7505,4.8485,,FR,1945,,False
node_09417,node_09417,51.5785,4.7685,,NL,33915,,False
node_09418,node_09418,-33.7315,-70.7395,,CL,264814,,False
node_09419,node_09419,39.0015,-77.0995,,US,701,,False
node_09420,node_09420,60.1715,24.9305,,FI,24940,,False
node_09421,node_09421,51.5295,-0.0985,,GB,203380,,False
node_09422,node_09422,50.1115,8.7115,,DE,20473,,False
node_09423,node_09423,42.0015,-87.9985,,US,20473,,False
node_09424,node_09424,47.3775,-122.2885,,US,20473,,False
node_09425,node_09425,-33.9025,151.1915,,AU,20473,,False
node_09426,node_09426,43.7085,-79.4085,,CA,52025,,False
node_09427,node_09427,50.4795,12.3615,,DE,24940,,False
node_09428,node_09428,49.4495,11.0815,,DE,24940,,False
node_09429,node_09429,60.1705,24.9315,,FI,24940,,False
node_09430,node_09430,37.5305,-121.9685,,US,401742,,False
node_09431,node_09431,33.9715,-118.2485,,US,20001,,False
node_09432,node_09432,37.7475,-97.8225,,US,63322,,False
node_09433,node_09433,49.5195,16.2475,,CZ,56566,,False
node_09434,node_09434,32.9295,-96.9725,,US,11427,,False
node_09435,node_09435,49.4505,11.0775,,DE,24940,,False
node_09436,node_09436,37.7485,-97.8225,,US,12110,,False
node_09437,node_09437,51.2995,9.4875,,DE,206996,,False
node_09438,node_09438,50.1105,8.6775,,DE,31898,,False
node_09439,node_09439,1.3715,103.7975,,SG,136557,,False
node_09440,node_09440,-40.9525,175.6585,,NZ,14593,,False
node_09441,node_09441,37.7505,-97.8215,,US,63322,,False
node_09442,node_09442,53.4615,-113.5815,,CA,30500,,False
node_09443,node_09443,55.4415,12.1585,,DK,44869,,False
node_09444,node_09444,59.7385,30.5795,,RU,41733,,False
node_09445,node_09445,45.8305,15.9795,,HR,5391,,False
node_09446,node_09446,45.8015,15.7095,,HR,203964,,False
node_09447,node_09447,48.8615,2.3395,,FR,16276,,False
node_09448,node_09448,48.8575,2.3395,,FR,16276,,False
node_09449,node_09449,52.3685,4.8895,,NL,214677,,False
node_09450,node_09450,51.2195,6.7795,,DE,207252,,False
node_09451,node_09451,-27.4795,153.0195,,AU,4764,,False
node_09452,node_09452,59.3215,18.0595,,SE,48448,,False
node_09453,node_09453,35.6885,139.6905,,JP,152865,,False
node_09454,node_09454,48.9285,15.2405,,AT,12453,,False
node_09455,node_09455,51.5095,-0.0195,,GB,52025,,False
node_09456,node_09456,52.3905,4.6605,,NL,20473,,False
node_09457,node_09457,13.7475,100.4905,,TH,132203,,False
node_09458,node_09458,52.3995,13.0105,,DE,3320,,False
node_09459,node_09459,54.3615,-8.0395,,IE,60277,,False
node_09460,node_09460,-0.8425,-80.4885,,EC,271837,,False
node_09461,node_09461,-1.0525,-80.4585,,EC,264851,,False
node_09462,node_09462,-36.8515,174.7615,,NZ,64073,,False
node_09463,node_09463,42.8905,-78.8785,,US,36352,,False
node_09464,node_09464,52.3705,4.8915,,NL,210644,,False
node_09465,node_09465,37.3515,-121.9485,,US,36352,,False
node_09466,node_09466,39.0485,-77.4885,,US,14618,,False
node_09467,node_09467,37.3405,-121.8885,,US,11878,,False
node_09468,node_09468,47.2015,-1.5485,,FR,5410,,False
node_09469,node_09469,52.2085,20.9575,,PL,9141,,False
node_09470,node_09470,4.5795,-74.2125,,CO,267841,,False
node_09471,node_09471,49.1005,1.4475,,FR,5410,,False
node_09472,node_09472,45.8305,15.9775,,HR,31012,,False
node_09473,node_09473,50.1175,8.6775,,DE,58212,,False
node_09474,node_09474,-34.8705,138.7075,,AU,38195,,False
node_09475,node_09475,53.0605,8.8075,,DE,30742,,False
node_09476,node_09476,42.7715,-86.1225,,US,7922,,False
node_09477,node_09477,52.3775,4.8985,,NL,214380,,False
node_09478,node_09478,37.9875,-1.1215,,ES,3352,,False
node_09479,node_09479,44.7585,-85.5915,,US,5758,,False
node_09480,node_09480,40.8295,-74.1215,,US,56748,,False
node_09481,node_09481,39.9205,32.8485,,TR,47524,,False
node_09482,node_09482,48.2005,16.3685,,AT,8447,,False
node_09483,node_09483,50.4815,12.3585,,DE,24940,,False
node_09484,node_09484,37.7515,-97.8215,,US,46505,,False
node_09485,node_09485,48.1605,17.1485,,SK,15962,,False
node_09486,node_09486,4.5785,-74.2105,,CO,267841,,False
node_09487,node_09487,47.4585,8.5895,,CH,13030,,False
node_09488,node_09488,52.2295,21.0095,,PL,62005,,False
node_09489,node_09489,-6.1725,106.8295,,ID,141623,,False
node_09490,node_09490,-31.5405,-68.5305,,AR,28107,,False
node_09491,node_09491,53.7295,-0.5705,,GB,12390,,False
node_09492,node_09492,32.9015,-97.0495,,US,7979,,False
node_09493,node_09493,52.3775,4.9005,,NL,7979,,False
node_09494,node_09494,50.1175,8.6805,,DE,29066,,False
node_09495,node_09495,40.7085,-74.0095,,US,396356,,False
node_09496,node_09496,1.3695,103.8005,,SG,396356,,False
node_09497,node_09497,50.8905,6.0605,,NL,199654,,False
node_09498,node_09498,52.3715,6.3805,,NL,1136,,False
node_09499,node_09499,59.3175,18.0615,,SE,12552,,False
node_09500,node_09500,62.5875,17.8015,,SE,3301,,False
node_09501,node_09501,69.9685,23.2815,,NO,206557,,False
node_09502,node_09502,49.4495,11.0815,,DE,197540,,False
node_09503,node_09503,49.1395,9.2015,,DE,8881,,False
node_09504,node_09504,44.8805,-0.5185,,FR,5410,,False
node_09505,node_09505,48.8605,2.3415,,FR,16276,,False
node_09506,node_09506,48.8805,8.7015,,DE,8881,,False
node_09507,node_09507,50.0605,19.9315,,PL,197615,,False
node_09508,node_09508,52.5015,13.3715,,DE,20647,,False
node_09509,node_09509,54.2675,18.6275,,PL,5617,,False
node_09510,node_09510,52.6605,8.2275,,DE,9145,,False
node_09511,node_09511,45.8405,-119.7125,,US,16509,,False
node_09512,node_09512,1.2915,103.8475,,SG,16509,,False
node_09513,node_09513,39.9115,116.3875,,CN,55960,,False
node_09514,node_09514,53.3375,-6.2525,,IE,16509,,False
node_09515,node_09515,51.0485,17.0075,,PL,35179,,False
node_09516,node_09516,52.3695,4.8875,,NL,214481,,False
node_09517,node_09517,47.2095,-1.5425,,FR,3215,,False
node_09518,node_09518,47.2105,-1.5325,,FR,199636,,False
node_09519,node_09519,52.3705,5.2075,,NL,214481,,False
node_09520,node_09520,46.9515,7.4485,,CH,53667,,False
node_09521,node_09521,34.0485,-118.2415,,US,36352,,False
node_09522,node_09522,-32.9505,-71.4815,,CL,31898,,False
node_09523,node_09523,39.9505,-75.1615,,US,14593,,False
node_09524,node_09524,49.4475,11.3895,,DE,197540,,False
node_09525,node_09525,40.4275,-76.1105,,US,7922,,False
node_09526,node_09526,59.3395,18.0995,,SE,205966,,False
node_09527,node_09527,48.8595,2.3495,,FR,210030,,False
node_09528,node_09528,52.3775,16.9695,,PL,13110,,False
node_09529,node_09529,52.0175,5.6595,,NL,50266,,False
node_09530,node_09530,52.5685,5.9395,,NL,15435,,False
node_09531,node_09531,40.4595,-3.4705,,ES,3352,,False
node_09532,node_09532,34.6105,-86.5505,,US,16591,,False
node_09533,node_09533,51.5115,-0.1305,,GB,26863,,False
node_09534,node_09534,32.7775,-96.7995,,US,398986,,False
node_09535,node_09535,53.2915,-6.2095,,IE,5466,,False
node_09536,node_09536,45.4275,11.8405,,IT,215760,,False
node_09537,node_09537,45.4095,11.8805,,IT,214443,,False
node_09538,node_09538,52.2415,16.8205,,PL,13110,,False
node_09539,node_09539,52.5395,13.4215,,DE,3320,,False
node_09540,node_09540,49.4405,11.0215,,DE,24940,,False
node_09541,node_09541,43.7215,13.2115,,IT,215288,,False
node_09542,node_09542,48.9315,2.3515,,FR,60491,,False
node_09543,node_09543,51.5185,-0.0885,,GB,2856,,False
node_09544,node_09544,-37.8505,145.1215,,AU,7645,,False
node_09545,node_09545,50.7305,-1.8185,,GB,60377,,False
node_09546,node_09546,34.0505,-118.2385,,US,400644,,False
node_09547,node_09547,36.1215,-79.8715,,US,7018,,False
node_09548,node_09548,22.2805,114.1795,,HK,16509,,False
node_09549,node_09549,22.2815,114.1795,,HK,16509,,False
node_09550,node_09550,22.2775,114.1795,,HK,16509,,False
node_09551,node_09551,22.2775,114.1795,,HK,16509,,False
node_09552,node_09552,22.2785,114.1795,,HK,16509,,False
node_09553,node_09553,50.4795,12.3595,,DE,24940,,False
node_09554,node_09554,56.9985,25.0005,,LV,43513,,False
node_09555,node_09555,50.4795,12.3605,,DE,24940,,False
node_09556,node_09556,43.1705,-77.5595,,US,5650,,False
node_09557,node_09557,42.7005,23.3205,,BG,203380,,False
node_09558,node_09558,39.9915,116.3905,,CN,4808,,False
node_09559,node_09559,46.9305,7.5105,,CH,13030,,False
node_09560,node_09560,-37.8485,144.9905,,AU,38195,,False
node_09561,node_09561,45.7475,4.8515,,FR,207992,,False
node_09562,node_09562,-26.2315,28.0615,,ZA,327824,,False
node_09563,node_09563,40.4195,-3.6785,,ES,57269,,False
node_09564,node_09564,49.8695,8.6215,,DE,200519,,False
node_09565,node_09565,51.7615,19.4615,,PL,41508,,False
node_09566,node_09566,41.4415,2.2415,,ES,57269,,False
node_09567,node_09567,-12.0525,-77.0285,,PE,269843,,False
node_09568,node_09568,-15.7795,-47.9285,,BR,7195,,False
node_09569,node_09569,-3.7095,-38.5385,,BR,7195,,False
node_09570,node_09570,-22.9085,-43.1885,,BR,7195,,False
node_09571,node_09571,-23.5485,-46.6385,,BR,7195,,False
node_09572,node_09572,-30.0325,-51.2425,,BR,7195,,False
node_09573,node_09573,-23.5525,-46.6425,,BR,7195,,False
node_09574,node_09574,43.6295,-79.3685,,CA,53471,,False
node_09575,node_09575,43.6285,-79.3715,,CA,271,,False
node_09576,node_09576,49.1895,-98.0915,,CA,396420,,False
node_09577,node_09577,43.3175,-81.7615,,CA,11287,,False
node_09578,node_09578,43.3695,-81.0015,,CA,25914,,False
node_09579,node_09579,46.2695,-80.9115,,CA,22060,,False
node_09580,node_09580,44.1415,-81.1515,,CA,29974,,False
node_09581,node_09581,53.2775,-104.0205,,CA,10980,,False
node_09582,node_09582,59.4405,24.7795,,EE,3249,,False
node_09583,node_09583,34.7715,113.7195,,CN,4134,,False
node_09584,node_09584,35.6175,139.7395,,JP,46997,,False
node_09585,node_09585,-37.8425,144.9395,,AU,38008,,False
node_09586,node_09586,37.5485,-121.9905,,US,701,,False
node_09587,node_09587,40.8395,-74.1405,,US,14061,,False
node_09588,node_09588,51.9405,9.6395,,DE,3209,,False
node_09589,node_09589,50.0505,14.4495,,CZ,30764,,False
node_09590,node_09590,35.6885,139.6905,,JP,16509,,False
node_09591,node_09591,28.6785,-17.7595,,ES,3352,,False
node_09592,node_09592,50.0495,14.4505,,CZ,29208,,False
node_09593,node_09593,40.3795,49.8905,,AZ,39397,,False
node_09594,node_09594,42.0805,-87.9195,,US,399533,,False
node_09595,node_09595,41.9515,-87.9495,,US,7018,,False
node_09596,node_09596,-0.9585,-80.7495,,EC,264851,,False
node_09597,node_09597,47.0975,-1.1895,,FR,12322,,False
node_09598,node_09598,-1.9615,-79.7295,,EC,264851,,False
node_09599,node_09599,40.2915,-3.7895,,ES,57269,,False
node_09600,node_09600,46.6175,14.3115,,AT,61438,,False
node_09601,node_09601,51.8085,19.3615,,PL,16342,,False
node_09602,node_09602,52.0915,5.1315,,NL,33915,,False
node_09603,node_09603,46.6185,14.3075,,AT,8540,,False
node_09604,node_09604,46.7785,23.5975,,RO,56951,,False
node_09605,node_09605,52.5295,13.3375,,DE,215444,,False
node_09606,node_09606,50.4595,30.5275,,UA,62206,,False
node_09607,node_09607,-6.1695,106.8275,,ID,152037,,False
node_09608,node_09608,-7.8685,111.4575,,ID,149728,,False
node_09609,node_09609,-6.2425,106.8185,,ID,149728,,False
node_09610,node_09610,50.1195,8.6785,,DE,197071,,False
node_09611,node_09611,48.7915,2.4085,,FR,52075,,False
node_09612,node_09612,51.5075,-0.0005,,GB,52075,,False
node_09613,node_09613,46.9485,7.4495,,CH,53667,,False
node_09614,node_09614,40.7095,-74.0105,,US,20473,,False
node_09615,node_09615,23.1215,113.2495,,CN,4134,,False
node_09616,node_09616,52.1315,21.0395,,PL,29314,,False
node_09617,node_09617,55.7385,37.6095,,RU,12389,,False
node_09618,node_09618,35.6805,139.7595,,JP,9009,,False
node_09619,node_09619,48.1215,-1.6305,,FR,205669,,False
node_09620,node_09620,52.4675,13.4205,,DE,3209,,False
node_09621,node_09621,19.0685,72.8905,,IN,141995,,False
node_09622,node_09622,35.6185,139.7405,,JP,141995,,False
node_09623,node_09623,47.6095,-122.3295,,US,141995,,False
node_09624,node_09624,-33.8705,151.2105,,AU,141995,,False
node_09625,node_09625,59.9405,30.3105,,RU,207239,,False
node_09626,node_09626,38.6405,-90.1995,,US,40021,,False
node_09627,node_09627,41.0415,-73.9595,,US,40021,,False
node_09628,node_09628,47.3115,-122.2595,,US,40021,,False
node_09629,node_09629,51.2975,9.4905,,DE,201463,,False
node_09630,node_09630,52.4285,13.3705,,DE,20647,,False
node_09631,node_09631,52.3785,4.9005,,NL,200223,,False
node_09632,node_09632,49.4505,11.0805,,DE,24940,,False
node_09633,node_09633,47.3875,0.6915,,FR,209925,,False
node_09634,node_09634,51.3405,12.3815,,DE,16097,,False
node_09635,node_09635,34.0505,-118.2385,,US,36352,,False
node_09636,node_09636,34.0515,-118.2685,,US,906,,False
node_09637,node_09637,51.3695,7.4815,,DE,3320,,False
node_09638,node_09638,55.7475,37.6175,,RU,35598,,False
node_09639,node_09639,55.7385,37.6075,,RU,208677,,False
node_09640,node_09640,56.8295,60.5375,,RU,210756,,False
node_09641,node_09641,48.8605,2.3375,,FR,12322,,False
node_09642,node_09642,35.9305,-78.8825,,US,62787,,False
node_09643,node_09643,50.0405,21.9975,,PL,5617,,False
node_09644,node_09644,46.8175,0.5385,,FR,3215,,False
node_09645,node_09645,47.0575,21.9285,,RO,211327,,False
node_09646,node_09646,59.3195,18.0585,,SE,12552,,False
node_09647,node_09647,51.7415,19.3985,,PL,12741,,False
node_09648,node_09648,43.1195,12.3795,,IT,202870,,False
node_09649,node_09649,56.4905,-2.9905,,GB,214347,,False
node_09650,node_09650,49.1195,16.5695,,CZ,28725,,False
node_09651,node_09651,52.0205,6.0595,,NL,15435,,False
node_09652,node_09652,52.3915,9.7695,,DE,13045,,False
node_09653,node_09653,41.3285,19.8205,,AL,213683,,False
node_09654,node_09654,6.4505,3.3905,,NG,214354,,False
node_09655,node_09655,55.7415,37.6105,,RU,208677,,False
node_09656,node_09656,49.4875,8.4705,,DE,204310,,False
node_09657,node_09657,50.9895,2.1305,,FR,16276,,False
node_09658,node_09658,50.1105,8.7305,,DE,44486,,False
node_09659,node_09659,35.8215,140.1205,,JP,31898,,False
node_09660,node_09660,40.3785,49.8915,,AZ,202422,,False
node_09661,node_09661,-33.8605,18.6515,,ZA,328266,,False
node_09662,node_09662,50.0905,14.4115,,CZ,14593,,False
node_09663,node_09663,51.4705,5.2715,,NL,15435,,False
node_09664,node_09664,40.4515,-3.5885,,ES,3352,,False
node_09665,node_09665,41.0375,29.1815,,TR,62425,,False
node_09666,node_09666,50.1085,8.7315,,DE,44486,,False
node_09667,node_09667,44.4885,26.1715,,RO,203919,,False
node_09668,node_09668,52.5195,13.4015,,DE,8560,,False
node_09669,node_09669,57.6995,11.9315,,SE,8473,,False
node_09670,node_09670,26.2505,-80.1985,,US,7922,,False
node_09671,node_09671,52.3715,4.8915,,NL,210976,,False
node_09672,node_09672,35.6575,139.7375,,JP,4685,,False
node_09673,node_09673,48.1075,-1.6725,,FR,5410,,False
node_09674,node_09674,52.5915,-2.1425,,GB,47272,,False
node_09675,node_09675,48.8575,2.3375,,FR,15401,,False
node_09676,node_09676,48.8575,2.3375,,FR,15401,,False
node_09677,node_09677,50.1475,8.3885,,DE,8899,,False
node_09678,node_09678,32.8805,-117.2315,,US,7377,,False
node_09679,node_09679,53.0675,8.8295,,DE,30742,,False
node_09680,node_09680,-36.7825,174.7195,,NZ,4771,,False
node_09681,node_09681,44.4395,26.1395,,RO,8708,,False
node_09682,node_09682,49.4505,11.0795,,DE,24940,,False
node_09683,node_09683,48.8575,2.3395,,FR,16276,,False
node_09684,node_09684,39.9775,-75.1305,,US,701,,False
node_09685,node_09685,47.3985,8.1195,,CH,3303,,False
node_09686,node_09686,53.4995,10.1095,,DE,42562,,False
node_09687,node_09687,45.4815,-122.5905,,US,209,,False
node_09688,node_09688,48.1075,-1.6695,,FR,199297,,False
node_09689,node_09689,60.1685,24.9305,,FI,57043,,False
node_09690,node_09690,12.1195,-68.8895,,CW,272996,,False
node_09691,node_09691,-37.6205,144.7705,,AU,38195,,False
node_09692,node_09692,41.2295,1.7405,,ES,57269,,False
node_09693,node_09693,35.6805,139.7605,,JP,9009,,False
node_09694,node_09694,55.7515,37.6205,,RU,206134,,False
node_09695,node_09695,44.7975,20.4615,,RS,205007,,False
node_09696,node_09696,46.9975,28.8615,,MD,200019,,False
node_09697,node_09697,46.9985,28.8615,,MD,48753,,False
node_09698,node_09698,50.8295,4.3515,,BE,9031,,False
node_09699,node_09699,37.7515,-97.8185,,US,395954,,False
node_09700,node_09700,47.6675,-117.0985,,US,200461,,False
node_09701,node_09701,48.8585,2.3515,,FR,39421,,False
node_09702,node_09702,4.9195,-74.0285,,CO,273074,,False
node_09703,node_09703,13.7475,100.5175,,TH,135381,,False
node_09704,node_09704,38.6305,-121.3325,,US,14051,,False
node_09705,node_09705,56.9515,24.0975,,LV,12993,,False
node_09706,node_09706,52.3675,4.8875,,NL,8075,,False
node_09707,node_09707,50.1085,8.6775,,DE,213925,,False
node_09708,node_09708,48.8585,2.3375,,FR,35540,,False
node_09709,node_09709,39.0195,-77.5425,,US,31898,,False
node_09710,node_09710,43.2415,76.9475,,KZ,197556,,False
node_09711,node_09711,-26.2025,28.0485,,ZA,61138,,False
node_09712,node_09712,52.3985,4.8585,,NL,8283,,False
node_09713,node_09713,48.8795,2.2185,,FR,39421,,False
node_09714,node_09714,51.8495,5.8185,,NL,1136,,False
node_09715,node_09715,-0.2195,-78.3915,,EC,14522,,False
node_09716,node_09716,25.0515,121.5285,,TW,396982,,False
node_09717,node_09717,49.1615,16.5685,,CZ,16019,,False
node_09718,node_09718,-7.2625,112.7385,,ID,138074,,False
node_09719,node_09719,-27.3125,152.9785,,AU,134697,,False
node_09720,node_09720,55.6085,12.9985,,SE,3301,,False
node_09721,node_09721,48.1315,-1.6715,,FR,12322,,False
node_09722,node_09722,47.2115,-1.5515,,FR,5410,,False
node_09723,node_09723,33.5785,130.4095,,JP,4713,,False
node_09724,node_09724,54.3485,18.6495,,PL,203662,,False
node_09725,node_09725,49.2295,28.4695,,UA,57944,,False
node_09726,node_09726,-39.8105,-73.2505,,CL,61138,,False
node_09727,node_09727,55.0405,82.9395,,RU,207957,,False
node_09728,node_09728,45.7515,4.8495,,FR,207992,,False
node_09729,node_09729,43.1475,12.1095,,IT,203201,,False
node_09730,node_09730,41.6385,-87.8505,,US,7922,,False
node_09731,node_09731,43.6295,-79.3705,,CA,12212,,False
node_09732,node_09732,35.6915,139.6895,,JP,59105,,False
node_09733,node_09733,51.8405,6.8605,,DE,8899,,False
node_09734,node_09734,35.6905,139.6905,,JP,152873,,False
node_09735,node_09735,48.2115,16.5505,,AT,8447,,False
node_09736,node_09736,43.7085,-79.4095,,CA,20473,,False
node_09737,node_09737,48.3305,13.8605,,AT,28760,,False
node_09738,node_09738,50.1205,8.6805,,DE,215439,,False
node_09739,node_09739,53.5575,10.1615,,DE,198930,,False
node_09740,node_09740,52.2295,21.0115,,PL,9141,,False
node_09741,node_09741,52.4705,13.3715,,DE,57342,,False
node_09742,node_09742,48.2515,12.5215,,DE,3320,,False
node_09743,node_09743,39.0975,-94.5825,,US,1002,,False
node_09744,node_09744,55.7415,37.6075,,RU,208677,,False
node_09745,node_09745,1.2875,103.8475,,SG,132203,,False
node_09746,node_09746,49.7675,13.3675,,CZ,8251,,False
node_09747,node_09747,25.0485,121.5275,,TW,17716,,False
node_09748,node_09748,35.6905,139.6875,,JP,7506,,False
node_09749,node_09749,-33.8015,150.8785,,AU,31898,,False
node_09750,node_09750,40.7085,-74.0115,,US,152900,,False
node_09751,node_09751,41.3295,19.8185,,AL,26383,,False
node_09752,node_09752,52.3375,9.7585,,DE,12312,,False
node_09753,node_09753,54.6885,25.2785,,LT,26383,,False
node_09754,node_09754,52.3685,4.8885,,NL,152900,,False
node_09755,node_09755,52.5195,13.3985,,DE,8560,,False
node_09756,node_09756,50.4795,12.3285,,DE,24940,,False
node_09757,node_09757,41.5505,-90.4815,,US,397978,,False
node_09758,node_09758,50.3505,7.5885,,DE,3320,,False
node_09759,node_09759,52.3515,7.6985,,DE,9145,,False
node_09760,node_09760,52.6875,6.1995,,NL,211619,,False
node_09761,node_09761,52.3375,9.7595,,DE,41108,,False
node_09762,node_09762,42.6985,23.3195,,BG,40663,,False
node_09763,node_09763,51.1005,17.0295,,PL,9141,,False
node_09764,node_09764,52.1505,21.0495,,PL,9141,,False
node_09765,node_09765,50.0715,19.9195,,PL,9141,,False
node_09766,node_09766,54.3915,18.5895,,PL,9141,,False
node_09767,node_09767,50.3475,18.9195,,PL,9141,,False
node_09768,node_09768,52.1975,20.9995,,PL,9141,,False
node_09769,node_09769,25.0485,121.5295,,TW,3462,,False
node_09770,node_09770,41.9885,-87.9605,,US,23352,,False
node_09771,node_09771,51.1995,6.8295,,DE,6805,,False
node_09772,node_09772,53.5905,10.0495,,DE,15943,,False
node_09773,node_09773,35.6905,139.6895,,JP,3258,,False
node_09774,node_09774,55.8215,12.4795,,DK,203953,,False
node_09775,node_09775,35.6885,139.7705,,JP,63804,,False
node_09776,node_09776,54.7395,55.9705,,RU,214822,,False
node_09777,node_09777,49.4505,11.0805,,DE,24940,,False
node_09778,node_09778,55.7515,37.6205,,RU,214822,,False
node_09779,node_09779,59.9415,30.3105,,RU,214822,,False
node_09780,node_09780,55.7875,49.1215,,RU,214822,,False
node_09781,node_09781,52.5885,-2.1385,,GB,47272,,False
node_09782,node_09782,49.6885,10.8215,,DE,3320,,False
node_09783,node_09783,37.3705,-121.9985,,US,14061,,False
node_09784,node_09784,47.4915,8.7415,,CH,21232,,False
node_09785,node_09785,46.8115,-71.2185,,CA,577,,False
node_09786,node_09786,50.0795,8.6415,,DE,3209,,False
node_09787,node_09787,48.2995,16.3415,,AT,215120,,False
node_09788,node_09788,6.2515,-75.5585,,CO,13489,,False
node_09789,node_09789,51.5085,-0.1325,,GB,3170,,False
node_09790,node_09790,44.4285,26.0975,,RO,9009,,False
node_09791,node_09791,52.2295,21.0075,,PL,26383,,False
node_09792,node_09792,48.2015,16.3675,,AT,8339,,False
node_09793,node_09793,41.8775,-87.6225,,US,20278,,False
node_09794,node_09794,40.7075,-74.0125,,US,400212,,False
node_09795,node_09795,30.3285,-81.6525,,US,20278,,False
node_09796,node_09796,47.4285,8.5575,,CH,204631,,False
node_09797,node_09797,-33.8705,151.2085,,AU,8888,,False
node_09798,node_09798,1.9805,-75.8015,,CO,274017,,False
node_09799,node_09799,51.5975,7.1885,,DE,209894,,False
node_09800,node_09800,51.5985,7.1885,,DE,209894,,False
node_09801,node_09801,44.4285,26.0985,,RO,56430,,False
node_09802,node_09802,51.8995,-1.1615,,GB,56329,,False
node_09803,node_09803,52.2095,0.1485,,GB,8943,,False
node_09804,node_09804,41.3805,2.1785,,ES,57269,,False
node_09805,node_09805,52.3705,4.8885,,NL,11967,,False
node_09806,node_09806,-33.9485,25.5585,,ZA,37640,,False
node_09807,node_09807,36.7975,-76.1795,,US,701,,False
node_09808,node_09808,-34.6005,-58.3795,,AR,11664,,False
node_09809,node_09809,5.5495,-73.3595,,CO,262186,,False
node_09810,node_09810,52.3675,4.8905,,NL,211623,,False
node_09811,node_09811,48.8615,2.3515,,FR,12876,,False
node_09812,node_09812,48.8615,2.3515,,FR,3215,,False
node_09813,node_09813,37.3375,-121.8925,,US,16509,,False
node_09814,node_09814,35.6875,139.6875,,JP,16509,,False
node_09815,node_09815,22.2785,114.1775,,HK,16509,,False
node_09816,node_09816,-33.8695,151.1975,,AU,16509,,False
node_09817,node_09817,51.5085,-0.1325,,GB,44684,,False
node_09818,node_09818,46.9995,28.8575,,MD,48753,,False
node_09819,node_09819,48.9315,14.4075,,CZ,49985,,False
node_09820,node_09820,54.7285,55.9485,,RU,216334,,False
node_09821,node_09821,52.0895,5.1285,,NL,50266,,False
node_09822,node_09822,48.9715,8.1885,,FR,51167,,False
node_09823,node_09823,53.7475,9.6485,,DE,6805,,False
node_09824,node_09824,33.0285,-96.6815,,US,5650,,False
node_09825,node_09825,53.2395,6.5585,,NL,1136,,False
node_09826,node_09826,45.3105,-73.9015,,CA,16276,,False
node_09827,node_09827,50.6905,3.1985,,FR,16276,,False
node_09828,node_09828,52.3615,4.9485,,NL,213576,,False
node_09829,node_09829,41.8475,-87.6505,,US,398795,,False
node_09830,node_09830,53.7475,9.6495,,DE,13101,,False
node_09831,node_09831,41.8485,-87.6505,,US,23352,,False
node_09832,node_09832,55.7495,37.6195,,RU,16262,,False
node_09833,node_09833,43.4575,11.8805,,IT,31034,,False
node_09834,node_09834,50.0875,14.4105,,CZ,24806,,False
node_09835,node_09835,63.5285,10.8305,,NO,34087,,False
node_09836,node_09836,-26.3205,-48.8595,,BR,26615,,False
node_09837,node_09837,25.0495,121.5305,,TW,3462,,False
node_09838,node_09838,52.6915,6.2005,,NL,44103,,False
node_09839,node_09839,51.3015,9.4905,,DE,44486,,False
node_09840,node_09840,60.1695,24.9305,,FI,24940,,False
node_09841,node_09841,56.3595,-3.9895,,GB,3213,,False
node_09842,node_09842,52.3595,4.9515,,NL,47674,,False
node_09843,node_09843,51.3005,9.4915,,DE,197641,,False
node_09844,node_09844,51.3415,7.0415,,DE,207252,,False
node_09845,node_09845,47.5015,19.0415,,HU,5483,,False
node_09846,node_09846,51.5105,-0.1285,,GB,31898,,False
node_09847,node_09847,50.1215,8.6815,,DE,214677,,False
node_09848,node_09848,49.7775,18.4375,,CZ,30764,,False
node_09849,node_09849,55.7385,37.6075,,RU,57354,,False
node_09850,node_09850,41.5495,2.3975,,ES,208909,,False
node_09851,node_09851,41.5495,2.3975,,ES,3352,,False
node_09852,node_09852,51.2205,6.7775,,DE,207252,,False
node_09853,node_09853,51.5515,-2.4225,,GB,206067,,False
node_09854,node_09854,22.3675,114.1375,,HK,209109,,False
node_09855,node_09855,44.4875,26.0575,,RO,8708,,False
node_09856,node_09856,48.0395,7.4075,,FR,2027,,False
node_09857,node_09857,-33.8715,151.1985,,AU,7489,,False
node_09858,node_09858,1.3695,103.7985,,SG,7489,,False
node_09859,node_09859,10.3305,-75.4215,,CO,18678,,False
node_09860,node_09860,42.8875,-78.8815,,US,36352,,False
node_09861,node_09861,59.3975,18.0185,,SE,8473,,False
node_09862,node_09862,37.3885,-121.9615,,US,14061,,False
node_09863,node_09863,39.0385,-77.4915,,US,206996,,False
node_09864,node_09864,48.8605,2.3385,,FR,16276,,False
node_09865,node_09865,1.2785,103.8495,,SG,16276,,False
node_09866,node_09866,43.7085,-79.4105,,CA,52025,,False
node_09867,node_09867,51.3005,9.4895,,DE,16276,,False
node_09868,node_09868,44.4205,26.1695,,RO,9009,,False
node_09869,node_09869,54.1105,9.9995,,DE,207790,,False
node_09870,node_09870,46.2795,6.0405,,FR,35540,,False
node_09871,node_09871,10.4705,-73.2495,,CO,272930,,False
node_09872,node_09872,41.0915,-73.9195,,US,701,,False
node_09873,node_09873,44.9075,4.9015,,FR,199636,,False
node_09874,node_09874,51.4795,0.1815,,GB,16276,,False
node_09875,node_09875,13.4805,-88.1785,,SV,264635,,False
node_09876,node_09876,-33.4525,-70.6485,,CL,270013,,False
node_09877,node_09877,51.7585,20.2615,,PL,50411,,False
node_09878,node_09878,26.2105,127.6815,,JP,2516,,False
node_09879,node_09879,45.4515,-73.8085,,CA,33185,,False
node_09880,node_09880,50.4815,12.3615,,DE,24940,,False
node_09881,node_09881,32.7875,-96.8325,,US,54334,,False
node_09882,node_09882,34.0585,-118.2625,,US,36352,,False
node_09883,node_09883,42.8885,-78.8825,,US,36352,,False
node_09884,node_09884,52.3105,4.9475,,NL,216253,,False
node_09885,node_09885,-31.9795,115.8475,,AU,133159,,False
node_09886,node_09886,51.0315,13.7375,,DE,680,,False
node_09887,node_09887,38.7885,-77.2825,,US,701,,False
node_09888,node_09888,32.0985,34.9485,,IL,42474,,False
node_09889,node_09889,46.9485,7.4485,,CH,13030,,False
node_09890,node_09890,48.7095,2.2485,,FR,3215,,False
node_09891,node_09891,-33.8705,151.2085,,AU,16276,,False
node_09892,node_09892,45.6705,9.1785,,IT,31034,,False
node_09893,node_09893,59.9275,30.1885,,RU,51659,,False
node_09894,node_09894,55.7485,37.6185,,RU,41745,,False
node_09895,node_09895,-31.9625,115.8595,,AU,4804,,False
node_09896,node_09896,51.8795,7.6095,,DE,8881,,False
node_09897,node_09897,35.6805,139.7695,,JP,134351,,False
node_09898,node_09898,52.3675,4.8895,,NL,215370,,False
node_09899,node_09899,52.3785,4.8995,,NL,21221,,False
node_09900,node_09900,60.1695,24.9295,,FI,198020,,False
node_09901,node_09901,-33.8995,151.1895,,AU,136557,,False
node_09902,node_09902,49.4515,11.0795,,DE,197540,,False
node_09903,node_09903,43.6375,-79.3795,,CA,401665,,False
node_09904,node_09904,51.5195,-0.0895,,GB,49683,,False
node_09905,node_09905,48.8605,2.3505,,FR,209815,,False
node_09906,node_09906,41.3815,-8.7595,,PT,3243,,False
node_09907,node_09907,-33.8695,151.2005,,AU,133120,,False
node_09908,node_09908,-23.9095,29.4505,,ZA,328341,,False
node_09909,node_09909,25.0815,121.5505,,TW,18041,,False
node_09910,node_09910,49.9015,-119.4895,,CA,852,,False
node_09911,node_09911,45.7075,11.4815,,IT,59829,,False
node_09912,node_09912,-29.8225,30.8515,,ZA,37172,,False
node_09913,node_09913,41.6015,-93.6085,,US,8075,,False
node_09914,node_09914,14.0075,100.5315,,TH,17552,,False
node_09915,node_09915,54.0885,9.6615,,DE,3320,,False
node_09916,node_09916,54.1895,16.1715,,PL,5617,,False
node_09917,node_09917,-31.9495,115.8615,,AU,133120,,False
node_09918,node_09918,-27.4695,153.0315,,AU,133120,,False
node_09919,node_09919,-28.0685,153.3915,,AU,133120,,False
node_09920,node_09920,47.6015,-122.3285,,US,40021,,False
node_09921,node_09921,40.7075,-74.0125,,US,40021,,False
node_09922,node_09922,38.6275,-90.1925,,US,40021,,False
node_09923,node_09923,50.7985,-1.0925,,GB,51167,,False
node_09924,node_09924,-23.4815,-46.5225,,BR,139057,,False
node_09925,node_09925,22.2795,114.1775,,HK,139057,,False
node_09926,node_09926,54.7205,9.6675,,DE,3320,,False
node_09927,node_09927,53.9415,9.4975,,DE,3209,,False
node_09928,node_09928,51.5105,-0.1315,,GB,210464,,False
node_09929,node_09929,52.4105,-1.5115,,GB,42831,,False
node_09930,node_09930,48.2975,16.3385,,AT,40994,,False
node_09931,node_09931,35.6785,139.7585,,JP,141995,,False
node_09932,node_09932,37.2405,-121.7915,,US,31898,,False
node_09933,node_09933,42.8905,-78.8815,,US,36352,,False
node_09934,node_09934,34.0515,-118.2415,,US,36352,,False
node_09935,node_09935,53.1175,8.1095,,DE,9145,,False
node_09936,node_09936,53.2775,10.4395,,DE,201035,,False
node_09937,node_09937,59.1685,10.2195,,NO,56655,,False
node_09938,node_09938,47.3595,8.5395,,CH,8075,,False
node_09939,node_09939,23.8675,90.3895,,BD,147181,,False
node_09940,node_09940,-12.5025,18.4995,,AO,329007,,False
node_09941,node_09941,34.0485,-118.2405,,US,206996,,False
node_09942,node_09942,52.1175,4.6505,,NL,50266,,False
node_09943,node_09943,25.0475,121.5205,,TW,3462,,False
node_09944,node_09944,52.2295,21.0105,,PL,201814,,False
node_09945,node_09945,52.4105,-1.5095,,GB,213279,,False
node_09946,node_09946,50.1175,8.6705,,DE,16276,,False
node_09947,node_09947,51.5075,-0.1295,,GB,16276,,False
node_09948,node_09948,37.5695,126.9805,,KR,132203,,False
node_09949,node_09949,43.6515,-79.3795,,CA,36352,,False
node_09950,node_09950,37.3375,-121.8885,,US,36352,,False
node_09951,node_09951,32.7775,-96.7985,,US,36352,,False
node_09952,node_09952,50.4315,-104.5285,,CA,21804,,False
node_09953,node_09953,35.2405,137.0815,,JP,2518,,False
node_09954,node_09954,22.2805,114.1815,,HK,401443,,False
node_09955,node_09955,34.6915,135.1815,,JP,51847,,False
node_09956,node_09956,20.8495,-99.8525,,MX,7195,,False
node_09957,node_09957,20.8505,-99.8525,,MX,7195,,False
node_09958,node_09958,20.6805,-103.3525,,MX,7195,,False
node_09959,node_09959,50.0515,14.4475,,CZ,16019,,False
node_09960,node_09960,59.3275,18.0675,,SE,215960,,False
node_09961,node_09961,-20.3015,-42.3225,,BR,267654,,False
node_09962,node_09962,37.5695,126.9775,,KR,63473,,False
node_09963,node_09963,41.4505,44.5375,,GE,35805,,False
node_09964,node_09964,22.2785,114.1785,,HK,9009,,False
node_09965,node_09965,53.3375,-6.2515,,IE,36352,,False
node_09966,node_09966,49.8815,6.8985,,DE,6805,,False
node_09967,node_09967,39.5815,-77.0015,,US,14593,,False
node_09968,node_09968,49.7975,9.9395,,DE,8881,,False
node_09969,node_09969,62.3685,25.8995,,FI,719,,False
node_09970,node_09970,47.2285,16.6195,,HU,21334,,False
node_09971,node_09971,51.5015,-0.1205,,GB,20473,,False
node_09972,node_09972,38.0675,23.7695,,GR,212485,,False
node_09973,node_09973,43.8715,-76.0105,,US,11351,,False
node_09974,node_09974,55.7375,37.6105,,RU,44943,,False
node_09975,node_09975,34.0485,-118.2395,,US,60117,,False
node_09976,node_09976,51.2995,9.4905,,DE,8560,,False
node_09977,node_09977,51.4995,-0.1195,,GB,8560,,False
node_09978,node_09978,40.4205,-3.6795,,ES,8560,,False
node_09979,node_09979,34.0485,-118.2395,,US,63473,,False
node_09980,node_09980,48.8595,2.3405,,FR,12322,,False
node_09981,node_09981,50.4815,12.3615,,DE,24940,,False
node_09982,node_09982,57.7075,11.9715,,SE,3301,,False
node_09983,node_09983,50.6995,4.0515,,BE,5432,,False
node_09984,node_09984,51.1905,6.6815,,DE,34225,,False
node_09985,node_09985,35.6505,139.6775,,JP,2497,,False
node_09986,node_09986,-22.4305,-46.9625,,BR,27699,,False
node_09987,node_09987,33.5395,-82.1425,,US,7018,,False
node_09988,node_09988,52.2175,6.8185,,NL,202585,,False
node_09989,node_09989,50.4785,12.3585,,DE,24940,,False
node_09990,node_09990,44.4295,-81.3915,,CA,11727,,False
node_09991,node_09991,45.4695,9.1885,,IT,6517,,False
node_09992,node_09992,52.0715,4.3185,,NL,9009,,False
node_09993,node_09993,49.1075,6.1895,,FR,12322,,False
node_09994,node_09994,34.0475,-118.2405,,US,206216,,False
node_09995,node_09995,47.5785,7.6395,,CH,6772,,False
node_09996,node_09996,51.5095,-0.1305,,GB,9009,,False
node_09997,node_09997,18.0015,104.9995,,LA,17804,,False
node_09998,node_09998,35.6975,51.4095,,IR,39650,,False
node_09999,node_09999,-6.8415,110.8895,,ID,152436,,False
node_10000,node_10000,49.4505,11.0795,,DE,24940,,False
node_10001,node_10001,47.2115,-1.5805,,FR,12322,,False
node_10002,node_10002,48.1515,11.5895,,DE,8767,,False
node_10003,node_10003,52.5575,13.0805,,DE,3320,,False
node_10004,node_10004,47.6775,9.3805,,DE,21263,,False
node_10005,node_10005,-7.7805,110.4005,,ID,55666,,False
node_10006,node_10006,48.9605,16.2205,,CZ,52115,,False
node_10007,node_10007,32.7505,-117.1895,,US,14593,,False
node_10008,node_10008,52.3515,4.9405,,NL,14061,,False
node_10009,node_10009,50.7015,3.2105,,FR,15557,,False
node_10010,node_10010,48.1405,-1.9295,,FR,35077,,False
node_10011,node_10011,48.8705,2.3405,,FR,47160,,False
node_10012,node_10012,57.0015,25.0005,,LV,5538,,False
node_10013,node_10013,54.5505,-7.7985,,GB,202282,,False
node_10014,node_10014,38.9305,-77.3485,,US,12025,,False
node_10015,node_10015,54.9315,23.8915,,LT,21412,,False
node_10016,node_10016,60.6175,16.8215,,SE,20626,,False
node_10017,node_10017,45.4405,9.1815,,IT,3269,,False
node_10018,node_10018,53.2015,23.2015,,PL,8865,,False
node_10019,node_10019,-29.0025,23.9975,,ZA,327693,,False
node_10020,node_10020,50.4795,12.3575,,DE,24940,,False
node_10021,node_10021,52.2505,6.1775,,NL,50266,,False
node_10022,node_10022,42.8905,-78.8825,,US,36352,,False
node_10023,node_10023,51.5215,-0.6225,,GB,31898,,False
node_10024,node_10024,51.5215,-0.6225,,GB,31898,,False
node_10025,node_10025,47.5285,8.5475,,CH,196621,,False
node_10026,node_10026,44.7995,20.4875,,RS,8400,,False
node_10027,node_10027,45.1715,9.4475,,IT,202613,,False
node_10028,node_10028,40.7075,-74.0115,,US,63473,,False
node_10029,node_10029,48.2675,10.8885,,DE,3320,,False
node_10030,node_10030,1.2885,103.8485,,SG,64245,,False
node_10031,node_10031,59.3295,18.0685,,SE,215960,,False
node_10032,node_10032,53.5405,9.8685,,DE,3320,,False
node_10033,node_10033,5.2275,-3.7615,,CI,29571,,False
node_10034,node_10034,35.7885,139.8985,,JP,2516,,False
node_10035,node_10035,36.7915,14.9085,,IT,29447,,False
node_10036,node_10036,52.5075,13.2395,,DE,3209,,False
node_10037,node_10037,17.9595,102.6095,,LA,17804,,False
node_10038,node_10038,59.3195,18.0595,,SE,30893,,False
node_10039,node_10039,59.9405,30.3095,,RU,200487,,False
node_10040,node_10040,59.3315,18.0695,,SE,40663,,False
node_10041,node_10041,49.1215,8.1995,,DE,8899,,False
node_10042,node_10042,51.8375,6.8595,,DE,8899,,False
node_10043,node_10043,47.3795,8.5195,,CH,51852,,False
node_10044,node_10044,42.7015,23.3195,,BG,203380,,False
node_10045,node_10045,39.2715,-76.7995,,US,7922,,False
node_10046,node_10046,52.3805,4.6405,,NL,12876,,False
node_10047,node_10047,48.8615,2.3405,,FR,16276,,False
node_10048,node_10048,47.3985,0.7015,,FR,3215,,False
node_10049,node_10049,37.5495,-121.9885,,US,214354,,False
node_10050,node_10050,-33.7405,150.9215,,AU,4764,,False
node_10051,node_10051,45.7505,21.2315,,RO,47890,,False
node_10052,node_10052,45.7515,21.2315,,RO,47890,,False
node_10053,node_10053,45.7475,21.2315,,RO,47890,,False
node_10054,node_10054,35.6895,139.6915,,JP,3258,,False
node_10055,node_10055,51.2995,9.4915,,DE,206996,,False
node_10056,node_10056,47.0805,2.4015,,FR,5410,,False
node_10057,node_10057,41.1115,16.6915,,IT,202613,,False
node_10058,node_10058,20.2695,85.8275,,IN,55836,,False
node_10059,node_10059,51.1705,4.3475,,BE,48408,,False
node_10060,node_10060,50.1315,8.5995,,DE,208814,,False
node_10061,node_10061,39.0375,-77.4895,,US,7010,,False
node_10062,node_10062,51.8485,8.3005,,DE,3320,,False
node_10063,node_10063,52.3495,4.9405,,NL,14061,,False
node_10064,node_10064,40.9895,39.7905,,TR,34984,,False
node_10065,node_10065,51.8105,-0.8595,,GB,2856,,False
node_10066,node_10066,37.3515,-121.9495,,US,36352,,False
node_10067,node_10067,51.4315,0.2705,,GB,48101,,False
node_10068,node_10068,46.9985,28.8615,,MD,48753,,False
node_10069,node_10069,50.1005,8.6315,,DE,31898,,False
node_10070,node_10070,51.2985,9.4915,,DE,44486,,False
node_10071,node_10071,49.4495,11.0815,,DE,24940,,False
node_10072,node_10072,48.8605,2.3415,,FR,16276,,False
node_10073,node_10073,50.7015,3.1815,,FR,16276,,False
node_10074,node_10074,27.5215,41.7015,,SA,214329,,False
node_10075,node_10075,60.1705,24.9275,,FI,215439,,False
node_10076,node_10076,59.3305,18.0675,,SE,215439,,False
node_10077,node_10077,59.4375,24.7375,,EE,3249,,False
node_10078,node_10078,40.2595,-94.0225,,US,395582,,False
node_10079,node_10079,34.0505,-118.2425,,US,36352,,False
node_10080,node_10080,35.6815,139.7575,,JP,3258,,False
node_10081,node_10081,39.0475,-77.4915,,US,11878,,False
node_10082,node_10082,-33.8715,151.1985,,AU,63473,,False
node_10083,node_10083,43.7185,10.4085,,IT,202870,,False
node_10084,node_10084,53.3405,-6.2515,,IE,16509,,False
node_10085,node_10085,13.7415,100.4585,,TH,41281,,False
node_10086,node_10086,34.0485,-118.2405,,US,36352,,False
node_10087,node_10087,46.9095,9.7395,,CH,13030,,False
node_10088,node_10088,47.2505,9.4695,,CH,13030,,False
node_10089,node_10089,5.6005,-75.8205,,CO,3549,,False
node_10090,node_10090,47.4615,8.5895,,CH,13030,,False
node_10091,node_10091,13.7515,100.4895,,TH,41281,,False
node_10092,node_10092,1.2875,103.8495,,SG,55430,,False
node_10093,node_10093,55.6785,12.3995,,DK,209424,,False
node_10094,node_10094,48.3795,20.0195,,SK,58130,,False
node_10095,node_10095,41.1395,-8.6305,,PT,3243,,False
node_10096,node_10096,51.4415,14.2295,,DE,21413,,False
node_10097,node_10097,50.1175,8.6805,,DE,212895,,False
node_10098,node_10098,10.3675,-84.6295,,CR,11830,,False
node_10099,node_10099,12.1285,-86.2495,,NI,25607,,False
node_10100,node_10100,13.6885,-89.1895,,SV,262199,,False
node_10101,node_10101,22.2795,114.1805,,HK,153725,,False
node_10102,node_10102,52.4605,13.3205,,DE,8881,,False
node_10103,node_10103,51.5105,0.0005,,GB,204089,,False
node_10104,node_10104,48.4015,8.0205,,DE,553,,False
node_10105,node_10105,45.5985,-121.1795,,US,19527,,False
node_10106,node_10106,33.4995,-112.3495,,US,209,,False
node_10107,node_10107,52.4095,-1.5095,,GB,212027,,False
node_10108,node_10108,49.4505,11.0805,,DE,24940,,False
node_10109,node_10109,59.3275,18.0715,,SE,215960,,False
node_10110,node_10110,52.3905,9.7415,,DE,3209,,False
node_10111,node_10111,49.2115,-124.0185,,CA,6327,,False
node_10112,node_10112,43.7615,142.3515,,JP,55391,,False
node_10113,node_10113,50.8875,6.0615,,NL,214677,,False
node_10114,node_10114,50.1585,8.6715,,DE,215760,,False
node_10115,node_10115,-33.9205,18.4215,,ZA,37663,,False
node_10116,node_10116,49.0105,8.4015,,DE,216351,,False
node_10117,node_10117,51.5205,-0.6185,,GB,786,,False
node_10118,node_10118,63.8315,20.2615,,SE,15980,,False
node_10119,node_10119,45.8315,15.9815,,HR,2108,,False
node_10120,node_10120,39.0975,-94.5825,,US,40536,,False
node_10121,node_10121,44.5575,-123.2825,,US,3701,,False
node_10122,node_10122,22.2795,114.1775,,HK,61112,,False
node_10123,node_10123,51.1705,3.2375,,BE,47630,,False
node_10124,node_10124,51.6715,-3.2125,,GB,48294,,False
node_10125,node_10125,50.1195,8.6775,,DE,48314,,False
node_10126,node_10126,50.0995,8.6275,,DE,31898,,False
node_10127,node_10127,51.5205,-0.6225,,GB,31898,,False
node_10128,node_10128,48.8615,2.3375,,FR,16276,,False
node_10129,node_10129,-33.9825,25.6385,,ZA,20011,,False
node_10130,node_10130,49.9775,19.8585,,PL,202399,,False
node_10131,node_10131,51.4985,-0.1315,,GB,47264,,False
node_10132,node_10132,52.3685,4.8885,,NL,34927,,False
node_10133,node_10133,40.4695,19.4885,,AL,29238,,False
node_10134,node_10134,41.3315,19.8185,,AL,213683,,False
node_10135,node_10135,52.4115,16.9285,,PL,5617,,False
node_10136,node_10136,50.8875,6.0585,,NL,213438,,False
node_10137,node_10137,45.6485,13.7785,,IT,3269,,False
node_10138,node_10138,49.4495,11.0785,,DE,24940,,False
node_10139,node_10139,43.0495,-88.0015,,US,7018,,False
node_10140,node_10140,52.2375,4.8095,,NL,15435,,False
node_10141,node_10141,-22.8325,-43.2205,,BR,262363,,False
node_10142,node_10142,-6.2515,106.8295,,ID,150552,,False
node_10143,node_10143,33.7495,-84.3905,,US,23367,,False
node_10144,node_10144,52.4805,5.4895,,NL,207083,,False
node_10145,node_10145,-6.9185,107.6095,,ID,63859,,False
node_10146,node_10146,-17.5325,-149.5705,,PF,9471,,False
node_10147,node_10147,18.4595,-69.9005,,DO,6400,,False
node_10148,node_10148,37.7505,-97.8205,,US,40165,,False
node_10149,node_10149,43.6715,1.4795,,FR,5410,,False
node_10150,node_10150,37.7475,-97.8195,,US,62633,,False
node_10151,node_10151,25.0485,121.5305,,TW,135377,,False
node_10152,node_10152,25.0485,121.5305,,TW,135377,,False
node_10153,node_10153,39.9095,116.3905,,CN,45090,,False
node_10154,node_10154,39.9095,116.3905,,CN,37963,,False
node_10155,node_10155,39.9105,116.3905,,CN,37963,,False
node_10156,node_10156,-6.1885,106.8505,,ID,17995,,False
node_10157,node_10157,45.4675,9.1905,,IT,6517,,False
node_10158,node_10158,51.2995,9.4905,,DE,35042,,False
node_10159,node_10159,51.5095,-0.1295,,GB,9009,,False
node_10160,node_10160,48.7705,9.3105,,DE,8881,,False
node_10161,node_10161,48.2015,16.3705,,AT,210644,,False
node_10162,node_10162,-22.9525,-47.0185,,BR,28573,,False
node_10163,node_10163,44.1295,8.2215,,IT,208920,,False
node_10164,node_10164,19.0705,72.8915,,IN,31898,,False
node_10165,node_10165,54.6715,25.1015,,LT,21412,,False
node_10166,node_10166,44.0715,-123.0785,,US,36012,,False
node_10167,node_10167,40.8195,-96.6985,,US,7806,,False
node_10168,node_10168,37.7505,-97.8185,,US,400283,,False
node_10169,node_10169,10.4275,-66.8925,,VE,11562,,False
node_10170,node_10170,60.1675,24.9275,,FI,204779,,False
node_10171,node_10171,44.1385,12.2375,,IT,3269,,False
node_10172,node_10172,50.0695,14.3875,,CZ,5610,,False
node_10173,node_10173,61.4805,23.3375,,FI,204779,,False
node_10174,node_10174,52.3615,9.2775,,DE,680,,False
node_10175,node_10175,35.6915,139.6875,,JP,63949,,False
node_10176,node_10176,35.6875,139.6875,,JP,63949,,False
node_10177,node_10177,34.6875,135.4975,,JP,63949,,False
node_10178,node_10178,50.4785,12.3575,,DE,24940,,False
node_10179,node_10179,41.3295,19.8175,,AL,34689,,False
node_10180,node_10180,-30.7485,121.4675,,AU,17635,,False
node_10181,node_10181,43.7675,142.3585,,JP,2497,,False
node_10182,node_10182,34.7685,113.7185,,CN,4538,,False
node_10183,node_10183,35.6895,139.6885,,JP,61112,,False
node_10184,node_10184,51.2415,-0.1715,,GB,199283,,False
node_10185,node_10185,35.6875,139.6885,,JP,401615,,False
node_10186,node_10186,51.2995,9.4885,,DE,8560,,False
node_10187,node_10187,38.8015,-90.3415,,US,7018,,False
node_10188,node_10188,51.2675,7.1995,,DE,6805,,False
node_10189,node_10189,50.4685,4.8495,,BE,5432,,False
node_10190,node_10190,51.4385,5.3895,,NL,212223,,False
node_10191,node_10191,48.8595,2.3395,,FR,12322,,False
node_10192,node_10192,24.0015,120.9995,,TW,18044,,False
node_10193,node_10193,50.8575,4.3505,,BE,8220,,False
node_10194,node_10194,53.8985,27.5705,,BY,42772,,False
node_10195,node_10195,50.7695,7.2005,,DE,3320,,False
node_10196,node_10196,40.7005,-73.9895,,US,12271,,False
node_10197,node_10197,17.3815,78.4605,,IN,31898,,False
node_10198,node_10198,-43.5425,172.6115,,NZ,23655,,False
node_10199,node_10199,51.0785,17.0315,,PL,49242,,False
node_10200,node_10200,50.0785,14.4115,,CZ,197451,,False
node_10201,node_10201,52.1895,-2.2185,,GB,8560,,False
node_10202,node_10202,34.0505,-118.2385,,US,36352,,False
node_10203,node_10203,52.0395,-0.7585,,GB,214420,,False
node_10204,node_10204,60.3375,25.0275,,FI,24940,,False
node_10205,node_10205,59.2485,18.1175,,SE,31898,,False
node_10206,node_10206,45.4695,16.3875,,HR,211619,,False
node_10207,node_10207,62.7805,22.8475,,FI,719,,False
node_10208,node_10208,53.5605,10.0575,,DE,15943,,False
node_10209,node_10209,22.2615,114.1675,,HK,44324,,False
node_10210,node_10210,41.2815,-72.6025,,US,397700,,False
node_10211,node_10211,49.8985,8.6575,,DE,3209,,False
node_10212,node_10212,51.5295,-0.2925,,GB,210627,,False
node_10213,node_10213,52.5405,5.7075,,NL,41608,,False
node_10214,node_10214,40.4305,-86.8825,,US,30600,,False
node_10215,node_10215,39.9115,116.3875,,CN,45090,,False
node_10216,node_10216,37.7485,-97.8215,,US,139659,,False
node_10217,node_10217,53.0605,8.7585,,DE,50629,,False
node_10218,node_10218,17.4815,78.3685,,IN,55836,,False
node_10219,node_10219,50.7175,-1.8815,,GB,208723,,False
node_10220,node_10220,46.0685,15.5585,,SI,5603,,False
node_10221,node_10221,36.5795,-87.4215,,US,7018,,False
node_10222,node_10222,41.7395,-87.6015,,US,7922,,False
node_10223,node_10223,60.1705,24.9285,,FI,24940,,False
node_10224,node_10224,46.9215,-114.0615,,US,396908,,False
node_10225,node_10225,43.6275,-79.3705,,CA,852,,False
node_10226,node_10226,46.7975,-114.0205,,US,401012,,False
node_10227,node_10227,50.8995,4.3595,,BE,5432,,False
node_10228,node_10228,51.9405,6.0595,,NL,50266,,False
node_10229,node_10229,53.4115,-2.1605,,GB,51809,,False
node_10230,node_10230,45.8375,15.9595,,HR,139331,,False
node_10231,node_10231,45.7175,15.9995,,HR,29485,,False
node_10232,node_10232,45.3095,-73.9005,,CA,401387,,False
node_10233,node_10233,45.6705,-111.0405,,US,6315,,False
node_10234,node_10234,52.4805,-0.9205,,GB,212683,,False
node_10235,node_10235,53.4815,-2.2405,,GB,209735,,False
node_10236,node_10236,49.8515,9.5295,,DE,3209,,False
node_10237,node_10237,38.7375,-9.1495,,PT,12353,,False
node_10238,node_10238,48.1985,16.3705,,AT,12453,,False
node_10239,node_10239,51.9295,4.4205,,NL,49544,,False
node_10240,node_10240,50.1805,12.1105,,DE,3209,,False
node_10241,node_10241,52.5305,13.4205,,DE,3209,,False
node_10242,node_10242,46.5215,6.5005,,CH,1836,,False
node_10243,node_10243,47.4575,-122.2095,,US,6167,,False
node_10244,node_10244,-36.7615,174.4905,,NZ,56030,,False
node_10245,node_10245,62.7495,22.8405,,FI,39699,,False
node_10246,node_10246,-36.8595,174.7505,,NZ,64073,,False
node_10247,node_10247,-39.8195,176.9905,,NZ,9790,,False
node_10248,node_10248,49.4515,11.0805,,DE,24940,,False
node_10249,node_10249,49.4475,11.0815,,DE,24940,,False
node_10250,node_10250,56.8275,-2.4785,,GB,205847,,False
node_10251,node_10251,35.0285,33.9815,,CY,203206,,False
node_10252,node_10252,23.0195,120.2615,,TW,3462,,False
node_10253,node_10253,2.9305,101.6515,,MY,132372,,False
node_10254,node_10254,43.2515,76.9115,,KZ,60930,,False
node_10255,node_10255,48.1975,16.3715,,AT,197540,,False
node_10256,node_10256,35.5985,-92.4585,,US,399493,,False
node_10257,node_10257,38.9285,-94.7485,,US,8560,,False
node_10258,node_10258,-41.3005,174.7915,,NZ,56030,,False
node_10259,node_10259,49.0715,17.4615,,CZ,42908,,False
node_10260,node_10260,49.2275,17.6675,,CZ,47114,,False
node_10261,node_10261,32.2295,-80.8725,,US,22646,,False
node_10262,node_10262,43.6515,-79.3625,,CA,52025,,False
node_10263,node_10263,43.8985,-79.2825,,CA,812,,False
node_10264,node_10264,52.5185,13.3975,,DE,8560,,False
node_10265,node_10265,49.2205,-122.6225,,CA,6327,,False
node_10266,node_10266,52.0085,4.3685,,NL,1136,,False
node_10267,node_10267,36.5495,-4.6215,,ES,57269,,False
node_10268,node_10268,51.5005,-0.1215,,GB,6759,,False
node_10269,node_10269,45.4715,9.1885,,IT,3269,,False
node_10270,node_10270,42.1975,14.3585,,IT,43989,,False
node_10271,node_10271,-36.7805,174.7485,,NZ,140220,,False
node_10272,node_10272,54.3305,10.1385,,DE,13101,,False
node_10273,node_10273,41.8815,-87.6215,,US,36352,,False
node_10274,node_10274,51.5015,-0.1215,,GB,206754,,False
node_10275,node_10275,48.7775,9.1795,,DE,204464,,False
node_10276,node_10276,50.1205,8.6795,,DE,63949,,False
node_10277,node_10277,47.2815,-1.5205,,FR,205669,,False
node_10278,node_10278,39.6415,-106.3005,,US,7922,,False
node_10279,node_10279,50.1075,8.6795,,DE,208226,,False
node_10280,node_10280,49.5475,25.6095,,UA,16223,,False
node_10281,node_10281,43.3085,5.3695,,FR,208226,,False
node_10282,node_10282,48.8605,2.3395,,FR,8560,,False
node_10283,node_10283,50.8215,6.2795,,DE,8881,,False
node_10284,node_10284,47.3215,-2.1905,,FR,5410,,False
node_10285,node_10285,37.2375,-121.7895,,US,31898,,False
node_10286,node_10286,41.7195,44.7805,,GE,35805,,False
node_10287,node_10287,39.1105,-77.2495,,US,701,,False
node_10288,node_10288,24.8405,46.6405,,SA,25019,,False
node_10289,node_10289,47.0015,8.0005,,?,29802,,False
node_10290,node_10290,48.1575,17.1605,,SK,34689,,False
node_10291,node_10291,52.6585,4.7905,,NL,1136,,False
node_10292,node_10292,49.8395,8.5005,,DE,8365,,False
node_10293,node_10293,48.2495,16.4305,,AT,202616,,False
node_10294,node_10294,45.6015,-121.1895,,US,19527,,False
node_10295,node_10295,51.1275,5.8015,,BE,47377,,False
node_10296,node_10296,26.2285,-80.1185,,US,33724,,False
node_10297,node_10297,59.3585,27.4215,,EE,198068,,False
node_10298,node_10298,50.6895,3.1715,,FR,16276,,False
node_10299,node_10299,50.1215,8.6815,,DE,16509,,False
node_10300,node_10300,-36.8515,174.7715,,NZ,45177,,False
node_10301,node_10301,35.8175,140.1175,,JP,31898,,False
node_10302,node_10302,59.3775,17.0275,,SE,8473,,False
node_10303,node_10303,47.2715,9.6075,,AT,49432,,False
node_10304,node_10304,13.7285,100.5585,,TH,9931,,False
node_10305,node_10305,49.2395,-122.9715,,CA,19171,,False
node_10306,node_10306,48.2505,14.6185,,AT,200970,,False
node_10307,node_10307,52.0805,5.1185,,NL,206238,,False
node_10308,node_10308,51.5375,0.0585,,GB,20712,,False
node_10309,node_10309,19.0305,-98.2015,,MX,13999,,False
node_10310,node_10310,51.3005,9.4885,,DE,215365,,False
node_10311,node_10311,53.4505,-2.3205,,GB,6759,,False
node_10312,node_10312,30.1805,-97.7405,,US,6759,,False
node_10313,node_10313,36.0815,-115.2005,,US,6759,,False
node_10314,node_10314,51.5015,-0.1205,,GB,8560,,False
node_10315,node_10315,64.9115,25.5395,,FI,213269,,False
node_10316,node_10316,13.7375,100.4605,,TH,7693,,False
node_10317,node_10317,38.7605,-9.2495,,PT,2860,,False
node_10318,node_10318,-2.8985,-78.9995,,EC,270049,,False
node_10319,node_10319,19.6785,-101.2225,,MX,13999,,False
node_10320,node_10320,52.3895,4.8475,,NL,8283,,False
node_10321,node_10321,50.6295,4.5575,,BE,5432,,False
node_10322,node_10322,52.0905,5.1175,,NL,1136,,False
node_10323,node_10323,47.1505,9.8175,,AT,59890,,False
node_10324,node_10324,59.8915,30.3275,,RU,49505,,False
node_10325,node_10325,28.5775,77.3285,,IN,55836,,False
node_10326,node_10326,50.1085,8.6785,,DE,214902,,False
node_10327,node_10327,48.1485,11.6785,,DE,61098,,False
node_10328,node_10328,38.4795,-0.7915,,ES,3352,,False
node_10329,node_10329,44.0405,-79.4915,,CA,394710,,False
node_10330,node_10330,52.2315,21.0085,,PL,63025,,False
node_10331,node_10331,48.5785,8.8385,,DE,60294,,False
node_10332,node_10332,45.3995,11.9285,,IT,59699,,False
node_10333,node_10333,50.1205,8.6785,,DE,213520,,False
node_10334,node_10334,60.1715,24.9285,,FI,213520,,False
node_10335,node_10335,52.3715,4.8985,,NL,213520,,False
node_10336,node_10336,59.3975,17.9495,,SE,36007,,False
node_10337,node_10337,50.4805,12.3595,,DE,24940,,False
node_10338,node_10338,45.0815,7.5695,,IT,202613,,False
node_10339,node_10339,50.1175,8.6095,,DE,198016,,False
node_10340,node_10340,52.3505,4.9395,,NL,14061,,False
node_10341,node_10341,58.0005,56.2495,,RU,15640,,False
node_10342,node_10342,48.8615,2.3395,,FR,16276,,False
node_10343,node_10343,51.2975,9.4905,,DE,214036,,False
node_10344,node_10344,54.9895,73.3705,,RU,52086,,False
node_10345,node_10345,51.6175,5.8805,,NL,201290,,False
node_10346,node_10346,52.3675,4.8905,,NL,214677,,False
node_10347,node_10347,33.6085,72.9905,,PK,150683,,False
node_10348,node_10348,60.3315,24.2805,,FI,1759,,False
node_10349,node_10349,47.6085,18.9015,,HU,20845,,False
node_10350,node_10350,42.7995,-85.7085,,US,32002,,False
node_10351,node_10351,41.2005,1.6715,,ES,57269,,False
node_10352,node_10352,28.5405,-81.3815,,US,399646,,False
node_10353,node_10353,33.7815,-84.4515,,US,20473,,False
node_10354,node_10354,37.3875,-121.9615,,US,20473,,False
node_10355,node_10355,53.4775,-2.2415,,GB,209735,,False
node_10356,node_10356,49.0485,2.1385,,FR,12876,,False
node_10357,node_10357,52.0085,4.3385,,NL,1136,,False
node_10358,node_10358,56.9095,12.4885,,SE,42708,,False
node_10359,node_10359,50.9405,6.9685,,DE,8560,,False
node_10360,node_10360,49.4505,11.0785,,DE,24940,,False
node_10361,node_10361,49.4515,11.0785,,DE,197540,,False
node_10362,node_10362,49.1415,9.2185,,DE,3320,,False
node_10363,node_10363,40.1075,-75.3405,,US,40663,,False
node_10364,node_10364,47.6785,-117.1105,,US,40663,,False
node_10365,node_10365,51.4515,-2.6005,,GB,5089,,False
node_10366,node_10366,51.5115,7.4595,,DE,8899,,False
node_10367,node_10367,8.9875,-79.5205,,PA,27928,,False
node_10368,node_10368,40.5775,-73.6605,,US,701,,False
node_10369,node_10369,-34.7915,-58.1805,,AR,22927,,False
node_10370,node_10370,40.5595,-84.1905,,US,212071,,False
node_10371,node_10371,48.1195,11.5295,,DE,6805,,False
node_10372,node_10372,33.8715,130.7695,,JP,2519,,False
node_10373,node_10373,34.7585,137.4005,,JP,9615,,False
node_10374,node_10374,48.8595,2.3405,,FR,210403,,False
node_10375,node_10375,48.8595,2.3405,,FR,210403,,False
node_10376,node_10376,48.8605,2.3405,,FR,210403,,False
node_10377,node_10377,32.1715,34.8205,,IL,1680,,False
node_10378,node_10378,52.0385,4.9505,,NL,206238,,False
node_10379,node_10379,33.1995,-80.0095,,US,43515,,False
node_10380,node_10380,34.0495,-118.2395,,US,36352,,False
node_10381,node_10381,49.4985,10.4215,,DE,3320,,False
node_10382,node_10382,52.2495,21.0315,,PL,29314,,False
node_10383,node_10383,40.6595,22.9115,,GR,3329,,False
node_10384,node_10384,22.2575,114.1675,,HK,44324,,False
node_10385,node_10385,51.0215,2.1475,,FR,16276,,False
node_10386,node_10386,48.8885,2.4285,,FR,3215,,False
node_10387,node_10387,62.5095,22.8785,,FI,201172,,False
node_10388,node_10388,62.9905,21.9485,,FI,8473,,False
node_10389,node_10389,60.9715,24.4185,,FI,39699,,False
node_10390,node_10390,61.4575,23.7585,,FI,39484,,False
node_10391,node_10391,61.4685,23.7585,,FI,1759,,False
node_10392,node_10392,39.7395,-8.8115,,PT,50666,,False
node_10393,node_10393,29.7405,-95.4915,,US,19366,,False
node_10394,node_10394,39.1015,-94.5815,,US,32097,,False
node_10395,node_10395,59.3275,18.0695,,SE,199133,,False
node_10396,node_10396,48.8605,2.3495,,FR,12876,,False
node_10397,node_10397,61.5015,23.7595,,FI,16086,,False
node_10398,node_10398,22.2775,114.1795,,HK,132203,,False
node_10399,node_10399,22.2785,114.1795,,HK,132203,,False
node_10400,node_10400,22.2785,114.1795,,HK,132203,,False
node_10401,node_10401,53.3805,-6.4205,,IE,6830,,False
node_10402,node_10402,50.6905,3.1695,,FR,16276,,False
node_10403,node_10403,54.7015,25.2795,,LT,62179,,False
node_10404,node_10404,48.8615,2.3495,,FR,199636,,False
node_10405,node_10405,50.1175,8.7405,,DE,214677,,False
node_10406,node_10406,38.7675,-121.3295,,US,7922,,False
node_10407,node_10407,34.0495,-118.2395,,US,35916,,False
node_10408,node_10408,61.4915,23.7805,,FI,42708,,False
node_10409,node_10409,50.2915,18.6605,,PL,42914,,False
node_10410,node_10410,37.3375,-121.8895,,US,7203,,False
node_10411,node_10411,40.4985,-74.3995,,US,20473,,False
node_10412,node_10412,45.5995,-121.1895,,US,396982,,False
node_10413,node_10413,9.9495,-84.0695,,CR,52468,,False
node_10414,node_10414,60.1675,24.9315,,FI,24940,,False
node_10415,node_10415,42.5275,-83.1285,,US,7018,,False
node_10416,node_10416,50.5385,8.0515,,DE,62336,,False
node_10417,node_10417,11.5585,104.9315,,KH,45498,,False
node_10418,node_10418,11.5595,104.9315,,KH,17976,,False
node_10419,node_10419,47.5495,9.3015,,CH,13030,,False
node_10420,node_10420,44.8005,10.3215,,IT,43989,,False
node_10421,node_10421,51.9915,8.6015,,DE,3209,,False
node_10422,node_10422,56.8585,35.8915,,RU,49120,,False
node_10423,node_10423,39.1495,-94.5685,,US,22295,,False
node_10424,node_10424,52.1195,8.6715,,DE,3209,,False
node_10425,node_10425,52.1405,8.5615,,DE,3320,,False
node_10426,node_10426,35.6315,139.7915,,JP,22439,,False
node_10427,node_10427,53.5675,10.0375,,DE,3209,,False
node_10428,node_10428,34.8785,-83.9925,,US,31919,,False
node_10429,node_10429,51.9985,8.4575,,DE,8881,,False
node_10430,node_10430,47.7895,-122.2225,,US,20055,,False
node_10431,node_10431,52.1995,8.7075,,DE,3320,,False
node_10432,node_10432,54.7205,25.2775,,LT,43700,,False
node_10433,node_10433,52.0315,8.5475,,DE,198967,,False
node_10434,node_10434,52.1975,8.4575,,DE,3320,,False
node_10435,node_10435,55.5885,13.0075,,SE,29518,,False
node_10436,node_10436,-41.3095,174.7675,,NZ,23655,,False
node_10437,node_10437,45.8375,-119.7115,,US,16509,,False
node_10438,node_10438,58.4085,15.6185,,SE,8473,,False
node_10439,node_10439,46.5595,15.6485,,SI,49592,,False
node_10440,node_10440,-26.2305,28.0585,,ZA,329325,,False
node_10441,node_10441,50.1305,8.6685,,DE,58087,,False
node_10442,node_10442,24.0015,120.9985,,TW,61112,,False
node_10443,node_10443,43.7275,12.6385,,IT,14593,,False
node_10444,node_10444,41.0385,29.1785,,TR,62425,,False
node_10445,node_10445,48.6885,3.8685,,FR,3215,,False
node_10446,node_10446,-36.8505,174.7685,,NZ,152586,,False
node_10447,node_10447,48.1515,17.0585,,SK,15962,,False
node_10448,node_10448,48.8575,2.3395,,FR,207300,,False
node_10449,node_10449,50.1185,8.6795,,DE,3214,,False
node_10450,node_10450,51.2985,9.4895,,DE,16276,,False
node_10451,node_10451,-33.4495,-70.6505,,CL,263237,,False
node_10452,node_10452,48.5805,8.8395,,DE,8881,,False
node_10453,node_10453,37.9015,139.0095,,JP,4713,,False
node_10454,node_10454,51.4875,5.6795,,NL,42707,,False
node_10455,node_10455,16.1695,107.8295,,VN,135964,,False
node_10456,node_10456,51.5095,-0.1305,,GB,16276,,False
node_10457,node_10457,59.2705,15.2095,,SE,3301,,False
node_10458,node_10458,-16.3985,-71.5305,,PE,274976,,False
node_10459,node_10459,14.6895,-17.4495,,SN,8346,,False
node_10460,node_10460,55.7395,37.6105,,RU,44300,,False
node_10461,node_10461,19.4205,-99.1595,,MX,8151,,False
node_10462,node_10462,50.9915,2.1305,,FR,16276,,False
node_10463,node_10463,47.3695,8.5405,,CH,34927,,False
node_10464,node_10464,42.8905,-78.8795,,US,36352,,False
node_10465,node_10465,51.5315,6.8605,,DE,3320,,False
node_10466,node_10466,45.7975,15.7115,,HR,215916,,False
node_10467,node_10467,42.6795,23.3215,,BG,8866,,False
node_10468,node_10468,48.8615,2.3415,,FR,16276,,False
node_10469,node_10469,55.9385,23.3115,,LT,399275,,False
node_10470,node_10470,52.2285,21.0115,,PL,42402,,False
node_10471,node_10471,37.7695,-122.3985,,US,19165,,False
node_10472,node_10472,48.8615,2.3515,,FR,212815,,False
node_10473,node_10473,48.8615,2.3515,,FR,212815,,False
node_10474,node_10474,48.2675,16.4075,,AT,44765,,False
node_10475,node_10475,-16.4005,-71.5325,,PE,271842,,False
node_10476,node_10476,38.7495,-77.6725,,US,16276,,False
node_10477,node_10477,40.6105,-74.1725,,US,53667,,False
node_10478,node_10478,40.7405,-74.1825,,US,6128,,False
node_10479,node_10479,51.6175,0.3075,,GB,2856,,False
node_10480,node_10480,50.1185,8.6775,,DE,14061,,False
node_10481,node_10481,43.7095,-79.4125,,CA,14061,,False
node_10482,node_10482,1.3105,103.6775,,SG,14061,,False
node_10483,node_10483,-33.8995,151.1875,,AU,14061,,False
node_10484,node_10484,48.9215,2.3875,,FR,20473,,False
node_10485,node_10485,34.0575,-118.2415,,US,20473,,False
node_10486,node_10486,-23.5325,-46.7915,,BR,20473,,False
node_10487,node_10487,-26.1315,28.1985,,ZA,20473,,False
node_10488,node_10488,35.6185,139.7385,,JP,20473,,False
node_10489,node_10489,19.0695,72.8885,,IN,20473,,False
node_10490,node_10490,12.9795,77.5885,,IN,20473,,False
node_10491,node_10491,59.3805,17.9185,,SE,20473,,False
node_10492,node_10492,25.0705,55.2985,,AE,138915,,False
node_10493,node_10493,24.6915,46.7185,,SA,154177,,False
node_10494,node_10494,23.5815,58.3985,,OM,154177,,False
node_10495,node_10495,41.0075,28.9485,,TR,154177,,False
node_10496,node_10496,3.1375,101.6885,,MY,154177,,False
node_10497,node_10497,-6.2115,106.8385,,ID,154177,,False
node_10498,node_10498,30.0485,31.2485,,EG,154177,,False
node_10499,node_10499,48.2405,16.3285,,AT,44765,,False
node_10500,node_10500,40.1475,44.0395,,AM,212183,,False
node_10501,node_10501,50.1195,8.6795,,DE,8075,,False
node_10502,node_10502,38.5905,-90.3505,,US,7018,,False
node_10503,node_10503,41.8515,-87.6305,,US,31898,,False
node_10504,node_10504,39.9975,116.3295,,CN,4538,,False
node_10505,node_10505,51.3985,-0.8705,,GB,5378,,False
node_10506,node_10506,49.7495,6.1695,,LU,6661,,False
node_10507,node_10507,49.7505,6.1695,,LU,6661,,False
node_10508,node_10508,49.7515,6.1695,,LU,6661,,False
node_10509,node_10509,40.6385,-3.1295,,ES,212812,,False
node_10510,node_10510,-28.7005,-51.7995,,BR,28283,,False
node_10511,node_10511,-28.6995,-51.7995,,BR,28283,,False
node_10512,node_10512,-38.2015,-60.2795,,AR,52279,,False
node_10513,node_10513,-32.9495,-60.6585,,AR,52465,,False
node_10514,node_10514,44.8305,20.4475,,RS,8400,,False
node_10515,node_10515,20.8505,-99.8525,,MX,212087,,False
node_10516,node_10516,40.4215,-3.6925,,ES,212087,,False
node_10517,node_10517,40.4515,-3.7125,,ES,212087,,False
node_10518,node_10518,48.9175,2.3975,,FR,212087,,False
node_10519,node_10519,29.8905,-98.6925,,US,16527,,False
node_10520,node_10520,52.0115,8.6075,,DE,3209,,False
node_10521,node_10521,55.7495,37.6185,,RU,208427,,False
node_10522,node_10522,53.5805,10.0285,,DE,15943,,False
node_10523,node_10523,35.6815,139.6785,,JP,2519,,False
node_10524,node_10524,37.4685,-121.9215,,US,206628,,False
node_10525,node_10525,35.6905,139.6885,,JP,21887,,False
node_10526,node_10526,39.9115,116.3885,,CN,4808,,False
node_10527,node_10527,52.3715,4.8885,,NL,204539,,False
node_10528,node_10528,55.7485,37.6195,,RU,137280,,False
node_10529,node_10529,55.7495,37.6195,,RU,520022,,False
node_10530,node_10530,38.9295,-77.0305,,US,7922,,False
node_10531,node_10531,51.2205,6.7595,,DE,3209,,False
node_10532,node_10532,39.9075,116.3895,,CN,45090,,False
node_10533,node_10533,50.0785,8.2395,,DE,28676,,False
node_10534,node_10534,59.3795,18.0395,,SE,33885,,False
node_10535,node_10535,45.7105,9.5895,,IT,31034,,False
node_10536,node_10536,52.3505,4.9395,,NL,14061,,False
node_10537,node_10537,37.5485,-121.9895,,US,401903,,False
node_10538,node_10538,4.7185,-74.1395,,CO,3816,,False
node_10539,node_10539,44.4215,26.1705,,RO,61278,,False
node_10540,node_10540,50.6685,18.6775,,PL,39869,,False
node_10541,node_10541,60.0395,5.5275,,NO,29695,,False
node_10542,node_10542,43.1485,12.1105,,IT,210917,,False
node_10543,node_10543,13.8895,100.4405,,TH,17552,,False
node_10544,node_10544,43.1495,12.1105,,IT,210917,,False
node_10545,node_10545,52.2415,21.0405,,PL,16276,,False
node_10546,node_10546,59.9375,30.3115,,RU,9123,,False
node_10547,node_10547,54.7485,25.5015,,LT,56630,,False
node_10548,node_10548,17.9905,-76.7885,,JM,30689,,False
node_10549,node_10549,37.8405,-86.9285,,US,399898,,False
node_10550,node_10550,46.2015,-59.9685,,CA,14593,,False
node_10551,node_10551,17.9875,-76.7925,,JM,33576,,False
node_10552,node_10552,17.9875,-76.7925,,JM,14593,,False
node_10553,node_10553,18.4585,-77.9325,,JM,30689,,False
node_10554,node_10554,18.4595,-77.9325,,JM,33576,,False
node_10555,node_10555,18.4595,-77.9325,,JM,14593,,False
node_10556,node_10556,52.5185,13.3975,,DE,48596,,False
node_10557,node_10557,51.2985,9.4875,,DE,48596,,False
node_10558,node_10558,-23.5505,-46.6325,,BR,396509,,False
node_10559,node_10559,48.8605,2.3375,,FR,16276,,False
node_10560,node_10560,50.1205,8.6675,,DE,16276,,False
node_10561,node_10561,43.1515,12.1075,,IT,52030,,False
node_10562,node_10562,43.3715,5.3475,,FR,31898,,False
node_10563,node_10563,43.1475,12.1085,,IT,210917,,False
node_10564,node_10564,55.7485,37.6185,,RU,50867,,False
node_10565,node_10565,54.6905,25.2785,,LT,47583,,False
node_10566,node_10566,48.8615,2.3385,,FR,16276,,False
node_10567,node_10567,48.8615,2.3385,,FR,16276,,False
node_10568,node_10568,48.8575,2.3385,,FR,16276,,False
node_10569,node_10569,48.8575,2.3385,,FR,16276,,False
node_10570,node_10570,51.2985,9.4885,,DE,24940,,False
node_10571,node_10571,60.1675,24.9295,,FI,41745,,False
node_10572,node_10572,55.7495,37.6195,,RU,50340,,False
node_10573,node_10573,60.1695,24.9295,,FI,216127,,False
node_10574,node_10574,30.1905,-95.4305,,US,398549,,False
node_10575,node_10575,51.2205,6.7795,,DE,215147,,False
node_10576,node_10576,-31.9485,115.8595,,AU,134090,,False
node_10577,node_10577,-34.9285,138.5995,,AU,134090,,False
node_10578,node_10578,59.3085,17.9795,,SE,42708,,False
node_10579,node_10579,55.7515,37.6195,,RU,216246,,False
node_10580,node_10580,32.8105,-96.8695,,US,7979,,False
node_10581,node_10581,52.3105,4.9505,,NL,7979,,False
node_10582,node_10582,47.3615,8.5405,,CH,396982,,False
node_10583,node_10583,38.8875,-77.0395,,US,396982,,False
node_10584,node_10584,41.3885,2.1605,,ES,3352,,False
node_10585,node_10585,31.2195,121.4605,,CN,45090,,False
node_10586,node_10586,37.7505,-97.8195,,US,18854,,False
node_10587,node_10587,48.9215,2.3905,,FR,18854,,False
node_10588,node_10588,37.7515,-97.8195,,US,18854,,False
node_10589,node_10589,40.6975,-3.4285,,ES,3352,,False
node_10590,node_10590,60.1685,24.9315,,FI,24940,,False
node_10591,node_10591,59.3795,17.9215,,SE,42532,,False
node_10592,node_10592,50.1195,8.6815,,DE,47583,,False
node_10593,node_10593,55.7605,9.8615,,DK,3292,,False
node_10594,node_10594,-23.5595,-46.9685,,BR,266933,,False
node_10595,node_10595,50.4615,3.9515,,BE,2611,,False
node_10596,node_10596,42.6785,23.3215,,BG,8866,,False
node_10597,node_10597,38.7495,-9.0985,,PT,214913,,False
node_10598,node_10598,52.4185,6.6175,,NL,15435,,False
node_10599,node_10599,37.7495,-97.8225,,US,32097,,False
node_10600,node_10600,0.3375,101.0175,,ID,140423,,False
node_10601,node_10601,43.8815,5.4075,,FR,216438,,False
node_10602,node_10602,-6.8315,39.2685,,TZ,327900,,False
node_10603,node_10603,50.3295,19.1385,,PL,5617,,False
node_10604,node_10604,52.2295,20.9885,,PL,29314,,False
node_10605,node_10605,1.4015,103.8785,,SG,18106,,False
node_10606,node_10606,1.3315,103.9385,,SG,18106,,False
node_10607,node_10607,52.5215,5.7185,,NL,41608,,False
node_10608,node_10608,59.3175,18.0595,,SE,30893,,False
node_10609,node_10609,58.8885,6.8495,,NO,2119,,False
node_10610,node_10610,63.1785,14.6395,,SE,3399,,False
node_10611,node_10611,47.7795,7.5995,,DE,3209,,False
node_10612,node_10612,38.7695,-76.9005,,US,701,,False
node_10613,node_10613,41.3905,2.1595,,ES,12430,,False
node_10614,node_10614,47.4515,9.7595,,AT,5385,,False
node_10615,node_10615,50.1185,8.6805,,DE,63949,,False
node_10616,node_10616,39.9195,32.8505,,TR,25145,,False
node_10617,node_10617,-12.2385,-76.9395,,PE,273112,,False
node_10618,node_10618,60.2215,24.8805,,FI,215540,,False
node_10619,node_10619,47.6795,-117.1095,,US,40663,,False
node_10620,node_10620,42.7005,23.3205,,BG,40663,,False
node_10621,node_10621,44.8205,20.4505,,RS,202676,,False
node_10622,node_10622,54.9415,-1.5995,,GB,5089,,False
node_10623,node_10623,31.4615,74.4305,,PK,136174,,False
node_10624,node_10624,0.4675,101.3815,,ID,140423,,False
node_10625,node_10625,43.5995,1.4515,,FR,3215,,False
node_10626,node_10626,48.8595,2.3415,,FR,12322,,False
node_10627,node_10627,44.6515,-0.3585,,FR,3215,,False
node_10628,node_10628,48.8575,2.3515,,FR,12876,,False
node_10629,node_10629,22.2575,114.1675,,HK,64096,,False
node_10630,node_10630,41.8475,-87.6325,,US,31898,,False
node_10631,node_10631,50.0985,8.6275,,DE,31898,,False
node_10632,node_10632,1.3685,103.9675,,SG,31898,,False
node_10633,node_10633,43.5605,7.0575,,FR,12322,,False
node_10634,node_10634,39.9615,-83.0025,,US,16509,,False
node_10635,node_10635,59.3785,17.9175,,SE,20473,,False
node_10636,node_10636,53.4295,10.3675,,DE,3320,,False
node_10637,node_10637,35.6305,139.7875,,JP,3356,,False
node_10638,node_10638,49.4495,11.0785,,DE,24940,,False
node_10639,node_10639,33.5895,130.3995,,JP,146979,,False
node_10640,node_10640,-32.9005,-68.8505,,AR,262266,,False
node_10641,node_10641,46.8105,-71.3305,,CA,577,,False
node_10642,node_10642,49.7515,6.1695,,LU,7979,,False
node_10643,node_10643,35.6815,139.7595,,JP,9370,,False
node_10644,node_10644,43.1475,12.1095,,IT,210917,,False
node_10645,node_10645,34.6885,135.4995,,JP,146979,,False
node_10646,node_10646,42.5395,-75.5305,,US,11351,,False
node_10647,node_10647,49.4495,11.0795,,DE,197540,,False
node_10648,node_10648,51.5105,-0.1305,,GB,52041,,False
node_10649,node_10649,44.1015,-93.2505,,US,30600,,False
node_10650,node_10650,50.4785,12.3605,,DE,24940,,False
node_10651,node_10651,51.5185,-0.6195,,GB,31898,,False
node_10652,node_10652,24.1075,120.6605,,TW,3462,,False
node_10653,node_10653,49.6785,6.1305,,LU,9008,,False
node_10654,node_10654,34.6895,135.5005,,JP,8075,,False
node_10655,node_10655,45.4705,9.1905,,IT,8612,,False
node_10656,node_10656,-34.9315,138.6115,,AU,4764,,False
node_10657,node_10657,53.6195,10.6915,,DE,212341,,False
node_10658,node_10658,39.0195,-77.4585,,US,30536,,False
node_10659,node_10659,39.9075,116.3915,,CN,37963,,False
node_10660,node_10660,39.9575,-82.9985,,US,16509,,False
node_10661,node_10661,32.1295,118.8215,,CN,4134,,False
node_10662,node_10662,53.2395,-6.1785,,IE,6830,,False
node_10663,node_10663,37.7475,-97.8225,,US,18854,,False
node_10664,node_10664,48.5785,7.7375,,FR,29066,,False
node_10665,node_10665,61.5295,23.6775,,FI,719,,False
node_10666,node_10666,59.2915,17.9475,,SE,8473,,False
node_10667,node_10667,22.6075,120.3075,,TW,3462,,False
node_10668,node_10668,-43.5415,172.6575,,NZ,64073,,False
node_10669,node_10669,52.3685,4.8875,,NL,8283,,False
node_10670,node_10670,50.1195,8.6775,,DE,48314,,False
node_10671,node_10671,51.7505,19.4675,,PL,16342,,False
node_10672,node_10672,49.2775,16.4485,,CZ,25512,,False
node_10673,node_10673,51.0485,13.7385,,DE,8881,,False
node_10674,node_10674,50.4795,12.3585,,DE,24940,,False
node_10675,node_10675,36.1505,137.9485,,JP,2516,,False
node_10676,node_10676,24.1385,120.6785,,TW,3462,,False
node_10677,node_10677,52.3005,-0.0915,,GB,48825,,False
node_10678,node_10678,-37.7385,144.7585,,AU,31898,,False
node_10679,node_10679,53.0615,8.8085,,DE,3320,,False
node_10680,node_10680,43.6275,-79.3705,,CA,16276,,False
node_10681,node_10681,34.6785,135.5295,,JP,20473,,False
node_10682,node_10682,1.3595,103.8895,,SG,149020,,False
node_10683,node_10683,-26.2305,28.0595,,ZA,36874,,False
node_10684,node_10684,-37.6885,176.1695,,NZ,64073,,False
node_10685,node_10685,-41.2925,174.7795,,NZ,64073,,False
node_10686,node_10686,37.7485,-97.8205,,US,207957,,False
node_10687,node_10687,51.5205,-0.0905,,GB,212683,,False
node_10688,node_10688,-1.2785,36.8195,,KE,329239,,False
node_10689,node_10689,33.7775,-84.4495,,US,20473,,False
node_10690,node_10690,49.4505,11.0805,,DE,24940,,False
node_10691,node_10691,35.2015,136.9305,,JP,2527,,False
node_10692,node_10692,47.6575,50.8105,,KZ,197556,,False
node_10693,node_10693,52.5475,19.7305,,PL,12741,,False
node_10694,node_10694,50.3885,8.0605,,DE,16276,,False
node_10695,node_10695,50.1385,8.6805,,DE,3320,,False
node_10696,node_10696,-23.5505,-46.6795,,BR,26599,,False
node_10697,node_10697,53.3205,-6.3195,,IE,210464,,False
node_10698,node_10698,42.0005,43.6105,,GE,57743,,False
node_10699,node_10699,50.7115,7.5505,,DE,3320,,False
node_10700,node_10700,40.2015,44.5005,,AM,49800,,False
node_10701,node_10701,18.4675,-66.1085,,PR,5786,,False
node_10702,node_10702,35.7375,137.9315,,JP,2516,,False
node_10703,node_10703,19.1985,72.9715,,IN,137166,,False
node_10704,node_10704,52.0195,4.7315,,NL,201290,,False
node_10705,node_10705,37.7495,-97.8185,,US,397730,,False
node_10706,node_10706,43.7105,-79.4085,,CA,835,,False
node_10707,node_10707,40.6105,-74.1685,,US,400212,,False
node_10708,node_10708,-33.8985,151.1915,,AU,37988,,False
node_10709,node_10709,51.4575,-0.9685,,GB,5089,,False
node_10710,node_10710,52.0775,4.3615,,NL,50266,,False
node_10711,node_10711,51.2985,9.4915,,DE,8560,,False
node_10712,node_10712,51.2995,9.4915,,DE,28753,,False
node_10713,node_10713,55.7505,37.6215,,RU,39134,,False
node_10714,node_10714,49.7515,6.1715,,LU,7979,,False
node_10715,node_10715,52.3775,4.8975,,NL,20857,,False
node_10716,node_10716,49.4685,8.5975,,DE,3209,,False
node_10717,node_10717,54.3185,10.1675,,DE,3209,,False
node_10718,node_10718,48.5795,7.7375,,FR,29066,,False
node_10719,node_10719,54.4005,18.3975,,PL,56523,,False
node_10720,node_10720,-26.2295,28.0575,,ZA,20011,,False
node_10721,node_10721,-53.7885,-67.7025,,AR,27983,,False
node_10722,node_10722,1.2875,103.8475,,SG,8888,,False
node_10723,node_10723,34.6875,135.4975,,JP,4785,,False
node_10724,node_10724,59.4385,24.7375,,EE,3214,,False
node_10725,node_10725,22.2585,114.1675,,HK,9312,,False
node_10726,node_10726,51.5195,-0.0925,,GB,3214,,False
node_10727,node_10727,52.3695,4.8875,,NL,3214,,False
node_10728,node_10728,50.1205,8.6775,,DE,3214,,False
node_10729,node_10729,51.2205,6.7775,,DE,3214,,False
node_10730,node_10730,37.3415,-121.8925,,US,6233,,False
node_10731,node_10731,35.6915,139.6875,,JP,3258,,False
node_10732,node_10732,1.2875,103.8485,,SG,8888,,False
node_10733,node_10733,52.3685,4.8885,,NL,3214,,False
node_10734,node_10734,50.1185,8.6785,,DE,3214,,False
node_10735,node_10735,51.5195,-0.0915,,GB,3214,,False
node_10736,node_10736,52.3705,4.8885,,NL,210429,,False
node_10737,node_10737,49.9815,36.2585,,UA,34700,,False
node_10738,node_10738,48.3815,17.5885,,SK,5578,,False
node_10739,node_10739,-22.8325,-43.2215,,BR,274734,,False
node_10740,node_10740,46.4785,30.7285,,UA,6876,,False
node_10741,node_10741,15.4985,-88.0315,,HN,263170,,False
node_10742,node_10742,37.8295,-0.7915,,ES,57269,,False
node_10743,node_10743,51.1995,51.3685,,KZ,197556,,False
node_10744,node_10744,55.7505,37.6185,,RU,9123,,False
node_10745,node_10745,48.1875,16.4195,,AT,202616,,False
node_10746,node_10746,53.2385,6.3995,,NL,1136,,False
node_10747,node_10747,49.1885,-121.8605,,CA,398898,,False
node_10748,node_10748,38.4095,-82.4405,,US,7922,,False
node_10749,node_10749,35.9805,-84.0005,,US,33566,,False
node_10750,node_10750,42.8915,-78.8805,,US,36352,,False
node_10751,node_10751,54.8915,69.1595,,KZ,197556,,False
node_10752,node_10752,34.6175,135.4895,,JP,9371,,False
node_10753,node_10753,35.6785,139.7595,,JP,7684,,False
node_10754,node_10754,35.6785,139.7595,,JP,7684,,False
node_10755,node_10755,35.6795,139.7595,,JP,9370,,False
node_10756,node_10756,35.6795,139.7595,,JP,9370,,False
node_10757,node_10757,43.1705,141.3195,,JP,7684,,False
node_10758,node_10758,50.2805,21.4195,,PL,21021,,False
node_10759,node_10759,14.5985,120.9805,,PH,45102,,False
node_10760,node_10760,51.2985,9.4905,,DE,8560,,False
node_10761,node_10761,49.4495,11.0805,,DE,24940,,False
node_10762,node_10762,52.3495,5.1505,,NL,1136,,False
node_10763,node_10763,19.3115,84.7905,,IN,9829,,False
node_10764,node_10764,49.6475,8.9105,,DE,12897,,False
node_10765,node_10765,52.0785,4.2605,,NL,50266,,False
node_10766,node_10766,60.1695,24.9305,,FI,24940,,False
node_10767,node_10767,39.1505,-86.5995,,US,11550,,False
node_10768,node_10768,26.4315,50.1105,,SA,35819,,False
node_10769,node_10769,51.4875,0.0515,,GB,41495,,False
node_10770,node_10770,32.2495,34.8515,,IL,12400,,False
node_10771,node_10771,43.2515,76.9115,,KZ,205431,,False
node_10772,node_10772,42.3615,-71.0985,,US,7922,,False
node_10773,node_10773,39.4995,-0.4285,,ES,12479,,False
node_10774,node_10774,50.3005,7.3115,,DE,3320,,False
node_10775,node_10775,48.9215,24.7215,,UA,35004,,False
node_10776,node_10776,49.4475,11.0775,,DE,24940,,False
node_10777,node_10777,-33.9315,18.4275,,ZA,20011,,False
node_10778,node_10778,48.5985,11.3775,,DE,14593,,False
node_10779,node_10779,52.3475,5.9675,,NL,20857,,False
node_10780,node_10780,50.1095,8.6775,,DE,42730,,False
node_10781,node_10781,44.8975,-76.0115,,CA,577,,False
node_10782,node_10782,50.4575,30.5285,,UA,43145,,False
node_10783,node_10783,42.5495,-8.9915,,ES,210423,,False
node_10784,node_10784,34.0005,72.9285,,PK,9541,,False
node_10785,node_10785,48.8605,2.3485,,FR,47583,,False
node_10786,node_10786,52.2375,21.0395,,PL,31229,,False
node_10787,node_10787,25.7695,-80.1905,,US,49791,,False
node_10788,node_10788,40.1975,44.4795,,AM,33852,,False
node_10789,node_10789,40.1985,44.4795,,AM,12297,,False
node_10790,node_10790,50.1485,8.7515,,DE,206499,,False
node_10791,node_10791,52.6095,4.7115,,NL,1136,,False
node_10792,node_10792,51.9895,4.4715,,NL,1136,,False
node_10793,node_10793,37.7475,-97.8225,,US,62610,,False
node_10794,node_10794,37.8885,127.7375,,KR,31898,,False
node_10795,node_10795,50.1115,8.7075,,DE,20473,,False
node_10796,node_10796,43.4575,11.8775,,IT,31034,,False
node_10797,node_10797,52.9985,6.5075,,NL,33915,,False
node_10798,node_10798,51.5195,-0.0925,,GB,16509,,False
node_10799,node_10799,49.2805,-123.1125,,CA,14007,,False
node_10800,node_10800,49.2805,-123.1125,,CA,14007,,False
node_10801,node_10801,49.2815,-123.1125,,CA,14007,,False
node_10802,node_10802,48.1475,11.5285,,DE,8767,,False
node_10803,node_10803,40.1805,44.5085,,AM,44395,,False
node_10804,node_10804,43.7075,-79.4115,,CA,36352,,False
node_10805,node_10805,32.8575,-79.9715,,US,43515,,False
node_10806,node_10806,37.7485,-97.8215,,US,400671,,False
node_10807,node_10807,38.6405,-90.2015,,US,40021,,False
node_10808,node_10808,51.5105,-0.1315,,GB,141995,,False
node_10809,node_10809,37.7515,-97.8215,,US,27357,,False
node_10810,node_10810,29.7515,-95.4715,,US,7922,,False
node_10811,node_10811,48.9675,8.1895,,FR,51167,,False
node_10812,node_10812,37.8685,-122.2705,,US,401555,,False
node_10813,node_10813,24.8585,66.9995,,PK,9541,,False
node_10814,node_10814,41.3795,2.1495,,ES,49008,,False
node_10815,node_10815,50.4795,12.3595,,DE,24940,,False
node_10816,node_10816,39.1705,-86.5405,,US,7922,,False
node_10817,node_10817,47.8405,-122.2005,,US,20055,,False
node_10818,node_10818,47.6815,-122.1905,,US,7922,,False
node_10819,node_10819,47.4515,-92.3205,,US,30036,,False
node_10820,node_10820,32.0775,34.7795,,IL,6810,,False
node_10821,node_10821,43.6275,-79.3705,,CA,16276,,False
node_10822,node_10822,35.6185,139.7395,,JP,20326,,False
node_10823,node_10823,55.0405,82.9395,,RU,31200,,False
node_10824,node_10824,35.6515,139.6895,,JP,2497,,False
node_10825,node_10825,37.2375,-121.7895,,US,2497,,False
node_10826,node_10826,64.9985,-17.9995,,IS,214185,,False
node_10827,node_10827,55.7395,37.6105,,RU,61400,,False
node_10828,node_10828,34.7705,113.7205,,CN,4538,,False
node_10829,node_10829,34.7705,113.7205,,CN,4538,,False
node_10830,node_10830,48.9915,1.7205,,FR,3215,,False
node_10831,node_10831,51.3015,9.4905,,DE,8560,,False
node_10832,node_10832,48.8575,2.3505,,FR,12876,,False
node_10833,node_10833,48.8585,2.3505,,FR,12876,,False
node_10834,node_10834,48.8585,2.3505,,FR,12876,,False
node_10835,node_10835,48.8595,2.3505,,FR,12876,,False
node_10836,node_10836,48.8595,2.3505,,FR,12876,,False
node_10837,node_10837,48.8605,2.3505,,FR,12876,,False
node_10838,node_10838,48.8605,2.3505,,FR,12876,,False
node_10839,node_10839,48.8615,2.3505,,FR,12876,,False
node_10840,node_10840,48.8615,2.3505,,FR,12876,,False
node_10841,node_10841,48.8575,2.3515,,FR,12876,,False
node_10842,node_10842,48.8575,2.3515,,FR,12876,,False
node_10843,node_10843,48.8585,2.3515,,FR,12876,,False
node_10844,node_10844,48.8585,2.3515,,FR,12876,,False
node_10845,node_10845,48.8595,2.3515,,FR,12876,,False
node_10846,node_10846,48.8595,2.3515,,FR,12876,,False
node_10847,node_10847,48.8605,2.3515,,FR,12876,,False
node_10848,node_10848,48.8605,2.3515,,FR,12876,,False
node_10849,node_10849,48.8615,2.3515,,FR,12876,,False
node_10850,node_10850,48.8615,2.3515,,FR,12876,,False
node_10851,node_10851,48.8575,2.3515,,FR,12876,,False
node_10852,node_10852,48.8585,2.3515,,FR,12876,,False
node_10853,node_10853,48.8585,2.3515,,FR,12876,,False
node_10854,node_10854,48.8595,2.3515,,FR,12876,,False
node_10855,node_10855,48.8595,2.3515,,FR,12876,,False
node_10856,node_10856,48.8605,2.3515,,FR,12876,,False
node_10857,node_10857,48.8605,2.3515,,FR,12876,,False
node_10858,node_10858,48.8615,2.3515,,FR,12876,,False
node_10859,node_10859,48.8615,2.3515,,FR,12876,,False
node_10860,node_10860,48.8575,2.3475,,FR,12876,,False
node_10861,node_10861,48.8575,2.3475,,FR,12876,,False
node_10862,node_10862,48.8585,2.3475,,FR,12876,,False
node_10863,node_10863,-29.0015,23.9975,,ZA,137951,,False
node_10864,node_10864,19.1695,72.8475,,IN,142169,,False
node_10865,node_10865,52.2795,4.7675,,NL,24875,,False
node_10866,node_10866,56.0505,12.6875,,SE,29518,,False
node_10867,node_10867,50.4615,30.5275,,UA,6698,,False
node_10868,node_10868,20.8575,106.6775,,VN,135905,,False
node_10869,node_10869,50.4575,30.5275,,UA,30860,,False
node_10870,node_10870,1.3585,103.8875,,SG,141995,,False
node_10871,node_10871,34.0485,-118.2425,,US,63023,,False
node_10872,node_10872,60.1695,24.9275,,FI,24940,,False
node_10873,node_10873,60.1695,24.9275,,FI,24940,,False
node_10874,node_10874,60.1705,24.9275,,FI,24940,,False
node_10875,node_10875,60.1705,24.9275,,FI,24940,,False
node_10876,node_10876,60.1715,24.9275,,FI,24940,,False
node_10877,node_10877,-33.7825,151.1185,,AU,133159,,False
node_10878,node_10878,50.1175,8.6685,,DE,214716,,False
node_10879,node_10879,37.5685,126.9785,,KR,45102,,False
node_10880,node_10880,1.2895,103.8485,,SG,45102,,False
node_10881,node_10881,50.1195,8.6785,,DE,45102,,False
node_10882,node_10882,35.6905,139.6885,,JP,45102,,False
node_10883,node_10883,38.6905,-77.3015,,US,45102,,False
node_10884,node_10884,13.7615,100.5085,,TH,45102,,False
node_10885,node_10885,22.5515,114.0685,,CN,37963,,False
node_10886,node_10886,36.0575,120.3785,,CN,37963,,False
node_10887,node_10887,39.9085,116.3885,,CN,37963,,False
node_10888,node_10888,30.2885,120.1685,,CN,37963,,False
node_10889,node_10889,39.9095,116.3885,,CN,37963,,False
node_10890,node_10890,22.5495,114.0685,,CN,37963,,False
node_10891,node_10891,30.6705,104.0685,,CN,37963,,False
node_10892,node_10892,22.2805,114.1785,,HK,45102,,False
node_10893,node_10893,12.9815,77.5885,,IN,14061,,False
node_10894,node_10894,-33.8985,151.1885,,AU,14061,,False
node_10895,node_10895,43.7075,-79.4105,,CA,14061,,False
node_10896,node_10896,52.3515,4.9395,,NL,14061,,False
node_10897,node_10897,35.6915,139.8795,,JP,9824,,False
node_10898,node_10898,52.3685,4.8905,,NL,216071,,False
node_10899,node_10899,-25.2915,-57.6495,,PY,27895,,False
node_10900,node_10900,48.9295,8.9515,,DE,3320,,False
node_10901,node_10901,52.3815,4.9015,,NL,1101,,False
node_10902,node_10902,51.3515,3.2815,,BE,6848,,False
node_10903,node_10903,50.9675,5.5375,,BE,5432,,False
node_10904,node_10904,-7.9825,112.6275,,ID,23700,,False
node_10905,node_10905,35.9185,14.4975,,MT,15735,,False
node_10906,node_10906,51.7395,-0.3325,,GB,60377,,False
node_10907,node_10907,48.8615,2.3475,,FR,47583,,False
node_10908,node_10908,35.6875,139.6875,,JP,132203,,False
node_10909,node_10909,42.6995,23.3175,,BG,209604,,False
node_10910,node_10910,-23.5295,-46.7925,,BR,396509,,False
node_10911,node_10911,49.4505,11.0775,,DE,197540,,False
node_10912,node_10912,15.5015,-88.0325,,HN,262234,,False
node_10913,node_10913,-3.4785,-80.2425,,EC,52468,,False
node_10914,node_10914,-3.7125,-38.5415,,BR,396509,,False
node_10915,node_10915,37.7475,-97.8215,,US,402292,,False
node_10916,node_10916,35.6195,139.7385,,JP,20473,,False
node_10917,node_10917,55.7495,37.6185,,RU,50867,,False
node_10918,node_10918,51.3005,9.4885,,DE,24940,,False
node_10919,node_10919,59.3305,18.0685,,SE,9009,,False
node_10920,node_10920,51.5115,-0.1315,,GB,9009,,False
node_10921,node_10921,50.1215,8.7385,,DE,62028,,False
node_10922,node_10922,45.1875,9.1485,,IT,39250,,False
node_10923,node_10923,37.7485,-97.8215,,US,396509,,False
node_10924,node_10924,51.3005,9.4885,,DE,38927,,False
node_10925,node_10925,53.1315,26.0185,,BY,6697,,False
node_10926,node_10926,43.7075,-79.4105,,CA,14061,,False
node_10927,node_10927,52.0175,4.7295,,NL,201290,,False
node_10928,node_10928,61.1885,28.7695,,FI,1759,,False
node_10929,node_10929,-23.5405,-52.5905,,BR,270821,,False
node_10930,node_10930,53.3405,-6.2505,,IE,16509,,False
node_10931,node_10931,35.6875,139.6895,,JP,197196,,False
node_10932,node_10932,50.4785,12.3595,,DE,24940,,False
node_10933,node_10933,53.3305,-6.3705,,IE,219458,,False
node_10934,node_10934,48.7405,7.3695,,FR,3215,,False
node_10935,node_10935,47.1415,8.1595,,CH,29222,,False
node_10936,node_10936,49.4515,11.0795,,DE,24940,,False
node_10937,node_10937,53.3385,-6.2495,,IE,36352,,False
node_10938,node_10938,56.4885,84.9505,,RU,31357,,False
node_10939,node_10939,55.7495,37.6205,,RU,200401,,False
node_10940,node_10940,41.8895,12.5105,,IT,5394,,False
node_10941,node_10941,-35.7195,-57.7195,,AR,17069,,False
node_10942,node_10942,52.3705,4.8905,,NL,44103,,False
node_10943,node_10943,50.8915,6.0605,,NL,44592,,False
node_10944,node_10944,51.5115,-0.0995,,GB,5607,,False
node_10945,node_10945,53.2075,63.6305,,KZ,197556,,False
node_10946,node_10946,1.3185,103.7005,,SG,142262,,False
node_10947,node_10947,37.5695,126.9805,,KR,8075,,False
node_10948,node_10948,52.2895,76.9505,,KZ,197556,,False
node_10949,node_10949,49.9505,82.6305,,KZ,197556,,False
node_10950,node_10950,59.3315,18.0705,,SE,41745,,False
node_10951,node_10951,40.7915,-74.0595,,US,41745,,False
node_10952,node_10952,52.3505,4.9415,,NL,14061,,False
node_10953,node_10953,52.3715,4.8915,,NL,210429,,False
node_10954,node_10954,-26.1325,28.2015,,ZA,20473,,False
node_10955,node_10955,37.7475,-97.8185,,US,16509,,False
node_10956,node_10956,48.8585,2.3415,,FR,16276,,False
node_10957,node_10957,52.4095,13.5415,,DE,3320,,False
node_10958,node_10958,59.4395,24.7415,,EE,41745,,False
node_10959,node_10959,48.8605,2.3515,,FR,41745,,False
node_10960,node_10960,34.1705,132.2315,,JP,4713,,False
node_10961,node_10961,-21.1415,55.3375,,RE,49902,,False
node_10962,node_10962,44.0895,-93.2525,,US,20115,,False
node_10963,node_10963,50.0505,19.9675,,PL,34254,,False
node_10964,node_10964,43.6915,4.2075,,FR,60427,,False
node_10965,node_10965,51.5015,-0.1325,,GB,5089,,False
node_10966,node_10966,51.5175,-0.0925,,GB,14593,,False
node_10967,node_10967,4.6085,-74.0825,,CO,271957,,False
node_10968,node_10968,49.4395,11.0175,,DE,213683,,False
node_10969,node_10969,52.0005,5.1375,,NL,50266,,False
node_10970,node_10970,49.4475,11.0785,,DE,24940,,False
node_10971,node_10971,42.8785,-8.5515,,ES,57269,,False
node_10972,node_10972,59.9385,30.3085,,RU,9123,,False
node_10973,node_10973,59.9395,30.3085,,RU,9123,,False
node_10974,node_10974,35.6895,139.6885,,JP,2914,,False
node_10975,node_10975,1.2905,103.8485,,SG,136907,,False
node_10976,node_10976,52.3715,4.8885,,NL,399629,,False
node_10977,node_10977,52.4075,-1.5115,,GB,41745,,False
node_10978,node_10978,41.6595,-0.8815,,ES,16509,,False
node_10979,node_10979,39.0505,-77.4915,,US,14618,,False
node_10980,node_10980,34.0475,-118.2405,,US,174,,False
node_10981,node_10981,52.5375,5.6995,,NL,60404,,False
node_10982,node_10982,55.7495,37.6195,,RU,9123,,False
node_10983,node_10983,59.2415,15.1795,,SE,8473,,False
node_10984,node_10984,-21.0025,55.3195,,RE,37002,,False
node_10985,node_10985,-20.9115,55.4895,,RE,3215,,False
node_10986,node_10986,48.8585,2.3395,,FR,199636,,False
node_10987,node_10987,-21.3405,55.5995,,RE,37002,,False
node_10988,node_10988,52.5305,5.7095,,NL,41745,,False
node_10989,node_10989,55.6615,12.6095,,DK,3292,,False
node_10990,node_10990,39.7015,-105.0305,,US,7922,,False
node_10991,node_10991,40.7975,-74.0195,,US,14061,,False
node_10992,node_10992,48.8575,2.3405,,FR,16276,,False
node_10993,node_10993,-33.7305,-70.7395,,CL,264814,,False
node_10994,node_10994,-21.3415,55.5605,,RE,37002,,False
node_10995,node_10995,-36.8805,174.8005,,NZ,45177,,False
node_10996,node_10996,-21.1005,55.2505,,RE,199140,,False
node_10997,node_10997,-21.1695,55.3505,,RE,49902,,False
node_10998,node_10998,50.6905,3.2005,,FR,16276,,False
node_10999,node_10999,-21.1495,55.3275,,RE,199140,,False
node_11000,node_11000,56.2015,10.2075,,DK,44869,,False
node_11001,node_11001,50.1075,8.6675,,DE,42730,,False
node_11002,node_11002,52.0585,4.5375,,NL,50266,,False
node_11003,node_11003,55.7395,37.6075,,RU,12389,,False
node_11004,node_11004,48.1115,-1.6725,,FR,3215,,False
node_11005,node_11005,44.0615,-122.9225,,US,3582,,False
node_11006,node_11006,-1.2525,-78.2515,,EC,52274,,False
node_11007,node_11007,44.3985,26.0985,,RO,215545,,False
node_11008,node_11008,-21.2415,55.3785,,RE,3215,,False
node_11009,node_11009,-21.2205,55.3485,,RE,49902,,False
node_11010,node_11010,50.1195,8.6785,,DE,16509,,False
node_11011,node_11011,50.1005,8.6285,,DE,31898,,False
node_11012,node_11012,-21.0985,55.4285,,RE,327697,,False
node_11013,node_11013,53.4785,-2.2415,,GB,47583,,False
node_11014,node_11014,52.3695,4.8885,,NL,57043,,False
node_11015,node_11015,-1.6685,-78.6515,,EC,264744,,False
node_11016,node_11016,35.6915,139.6885,,JP,212336,,False
node_11017,node_11017,45.5975,-121.1905,,US,19527,,False
node_11018,node_11018,35.6885,139.6895,,JP,206069,,False
node_11019,node_11019,50.4505,30.5295,,UA,219206,,False
node_11020,node_11020,-17.3795,-66.1505,,BO,27839,,False
node_11021,node_11021,32.7815,-96.8005,,US,16509,,False
node_11022,node_11022,25.7675,-80.1905,,US,16509,,False
node_11023,node_11023,39.0485,-77.4905,,US,16509,,False
node_11024,node_11024,41.8485,-87.6505,,US,14618,,False
node_11025,node_11025,29.7595,-95.3705,,US,16509,,False
node_11026,node_11026,40.4995,-74.4005,,US,16509,,False
node_11027,node_11027,34.0505,-118.2405,,US,16509,,False
node_11028,node_11028,33.4505,-112.0705,,US,16509,,False
node_11029,node_11029,42.3615,-71.0605,,US,16509,,False
node_11030,node_11030,39.1015,-94.5805,,US,16509,,False
node_11031,node_11031,44.9775,-93.2595,,US,16509,,False
node_11032,node_11032,39.9475,-75.1595,,US,16509,,False
node_11033,node_11033,39.7385,-104.9895,,US,16509,,False
node_11034,node_11034,21.2985,-157.8595,,US,16509,,False
node_11035,node_11035,36.1695,-115.1395,,US,16509,,False
node_11036,node_11036,47.6095,-122.3295,,US,16509,,False
node_11037,node_11037,32.2505,-110.9395,,US,209,,False
node_11038,node_11038,-21.2185,55.3105,,RE,37002,,False
node_11039,node_11039,-20.9625,55.6905,,RE,3215,,False
node_11040,node_11040,25.0475,121.5305,,TW,3462,,False
node_11041,node_11041,34.0485,-118.2395,,US,35916,,False
node_11042,node_11042,35.6795,139.7505,,JP,9009,,False
node_11043,node_11043,1.3695,103.8005,,SG,45102,,False
node_11044,node_11044,25.0805,121.5805,,TW,3462,,False
node_11045,node_11045,25.0505,121.5305,,TW,3462,,False
node_11046,node_11046,25.0515,121.5305,,TW,3462,,False
node_11047,node_11047,59.3475,17.9715,,SE,1257,,False
node_11048,node_11048,-22.8315,-43.2185,,BR,214331,,False
node_11049,node_11049,1.3685,103.9715,,SG,31898,,False
node_11050,node_11050,37.7495,-97.8185,,US,36352,,False
node_11051,node_11051,51.0305,9.3915,,DE,20810,,False
node_11052,node_11052,60.1715,24.9315,,FI,213459,,False
node_11053,node_11053,42.6775,13.8215,,IT,3269,,False
node_11054,node_11054,49.2495,-123.1185,,CA,62563,,False
node_11055,node_11055,37.7505,-97.8185,,US,16276,,False
node_11056,node_11056,10.8205,106.6315,,VN,7552,,False
node_11057,node_11057,52.3915,13.1315,,DE,216398,,False
node_11058,node_11058,37.5375,126.8575,,KR,31898,,False
node_11059,node_11059,21.0175,105.8475,,VN,18403,,False
node_11060,node_11060,46.9495,4.3075,,FR,3215,,False
node_11061,node_11061,54.1205,-3.1925,,GB,2856,,False
node_11062,node_11062,32.7805,-96.8025,,US,63023,,False
node_11063,node_11063,52.3715,4.8875,,NL,60781,,False
node_11064,node_11064,51.2975,9.4875,,DE,60150,,False
node_11065,node_11065,52.3495,4.9375,,NL,41436,,False
node_11066,node_11066,50.3605,-4.9025,,GB,210258,,False
node_11067,node_11067,49.4515,11.0775,,DE,197540,,False
node_11068,node_11068,1.3675,103.7985,,SG,45102,,False
node_11069,node_11069,55.7885,37.4685,,RU,64439,,False
node_11070,node_11070,56.1185,8.1185,,DK,39642,,False
node_11071,node_11071,47.1995,8.4285,,CH,13030,,False
node_11072,node_11072,43.1615,-75.8415,,US,14061,,False
node_11073,node_11073,40.1875,-88.8215,,US,21928,,False
node_11074,node_11074,30.8085,34.8585,,IL,1680,,False
node_11075,node_11075,50.4805,12.3285,,DE,24940,,False
node_11076,node_11076,52.2615,10.2185,,DE,13045,,False
node_11077,node_11077,55.8715,12.3585,,DK,216275,,False
node_11078,node_11078,10.4975,-66.8405,,VE,272809,,False
node_11079,node_11079,41.9985,-88.0005,,US,20473,,False
node_11080,node_11080,40.4405,-3.5705,,ES,199976,,False
node_11081,node_11081,36.5315,-87.3505,,US,40749,,False
node_11082,node_11082,64.6875,97.7495,,RU,48282,,False
node_11083,node_11083,52.3585,10.5195,,DE,8881,,False
node_11084,node_11084,18.3485,-64.7605,,VI,14434,,False
node_11085,node_11085,40.4195,-3.7005,,ES,12479,,False
node_11086,node_11086,38.6805,-75.1805,,US,701,,False
node_11087,node_11087,40.2615,-75.4005,,US,7922,,False
node_11088,node_11088,51.5775,-0.1395,,GB,5089,,False
node_11089,node_11089,46.0485,14.5105,,SI,34779,,False
node_11090,node_11090,50.9615,6.1205,,DE,3320,,False
node_11091,node_11091,48.9775,8.1805,,FR,51167,,False
node_11092,node_11092,49.4485,11.0805,,DE,197540,,False
node_11093,node_11093,9.4085,-70.4895,,VE,264778,,False
node_11094,node_11094,9.4395,-70.7695,,VE,273043,,False
