ip,tags
node_01078,home;nat;system-v1;system-ipv4-capable;system-ipv4-rfc1918
node_01079,fibre;home;nat;ftth;system-v1;system-resolves-a-correctly;system-resolves-aaaa-correctly;system-ipv4-works;system-ipv4-capable;system-ipv6-capable;system-ipv6-ula;system-ipv4-rfc1918;system-ipv4-stable-30d;system-ipv4-stable-90d;system-ipv4-stable-1d
node_01080,no-nat;system-v1;system-resolves-a-correctly;system-resolves-aaaa-correctly;system-ipv4-works;system-ipv6-works;system-ipv4-capable;system-ipv6-capable;system-ipv6-stable-30d;system-ipv6-stable-1d;system-ipv4-stable-30d;system-ipv4-stable-90d;system-ipv6-stable-90d;system-ipv4-stable-1d
node_01081,fibre;home;nat;native-ipv6;dual-stack;ipv4;ipv6;system-v1;system-resolves-a-correctly;system-resolves-aaaa-correctly;system-ipv4-works;system-ipv6-works;system-ipv4-capable;system-ipv6-capable;system-ipv4-rfc1918;system-ipv6-stable-30d;system-ipv6-stable-1d;system-ipv4-stable-30d;system-ipv4-stable-1d
node_01082,fibre;home;nat;ipv4;ipv6;free;system-v1;system-ipv4-works;system-ipv6-works;system-ipv4-capable;system-ipv6-capable;system-ipv4-rfc1918;system-ipv6-stable-1d;system-ipv4-stable-1d
node_01083,cable;home;system-v1;system-resolves-aaaa-correctly;system-ipv4-works;system-ipv4-capable;system-ipv6-capable;system-ipv6-ula;system-ipv4-rfc1918;system-ipv4-stable-30d;system-ipv4-stable-90d;system-ipv4-stable-1d
node_01084,dsl;home;nat;ipv4;vdsl2;system-v1;system-resolves-a-correctly;system-resolves-aaaa-correctly;system-ipv4-works;system-ipv4-capable;system-ipv4-rfc1918;system-ipv4-stable-30d;system-ipv4-stable-90d;system-ipv4-stable-1d
node_01085,cable;home;nat;ipv6;comcast;system-v1;system-resolves-a-correctly;system-resolves-aaaa-correctly;system-ipv4-works;system-ipv6-works;system-ipv4-capable;system-ipv6-capable;system-ipv4-rfc1918;system-ipv6-stable-30d;system-ipv6-stable-1d;system-ipv4-stable-30d;system-ipv4-stable-90d;system-ipv6-stable-90d;system-ipv4-stable-1d
node_01086,nat;system-v2;system-resolves-a-correctly;system-resolves-aaaa-correctly;system-ipv4-works;system-ipv4-capable;system-ipv4-rfc1918;system-ipv4-stable-30d;system-ipv4-stable-90d;system-ipv4-stable-1d
node_01087,home;nat;system-v2;system-resolves-a-correctly;system-resolves-aaaa-correctly;system-ipv4-works;system-ipv6-works;system-ipv4-capable;system-ipv6-capable;system-ipv4-rfc1918;system-ipv6-stable-30d;system-ipv6-stable-1d;system-ipv4-stable-30d;system-ipv4-stable-90d;system-ipv6-stable-90d;system-ipv4-stable-1d
node_01088,home;nat;system-v2;system-ipv4-capable;system-ipv4-rfc1918
node_01089,no-nat;system-v2;system-resolves-a-correctly;system-resolves-aaaa-correctly;system-ipv4-works;system-ipv4-capable;system-ipv4-stable-30d;system-ipv4-stable-90d;system-ipv4-stable-1d
node_01090,fibre;home;nat;system-v2;system-ipv4-capable;system-ipv6-capable;system-ipv4-rfc1918
node_01091,no-nat;system-v2;system-ipv4-capable;system-ipv4-rfc1918
node_01092,fibre;datacentre;no-nat;native-ipv6;dual-stack;ipv4;ipv6;multihomed;isp;system-v2;native-ipv4;system-ipv4-capable;system-ipv6-capable;as3491
node_01093,fibre;system-v2;system-resolves-a-correctly;system-resolves-aaaa-correctly;system-ipv4-works;system-ipv6-works;system-ipv4-capable;system-ipv6-capable;system-ipv4-rfc1918;system-ipv6-stable-30d;system-ipv6-stable-1d;system-ipv4-stable-30d;system-ipv4-stable-90d;system-ipv4-stable-1d
node_01094,mobile;nat;system-v2;system-ipv4-capable;system-ipv6-capable;system-ipv4-rfc1918
node_01095,no-nat;system-v2;system-resolves-a-correctly;system-resolves-aaaa-correctly;system-ipv4-works;system-ipv6-works;system-ipv4-capable;system-ipv6-capable;system-ipv6-stable-30d;system-ipv6-stable-1d;system-ipv4-stable-30d;system-ipv4-stable-90d;system-ipv6-stable-90d;system-ipv4-stable-1d
node_01096,nat;system-v2;system-resolves-a-correctly;system-resolves-aaaa-correctly;system-ipv4-works;system-ipv6-works;system-ipv4-capable;system-ipv6-capable;system-ipv4-rfc1918;system-ipv6-stable-30d;system-ipv6-stable-1d;system-ipv4-stable-30d;system-ipv4-stable-90d;system-ipv6-stable-90d;system-ipv4-stable-1d
node_01097,nat;system-v2;system-resolves-a-correctly;system-resolves-aaaa-correctly;system-ipv4-works;system-ipv4-capable;system-ipv4-rfc1918;system-ipv4-stable-30d;system-ipv4-stable-90d;system-ipv4-stable-1d
node_01098,nat;system-v2;system-resolves-a-correctly;system-resolves-aaaa-correctly;system-ipv4-works;system-ipv4-capable;system-ipv4-stable-30d;system-ipv4-stable-90d;system-ipv4-stable-1d
node_01099,fibre;datacentre;nat;native-ipv6;ipv6;isp;system-v2;system-ipv4-capable;system-ipv4-rfc1918
node_01100,home;nat;native-ipv6;vdsl;ipv4;ipv6;dtag;system-v3;system-resolves-a-correctly;system-resolves-aaaa-correctly;system-ipv4-works;system-ipv6-works;telekom;iwantbcp38compliancetesting;system-ipv4-capable;system-ipv6-capable;system-ipv4-rfc1918;pppoe;system-ipv6-stable-30d;system-ipv6-stable-1d;system-ipv4-stable-30d;system-ipv4-stable-90d;system-ipv6-stable-90d;system-ipv4-stable-1d
node_01101,cable;home;nat;native-ipv6;system-v3;system-resolves-a-correctly;system-resolves-aaaa-correctly;system-ipv4-works;native-ipv4;system-ipv4-capable;system-ipv4-stable-30d;system-ipv4-stable-1d
node_01102,home;nat;system-v3;system-resolves-a-correctly;system-resolves-aaaa-correctly;system-ipv4-works;system-ipv4-capable;system-ipv4-rfc1918;system-ipv4-stable-30d;system-ipv4-stable-90d;system-ipv4-stable-1d
node_01103,home;nat;ipv6-tunnel;system-v3;system-resolves-a-correctly;system-resolves-aaaa-correctly;system-ipv4-works;system-ipv6-works;system-ipv4-capable;system-ipv6-capable;system-ipv4-rfc1918;system-ipv6-stable-30d;system-ipv6-stable-1d;system-ipv4-stable-30d;system-ipv4-stable-90d;system-ipv6-stable-90d;system-ipv4-stable-1d
node_01104,office;academic;no-nat;system-v3;system-resolves-a-correctly;system-resolves-aaaa-correctly;system-ipv4-works;system-ipv4-capable;system-ipv4-stable-30d;system-ipv4-stable-90d;system-ipv4-stable-1d
node_01105,fibre;home;nat;system-v3;system-resolves-a-correctly;system-resolves-aaaa-correctly;system-ipv4-works;system-ipv4-capable;system-ipv4-rfc1918;system-ipv4-stable-30d;system-ipv4-stable-90d;system-ipv4-stable-1d
node_01106,fibre;office;datacentre;ixp;no-nat;native-ipv6;dual-stack;ipv6;system-v3;system-resolves-a-correctly;system-resolves-aaaa-correctly;system-ipv4-works;system-ipv6-works;native-ipv4;system-ipv4-capable;system-ipv6-capable;system-ipv6-stable-30d;system-ipv6-stable-1d;system-ipv4-stable-30d;system-ipv4-stable-90d;system-ipv6-stable-90d;system-ipv4-stable-1d
node_01107,academic;no-nat;system-v3;system-resolves-a-correctly;system-resolves-aaaa-correctly;system-ipv4-works;system-ipv6-works;system-ipv4-capable;system-ipv6-capable;system-ipv6-stable-30d;system-ipv6-stable-1d;system-ipv4-stable-30d;system-ipv4-stable-90d;system-ipv6-stable-90d;system-ipv4-stable-1d
node_01108,isp;system-v3;system-resolves-a-correctly;system-doesnt-resolve-aaaa;system-ipv4-works;system-ipv4-capable;system-ipv4-rfc1918;system-ipv4-stable-30d;system-ipv4-stable-90d;system-ipv4-stable-1d
node_01109,system-v3;system-resolves-a-correctly;system-resolves-aaaa-correctly;system-ipv4-works;system-ipv4-capable;system-ipv4-rfc1918;system-ipv4-stable-30d;system-ipv4-stable-1d
node_01110,nat;system-v3;system-resolves-a-correctly;system-resolves-aaaa-correctly;system-ipv4-works;system-ipv4-capable;system-ipv4-rfc1918;system-ipv4-stable-30d;system-ipv4-stable-90d;system-ipv4-stable-1d
node_01111,fibre;home;nat;native-ipv6;dual-stack;ipv4;ipv6;ftth;system-v3;system-resolves-a-correctly;system-resolves-aaaa-correctly;system-ipv4-works;system-ipv6-works;native-ipv4;iwantbcp38compliancetesting;system-ipv4-capable;system-ipv6-capable;system-ipv6-ula;system-ipv4-rfc1918;system-ipv6-stable-30d;system-ipv6-stable-1d;system-ipv4-stable-30d;system-ipv4-stable-1d
node_01112,nat;system-v3;system-resolves-a-correctly;system-resolves-aaaa-correctly;system-ipv4-works;system-ipv6-works;system-ipv4-capable;system-ipv6-capable;system-ipv4-rfc1918;system-ipv6-stable-30d;system-ipv6-stable-1d;system-ipv4-stable-30d;system-ipv4-stable-90d;system-ipv6-stable-90d;system-ipv4-stable-1d
node_01113,nat;ipv4;system-v3;system-resolves-a-correctly;system-resolves-aaaa-correctly;system-ipv4-works;system-ipv4-capable;system-ipv4-stable-30d;system-ipv4-stable-90d;system-ipv4-stable-1d
node_01114,fibre;no-nat;native-ipv6;ipv4;ipv6;system-v3;system-resolves-a-correctly;system-resolves-aaaa-correctly;system-ipv4-works;system-ipv6-works;system-ipv4-capable;system-ipv6-capable;system-ipv6-stable-1d;system-ipv4-stable-1d
node_01115,fibre;ftth;system-v3;system-resolves-a-correctly;system-resolves-aaaa-correctly;system-ipv4-works;system-ipv4-capable;system-ipv4-rfc1918;system-ipv4-stable-30d;system-ipv4-stable-90d;system-ipv4-stable-1d
node_01116,home;system-v3;system-resolves-a-correctly;system-resolves-aaaa-correctly;system-ipv4-works;system-ipv4-capable;system-ipv4-rfc1918;system-ipv4-stable-30d;system-ipv4-stable-90d;system-ipv4-stable-1d
node_01117,nat;system-v3;system-resolves-a-correctly;system-resolves-aaaa-correctly;system-ipv4-works;system-ipv4-capable;system-ipv4-rfc1918;system-ipv4-stable-30d;system-ipv4-stable-90d;system-ipv4-stable-1d
node_01118,home;nat;system-v3;system-resolves-a-correctly;system-resolves-aaaa-correctly;system-ipv4-works;system-ipv6-works;system-ipv4-capable;system-ipv6-capable;system-ipv4-rfc1918;system-ipv6-stable-30d;system-ipv6-stable-1d;system-ipv4-stable-30d;system-ipv4-stable-90d;system-ipv6-stable-90d;system-ipv4-stable-1d
node_01119,fibre;home;nat;ipv4;isp;system-v3;system-resolves-a-correctly;system-resolves-aaaa-correctly;system-ipv4-works;system-ipv4-capable;system-ipv4-rfc1918;system-ipv4-stable-30d;system-ipv4-stable-90d;system-ipv4-stable-1d
node_01120,no-nat;ipv4;ipv6;system-v3;system-resolves-a-correctly;system-resolves-aaaa-correctly;system-ipv4-works;system-ipv6-works;system-ipv4-capable;system-ipv6-capable;system-ipv6-stable-30d;system-ipv6-stable-1d;system-ipv4-stable-30d;system-ipv4-stable-90d;system-ipv6-stable-90d;system-ipv4-stable-1d
node_01121,nat;system-v3;system-resolves-a-correctly;system-resolves-aaaa-correctly;system-ipv4-works;system-ipv4-capable;system-ipv4-rfc1918;system-ipv4-stable-30d;system-ipv4-stable-90d;system-ipv4-stable-1d
node_01122,no-nat;system-v3;system-resolves-a-correctly;system-resolves-aaaa-correctly;system-ipv4-works;system-ipv6-works;system-ipv4-capable;system-ipv6-capable;system-ipv6-stable-30d;system-ipv6-stable-1d;system-ipv4-stable-30d;system-ipv4-stable-90d;system-ipv6-stable-90d;system-ipv4-stable-1d
node_01123,nat;system-v3;system-resolves-a-correctly;system-resolves-aaaa-correctly;system-ipv4-works;system-ipv6-doesnt-work;system-ipv4-capable;system-ipv6-capable;system-ipv6-ula;system-ipv4-rfc1918;system-ipv6-stable-30d;system-ipv6-stable-1d;system-ipv4-stable-30d;system-ipv4-stable-90d;system-ipv4-stable-1d
node_01124,dsl;home;nat;dual-stack;ipv4;ipv6;vdsl2;system-v3;system-resolves-a-correctly;system-resolves-aaaa-correctly;system-ipv4-works;system-ipv6-works;system-ipv4-capable;system-ipv6-capable;system-ipv4-rfc1918;system-ipv6-stable-30d;system-ipv6-stable-1d;system-ipv4-stable-30d;system-ipv4-stable-90d;system-ipv6-stable-90d;system-ipv4-stable-1d
node_01125,fibre;home;nat;native-ipv6;dual-stack;ipv4;ipv6;ftth;free;system-v3;system-resolves-a-correctly;system-resolves-aaaa-correctly;system-ipv4-works;system-ipv6-works;system-ipv4-capable;system-ipv6-capable;system-ipv4-rfc1918;homelab;system-ipv6-stable-30d;system-ipv6-stable-1d;system-ipv4-stable-30d;system-ipv4-stable-90d;system-ipv6-stable-90d;system-ipv4-stable-1d
node_01126,cable;home;nat;ipv4;system-v3;system-resolves-a-correctly;system-resolves-aaaa-correctly;system-ipv4-works;system-ipv4-capable;system-ipv4-rfc1918;probe-v3;system-ipv4-stable-30d;system-ipv4-stable-90d;system-ipv4-stable-1d
node_01127,dsl;home;nat;ipv4;system-v3;system-resolves-a-correctly;system-resolves-aaaa-correctly;system-ipv4-works;system-ipv6-works;system-ipv4-capable;system-ipv6-capable;system-ipv4-rfc1918;system-ipv6-stable-30d;system-ipv6-stable-1d;system-ipv4-stable-30d;system-ipv4-stable-90d;system-ipv6-stable-90d;system-ipv4-stable-1d
node_01128,fibre;home;nat;ipv4;ipv6;ftth;free;system-v3;system-resolves-a-correctly;system-resolves-aaaa-correctly;system-ipv4-works;system-ipv4-capable;system-ipv6-capable;system-ipv6-ula;system-ipv4-rfc1918;system-ipv4-stable-90d;system-ipv4-stable-1d
node_01129,nat;system-v3;system-resolves-a-correctly;system-resolves-aaaa-correctly;system-ipv4-works;system-ipv6-works;system-ipv4-capable;system-ipv6-capable;system-ipv4-rfc1918;system-ipv6-stable-30d;system-ipv6-stable-1d;system-ipv4-stable-30d;system-ipv4-stable-90d;system-ipv6-stable-90d;system-ipv4-stable-1d
node_01130,nat;system-v3;system-resolves-a-correctly;system-resolves-aaaa-correctly;system-ipv4-works;system-ipv4-capable;system-ipv4-rfc1918;system-ipv4-stable-30d;system-ipv4-stable-90d;system-ipv4-stable-1d
node_01131,no-nat;system-v3;system-resolves-a-correctly;system-resolves-aaaa-correctly;system-ipv4-works;system-ipv6-works;system-ipv4-capable;system-ipv6-capable;system-ipv6-stable-30d;system-ipv6-stable-1d;system-ipv4-stable-30d;system-ipv4-stable-1d
node_01132,home;ipv4;ipv6;ftth;system-v3;system-resolves-a-correctly;system-resolves-aaaa-correctly;system-ipv4-works;gpon;system-ipv4-capable;system-ipv4-rfc1918;pppoe;system-ipv4-stable-30d;system-ipv4-stable-90d;system-ipv4-stable-1d
node_01133,datacentre;no-nat;native-ipv6;dual-stack;isp;system-v3;system-resolves-a-correctly;system-resolves-aaaa-correctly;system-ipv4-works;system-ipv6-works;native-ipv4;system-ipv4-capable;system-ipv6-capable;system-ipv6-stable-30d;system-ipv6-stable-1d;system-ipv4-stable-30d;system-ipv4-stable-90d;system-ipv6-stable-90d;system-ipv4-stable-1d
node_01134,system-v3;system-resolves-a-correctly;system-resolves-aaaa-correctly;system-ipv4-works;gpon;system-ipv4-capable;system-ipv4-rfc1918;system-ipv4-stable-30d;system-ipv4-stable-90d;system-ipv4-stable-1d;ncsc-pdns
node_01135,dsl;nat;native-ipv6;dual-stack;dtag;system-v3;system-resolves-a-correctly;system-resolves-aaaa-correctly;system-ipv4-works;system-ipv6-works;system-ipv4-capable;system-ipv6-capable;system-ipv4-rfc1918;system-ipv6-stable-30d;system-ipv6-stable-1d;system-ipv4-stable-30d;system-ipv4-stable-90d;system-ipv6-stable-90d;system-ipv4-stable-1d
node_01136,fibre;office;academic;no-nat;system-v3;system-resolves-a-correctly;system-resolves-aaaa-correctly;system-ipv4-works;system-ipv6-works;system-ipv4-capable;system-ipv6-capable;system-ipv6-stable-30d;system-ipv6-stable-1d;system-ipv4-stable-30d;system-ipv4-stable-1d
node_01137,home;nat;ipv4;ftth;system-v3;system-resolves-a-correctly;system-resolves-aaaa-correctly;system-ipv4-works;system-ipv4-capable;system-ipv4-rfc1918;system-ipv4-stable-30d;system-ipv4-stable-90d;system-ipv4-stable-1d
node_01138,dsl;home;nat;vdsl;system-v3;system-resolves-a-correctly;system-resolves-aaaa-correctly;system-ipv4-works;system-ipv6-works;system-ipv4-capable;system-ipv6-capable;system-ipv4-rfc1918;system-ipv6-stable-30d;system-ipv6-stable-1d;system-ipv4-stable-30d;system-ipv4-stable-90d;system-ipv6-stable-90d;system-ipv4-stable-1d
node_01139,datacentre;nat;vdsl;ipv4;double-nat;isp;system-v3;system-resolves-a-correctly;system-resolves-aaaa-correctly;system-ipv4-works;native-ipv4;system-ipv4-capable;system-ipv4-stable-30d;system-ipv4-stable-90d;system-ipv4-stable-1d
node_01140,fibre;native-ipv6;ipv4;ipv6;system-v3;system-resolves-a-correctly;system-resolves-aaaa-correctly;system-ipv4-works;system-ipv6-works;native-ipv4;system-ipv4-capable;system-ipv6-capable;system-ipv6-stable-30d;system-ipv6-stable-1d;system-ipv4-stable-30d;system-ipv4-stable-90d;system-ipv6-stable-90d;system-ipv4-stable-1d
node_01141,fibre;system-v3;system-resolves-a-correctly;system-resolves-aaaa-correctly;system-ipv4-works;system-ipv4-capable;system-ipv4-rfc1918;system-ipv4-stable-30d;system-ipv4-stable-90d;system-ipv4-stable-1d
node_01142,fibre;home;system-v3;system-resolves-a-correctly;system-resolves-aaaa-correctly;system-ipv4-works;system-ipv4-capable;system-ipv6-capable;system-ipv4-stable-30d;system-ipv4-stable-90d;system-ipv4-stable-1d
node_01143,fibre;nat;system-v3;system-resolves-a-correctly;system-resolves-aaaa-correctly;system-ipv4-works;system-ipv4-capable;system-ipv4-rfc1918;system-ipv4-stable-30d;system-ipv4-stable-90d;system-ipv4-stable-1d
node_01144,fibre;home;nat;system-v3;system-resolves-a-correctly;system-resolves-aaaa-correctly;system-ipv4-works;telekom;system-ipv4-capable;system-ipv6-capable;system-ipv4-rfc1918;system-ipv4-stable-30d;system-ipv4-stable-90d;system-ipv4-stable-1d
node_01145,dsl;home;system-v3;system-resolves-a-correctly;system-resolves-aaaa-correctly;system-ipv4-works;system-ipv6-works;system-ipv4-capable;system-ipv6-capable;system-ipv4-rfc1918;system-ipv6-stable-30d;system-ipv6-stable-1d;system-ipv4-stable-30d;system-ipv4-stable-90d;system-ipv6-stable-90d;system-ipv4-stable-1d
node_01146,system-v3;system-resolves-a-correctly;system-resolves-aaaa-correctly;system-ipv4-works;system-ipv6-works;system-ipv4-capable;system-ipv6-capable;system-ipv6-stable-30d;system-ipv6-stable-1d;system-ipv4-stable-30d;system-ipv4-stable-90d;system-ipv6-stable-90d;system-ipv4-stable-1d
node_01147,fibre;home;nat;native-ipv6;ds-lite;adsl;system-v3;system-resolves-a-correctly;system-resolves-aaaa-correctly;system-ipv4-works;cgn;system-ipv4-capable;system-ipv6-capable;system-ipv6-ula;system-ipv4-rfc1918;system-ipv4-stable-30d;system-ipv4-stable-90d;system-ipv4-stable-1d
node_01148,fibre;home;nat;native-ipv6;dual-stack;ipv4;ipv6;system-v3;system-resolves-a-correctly;system-resolves-aaaa-correctly;system-ipv4-works;system-ipv6-works;system-ipv4-capable;system-ipv6-capable;system-ipv4-rfc1918;system-ipv6-stable-30d;system-ipv6-stable-1d;system-ipv4-stable-30d;system-ipv4-stable-90d;system-ipv6-stable-90d;system-ipv4-stable-1d
node_01149,cable;nat;system-v3;system-resolves-a-correctly;system-resolves-aaaa-correctly;system-ipv4-works;system-ipv4-capable;system-ipv4-rfc1918;system-ipv4-stable-30d;system-ipv4-stable-90d;system-ipv4-stable-1d
node_01150,fibre;home;ipv4;vpn;system-v3;system-resolves-a-correctly;system-resolves-aaaa-correctly;system-ipv4-works;system-ipv4-capable;system-ipv4-rfc1918;system-ipv4-stable-30d;system-ipv4-stable-90d;system-ipv4-stable-1d
node_01151,system-v3;system-ipv4-capable;system-flash-drive-filesystem-corrupted
node_01152,fibre;nat;system-v3;system-resolves-a-correctly;system-resolves-aaaa-correctly;system-ipv4-works;system-ipv6-works;system-ipv4-capable;system-ipv6-capable;system-ipv4-rfc1918;system-ipv6-stable-30d;system-ipv6-stable-1d;system-ipv4-stable-30d;system-ipv4-stable-90d;system-ipv6-stable-90d;system-ipv4-stable-1d
node_01153,fibre;home;nat;ftth;system-v3;system-resolves-a-correctly;system-resolves-aaaa-correctly;system-ipv4-works;system-ipv6-works;system-ipv4-capable;system-ipv6-capable;system-ipv4-rfc1918;system-ipv6-stable-30d;system-ipv6-stable-1d;system-ipv4-stable-30d;system-ipv4-stable-90d;system-ipv6-stable-90d;system-ipv4-stable-1d
node_01154,dsl;home;nat;system-v3;system-resolves-a-correctly;system-resolves-aaaa-correctly;system-ipv4-works;system-ipv6-works;system-ipv4-capable;system-ipv6-capable;system-ipv4-rfc1918;system-ipv6-stable-30d;system-ipv6-stable-1d;system-ipv4-stable-30d;system-ipv4-stable-90d;system-ipv6-stable-90d;system-ipv4-stable-1d
node_01155,system-v3;system-resolves-a-correctly;system-resolves-aaaa-correctly;system-ipv4-works;system-ipv4-capable;system-ipv4-stable-30d;system-ipv4-stable-90d;system-ipv4-stable-1d;system-no-flash-drive
node_01156,home;nat;native-ipv6;vdsl;ipv4;ipv6;system-v3;system-resolves-a-correctly;system-resolves-aaaa-correctly;system-ipv4-works;system-ipv4-capable;system-ipv4-rfc1918;system-ipv4-stable-30d;system-ipv4-stable-90d;system-ipv4-stable-1d
node_01157,system-v3;system-resolves-a-correctly;system-resolves-aaaa-correctly;system-ipv4-works;system-ipv4-capable;system-ipv4-stable-30d;system-ipv4-stable-90d;system-ipv4-stable-1d
node_01158,system-v3;system-resolves-a-correctly;system-resolves-aaaa-correctly;system-ipv4-works;system-ipv6-works;system-ipv4-capable;system-ipv6-capable;system-ipv4-rfc1918;system-ipv6-stable-30d;system-ipv6-stable-1d;system-ipv4-stable-30d;system-ipv4-stable-90d;system-ipv4-stable-1d
node_01159,system-v3;system-resolves-a-correctly;system-resolves-aaaa-correctly;system-ipv4-works;system-ipv4-capable;system-ipv4-rfc1918;system-ipv4-stable-30d;system-ipv4-stable-90d;system-ipv4-stable-1d
node_01160,system-v3;system-resolves-a-correctly;system-resolves-aaaa-correctly;system-ipv4-works;system-ipv4-capable;system-ipv4-rfc1918;system-ipv4-stable-30d;system-ipv4-stable-90d;system-ipv4-stable-1d
node_01161,system-v3;system-resolves-a-correctly;system-resolves-aaaa-correctly;system-ipv4-works;system-ipv4-capable;system-ipv4-rfc1918;system-ipv4-stable-30d;system-ipv4-stable-90d;system-ipv4-stable-1d
node_01162,fibre;home;nat;dual-stack;ipv4;ipv6;fios;ftth;system-v3;system-resolves-a-correctly;system-resolves-aaaa-correctly;system-ipv4-works;system-ipv6-works;system-ipv4-capable;system-ipv6-capable;system-ipv4-rfc1918;system-ipv6-stable-30d;system-ipv6-stable-1d;system-ipv4-stable-30d;system-ipv4-stable-90d;system-ipv6-stable-90d;system-ipv4-stable-1d
node_01163,native-ipv6;system-v3;system-resolves-a-correctly;system-resolves-aaaa-correctly;system-ipv4-works;system-ipv6-works;system-ipv4-capable;system-ipv6-capable;system-ipv4-rfc1918;system-ipv6-stable-30d;system-ipv6-stable-1d;system-ipv4-stable-30d;system-ipv4-stable-90d;system-ipv6-stable-90d;system-ipv4-stable-1d
node_01164,fibre;home;nat;ipv4;ftth;system-v3;system-resolves-a-correctly;system-doesnt-resolve-aaaa;system-ipv4-works;system-ipv4-capable;system-ipv4-rfc1918;system-ipv4-stable-30d;system-ipv4-stable-90d;system-ipv4-stable-1d
node_01165,home;ftth;system-v3;system-resolves-a-correctly;system-resolves-aaaa-correctly;system-ipv4-works;system-ipv6-doesnt-work;system-ipv4-capable;system-ipv6-capable;system-ipv4-rfc1918;system-ipv6-stable-30d;system-ipv6-stable-1d;system-ipv4-stable-30d;system-ipv4-stable-90d;system-ipv6-stable-90d;system-ipv4-stable-1d
node_01166,system-v3;system-resolves-a-correctly;system-resolves-aaaa-correctly;system-ipv4-works;system-ipv4-capable;system-ipv4-rfc1918;system-ipv4-stable-30d;system-ipv4-stable-90d;system-ipv4-stable-1d
node_01167,system-v3;system-resolves-a-correctly;system-resolves-aaaa-correctly;system-ipv4-works;system-ipv4-capable;system-ipv4-rfc1918;system-ipv4-stable-30d;system-ipv4-stable-90d;system-ipv4-stable-1d
node_01168,home;nat;ipv6-tunnel;system-v3;system-resolves-a-correctly;system-resolves-aaaa-correctly;system-ipv4-works;system-ipv4-capable;system-ipv4-rfc1918;system-ipv4-stable-30d;system-ipv4-stable-90d;system-ipv4-stable-1d
node_01169,fibre;home;nat;system-v3;system-resolver-mangles-case;system-ipv4-works;system-ipv4-capable;system-ipv4-rfc1918;system-ipv4-stable-30d;system-ipv4-stable-90d;system-ipv4-stable-1d
node_01170,system-v3;system-resolves-a-correctly;system-resolves-aaaa-correctly;system-ipv4-works;system-ipv4-capable;system-ipv4-rfc1918;system-ipv4-stable-30d;system-ipv4-stable-90d;system-ipv4-stable-1d
node_01171,system-v3;system-resolves-a-correctly;system-resolves-aaaa-correctly;system-ipv4-works;system-ipv4-capable;system-ipv4-stable-30d;system-ipv4-stable-90d;system-ipv4-stable-1d;epix
node_01172,fibre;home;ftth;system-v3;system-resolves-a-correctly;system-resolves-aaaa-correctly;system-ipv4-works;system-ipv6-works;system-ipv4-capable;system-ipv6-capable;system-ipv4-rfc1918;system-ipv6-stable-30d;system-ipv6-stable-1d;system-ipv4-stable-30d;system-ipv4-stable-90d;system-ipv4-stable-1d
node_01173,home;nat;ipv4;ipv6;vdsl2;system-v3;system-resolves-a-correctly;system-resolves-aaaa-correctly;system-ipv4-works;system-ipv6-works;system-ipv4-capable;system-ipv6-capable;system-ipv4-rfc1918;system-ipv6-stable-30d;system-ipv6-stable-1d;system-ipv4-stable-30d;system-ipv4-stable-90d;system-ipv6-stable-90d;system-ipv4-stable-1d
node_01174,system-v3;system-resolves-a-correctly;system-resolves-aaaa-correctly;system-ipv4-works;system-ipv4-capable;system-ipv4-rfc1918;system-ipv4-stable-30d;system-ipv4-stable-90d;system-ipv4-stable-1d
node_01175,ipv6;system-v3;system-resolves-a-correctly;system-resolves-aaaa-correctly;system-ipv4-works;system-ipv6-works;system-ipv4-capable;system-ipv6-capable;system-ipv4-rfc1918;system-ipv6-stable-1d;system-ipv4-stable-30d;system-ipv4-stable-90d;system-ipv4-stable-1d
node_01176,fibre;home;nat;ipv6-tunnel;ipv4;he;system-v3;system-resolves-a-correctly;system-resolves-aaaa-correctly;system-ipv4-works;system-ipv6-works;native-ipv4;system-ipv4-capable;system-ipv6-capable;system-ipv4-rfc1918;system-ipv6-stable-30d;system-ipv6-stable-1d;system-ipv4-stable-30d;system-ipv4-stable-90d;system-ipv6-stable-90d;system-ipv4-stable-1d
node_01177,fibre;office;academic;no-nat;native-ipv6;dual-stack;ipv4;ipv6;system-v3;system-resolves-a-correctly;system-resolves-aaaa-correctly;system-ipv4-works;system-ipv6-works;native-ipv4;system-ipv4-capable;system-ipv6-capable;system-ipv6-stable-30d;system-ipv6-stable-1d;system-ipv4-stable-30d;system-ipv4-stable-90d;system-ipv6-stable-90d;system-ipv4-stable-1d
node_01178,fibre;datacentre;nat;native-ipv6;ipv4;ipv6;system-v3;system-resolves-a-correctly;system-resolves-aaaa-correctly;system-ipv4-works;system-ipv4-capable;system-ipv4-rfc1918;system-ipv4-stable-30d;system-ipv4-stable-90d;system-ipv4-stable-1d
node_01179,office;academic;native-ipv6;ipv4;ipv6;system-v3;system-resolves-a-correctly;system-resolves-aaaa-correctly;system-ipv4-works;system-ipv6-works;system-ipv4-capable;system-ipv6-capable;system-ipv6-stable-30d;system-ipv6-stable-1d;system-ipv4-stable-30d;system-ipv4-stable-90d;system-ipv6-stable-90d;system-ipv4-stable-1d
node_01180,office;academic;system-v3;system-resolves-a-correctly;system-resolves-aaaa-correctly;system-ipv4-works;system-ipv4-capable;system-ipv4-rfc1918;system-ipv4-stable-30d;system-ipv4-stable-90d;system-ipv4-stable-1d
node_01181,system-v3;system-resolves-a-correctly;system-resolves-aaaa-correctly;system-ipv4-works;system-ipv4-capable;system-ipv4-rfc1918;system-ipv4-stable-30d;system-ipv4-stable-90d;system-ipv4-stable-1d
node_01182,fibre;home;nat;system-v3;system-resolves-a-correctly;system-resolves-aaaa-correctly;system-ipv4-works;system-ipv6-works;native-ipv4;system-ipv4-capable;system-ipv6-capable;system-ipv4-rfc1918;system-ipv6-stable-30d;system-ipv6-stable-1d;system-ipv4-stable-30d;system-ipv4-stable-90d;system-ipv6-stable-90d;system-ipv4-stable-1d
node_01183,system-v3;system-resolves-a-correctly;system-resolves-aaaa-correctly;system-ipv4-works;system-ipv4-capable;system-ipv4-rfc1918;system-ipv4-stable-30d;system-ipv4-stable-90d;system-ipv4-stable-1d
node_01184,fibre;home;nat;native-ipv6;system-v3;system-resolves-a-correctly;system-resolves-aaaa-correctly;system-ipv4-works;system-ipv6-works;system-ipv4-capable;system-ipv6-capable;system-ipv4-rfc1918;xs4all;system-ipv6-stable-30d;system-ipv6-stable-1d;system-ipv4-stable-30d;system-ipv4-stable-90d;system-ipv6-stable-90d;system-ipv4-stable-1d
node_01185,fibre;nat;system-v3;system-resolves-a-correctly;system-resolves-aaaa-correctly;system-ipv4-works;system-ipv4-capable;system-ipv4-rfc1918;no-ipv6;system-ipv4-stable-30d;system-ipv4-stable-90d;system-ipv4-stable-1d
node_01186,system-v3;system-resolves-a-correctly;system-resolves-aaaa-correctly;system-ipv4-works;system-ipv4-capable;system-ipv4-stable-30d;system-ipv4-stable-90d;system-ipv4-stable-1d;it2
node_01187,cable;home;twc;ipv4;ipv6;system-v3;system-resolves-a-correctly;system-resolves-aaaa-correctly;system-ipv4-works;system-ipv4-capable;system-ipv4-rfc1918;system-ipv4-stable-30d;system-ipv4-stable-90d;system-ipv4-stable-1d;spectrum
node_01188,fibre;home;system-v3;system-resolves-a-correctly;system-resolves-aaaa-correctly;system-ipv4-works;system-ipv4-capable;system-ipv4-rfc1918;system-ipv4-stable-30d;system-ipv4-stable-90d;system-ipv4-stable-1d
node_01189,system-v3;system-resolves-a-correctly;system-resolves-aaaa-correctly;system-ipv4-works;system-ipv6-works;system-ipv4-capable;system-ipv6-capable;system-ipv4-rfc1918;system-ipv6-stable-30d;system-ipv6-stable-1d;system-ipv4-stable-30d;system-ipv4-stable-1d
node_01190,fibre;ipv4;ipv6;multihomed;system-v3;system-resolves-a-correctly;system-resolves-aaaa-correctly;system-ipv4-works;system-ipv4-capable;system-ipv4-rfc1918;system-ipv4-stable-30d;system-ipv4-stable-90d;system-ipv4-stable-1d
node_01191,cable;home;nat;ipv4;system-v3;system-resolves-a-correctly;system-resolves-aaaa-correctly;system-ipv4-works;system-ipv4-capable;system-ipv4-rfc1918;system-ipv4-stable-30d;system-ipv4-stable-90d;system-ipv4-stable-1d
node_01192,system-v3;system-resolves-a-correctly;system-resolves-aaaa-correctly;system-ipv4-works;system-ipv4-capable;system-ipv4-stable-30d;system-ipv4-stable-90d;system-ipv4-stable-1d
node_01193,fibre;nat;ipv4;ftth;system-v3;system-resolves-a-correctly;system-resolves-aaaa-correctly;system-ipv4-works;system-ipv4-capable;system-ipv4-rfc1918;homelab;system-ipv4-stable-30d;system-ipv4-stable-1d
node_01194,fibre;home;nat;system-v3;system-resolver-mangles-case;system-ipv4-works;system-ipv4-capable;system-ipv4-rfc1918;system-ipv4-stable-30d;system-ipv4-stable-90d;system-ipv4-stable-1d
node_01195,fibre;home;nat;ipv4;system-v3;system-resolves-a-correctly;system-resolves-aaaa-correctly;system-ipv4-works;system-ipv4-capable;system-ipv4-rfc1918;no-ipv6;system-ipv4-stable-30d;system-ipv4-stable-90d;system-ipv4-stable-1d;pi-hole;raspberry-pi
node_01196,fibre;ixp;native-ipv6;nat64;ipv4;ipv6;multihomed;464xlat;isp;system-v3;system-resolves-a-correctly;system-resolves-aaaa-correctly;system-ipv4-works;system-ipv6-works;system-ipv4-capable;system-ipv6-capable;4g;system-ipv6-stable-30d;system-ipv6-stable-1d;system-ipv4-stable-30d;system-ipv4-stable-90d;system-ipv6-stable-90d;system-ipv4-stable-1d;5g
node_01197,fibre;home;nat;native-ipv6;dual-stack;ipv4;ipv6;system-v3;system-resolves-a-correctly;system-resolves-aaaa-correctly;system-ipv4-works;system-ipv6-works;native-ipv4;system-ipv4-capable;system-ipv6-capable;system-ipv4-rfc1918;system-ipv6-stable-30d;system-ipv6-stable-1d;system-ipv4-stable-30d;system-ipv4-stable-90d;system-ipv6-stable-90d;system-ipv4-stable-1d
node_01198,home;system-v3;system-resolves-a-correctly;system-resolves-aaaa-correctly;system-ipv4-works;system-ipv6-works;system-ipv4-capable;system-ipv6-capable;system-ipv4-rfc1918;system-ipv6-stable-1d;system-ipv4-stable-1d
node_01199,fibre;home;ipv4;system-v3;system-resolves-a-correctly;system-resolves-aaaa-correctly;system-ipv4-works;system-ipv6-works;system-ipv4-capable;system-ipv6-capable;system-ipv4-rfc1918;system-ipv6-stable-30d;system-ipv6-stable-1d;system-ipv4-stable-30d;system-ipv4-stable-90d;system-ipv6-stable-90d;system-ipv4-stable-1d
node_01200,system-v3;system-resolves-a-correctly;system-resolves-aaaa-correctly;system-ipv4-works;system-ipv4-capable;system-ipv4-rfc1918;system-ipv4-stable-30d;system-ipv4-stable-90d;system-ipv4-stable-1d
node_01201,fibre;home;nat;ipv4;system-v3;system-resolves-a-correctly;system-resolves-aaaa-correctly;system-ipv4-works;system-ipv4-capable;system-ipv4-rfc1918;system-ipv4-stable-30d;system-ipv4-stable-90d;system-ipv4-stable-1d
node_01202,fibre;home;system-v3;system-resolves-a-correctly;system-resolves-aaaa-correctly;system-ipv4-works;system-ipv6-works;system-ipv4-capable;system-ipv6-capable;system-ipv4-rfc1918;system-ipv6-stable-1d;system-ipv4-stable-30d;system-ipv4-stable-90d;system-ipv4-stable-1d
node_01203,home;vdsl;ipv4;system-v3;system-resolves-a-correctly;system-resolves-aaaa-correctly;system-ipv4-works;system-ipv4-capable;system-ipv4-rfc1918;system-ipv4-stable-30d;system-ipv4-stable-90d;system-ipv4-stable-1d
node_01204,mobile;home;nat;ipv4;system-v3;system-resolves-a-correctly;system-resolves-aaaa-correctly;system-ipv4-works;native-ipv4;system-ipv4-capable;system-ipv4-stable-30d;system-ipv4-stable-90d;system-ipv4-stable-1d
node_01205,system-v3;system-resolves-a-correctly;system-resolves-aaaa-correctly;system-ipv4-works;system-ipv4-capable;system-ipv4-rfc1918;system-ipv4-stable-30d;system-ipv4-stable-90d;system-ipv4-stable-1d
node_01206,cable;home;nat;native-ipv6;ipv4;ipv6;system-v3;system-resolves-a-correctly;system-resolves-aaaa-correctly;system-ipv4-works;system-ipv6-works;native-ipv4;system-ipv4-capable;system-ipv6-capable;system-ipv4-rfc1918;system-ipv6-stable-1d;system-ipv4-stable-30d;system-ipv4-stable-90d;system-ipv4-stable-1d
node_01207,dsl;home;no-nat;vdsl2;system-v3;system-resolves-a-correctly;system-resolves-aaaa-correctly;system-ipv4-works;system-ipv4-capable;system-ipv6-capable;system-ipv6-ula;system-ipv4-rfc1918;system-ipv4-stable-30d;system-ipv4-stable-90d;system-ipv4-stable-1d
node_01208,system-v3;system-resolves-a-correctly;system-resolves-aaaa-correctly;system-ipv4-works;system-ipv4-capable;system-ipv4-rfc1918;system-ipv4-stable-30d;system-ipv4-stable-1d
node_01209,cable;home;nat;ipv4;system-v3;system-resolves-a-correctly;system-resolves-aaaa-correctly;system-ipv4-works;system-ipv6-works;known-ipv6-issues;iwantbcp38compliancetesting;system-ipv4-capable;system-ipv6-capable;system-ipv4-rfc1918;system-ipv6-stable-30d;system-ipv6-stable-1d;system-ipv4-stable-30d;system-ipv4-stable-90d;system-ipv6-stable-90d;system-ipv4-stable-1d
node_01210,fibre;home;nat;ipv4;ftth;system-v3;system-resolves-a-correctly;system-resolves-aaaa-correctly;system-ipv4-works;system-ipv6-works;known-ipv6-issues;native-ipv4;system-ipv4-capable;system-ipv6-capable;system-ipv4-rfc1918;-3;system-ipv6-stable-30d;system-ipv6-stable-1d;system-ipv4-stable-30d;system-ipv4-stable-90d;system-ipv6-stable-90d;system-ipv4-stable-1d
node_01211,fibre;academic;no-nat;ipv4;system-v3;system-resolves-a-correctly;system-resolves-aaaa-correctly;system-ipv4-works;system-ipv4-capable;system-ipv4-stable-90d
node_01212,system-v3;system-resolves-a-correctly;system-resolves-aaaa-correctly;system-ipv4-works;system-ipv4-capable;system-ipv4-stable-30d;system-ipv4-stable-90d;system-ipv4-stable-1d
node_01213,fibre;nat;ipv4;system-v3;system-resolves-a-correctly;system-resolves-aaaa-correctly;system-ipv4-works;system-ipv4-capable;system-ipv4-rfc1918;system-ipv4-stable-1d
node_01214,system-v3;system-resolves-a-correctly;system-resolves-aaaa-correctly;system-ipv4-works;system-ipv6-works;system-ipv4-capable;system-ipv6-capable;system-ipv6-stable-30d;system-ipv6-stable-1d;system-ipv4-stable-30d;system-ipv4-stable-90d;system-ipv6-stable-90d;system-ipv4-stable-1d
node_01215,dsl;home;nat;vdsl;system-v3;system-resolves-a-correctly;system-resolves-aaaa-correctly;system-ipv4-works;system-ipv6-works;native-ipv4;system-ipv4-capable;system-ipv6-capable;system-ipv4-rfc1918;system-ipv6-stable-30d;system-ipv6-stable-1d;system-ipv4-stable-30d;system-ipv4-stable-90d;system-ipv6-stable-90d;system-ipv4-stable-1d
node_01216,dsl;home;nat;native-ipv6;dual-stack;vdsl;ipv4;ipv6;dtag;system-v3;system-resolves-a-correctly;system-resolves-aaaa-correctly;system-ipv4-works;system-ipv6-works;native-ipv4;system-ipv4-capable;system-ipv6-capable;system-ipv4-rfc1918;system-ipv6-stable-30d;system-ipv6-stable-1d;system-ipv4-stable-30d;system-ipv4-stable-90d;system-ipv6-stable-90d;system-ipv4-stable-1d
node_01217,fibre;office;nat;native-ipv6;dual-stack;ipv4;ipv6;ftth;system-v3;system-resolves-a-correctly;system-resolves-aaaa-correctly;system-ipv4-works;system-ipv6-works;native-ipv4;system-ipv4-capable;system-ipv6-capable;system-ipv4-rfc1918;probe-v3;system-ipv6-stable-30d;system-ipv6-stable-1d;system-ipv4-stable-30d;system-ipv4-stable-90d;system-ipv6-stable-90d;system-ipv4-stable-1d
node_01218,fibre;native-ipv6;ipv4;ipv6;isp;system-v3;system-resolves-a-correctly;system-resolves-aaaa-correctly;system-ipv4-works;system-ipv6-works;native-ipv4;system-ipv4-capable;system-ipv6-capable;system-ipv6-stable-30d;system-ipv6-stable-1d;system-ipv4-stable-30d;system-ipv4-stable-90d;system-ipv6-stable-90d;system-ipv4-stable-1d
node_01219,cable;home;nat;ipv4;system-v3;system-resolves-a-correctly;system-resolves-aaaa-correctly;system-ipv4-works;system-ipv6-works;native-ipv4;system-ipv4-capable;system-ipv6-capable;system-ipv4-rfc1918;system-ipv6-stable-30d;system-ipv6-stable-1d;system-ipv4-stable-30d;system-ipv4-stable-1d
node_01220,ipv4;vdsl2;system-v3;system-resolves-a-correctly;system-resolves-aaaa-correctly;system-ipv4-works;system-ipv6-works;system-ipv4-capable;system-ipv6-capable;system-ipv4-rfc1918;system-ipv6-stable-30d;system-ipv6-stable-1d;system-ipv4-stable-30d;system-ipv4-stable-90d;system-ipv6-stable-90d;system-ipv4-stable-1d
node_01221,fibre;home;nat;ipv4;ftth;system-v3;system-resolves-a-correctly;system-resolves-aaaa-correctly;system-ipv4-works;native-ipv4;system-ipv4-capable;system-ipv4-rfc1918;probe-v3;bell;system-ipv4-stable-30d;system-ipv4-stable-90d;system-ipv4-stable-1d
node_01222,nat;vdsl2;fttc;system-v3;system-resolves-a-correctly;system-resolves-aaaa-correctly;system-ipv4-works;system-ipv4-capable;system-ipv6-capable;system-ipv6-ula;system-ipv4-rfc1918;system-ipv4-stable-30d;system-ipv4-stable-90d;system-ipv4-stable-1d;pi-hole
node_01223,datacentre;nat;native-ipv6;dual-stack;system-v3;system-resolves-a-correctly;system-resolves-aaaa-correctly;system-ipv4-works;system-ipv4-capable;system-ipv4-rfc1918;system-ipv4-stable-30d;system-ipv4-stable-90d;system-ipv4-stable-1d
node_01224,cable;home;native-ipv6;ipv4;ipv6;ds-lite;vodafone;system-v3;system-resolves-a-correctly;system-resolves-aaaa-correctly;system-ipv4-works;system-ipv6-works;system-ipv4-capable;system-ipv6-capable;system-ipv4-rfc1918;docsis3;probe-v3;system-ipv6-stable-30d;system-ipv6-stable-1d;system-ipv4-stable-30d;system-ipv4-stable-90d;system-ipv6-stable-90d;system-ipv4-stable-1d
node_01225,fibre;home;nat;native-ipv6;dual-stack;ipv4;ipv6;orange;system-v3;system-resolves-a-correctly;system-resolves-aaaa-correctly;system-ipv4-works;system-ipv6-works;system-ipv4-capable;system-ipv6-capable;system-ipv4-rfc1918;system-ipv6-stable-30d;system-ipv6-stable-1d;system-ipv4-stable-30d;system-ipv4-stable-90d;system-ipv6-stable-90d;system-ipv4-stable-1d
node_01226,system-v3;system-resolves-a-correctly;system-resolves-aaaa-correctly;system-ipv4-works;system-ipv6-works;system-ipv4-capable;system-ipv6-capable;system-ipv4-rfc1918;system-ipv6-stable-1d;system-ipv4-stable-1d
node_01227,system-v3;system-resolves-a-correctly;system-resolves-aaaa-correctly;system-ipv4-works;system-ipv4-capable;system-ipv4-stable-30d;system-ipv4-stable-90d;system-ipv4-stable-1d;epix;inet;misot
node_01228,fibre;nat;ipv4;system-v3;system-resolves-a-correctly;system-resolves-aaaa-correctly;system-ipv4-works;system-ipv4-capable;system-ipv6-capable;system-ipv6-ula;system-ipv4-rfc1918;system-ipv4-stable-1d
node_01229,system-v3;system-resolves-a-correctly;system-resolves-aaaa-correctly;system-ipv4-works;system-ipv6-works;system-ipv4-capable;system-ipv6-capable;system-ipv4-rfc1918;system-ipv6-stable-30d;system-ipv6-stable-1d;system-ipv4-stable-30d;system-ipv4-stable-90d;system-ipv6-stable-90d;system-ipv4-stable-1d
node_01230,system-v3;system-resolves-a-correctly;system-resolves-aaaa-correctly;system-ipv4-works;system-ipv4-capable;system-ipv4-stable-30d;system-ipv4-stable-90d;system-ipv4-stable-1d
node_01231,system-v3;system-resolves-a-correctly;system-resolves-aaaa-correctly;system-ipv4-works;system-ipv4-capable;system-ipv4-stable-30d;system-ipv4-stable-90d;system-ipv4-stable-1d
node_01232,system-v3;system-resolves-a-correctly;system-resolves-aaaa-correctly;system-ipv4-works;system-ipv4-capable;system-ipv4-rfc1918;system-ipv4-stable-30d;system-ipv4-stable-90d;system-ipv4-stable-1d
node_01233,system-v3;system-resolves-a-correctly;system-resolves-aaaa-correctly;system-ipv4-works;system-ipv6-works;system-ipv4-capable;system-ipv6-capable;system-ipv4-rfc1918;system-ipv6-stable-30d;system-ipv6-stable-1d;system-ipv4-stable-30d;system-ipv4-stable-90d;system-ipv6-stable-90d;system-ipv4-stable-1d
node_01234,mobile;home;nat;dual-stack;system-v3;system-ipv4-works;system-ipv6-works;system-ipv4-capable;system-ipv6-capable;system-ipv4-rfc1918;system-ipv6-stable-30d;system-ipv6-stable-1d;system-ipv4-stable-30d;system-ipv4-stable-90d;system-ipv6-stable-90d;system-ipv4-stable-1d
node_01235,cable;home;nat;ipv4;system-v3;system-resolves-a-correctly;system-resolves-aaaa-correctly;system-ipv4-works;system-ipv4-capable;system-ipv4-rfc1918;homelab;system-ipv4-stable-30d;system-ipv4-stable-90d;system-ipv4-stable-1d
node_01236,dsl;home;nat;native-ipv6;dual-stack;vdsl;system-v3;system-resolves-a-correctly;system-resolves-aaaa-correctly;system-ipv4-works;system-ipv6-works;system-ipv4-capable;system-ipv6-capable;system-ipv4-rfc1918;system-ipv6-stable-30d;system-ipv6-stable-1d;system-ipv4-stable-30d;system-ipv4-stable-90d;system-ipv6-stable-90d;system-ipv4-stable-1d
node_01237,fibre;ipv4;ipv6;system-v3;system-resolves-a-correctly;system-resolves-aaaa-correctly;system-ipv4-works;system-ipv4-capable;system-ipv4-rfc1918;system-ipv4-stable-30d;system-ipv4-stable-90d;system-ipv4-stable-1d
node_01238,fibre;nat;ipv6-tunnel;system-v3;system-resolves-a-correctly;system-resolves-aaaa-correctly;system-ipv4-works;system-ipv6-works;gpon;system-ipv4-capable;system-ipv6-capable;system-ipv4-rfc1918;system-ipv6-stable-30d;system-ipv6-stable-1d;system-ipv4-stable-30d;system-ipv4-stable-90d;system-ipv6-stable-90d;system-ipv4-stable-1d
node_01239,system-v3;system-resolves-a-correctly;system-resolves-aaaa-correctly;system-ipv4-works;system-ipv6-works;system-ipv4-capable;system-ipv6-capable;system-ipv4-rfc1918;system-ipv6-stable-30d;system-ipv6-stable-1d;system-ipv4-stable-30d;system-ipv4-stable-90d;system-ipv6-stable-90d;system-ipv4-stable-1d
node_01240,dsl;nat;native-ipv6;nat64;ipv4;ipv6;dtag;isp;system-v3;system-resolves-a-correctly;system-resolves-aaaa-correctly;system-ipv4-works;system-ipv6-works;iwantbcp38compliancetesting;system-ipv4-capable;system-ipv6-capable;system-ipv6-stable-30d;system-ipv6-stable-1d;system-ipv4-stable-30d;system-ipv4-stable-90d;system-ipv6-stable-90d;system-ipv4-stable-1d
node_01241,home;system-v3;system-resolves-a-correctly;system-resolves-aaaa-correctly;system-ipv4-works;system-ipv4-capable;system-ipv4-rfc1918;system-ipv4-stable-30d;system-ipv4-stable-90d;system-ipv4-stable-1d;t-mobile;5g
node_01242,cable;system-v3;system-resolves-a-correctly;system-resolves-aaaa-correctly;system-ipv4-works;system-ipv6-works;system-ipv4-capable;system-ipv6-capable;system-ipv4-rfc1918;system-ipv6-stable-30d;system-ipv6-stable-1d;system-ipv4-stable-30d;system-ipv4-stable-90d;system-ipv6-stable-90d;system-ipv4-stable-1d
node_01243,ziggo;system-v3;system-resolves-a-correctly;system-resolves-aaaa-correctly;system-ipv4-works;system-ipv4-capable;system-ipv6-capable;system-ipv6-ula;system-ipv4-rfc1918;system-ipv4-stable-90d;system-ipv4-stable-1d
node_01244,fibre;home;dual-stack;system-v3;system-resolves-a-correctly;system-resolves-aaaa-correctly;system-ipv4-works;system-ipv6-works;system-ipv4-capable;system-ipv6-capable;system-ipv4-rfc1918;system-ipv6-stable-30d;system-ipv6-stable-1d;system-ipv4-stable-30d;system-ipv4-stable-90d;system-ipv6-stable-90d;system-ipv4-stable-1d
node_01245,fibre;home;nat;ipv6-tunnel;system-v3;system-resolves-a-correctly;system-resolves-aaaa-correctly;system-ipv4-works;system-ipv6-works;system-ipv4-capable;system-ipv6-capable;system-ipv4-rfc1918;probe-v3;system-ipv6-stable-30d;system-ipv6-stable-1d;system-ipv4-stable-30d;system-ipv4-stable-90d;system-ipv6-stable-90d;system-ipv4-stable-1d
node_01246,fibre;home;system-v3;system-resolves-a-correctly;system-resolves-aaaa-correctly;system-ipv4-works;system-ipv6-works;system-ipv4-capable;system-ipv6-capable;system-ipv4-rfc1918;system-ipv6-stable-30d;system-ipv6-stable-1d;system-ipv4-stable-30d;system-ipv4-stable-90d;system-ipv6-stable-90d;system-ipv4-stable-1d
node_01247,system-v3;system-resolves-a-correctly;system-resolves-aaaa-correctly;system-ipv4-works;system-ipv4-capable;system-ipv4-stable-30d;system-ipv4-stable-90d;system-ipv4-stable-1d
node_01248,system-resolves-a-correctly;system-resolves-aaaa-correctly;system-ipv4-works;system-ipv6-works;system-ipv4-capable;system-ipv6-capable;system-ipv6-stable-30d;system-ipv6-stable-1d;system-ipv4-stable-30d;system-ipv4-stable-90d;system-ipv6-stable-90d;system-ipv4-stable-1d;system-v4
node_01249,fibre;ipv4;ipv6;system-resolves-a-correctly;system-resolves-aaaa-correctly;system-ipv4-works;system-ipv6-works;system-ipv4-capable;system-ipv6-capable;system-ipv4-rfc1918;system-ipv6-stable-30d;system-ipv6-stable-1d;system-ipv4-stable-30d;system-ipv4-stable-90d;system-ipv6-stable-90d;system-ipv4-stable-1d;system-v4
node_01250,cable;home;nat;comcast;multihomed;system-resolves-a-correctly;system-resolves-aaaa-correctly;system-ipv4-works;lte;system-ipv4-capable;system-ipv4-rfc1918;4g;homelab;att;system-ipv4-stable-30d;system-ipv4-stable-90d;system-ipv4-stable-1d;t-mobile;5g;docsis-31;system-v4;xfinity
node_01251,fibre;home;ipv4;ipv6;ftth;orange;system-resolves-a-correctly;system-resolves-aaaa-correctly;system-ipv4-works;system-ipv6-works;system-ipv4-capable;system-ipv6-capable;system-ipv4-rfc1918;system-ipv6-stable-30d;system-ipv4-stable-30d;system-ipv4-stable-90d;system-ipv6-stable-90d;system-v4;la-reunion
node_01252,system-resolves-a-correctly;system-resolves-aaaa-correctly;system-ipv4-works;system-ipv6-works;system-ipv4-capable;system-ipv6-capable;system-ipv4-rfc1918;system-ipv6-stable-30d;system-ipv6-stable-1d;system-ipv4-stable-30d;system-ipv4-stable-90d;system-ipv6-stable-90d;system-ipv4-stable-1d;system-v4
node_01253,system-resolves-a-correctly;system-resolves-aaaa-correctly;system-ipv4-works;system-ipv6-works;system-ipv4-capable;system-ipv6-capable;system-ipv4-rfc1918;system-ipv6-stable-30d;system-ipv6-stable-1d;system-ipv4-stable-30d;system-ipv4-stable-90d;system-ipv6-stable-90d;system-ipv4-stable-1d;system-v4
node_01254,system-resolves-a-correctly;system-resolves-aaaa-correctly;system-ipv4-works;system-ipv6-works;system-ipv4-capable;system-ipv6-capable;system-ipv4-rfc1918;system-ipv6-stable-1d;system-ipv4-stable-1d;system-v4
node_01255,fibre;home;ftth;free;system-resolves-a-correctly;system-resolves-aaaa-correctly;system-ipv4-works;system-ipv6-works;system-ipv4-capable;system-ipv6-capable;system-ipv4-rfc1918;system-ipv6-stable-30d;system-ipv6-stable-1d;system-ipv4-stable-30d;system-ipv4-stable-90d;system-ipv6-stable-90d;system-ipv4-stable-1d;system-v4
node_01256,system-resolves-a-correctly;system-resolves-aaaa-correctly;system-ipv4-works;system-ipv4-capable;system-ipv4-rfc1918;system-ipv4-stable-30d;system-ipv4-stable-90d;system-ipv4-stable-1d;system-v4
node_01257,dsl;vdsl;system-resolves-a-correctly;system-resolves-aaaa-correctly;system-ipv4-works;system-ipv4-capable;system-ipv6-capable;system-ipv6-ula;system-ipv4-rfc1918;system-ipv4-stable-30d;system-ipv4-stable-90d;system-ipv4-stable-1d;system-v4
node_01258,fibre;system-resolves-a-correctly;system-resolves-aaaa-correctly;system-ipv4-works;system-ipv4-capable;system-ipv4-rfc1918;system-ipv4-stable-30d;system-ipv4-stable-90d;system-ipv4-stable-1d;system-v4
node_01259,fibre;home;nat;native-ipv6;dual-stack;ipv4;ipv6;system-resolves-a-correctly;system-resolves-aaaa-correctly;system-ipv4-works;system-ipv6-works;native-ipv4;system-ipv4-capable;system-ipv6-capable;system-ipv4-rfc1918;system-ipv6-stable-30d;system-ipv6-stable-1d;system-ipv4-stable-30d;system-ipv4-stable-90d;system-ipv6-stable-90d;system-ipv4-stable-1d;system-v4
node_01260,fibre;home;nat;ipv4;netgear;system-resolves-a-correctly;system-resolves-aaaa-correctly;system-ipv4-works;system-ipv4-capable;system-ipv6-capable;system-ipv6-ula;system-ipv4-rfc1918;wi-fi;system-ipv4-stable-30d;system-ipv4-stable-90d;system-ipv4-stable-1d;system-v4;telenor
node_01261,system-resolves-a-correctly;system-resolves-aaaa-correctly;system-ipv4-works;system-ipv4-capable;system-ipv4-stable-30d;system-ipv4-stable-90d;system-ipv4-stable-1d;system-v4
node_01262,vdsl;system-resolves-a-correctly;system-resolves-aaaa-correctly;system-ipv4-works;system-ipv4-capable;system-ipv6-capable;system-ipv6-ula;system-ipv4-rfc1918;system-ipv4-stable-30d;system-ipv4-stable-90d;system-ipv4-stable-1d;system-firewall-problem-suspected;system-v4
node_01263,fibre;home;nat;ipv4;ftth;system-resolves-a-correctly;system-resolves-aaaa-correctly;system-ipv4-works;system-ipv4-capable;system-ipv4-rfc1918;no-ipv6;system-ipv4-stable-30d;system-ipv4-stable-90d;system-ipv4-stable-1d;system-v4
node_01264,system-resolves-a-correctly;system-resolves-aaaa-correctly;system-ipv4-works;system-ipv6-works;system-ipv4-capable;system-ipv6-capable;system-ipv6-stable-30d;system-ipv6-stable-1d;system-ipv4-stable-30d;system-ipv4-stable-90d;system-ipv6-stable-90d;system-ipv4-stable-1d;system-firewall-problem-suspected;system-v4
node_01265,cable;home;comcast;system-resolves-a-correctly;system-resolves-aaaa-correctly;system-ipv4-works;system-ipv6-works;iwantbcp38compliancetesting;system-ipv4-capable;system-ipv6-capable;system-ipv4-rfc1918;system-ipv6-stable-30d;system-ipv6-stable-1d;system-ipv4-stable-30d;system-ipv4-stable-90d;system-ipv6-stable-90d;system-ipv4-stable-1d;system-v4
node_01266,fibre;home;nat;system-resolves-a-correctly;system-resolves-aaaa-correctly;system-ipv4-works;system-ipv6-works;gpon;system-ipv4-capable;system-ipv6-capable;system-ipv4-rfc1918;system-ipv6-stable-30d;system-ipv6-stable-1d;system-ipv4-stable-30d;system-ipv4-stable-90d;system-ipv6-stable-90d;system-ipv4-stable-1d;system-v4
node_01267,nat;native-ipv6;ipv4;ipv6;dtag;ftth;system-resolves-a-correctly;system-resolves-aaaa-correctly;system-ipv4-works;system-ipv6-works;telekom;gpon;system-ipv4-capable;system-ipv6-capable;system-ipv4-rfc1918;pppoe;system-ipv6-stable-1d;system-ipv4-stable-1d;system-v4
node_01268,system-resolves-a-correctly;system-resolves-aaaa-correctly;system-ipv4-works;system-ipv6-works;system-ipv4-capable;system-ipv6-capable;system-ipv4-rfc1918;system-ipv6-stable-30d;system-ipv6-stable-1d;system-ipv4-stable-30d;system-ipv4-stable-90d;system-ipv6-stable-90d;system-ipv4-stable-1d;system-v4
node_01269,dsl;office;nat;vdsl;ipv4;ipv6;system-resolves-a-correctly;system-resolves-aaaa-correctly;system-ipv4-works;system-ipv6-works;telekom;system-ipv4-capable;system-ipv6-capable;system-ipv4-rfc1918;system-ipv6-stable-30d;system-ipv6-stable-1d;system-ipv4-stable-30d;system-ipv4-stable-90d;system-ipv6-stable-90d;system-ipv4-stable-1d;system-v4
node_01270,cable;home;nat;system-resolves-a-correctly;system-resolves-aaaa-correctly;system-ipv4-works;system-ipv4-capable;system-ipv6-capable;system-ipv6-ula;system-ipv4-rfc1918;system-ipv4-stable-30d;system-ipv4-stable-90d;system-ipv4-stable-1d;system-v4
node_01271,system-resolves-a-correctly;system-resolves-aaaa-correctly;system-ipv4-works;system-ipv6-works;system-ipv4-capable;system-ipv6-capable;system-ipv4-rfc1918;system-ipv6-stable-30d;system-ipv6-stable-1d;system-ipv4-stable-30d;system-ipv4-stable-90d;system-ipv6-stable-90d;system-ipv4-stable-1d;system-v4
node_01272,fibre;home;nat;ipv4;system-resolves-a-correctly;system-resolves-aaaa-correctly;system-ipv4-works;system-ipv4-capable;system-ipv4-rfc1918;telia;homelab;system-ipv4-stable-30d;system-ipv4-stable-90d;system-ipv4-stable-1d;system-v4
node_01273,nat;adsl;system-resolves-a-correctly;system-resolves-aaaa-correctly;system-ipv4-works;system-ipv6-works;system-ipv4-capable;system-ipv6-capable;system-ipv4-rfc1918;system-ipv6-stable-30d;system-ipv6-stable-1d;system-ipv4-stable-30d;system-ipv4-stable-90d;system-ipv6-stable-90d;system-ipv4-stable-1d;system-v4;widsl
node_01274,fibre;datacentre;no-nat;dual-stack;ipv4;ipv6;multihomed;system-resolves-a-correctly;system-resolves-aaaa-correctly;system-ipv4-works;system-ipv6-works;system-ipv4-capable;system-ipv6-capable;system-ipv6-stable-30d;system-ipv6-stable-1d;system-ipv4-stable-30d;system-ipv4-stable-90d;system-ipv6-stable-90d;system-ipv4-stable-1d;system-v4;unix-solutions
node_01275,cable;ds-lite;ziggo;upc;system-resolves-a-correctly;system-resolves-aaaa-correctly;system-ipv4-works;system-ipv6-works;iwantbcp38compliancetesting;system-ipv4-capable;system-ipv6-capable;system-ipv4-rfc1918;docsis3;system-ipv6-stable-30d;system-ipv6-stable-1d;system-ipv4-stable-30d;system-ipv4-stable-90d;system-ipv6-stable-90d;system-ipv4-stable-1d;system-v4
node_01276,system-resolves-a-correctly;system-resolves-aaaa-correctly;system-ipv4-works;system-ipv6-works;system-ipv4-capable;system-ipv6-capable;system-ipv4-rfc1918;system-ipv6-stable-30d;system-ipv6-stable-1d;system-ipv4-stable-30d;system-ipv4-stable-90d;system-ipv6-stable-90d;system-ipv4-stable-1d;system-v4
node_01277,system-resolves-a-correctly;system-resolves-aaaa-correctly;system-ipv4-works;system-ipv6-doesnt-work;system-ipv4-capable;system-ipv6-capable;system-ipv4-rfc1918;system-ipv6-stable-1d;system-ipv4-stable-1d;system-firewall-problem-suspected;system-v4
node_01278,cable;home;nat;twc;system-resolves-a-correctly;system-resolves-aaaa-correctly;system-ipv4-works;iwantbcp38compliancetesting;system-ipv4-capable;system-ipv4-rfc1918;system-ipv4-stable-30d;system-ipv4-stable-90d;system-ipv4-stable-1d;system-v4
node_01279,fibre;home;nat;native-ipv6;ipv4;ipv6;ftth;free;system-resolves-a-correctly;system-resolves-aaaa-correctly;system-ipv4-works;system-ipv6-works;system-ipv4-capable;system-ipv6-capable;system-ipv4-rfc1918;system-ipv6-stable-30d;system-ipv6-stable-1d;system-ipv4-stable-30d;system-ipv4-stable-90d;system-ipv6-stable-90d;system-ipv4-stable-1d;system-v4
node_01280,system-resolves-a-correctly;system-resolves-aaaa-correctly;system-ipv4-works;system-ipv4-capable;system-ipv4-rfc1918;system-ipv4-stable-1d;system-v4
node_01281,system-resolves-a-correctly;system-resolves-aaaa-correctly;system-ipv4-works;system-ipv6-works;system-ipv4-capable;system-ipv6-capable;system-ipv6-stable-30d;system-ipv6-stable-1d;system-ipv4-stable-30d;system-ipv4-stable-90d;system-ipv6-stable-90d;system-ipv4-stable-1d;system-v4
node_01282,system-resolves-a-correctly;system-resolves-aaaa-correctly;system-ipv4-works;system-ipv6-works;system-ipv4-capable;system-ipv6-capable;system-ipv4-rfc1918;system-ipv6-stable-30d;system-ipv6-stable-1d;system-ipv4-stable-30d;system-ipv4-stable-90d;system-ipv4-stable-1d;system-v4
node_01283,system-resolves-a-correctly;system-resolves-aaaa-correctly;system-ipv4-works;system-ipv4-capable;system-ipv4-rfc1918;system-ipv4-stable-30d;system-ipv4-stable-90d;system-ipv4-stable-1d;system-v4
node_01284,fibre;datacentre;academic;nat;system-resolves-a-correctly;system-resolves-aaaa-correctly;system-ipv4-works;system-ipv4-capable;system-ipv4-rfc1918;system-ipv4-stable-30d;system-ipv4-stable-90d;system-ipv4-stable-1d;system-v4;renater
node_01285,system-resolves-a-correctly;system-resolves-aaaa-correctly;system-ipv4-works;system-ipv4-capable;system-ipv4-rfc1918;system-ipv4-stable-30d;system-ipv4-stable-90d;system-ipv4-stable-1d;system-v4
node_01286,mobile;home;ipv4;wireless-isp;system-resolves-a-correctly;system-resolves-aaaa-correctly;system-ipv4-works;system-ipv4-capable;system-ipv4-rfc1918;system-ipv4-stable-30d;system-ipv4-stable-90d;system-ipv4-stable-1d;system-v4
node_01287,system-resolves-a-correctly;system-resolves-aaaa-correctly;system-ipv4-works;system-ipv4-capable;system-ipv4-rfc1918;system-ipv4-stable-30d;system-ipv4-stable-90d;system-ipv4-stable-1d;system-v4
node_01288,fibre;home;nat;ipv6-tunnel;ipv4;ipv6;6to4;ftth;free;fastweb;system-resolves-a-correctly;system-resolves-aaaa-correctly;system-ipv4-works;system-ipv6-works;gpon;native-ipv4;system-ipv4-capable;system-ipv6-capable;system-ipv4-rfc1918;system-ipv6-stable-30d;system-ipv6-stable-1d;system-ipv4-stable-30d;system-ipv4-stable-90d;system-ipv6-stable-90d;system-ipv4-stable-1d;system-v4
node_01289,home;ipv4;vdsl2;fttc;system-resolves-a-correctly;system-resolves-aaaa-correctly;system-ipv4-works;system-ipv4-capable;system-ipv6-capable;system-ipv6-ula;system-ipv4-rfc1918;pppoe;no-ipv6;system-ipv4-stable-30d;system-ipv4-stable-90d;system-ipv4-stable-1d;system-v4;tim-2
node_01290,system-resolves-a-correctly;system-resolves-aaaa-correctly;system-ipv4-works;system-ipv6-works;system-ipv4-capable;system-ipv6-capable;system-ipv4-rfc1918;system-ipv6-stable-30d;system-ipv6-stable-1d;system-ipv4-stable-30d;system-ipv4-stable-90d;system-ipv6-stable-90d;system-ipv4-stable-1d;system-v4
node_01291,system-resolves-a-correctly;system-resolves-aaaa-correctly;system-ipv4-works;system-ipv6-works;system-ipv4-capable;system-ipv6-capable;system-ipv6-stable-30d;system-ipv6-stable-1d;system-ipv4-stable-30d;system-ipv4-stable-90d;system-ipv6-stable-90d;system-ipv4-stable-1d;system-v4
node_01292,fibre;system-resolves-a-correctly;system-resolves-aaaa-correctly;system-ipv4-works;system-ipv4-capable;system-ipv4-rfc1918;system-ipv4-stable-30d;system-ipv4-stable-90d;system-ipv4-stable-1d;system-v4
node_01293,dsl;home;vdsl;ipv4;system-resolves-a-correctly;system-resolves-aaaa-correctly;system-ipv4-works;system-ipv6-works;system-ipv4-capable;system-ipv6-capable;system-ipv4-rfc1918;system-ipv6-stable-30d;system-ipv6-stable-1d;system-ipv4-stable-30d;system-ipv4-stable-1d;system-v4
node_01294,fibre;native-ipv6;dual-stack;ipv6;ftth;system-resolves-a-correctly;system-resolves-aaaa-correctly;system-ipv4-works;system-ipv6-works;system-ipv4-capable;system-ipv6-capable;system-ipv4-rfc1918;system-ipv6-stable-30d;system-ipv6-stable-1d;system-ipv4-stable-30d;system-ipv4-stable-90d;system-ipv6-stable-90d;system-ipv4-stable-1d;system-v4
node_01295,system-resolves-a-correctly;system-resolves-aaaa-correctly;system-ipv4-works;system-ipv4-capable;system-ipv4-rfc1918;system-ipv4-stable-1d;system-v5
node_01296,fibre;home;nat;free;system-resolves-a-correctly;system-resolves-aaaa-correctly;system-ipv4-works;system-ipv6-works;system-ipv4-capable;system-ipv6-capable;system-ipv4-rfc1918;system-ipv6-stable-30d;system-ipv6-stable-1d;system-ipv4-stable-30d;system-ipv4-stable-90d;system-ipv6-stable-90d;system-ipv4-stable-1d;system-v5
node_01297,system-resolves-a-correctly;system-resolves-aaaa-correctly;system-ipv4-works;lte;system-ipv4-capable;system-ipv4-rfc1918;system-ipv4-stable-90d;system-ipv4-stable-1d;system-v5
node_01298,system-resolves-a-correctly;system-resolves-aaaa-correctly;system-ipv4-works;system-ipv6-works;system-ipv4-capable;system-ipv6-capable;system-ipv4-rfc1918;system-ipv6-stable-30d;system-ipv6-stable-1d;system-ipv4-stable-30d;system-ipv4-stable-90d;system-ipv6-stable-90d;system-ipv4-stable-1d;system-v5
node_01299,home;native-ipv6;dual-stack;ipv4;ipv6;system-resolves-a-correctly;system-resolves-aaaa-correctly;system-ipv4-works;system-ipv6-works;native-ipv4;system-ipv4-capable;system-ipv6-capable;system-ipv4-rfc1918;pppoe;system-ipv6-stable-30d;system-ipv6-stable-1d;system-ipv4-stable-30d;system-ipv4-stable-90d;system-ipv6-stable-90d;system-ipv4-stable-1d;fiber;system-v5;p2mp
node_01300,fibre;home;nat;ipv4;system-resolves-a-correctly;system-resolves-aaaa-correctly;system-ipv4-works;system-ipv4-capable;system-ipv4-rfc1918;ups;att;system-ipv4-stable-30d;system-ipv4-stable-90d;system-ipv4-stable-1d;system-v5
node_01301,ipv4;adsl;system-resolves-a-correctly;system-resolves-aaaa-correctly;system-ipv4-works;system-ipv4-capable;system-ipv4-rfc1918;system-ipv4-stable-30d;system-ipv4-stable-90d;system-ipv4-stable-1d;system-v5
node_01302,system-resolves-a-correctly;system-resolves-aaaa-correctly;system-ipv4-works;system-ipv4-capable;system-ipv4-rfc1918;system-ipv4-stable-30d;system-ipv4-stable-90d;system-ipv4-stable-1d;system-v5
node_01303,system-resolves-a-correctly;system-resolves-aaaa-correctly;system-ipv4-works;system-ipv4-capable;system-ipv6-capable;system-ipv6-ula;system-ipv4-rfc1918;system-ipv4-stable-30d;system-ipv4-stable-90d;system-ipv4-stable-1d;system-v5
node_01304,system-resolves-a-correctly;system-resolves-aaaa-correctly;system-ipv4-works;system-ipv4-capable;system-ipv4-rfc1918;system-ipv4-stable-30d;system-ipv4-stable-90d;system-ipv4-stable-1d;system-v5
node_01305,fibre;system-resolves-a-correctly;system-resolves-aaaa-correctly;system-ipv4-works;system-auto-geoip-city;system-ipv4-capable;system-ipv4-rfc1918;system-ipv4-stable-30d;system-ipv4-stable-90d;system-ipv4-stable-1d;system-v5
node_01306,ipv4;system-resolves-a-correctly;system-resolves-aaaa-correctly;system-ipv4-works;system-ipv4-capable;system-ipv4-stable-30d;system-ipv4-stable-90d;system-ipv4-stable-1d;system-v5
node_01307,system-resolves-a-correctly;system-resolves-aaaa-correctly;system-ipv4-works;system-auto-geoip-city;system-ipv4-capable;system-ipv4-rfc1918;system-ipv4-stable-30d;system-ipv4-stable-90d;system-ipv4-stable-1d;system-v5
node_01308,fibre;home;core;system-resolves-a-correctly;system-resolves-aaaa-correctly;system-ipv4-works;known-ipv6-issues;system-ipv4-capable;homelab;system-ipv4-stable-30d;system-ipv4-stable-90d;system-ipv4-stable-1d;system-v5
node_01309,mobile;system-resolves-a-correctly;system-resolves-aaaa-correctly;system-ipv4-works;lte;system-ipv4-capable;system-ipv4-rfc1918;4g;system-ipv4-stable-30d;system-ipv4-stable-90d;system-ipv4-stable-1d;system-v5
node_01310,dsl;home;nat;native-ipv6;dual-stack;vdsl;ipv6;vdsl2;orange;system-resolves-a-correctly;system-resolves-aaaa-correctly;system-ipv4-works;system-ipv6-works;native-ipv4;system-ipv4-capable;system-ipv6-capable;system-ipv4-rfc1918;system-ipv6-stable-30d;system-ipv6-stable-1d;system-ipv4-stable-30d;system-ipv4-stable-90d;system-ipv6-stable-90d;system-ipv4-stable-1d;system-v5
node_01311,system-resolves-a-correctly;system-resolves-aaaa-incorrectly;system-ipv4-works;system-ipv4-capable;system-ipv6-capable;system-ipv4-rfc1918;system-ipv4-stable-30d;system-ipv4-stable-90d;system-ipv4-stable-1d;system-v5
node_01312,nat;native-ipv6;ipv4;ipv6;ftth;system-resolves-a-correctly;system-resolves-aaaa-correctly;system-ipv4-works;system-ipv6-works;native-ipv4;system-ipv4-capable;system-ipv6-capable;system-ipv4-rfc1918;homelab;mikrotik;pppoe;system-ipv6-stable-30d;system-ipv6-stable-1d;system-ipv4-stable-30d;system-ipv4-stable-90d;system-ipv6-stable-90d;system-ipv4-stable-1d;unifi;system-v5
node_01313,system-resolves-a-correctly;system-resolves-aaaa-correctly;system-ipv4-works;system-ipv4-capable;system-ipv4-rfc1918;system-ipv4-stable-30d;system-ipv4-stable-90d;system-ipv4-stable-1d;system-v5
node_01314,system-resolves-a-correctly;system-resolves-aaaa-correctly;system-ipv4-works;system-ipv6-works;system-ipv4-capable;system-ipv6-capable;system-ipv4-rfc1918;system-ipv6-stable-30d;system-ipv6-stable-1d;system-ipv4-stable-30d;system-ipv4-stable-90d;system-ipv6-stable-90d;system-ipv4-stable-1d;system-v5
node_01315,system-resolves-a-correctly;system-resolves-aaaa-correctly;system-ipv4-works;system-ipv4-capable;system-ipv4-rfc1918;system-ipv4-stable-30d;system-ipv4-stable-90d;system-ipv4-stable-1d;system-v5
node_01316,office;system-resolves-a-correctly;system-resolves-aaaa-correctly;system-ipv4-works;system-ipv4-capable;system-ipv4-rfc1918;system-ipv4-stable-30d;system-ipv4-stable-90d;system-ipv4-stable-1d;system-v5
node_01317,fibre;datacentre;ixp;native-ipv6;dual-stack;ipv4;ipv6;system-resolves-a-correctly;system-resolves-aaaa-correctly;system-ipv4-works;system-ipv6-works;system-ipv4-capable;system-ipv6-capable;system-ipv6-stable-30d;system-ipv6-stable-1d;system-ipv4-stable-30d;system-ipv4-stable-90d;system-ipv6-stable-90d;system-ipv4-stable-1d;system-v5
node_01318,fibre;home;ipv4;ftth;system-resolves-a-correctly;system-resolves-aaaa-correctly;system-ipv4-works;system-ipv4-capable;system-ipv4-rfc1918;system-ipv4-stable-30d;system-ipv4-stable-90d;system-ipv4-stable-1d;system-v5
node_01319,system-resolves-a-correctly;system-resolves-aaaa-correctly;system-ipv4-works;system-ipv6-works;system-ipv4-capable;system-ipv6-capable;system-ipv4-rfc1918;system-ipv6-stable-30d;system-ipv6-stable-1d;system-ipv4-stable-30d;system-ipv4-stable-90d;system-ipv6-stable-90d;system-ipv4-stable-1d;system-v5
node_01320,system-resolves-a-correctly;system-resolves-aaaa-correctly;system-ipv4-works;system-ipv4-capable;system-ipv4-rfc1918;system-ipv4-stable-30d;system-ipv4-stable-90d;system-ipv4-stable-1d;system-v5
node_01321,fibre;home;nat;native-ipv6;dual-stack;ipv4;ipv6;ftth;system-resolves-a-correctly;system-resolves-aaaa-correctly;system-ipv4-works;system-ipv6-works;native-ipv4;system-ipv4-capable;system-ipv6-capable;system-ipv4-rfc1918;homelab;system-ipv6-stable-30d;system-ipv6-stable-1d;system-ipv4-stable-30d;system-ipv4-stable-90d;system-ipv6-stable-90d;system-ipv4-stable-1d;system-v5
node_01322,system-resolves-a-correctly;system-resolves-aaaa-correctly;system-ipv4-works;system-ipv4-capable;system-ipv4-rfc1918;system-ipv4-stable-30d;system-ipv4-stable-90d;system-ipv4-stable-1d;system-v5
node_01323,fibre;home;ipv4;system-resolves-a-correctly;system-resolves-aaaa-correctly;system-ipv4-works;system-ipv6-works;native-ipv4;system-ipv4-capable;system-ipv6-capable;system-ipv4-rfc1918;homelab;no-ipv6;system-ipv6-stable-30d;system-ipv6-stable-1d;system-ipv4-stable-30d;system-ipv4-stable-90d;system-ipv6-stable-90d;system-ipv4-stable-1d;system-v5
node_01324,system-resolves-a-correctly;system-resolves-aaaa-correctly;system-ipv4-works;system-auto-geoip-city;system-ipv4-capable;system-ipv4-rfc1918;system-ipv4-stable-30d;system-ipv4-stable-1d;system-v5
node_01325,cable;home;nat;native-ipv6;dual-stack;ipv4;ipv6;multihomed;system-resolves-a-correctly;system-resolves-aaaa-correctly;system-ipv4-works;system-ipv6-doesnt-work;native-ipv4;system-ipv4-capable;system-ipv6-capable;system-ipv4-rfc1918;docsis-31;system-v5
node_01326,system-resolves-a-correctly;system-resolves-aaaa-correctly;system-ipv4-works;system-ipv4-capable;system-ipv4-stable-30d;system-ipv4-stable-90d;system-ipv4-stable-1d;system-v5
node_01327,fibre;home;dual-stack;ipv4;ipv6;system-resolves-a-correctly;system-resolves-aaaa-correctly;system-ipv4-works;system-ipv4-capable;system-ipv4-rfc1918;system-ipv4-stable-30d;system-ipv4-stable-90d;system-ipv4-stable-1d;system-v5;kansal
node_01328,fibre;home;nat;native-ipv6;ipv4;ipv6;ftth;system-resolves-a-correctly;system-resolves-aaaa-correctly;system-ipv4-works;gpon;system-ipv4-capable;system-ipv4-rfc1918;system-ipv4-stable-30d;system-ipv4-stable-90d;system-ipv4-stable-1d;system-v5
node_01329,cable;no-nat;native-ipv6;dual-stack;ipv4;ipv6;hackerspace;system-resolves-a-correctly;system-resolves-aaaa-correctly;system-ipv4-works;system-ipv6-works;native-ipv4;iwantbcp38compliancetesting;system-ipv4-capable;system-ipv6-capable;docsis3;system-ipv6-stable-30d;system-ipv6-stable-1d;system-ipv4-stable-30d;system-ipv4-stable-90d;system-ipv6-stable-90d;system-ipv4-stable-1d;system-v5
node_01330,system-resolves-a-correctly;system-resolves-aaaa-correctly;system-ipv4-works;system-ipv4-capable;system-ipv4-rfc1918;system-ipv4-stable-30d;system-ipv4-stable-90d;system-ipv4-stable-1d;system-v5
node_01331,fibre;home;no-nat;native-ipv6;dual-stack;ipv4;ipv6;ftth;system-resolves-a-correctly;system-resolves-aaaa-correctly;system-ipv4-works;system-ipv6-works;native-ipv4;system-ipv4-capable;system-ipv6-capable;system-ipv6-stable-30d;system-ipv6-stable-1d;system-ipv4-stable-30d;system-ipv4-stable-90d;system-ipv6-stable-90d;system-ipv4-stable-1d;system-v5
node_01332,system-resolves-a-correctly;system-resolves-aaaa-correctly;system-ipv4-works;system-ipv6-works;system-ipv4-capable;system-ipv6-capable;system-ipv4-rfc1918;system-ipv6-stable-30d;system-ipv6-stable-1d;system-ipv4-stable-30d;system-ipv4-stable-90d;system-ipv6-stable-90d;system-ipv4-stable-1d;system-v5
node_01333,mobile;native-ipv6;ipv6;464xlat;system-resolves-a-correctly;system-resolves-aaaa-correctly;system-ipv4-works;system-ipv6-works;system-ipv4-capable;system-ipv6-capable;system-ipv4-rfc1918;system-ipv6-stable-30d;system-ipv6-stable-1d;system-ipv4-stable-30d;system-ipv4-stable-90d;system-ipv6-stable-90d;system-ipv4-stable-1d;t-mobile;system-v5
node_01334,ftth;system-resolves-a-correctly;system-resolves-aaaa-correctly;system-ipv4-works;system-ipv6-works;system-ipv4-capable;system-ipv6-capable;system-ipv4-rfc1918;homelab;system-ipv6-stable-30d;system-ipv6-stable-1d;system-ipv4-stable-30d;system-ipv4-stable-90d;system-ipv6-stable-90d;system-ipv4-stable-1d;system-v5
node_01335,system-resolves-a-correctly;system-resolves-aaaa-correctly;system-ipv4-works;system-ipv4-capable;system-ipv4-rfc1918;system-ipv4-stable-30d;system-ipv4-stable-90d;system-ipv4-stable-1d;system-v5
node_01336,fibre;home;system-resolves-a-correctly;system-resolves-aaaa-correctly;system-ipv4-works;system-ipv4-capable;system-ipv4-rfc1918;system-ipv4-stable-30d;system-ipv4-stable-90d;system-ipv4-stable-1d;system-v5
node_01337,system-resolves-a-correctly;system-resolves-aaaa-correctly;system-ipv4-works;system-ipv6-works;system-ipv4-capable;system-ipv6-capable;system-ipv4-rfc1918;system-ipv6-stable-30d;system-ipv6-stable-1d;system-ipv4-stable-30d;system-ipv4-stable-90d;system-ipv6-stable-90d;system-ipv4-stable-1d;system-v5
node_01338,vdsl2;system-resolver-mangles-case;system-ipv4-works;system-auto-geoip-city;system-ipv4-capable;system-ipv4-rfc1918;system-ipv4-stable-1d;system-v5
node_01339,fibre;home;nat;ipv4;system-resolves-a-correctly;system-resolves-aaaa-correctly;system-ipv4-works;native-ipv4;system-ipv4-capable;system-ipv4-rfc1918;no-ipv6;system-ipv4-stable-30d;system-ipv4-stable-90d;system-ipv4-stable-1d;system-v5
node_01340,system-resolves-a-correctly;system-resolves-aaaa-correctly;system-ipv4-works;system-ipv4-capable;system-ipv4-rfc1918;system-ipv4-stable-30d;system-ipv4-stable-90d;system-ipv4-stable-1d;system-v5
node_01341,system-resolves-a-correctly;system-resolves-aaaa-incorrectly;system-ipv4-works;system-ipv4-capable;system-ipv4-rfc1918;system-ipv4-stable-30d;system-ipv4-stable-90d;system-ipv4-stable-1d;system-v5
node_01342,cable;home;ipv4;ipv6;vodafone;system-resolves-a-correctly;system-resolves-aaaa-correctly;system-ipv4-works;system-ipv6-works;system-ipv4-capable;system-ipv6-capable;system-ipv4-rfc1918;system-ipv6-stable-30d;system-ipv6-stable-1d;system-ipv4-stable-30d;system-ipv4-stable-90d;system-ipv6-stable-90d;system-ipv4-stable-1d;docsis-31;system-v5;replacement-for-1001468
node_01343,system-resolves-a-correctly;system-resolves-aaaa-correctly;system-ipv4-works;system-ipv6-works;system-ipv4-capable;system-ipv6-capable;system-ipv4-rfc1918;system-ipv6-stable-1d;system-ipv4-stable-90d;system-ipv6-stable-90d;system-ipv4-stable-1d;system-v5
node_01344,system-resolves-a-correctly;system-resolves-aaaa-correctly;system-ipv4-works;system-auto-geoip-country;system-ipv4-capable;system-ipv4-stable-30d;system-ipv4-stable-90d;system-ipv4-stable-1d;system-v5
node_01345,system-resolves-a-correctly;system-resolves-aaaa-correctly;system-ipv4-works;system-ipv4-capable;system-ipv4-stable-30d;system-ipv4-stable-90d;system-ipv4-stable-1d;system-v5
node_01346,system-resolves-a-correctly;system-resolves-aaaa-correctly;system-ipv4-works;system-ipv6-works;system-ipv4-capable;system-ipv6-capable;system-ipv4-rfc1918;system-ipv6-stable-30d;system-ipv6-stable-1d;system-ipv4-stable-30d;system-ipv4-stable-90d;system-ipv6-stable-90d;system-ipv4-stable-1d;system-v5
node_01347,home;system-resolves-a-correctly;system-resolves-aaaa-correctly;system-ipv4-works;system-ipv4-capable;system-ipv4-rfc1918;czech-republic;system-ipv4-stable-30d;system-ipv4-stable-90d;system-ipv4-stable-1d;hyskov;system-v5
node_01348,system-resolves-a-correctly;system-resolves-aaaa-correctly;system-ipv4-works;system-ipv4-capable;system-ipv4-rfc1918;system-ipv4-stable-30d;system-ipv4-stable-90d;system-ipv4-stable-1d;system-v5
node_01349,system-resolves-a-correctly;system-resolves-aaaa-correctly;system-ipv4-works;system-ipv4-capable;system-ipv4-stable-30d;system-ipv4-stable-90d;system-ipv4-stable-1d;system-v5
node_01350,system-resolves-a-correctly;system-resolves-aaaa-correctly;system-ipv4-works;system-ipv4-capable;system-ipv4-rfc1918;system-ipv4-stable-30d;system-ipv4-stable-90d;system-ipv4-stable-1d;system-v5
node_01351,system-resolves-a-correctly;system-resolves-aaaa-correctly;system-ipv4-works;system-ipv4-capable;system-ipv4-rfc1918;system-ipv4-stable-30d;system-ipv4-stable-90d;system-ipv4-stable-1d;system-v5
node_01352,academic;system-resolves-a-correctly;system-resolves-aaaa-correctly;system-ipv4-works;system-ipv4-capable;system-ipv4-rfc1918;system-ipv4-stable-30d;system-ipv4-stable-90d;system-ipv4-stable-1d;system-v5;tunghai-university
node_01353,cable;office;nat;ipv4;free;system-resolves-a-correctly;system-resolves-aaaa-correctly;system-ipv4-works;system-ipv4-capable;system-ipv4-rfc1918;system-ipv4-stable-30d;system-ipv4-stable-90d;system-ipv4-stable-1d;system-v5
node_01354,system-resolves-a-correctly;system-resolves-aaaa-correctly;system-ipv4-works;system-ipv4-capable;system-ipv4-rfc1918;system-ipv4-stable-30d;system-ipv4-stable-90d;system-ipv4-stable-1d;system-v5
node_01355,fibre;office;nat;native-ipv6;ipv4;ipv6;system-resolves-a-correctly;system-resolves-aaaa-correctly;system-ipv4-works;system-ipv6-works;system-ipv4-capable;system-ipv6-capable;system-ipv4-rfc1918;system-ipv6-stable-30d;system-ipv6-stable-1d;system-ipv4-stable-30d;system-ipv4-stable-90d;system-ipv6-stable-90d;system-ipv4-stable-1d;system-v5
node_01356,system-resolves-a-correctly;system-resolves-aaaa-correctly;system-ipv4-works;system-ipv4-capable;system-ipv4-rfc1918;system-ipv4-stable-30d;system-ipv4-stable-90d;system-ipv4-stable-1d;system-v5
node_01357,system-resolves-a-correctly;system-resolves-aaaa-correctly;system-ipv4-works;system-ipv6-works;system-ipv4-capable;system-ipv6-capable;system-ipv6-stable-30d;system-ipv6-stable-1d;system-ipv4-stable-30d;system-ipv4-stable-90d;system-ipv6-stable-90d;system-ipv4-stable-1d;system-v5
node_01358,system-resolves-a-correctly;system-resolves-aaaa-correctly;system-ipv4-works;system-ipv4-capable;system-ipv4-rfc1918;system-ipv4-stable-30d;system-ipv4-stable-90d;system-ipv4-stable-1d;system-v5
node_01359,fibre;home;ipv4;system-resolves-a-correctly;system-resolves-aaaa-correctly;system-ipv4-works;gpon;native-ipv4;system-ipv4-capable;system-ipv4-rfc1918;telia;system-ipv4-stable-30d;system-ipv4-stable-90d;system-ipv4-stable-1d;system-v5
node_01360,system-resolves-a-correctly;system-resolves-aaaa-correctly;system-ipv4-works;system-ipv6-works;system-ipv4-capable;system-ipv6-capable;system-ipv4-rfc1918;system-ipv6-stable-30d;system-ipv6-stable-1d;system-ipv4-stable-30d;system-ipv4-stable-90d;system-ipv6-stable-90d;system-ipv4-stable-1d;system-v5
node_01361,ipv4;isp;system-resolves-a-correctly;system-resolves-aaaa-correctly;system-ipv4-works;system-ipv4-capable;system-ipv4-stable-30d;system-ipv4-stable-90d;system-ipv4-stable-1d;system-software
node_01362,cable;home;nat;native-ipv6;dual-stack;ipv4;ipv6;ds-lite;upc;system-resolves-a-correctly;system-resolves-aaaa-correctly;system-ipv4-works;system-ipv6-works;system-ipv4-capable;system-ipv6-capable;system-ipv4-rfc1918;system-ipv6-stable-30d;system-ipv6-stable-1d;system-ipv4-stable-30d;system-ipv4-stable-90d;system-ipv6-stable-90d;system-ipv4-stable-1d;system-software
node_01363,fibre;datacentre;system-resolves-a-correctly;system-resolves-aaaa-correctly;system-ipv4-works;system-ipv4-capable;system-ipv4-rfc1918;system-ipv4-stable-30d;system-ipv4-stable-90d;system-ipv4-stable-1d;system-software
node_01364,dsl;home;dual-stack;vdsl;ipv4;ipv6;vdsl2;dtag;system-doesnt-resolve-a;system-doesnt-resolve-aaaa;system-ipv4-works;system-ipv6-doesnt-work;system-ipv4-capable;system-ipv6-capable;system-ipv4-rfc1918;system-ipv6-stable-30d;system-ipv6-stable-1d;system-ipv4-stable-30d;system-ipv4-stable-90d;system-ipv6-stable-90d;system-ipv4-stable-1d;system-software;docker;raspberry-pi
node_01365,system-resolves-a-correctly;system-resolves-aaaa-correctly;system-ipv4-works;system-ipv4-capable;system-ipv4-rfc1918;system-ipv4-stable-30d;system-ipv4-stable-90d;system-ipv4-stable-1d;system-software
node_01366,fibre;home;native-ipv6;dual-stack;ipv4;ipv6;system-resolves-a-correctly;system-resolves-aaaa-correctly;system-ipv4-works;system-ipv6-works;system-ipv4-capable;system-ipv6-capable;system-ipv4-rfc1918;system-ipv6-stable-30d;system-ipv6-stable-1d;system-ipv4-stable-30d;system-ipv4-stable-90d;system-ipv6-stable-90d;system-ipv4-stable-1d;system-software
node_01367,fibre;home;nat;ipv6-tunnel;dual-stack;ipv4;ipv6;system-resolves-a-correctly;system-resolves-aaaa-correctly;system-ipv4-works;system-ipv6-works;native-ipv4;system-ipv4-capable;system-ipv6-capable;system-ipv4-rfc1918;homelab;system-ipv6-stable-30d;system-ipv6-stable-1d;system-ipv4-stable-30d;system-ipv4-stable-90d;system-ipv6-stable-90d;system-ipv4-stable-1d;spectrum;docsis-31;pi-hole;system-software
node_01368,datacentre;ipv4;system-resolves-a-correctly;system-resolves-aaaa-correctly;system-ipv4-works;system-ipv4-capable;system-ipv6-capable;system-ipv6-ula;system-ipv4-stable-30d;system-ipv4-stable-90d;system-ipv4-stable-1d;system-software
node_01369,home;nat;ftth;system-resolves-a-correctly;system-resolves-aaaa-correctly;system-ipv4-works;system-ipv4-capable;system-ipv4-rfc1918;ups;system-ipv4-stable-30d;system-ipv4-stable-90d;system-ipv4-stable-1d;system-software;raspberry-b
node_01370,datacentre;no-nat;native-ipv6;ipv4;ipv6;system-resolves-a-correctly;system-resolves-aaaa-correctly;system-ipv4-works;system-ipv6-works;native-ipv4;system-ipv4-capable;system-ipv6-capable;system-ipv6-stable-30d;system-ipv6-stable-1d;system-ipv4-stable-30d;system-ipv4-stable-90d;system-ipv6-stable-90d;system-ipv4-stable-1d;system-software
node_01371,fibre;home;dual-stack;ipv4;ipv6;system-resolves-a-correctly;system-resolves-aaaa-correctly;system-ipv4-works;system-ipv6-works;system-ipv4-capable;system-ipv6-capable;system-ipv4-rfc1918;homelab;system-ipv6-stable-30d;system-ipv6-stable-1d;system-ipv4-stable-30d;system-ipv4-stable-90d;system-ipv6-stable-90d;system-ipv4-stable-1d;system-software;raspberry-pi;gfast-7
node_01372,datacentre;no-nat;native-ipv6;ipv4;ipv6;isp;system-resolves-a-correctly;system-resolves-aaaa-correctly;system-ipv4-works;system-ipv6-works;native-ipv4;system-ipv4-capable;system-ipv6-capable;system-ipv6-stable-30d;system-ipv6-stable-1d;system-ipv4-stable-30d;system-ipv4-stable-90d;system-ipv6-stable-90d;system-ipv4-stable-1d;system-software
node_01373,datacentre;no-nat;dual-stack;ipv4;ipv6;he;dtag;multihomed;system-resolves-a-correctly;system-resolves-aaaa-correctly;system-ipv4-works;system-ipv6-works;system-ipv4-capable;system-ipv6-capable;system-ipv6-stable-30d;system-ipv6-stable-1d;system-ipv4-stable-30d;system-ipv4-stable-90d;system-ipv6-stable-90d;system-ipv4-stable-1d;system-software
node_01374,datacentre;ixp;system-resolves-a-correctly;system-resolves-aaaa-correctly;system-ipv4-works;system-ipv4-capable;system-ipv4-stable-30d;system-ipv4-stable-90d;system-ipv4-stable-1d;system-software
node_01375,ipv4;system-resolves-a-correctly;system-resolves-aaaa-correctly;system-ipv4-works;system-ipv4-capable;system-ipv4-rfc1918;system-ipv4-stable-30d;system-ipv4-stable-90d;system-ipv4-stable-1d;system-software
node_01376,system-resolves-a-correctly;system-resolves-aaaa-correctly;system-ipv4-works;system-ipv4-capable;system-ipv6-capable;system-ipv6-ula;system-ipv4-rfc1918;system-ipv4-stable-30d;system-ipv4-stable-90d;system-ipv4-stable-1d;system-software
node_01377,system-resolves-a-correctly;system-resolves-aaaa-correctly;system-ipv4-works;system-ipv6-works;system-ipv4-capable;system-ipv6-capable;system-ipv6-stable-30d;system-ipv6-stable-1d;system-ipv4-stable-30d;system-ipv4-stable-90d;system-ipv6-stable-90d;system-ipv4-stable-1d;system-software
node_01378,fibre;home;nat;native-ipv6;dual-stack;system-resolves-a-correctly;system-resolves-aaaa-correctly;system-ipv4-works;system-ipv6-works;system-ipv4-capable;system-ipv6-capable;system-ipv4-rfc1918;system-ipv6-stable-30d;system-ipv6-stable-1d;system-ipv4-stable-30d;system-ipv4-stable-90d;system-ipv6-stable-90d;system-ipv4-stable-1d;pi-hole;system-software;quad9
node_01379,ftth;system-resolves-a-correctly;system-resolves-aaaa-correctly;system-ipv4-works;system-ipv6-works;system-ipv4-capable;system-ipv6-capable;system-ipv4-rfc1918;system-ipv6-stable-30d;system-ipv6-stable-1d;system-ipv4-stable-30d;system-ipv4-stable-90d;system-ipv6-stable-90d;system-ipv4-stable-1d;system-software
node_01380,system-resolves-a-correctly;system-resolves-aaaa-correctly;system-ipv4-works;system-ipv4-capable;system-ipv4-rfc1918;system-ipv4-stable-30d;system-ipv4-stable-90d;system-ipv4-stable-1d;system-software
node_01381,system-resolves-a-correctly;system-resolves-aaaa-correctly;system-ipv4-works;system-ipv4-capable;system-ipv6-capable;system-ipv6-ula;system-ipv4-rfc1918;system-ipv4-stable-30d;system-ipv4-stable-90d;system-ipv4-stable-1d;system-software
node_01382,home;ipv4;wireless-isp;system-resolves-a-correctly;system-resolves-aaaa-correctly;system-ipv4-works;system-ipv4-capable;system-ipv6-capable;system-ipv4-rfc1918;system-ipv4-stable-30d;system-ipv4-stable-90d;system-ipv4-stable-1d;system-software;turris-omnia
node_01383,system-resolves-a-correctly;system-resolves-aaaa-correctly;system-ipv4-works;system-auto-geoip-city;system-ipv4-capable;system-ipv6-capable;system-ipv6-ula;system-ipv4-rfc1918;system-ipv4-stable-30d;system-ipv4-stable-90d;system-ipv4-stable-1d;system-software
node_01384,system-resolves-a-correctly;system-resolves-aaaa-correctly;system-ipv4-works;system-ipv4-capable;system-ipv4-rfc1918;system-ipv4-stable-30d;system-ipv4-stable-90d;system-ipv4-stable-1d;system-software
node_01385,system-resolves-a-correctly;system-resolves-aaaa-correctly;system-ipv4-works;system-ipv4-capable;system-ipv4-rfc1918;system-ipv4-stable-30d;system-ipv4-stable-90d;system-ipv4-stable-1d;system-software
node_01386,system-resolves-a-correctly;system-resolves-aaaa-correctly;system-ipv4-works;system-ipv4-capable;system-ipv4-rfc1918;system-ipv4-stable-30d;system-ipv4-stable-90d;system-ipv4-stable-1d;system-software
node_01387,system-resolves-a-correctly;system-resolves-aaaa-correctly;system-ipv4-works;system-ipv6-works;system-auto-geoip-city;system-ipv4-capable;system-ipv6-capable;system-ipv6-stable-30d;system-ipv6-stable-1d;system-ipv4-stable-30d;system-ipv4-stable-90d;system-ipv6-stable-90d;system-ipv4-stable-1d;system-software
node_01388,system-resolver-mangles-case;system-ipv4-works;system-auto-geoip-city;system-ipv4-capable;system-ipv4-rfc1918;system-ipv4-stable-30d;system-ipv4-stable-90d;system-ipv4-stable-1d;system-software
node_01389,dsl;office;vdsl;ipv4;vodafone;system-resolves-a-correctly;system-resolves-aaaa-correctly;system-ipv4-works;native-ipv4;system-ipv4-capable;system-ipv4-rfc1918;wi-fi;no-ipv6;system-ipv4-stable-1d;pi-hole;system-software;raspberry-pi
node_01390,system-resolver-mangles-case;system-ipv4-works;system-auto-geoip-city;system-ipv4-capable;system-ipv4-rfc1918;system-ipv4-stable-30d;system-ipv4-stable-90d;system-ipv4-stable-1d;system-software
node_01391,system-doesnt-resolve-a;system-doesnt-resolve-aaaa;system-ipv4-works;system-auto-geoip-city;system-ipv4-capable;system-ipv4-rfc1918;system-ipv4-stable-30d;system-ipv4-stable-90d;system-ipv4-stable-1d;system-software
node_01392,system-resolves-a-correctly;system-resolves-aaaa-correctly;system-ipv4-works;system-auto-geoip-city;system-ipv4-capable;system-ipv4-rfc1918;system-ipv4-stable-30d;system-ipv4-stable-90d;system-ipv4-stable-1d;system-software
node_01393,datacentre;no-nat;native-ipv6;dual-stack;ipv4;ipv6;system-resolves-a-correctly;system-resolves-aaaa-correctly;system-ipv4-works;system-ipv6-works;native-ipv4;iwantbcp38compliancetesting;system-ipv4-capable;system-ipv6-capable;system-ipv6-stable-30d;system-ipv6-stable-1d;system-ipv4-stable-30d;system-ipv4-stable-90d;system-ipv6-stable-90d;system-ipv4-stable-1d;system-software
node_01394,home;wireless-isp;system-resolves-a-correctly;system-resolves-aaaa-correctly;system-ipv4-works;system-ipv6-works;system-ipv4-capable;system-ipv6-capable;system-ipv6-stable-30d;system-ipv6-stable-1d;system-ipv4-stable-30d;system-ipv4-stable-90d;system-ipv6-stable-90d;system-ipv4-stable-1d;system-software
node_01395,fibre;datacentre;no-nat;native-ipv6;dual-stack;ipv4;ipv6;system-resolves-a-correctly;system-resolves-aaaa-correctly;system-ipv4-works;system-ipv6-works;system-auto-geoip-city;native-ipv4;system-ipv4-capable;system-ipv6-capable;system-ipv6-stable-1d;system-ipv4-stable-1d;system-software
node_01396,datacentre;native-ipv6;ipv6;multihomed;system-resolves-a-correctly;system-resolves-aaaa-correctly;system-ipv4-works;system-ipv6-works;native-ipv4;system-ipv4-capable;system-ipv6-capable;system-ipv6-stable-30d;system-ipv6-stable-1d;system-ipv4-stable-30d;system-ipv4-stable-90d;system-ipv6-stable-90d;system-ipv4-stable-1d;system-software
node_01397,fibre;nat;native-ipv6;ipv4;ipv6;ftth;system-resolves-a-correctly;system-resolves-aaaa-correctly;system-ipv4-works;system-ipv6-works;system-auto-geoip-city;system-ipv4-capable;system-ipv6-capable;system-ipv4-rfc1918;system-ipv6-stable-30d;system-ipv6-stable-1d;system-ipv4-stable-30d;system-ipv4-stable-90d;system-ipv6-stable-90d;system-ipv4-stable-1d;system-software
node_01398,system-resolves-a-correctly;system-resolves-aaaa-correctly;system-ipv4-works;system-ipv4-capable;system-ipv4-rfc1918;system-ipv4-stable-30d;system-ipv4-stable-90d;system-ipv4-stable-1d;system-software
node_01399,fibre;office;datacentre;ipv4;system-resolves-a-correctly;system-resolves-aaaa-correctly;system-ipv4-works;system-ipv4-capable;system-ipv4-rfc1918;system-ipv4-stable-30d;system-ipv4-stable-90d;system-ipv4-stable-1d;system-software;docker;glasfaser
node_01400,system-resolves-a-correctly;system-resolves-aaaa-correctly;system-ipv4-works;system-ipv6-works;system-ipv4-capable;system-ipv6-capable;system-ipv4-rfc1918;system-ipv6-stable-1d;system-ipv4-stable-1d;system-software
node_01401,mobile;system-resolves-a-correctly;system-resolves-aaaa-correctly;system-ipv4-works;system-ipv6-works;lte;system-ipv4-capable;system-ipv6-capable;system-ipv4-rfc1918;4g;system-ipv6-stable-30d;system-ipv6-stable-1d;system-ipv4-stable-30d;system-ipv4-stable-90d;system-ipv4-stable-1d;system-software
node_01402,system-resolves-a-correctly;system-resolves-aaaa-correctly;system-ipv4-works;system-ipv6-works;system-auto-geoip-city;system-ipv4-capable;system-ipv6-capable;system-ipv6-stable-30d;system-ipv6-stable-1d;system-ipv4-stable-30d;system-ipv4-stable-90d;system-ipv6-stable-90d;system-ipv4-stable-1d;system-software
node_01403,system-resolves-a-correctly;system-resolves-aaaa-correctly;system-ipv4-works;system-ipv6-works;system-ipv4-capable;system-ipv6-capable;system-ipv6-stable-30d;system-ipv6-stable-1d;system-ipv4-stable-30d;system-ipv4-stable-90d;system-ipv6-stable-90d;system-ipv4-stable-1d;system-software
node_01404,home;system-resolves-a-correctly;system-resolves-aaaa-correctly;system-ipv4-works;system-ipv4-capable;system-ipv4-rfc1918;wi-fi;system-ipv4-stable-30d;system-ipv4-stable-90d;system-ipv4-stable-1d;system-software
node_01405,datacentre;system-resolves-a-correctly;system-resolves-aaaa-correctly;system-ipv4-works;iwantbcp38compliancetesting;system-ipv4-capable;no-ipv6;system-ipv4-stable-30d;system-ipv4-stable-1d;system-software
node_01406,system-resolves-a-correctly;system-resolves-aaaa-correctly;system-ipv4-works;system-auto-geoip-country;system-ipv4-capable;system-ipv4-rfc1918;system-ipv4-stable-30d;system-ipv4-stable-90d;system-ipv4-stable-1d;system-software;geode
node_01407,fibre;home;nat;ipv4;ipv6;ftth;system-resolves-a-correctly;system-resolves-aaaa-correctly;system-ipv4-works;system-ipv6-works;gpon;system-ipv4-capable;system-ipv6-capable;system-ipv4-rfc1918;system-ipv6-stable-30d;system-ipv6-stable-1d;system-ipv4-stable-30d;system-ipv4-stable-90d;system-ipv6-stable-90d;system-ipv4-stable-1d;system-software;lxc-2;adguardhome;unbound
node_01408,system-resolves-a-correctly;system-resolves-aaaa-correctly;system-ipv4-works;system-auto-geoip-city;system-ipv4-capable;system-ipv6-capable;system-ipv6-ula;system-ipv4-stable-30d;system-ipv4-stable-90d;system-ipv4-stable-1d;system-software
node_01409,system-resolver-mangles-case;system-ipv4-works;system-ipv4-capable;system-ipv4-rfc1918;system-ipv4-stable-30d;system-ipv4-stable-90d;system-ipv4-stable-1d;system-software
node_01410,system-resolves-a-correctly;system-resolves-aaaa-correctly;system-ipv4-works;system-ipv6-works;system-ipv4-capable;system-ipv6-capable;system-ipv6-stable-30d;system-ipv6-stable-1d;system-ipv4-stable-30d;system-ipv4-stable-1d;system-software
node_01411,system-resolves-a-correctly;system-resolves-aaaa-correctly;system-ipv4-works;system-ipv6-works;system-ipv4-capable;system-ipv6-capable;system-ipv4-rfc1918;system-ipv6-stable-1d;system-ipv4-stable-1d;system-software;odroidxu42
node_01412,system-resolves-a-correctly;system-resolves-aaaa-correctly;system-ipv4-works;system-ipv6-works;system-auto-geoip-city;system-ipv4-capable;system-ipv6-capable;system-ipv6-stable-30d;system-ipv6-stable-1d;system-ipv4-stable-30d;system-ipv4-stable-90d;system-ipv6-stable-90d;system-ipv4-stable-1d;system-software
node_01413,system-resolves-a-correctly;system-resolves-aaaa-correctly;system-ipv4-works;system-ipv4-capable;system-ipv4-stable-30d;system-ipv4-stable-1d;system-software
node_01414,system-resolves-a-correctly;system-resolves-aaaa-correctly;system-ipv4-works;system-auto-geoip-city;system-ipv4-capable;system-ipv4-rfc1918;system-ipv4-stable-30d;system-ipv4-stable-90d;system-ipv4-stable-1d;system-software
node_01415,datacentre;no-nat;isp;system-resolves-a-correctly;system-resolves-aaaa-correctly;system-ipv4-works;system-ipv6-works;system-ipv4-capable;system-ipv6-capable;system-ipv6-stable-30d;system-ipv6-stable-1d;system-ipv4-stable-30d;system-ipv4-stable-90d;system-ipv6-stable-90d;system-ipv4-stable-1d;system-software
node_01416,ftth;system-resolves-a-correctly;system-resolves-aaaa-correctly;system-ipv4-works;system-ipv6-works;system-ipv4-capable;system-ipv6-capable;system-ipv4-rfc1918;system-ipv6-stable-30d;system-ipv6-stable-1d;system-ipv4-stable-30d;system-ipv4-stable-90d;system-ipv6-stable-90d;system-ipv4-stable-1d;system-software
node_01417,system-resolves-a-correctly;system-resolves-aaaa-correctly;system-ipv4-works;system-ipv4-capable;system-ipv6-capable;system-ipv6-ula;system-ipv4-rfc1918;system-ipv4-stable-30d;system-ipv4-stable-90d;system-ipv4-stable-1d;system-software
node_01418,system-resolves-a-correctly;system-resolves-aaaa-correctly;system-ipv4-works;system-ipv4-capable;system-ipv4-rfc1918;system-ipv4-stable-30d;system-ipv4-stable-90d;system-ipv4-stable-1d;system-software
node_01419,system-resolves-a-correctly;system-resolves-aaaa-correctly;system-ipv4-works;system-ipv6-works;system-auto-geoip-city;system-ipv4-capable;system-ipv6-capable;system-ipv6-stable-30d;system-ipv6-stable-1d;system-ipv4-stable-30d;system-ipv4-stable-90d;system-ipv6-stable-90d;system-ipv4-stable-1d;system-software
node_01420,ipv4;isp;system-resolves-a-correctly;system-resolves-aaaa-correctly;system-ipv4-works;telekom;system-ipv4-capable;system-ipv4-rfc1918;system-ipv4-stable-30d;system-ipv4-stable-90d;system-ipv4-stable-1d;epix;system-software
node_01421,datacentre;system-resolves-a-correctly;system-resolves-aaaa-correctly;system-ipv4-works;system-ipv4-capable;system-ipv4-rfc1918;system-ipv4-stable-30d;system-ipv4-stable-90d;system-ipv4-stable-1d;system-software;vps
node_01422,system-resolves-a-correctly;system-resolves-aaaa-correctly;system-ipv4-works;system-ipv6-works;system-auto-geoip-city;system-ipv4-capable;system-ipv6-capable;system-ipv6-stable-30d;system-ipv6-stable-1d;system-ipv4-stable-30d;system-ipv4-stable-90d;system-ipv6-stable-90d;system-ipv4-stable-1d;system-software
node_01423,datacentre;ipv4;ipv6;system-resolves-a-correctly;system-resolves-aaaa-correctly;system-ipv4-works;system-ipv6-works;system-ipv4-capable;system-ipv6-capable;system-ipv6-stable-30d;system-ipv6-stable-1d;system-ipv4-stable-30d;system-ipv4-stable-90d;system-ipv6-stable-90d;system-ipv4-stable-1d;system-software
node_01424,home;nat;native-ipv6;dual-stack;ipv4;ipv6;ftth;system-resolves-a-correctly;system-resolves-aaaa-correctly;system-ipv4-works;system-ipv6-doesnt-work;gpon;system-ipv4-capable;system-ipv6-capable;system-ipv4-rfc1918;ups;homelab;system-ipv6-stable-30d;system-ipv6-stable-1d;system-ipv4-stable-30d;system-ipv4-stable-90d;system-ipv6-stable-90d;system-ipv4-stable-1d;system-software;inalan-2;medianet-invest-ae
node_01425,system-resolves-a-correctly;system-resolves-aaaa-correctly;system-ipv4-works;system-ipv6-works;system-ipv4-capable;system-ipv6-capable;system-ipv6-ula;system-ipv4-rfc1918;system-ipv6-stable-30d;system-ipv6-stable-1d;system-ipv4-stable-30d;system-ipv4-stable-90d;system-ipv6-stable-90d;system-ipv4-stable-1d;system-software
node_01426,system-resolves-a-correctly;system-resolves-aaaa-correctly;system-ipv4-works;system-ipv6-works;system-auto-geoip-city;system-ipv4-capable;system-ipv6-capable;system-ipv6-ula;system-ipv4-rfc1918;system-ipv6-stable-30d;system-ipv6-stable-1d;system-ipv4-stable-30d;system-ipv4-stable-1d;system-software
node_01427,fibre;home;nat;native-ipv6;dual-stack;ipv4;ipv6;system-resolves-a-correctly;system-resolves-aaaa-correctly;system-ipv4-works;system-ipv6-doesnt-work;gpon;system-ipv4-capable;system-ipv6-capable;system-ipv4-rfc1918;system-ipv6-stable-30d;system-ipv6-stable-1d;system-ipv4-stable-30d;system-ipv4-stable-90d;system-ipv6-stable-90d;system-ipv4-stable-1d;system-software
node_01428,datacentre;native-ipv6;nat64;464xlat;system-resolves-a-correctly;system-resolves-aaaa-correctly;system-ipv4-works;system-ipv6-works;system-ipv4-capable;system-ipv6-capable;system-ipv6-stable-30d;system-ipv6-stable-1d;system-ipv4-stable-30d;system-ipv4-stable-90d;system-ipv6-stable-90d;system-ipv4-stable-1d;system-software
node_01429,datacentre;ixp;system-resolves-a-correctly;system-resolves-aaaa-incorrectly;system-ipv4-works;system-ipv6-works;system-ipv4-capable;system-ipv6-capable;system-ipv6-stable-30d;system-ipv6-stable-1d;system-ipv4-stable-30d;system-ipv4-stable-90d;system-ipv6-stable-90d;system-ipv4-stable-1d;system-software
node_01430,fibre;home;nat;native-ipv6;ipv4;ipv6;free;system-resolves-a-correctly;system-resolves-aaaa-correctly;system-ipv4-works;system-ipv6-works;native-ipv4;system-ipv4-capable;system-ipv6-capable;system-ipv4-rfc1918;system-ipv6-stable-30d;system-ipv6-stable-1d;system-ipv4-stable-30d;system-ipv4-stable-90d;system-ipv6-stable-90d;system-ipv4-stable-1d;system-software
node_01431,cable;home;ipv4;comcast;system-resolves-a-correctly;system-resolves-aaaa-correctly;system-ipv4-works;system-ipv6-works;system-ipv4-capable;system-ipv6-capable;system-ipv6-ula;system-ipv4-rfc1918;system-ipv6-stable-30d;system-ipv6-stable-1d;system-ipv4-stable-30d;system-ipv4-stable-90d;system-ipv6-stable-90d;system-ipv4-stable-1d;system-software;docker
node_01432,fibre;nat;native-ipv6;ipv4;ipv6;ftth;system-resolves-a-correctly;system-resolves-aaaa-correctly;system-ipv4-works;native-ipv4;system-ipv4-capable;system-ipv4-rfc1918;system-ipv4-stable-30d;system-ipv4-stable-90d;system-ipv4-stable-1d;system-software;raspberry-pi
node_01433,home;ftth;system-resolves-a-correctly;system-resolves-aaaa-correctly;system-ipv4-works;system-ipv4-capable;system-ipv4-rfc1918;system-ipv4-stable-30d;system-ipv4-stable-90d;system-ipv4-stable-1d;system-software
node_01434,system-resolves-a-correctly;system-resolves-aaaa-correctly;system-ipv4-works;system-auto-geoip-city;system-ipv4-capable;system-ipv4-rfc1918;system-ipv4-stable-30d;system-ipv4-stable-90d;system-ipv4-stable-1d;system-software
node_01435,system-resolves-a-correctly;system-resolves-aaaa-correctly;system-ipv4-works;system-ipv6-works;system-auto-geoip-city;system-ipv4-capable;system-ipv6-capable;system-ipv6-stable-30d;system-ipv6-stable-1d;system-ipv4-stable-30d;system-ipv4-stable-90d;system-ipv6-stable-90d;system-ipv4-stable-1d;system-software
node_01436,system-resolves-a-correctly;system-resolves-aaaa-correctly;system-ipv4-works;system-ipv6-works;system-ipv4-capable;system-ipv6-capable;system-ipv4-rfc1918;system-ipv6-stable-1d;system-ipv4-stable-90d;system-ipv6-stable-90d;system-ipv4-stable-1d;system-software
node_01437,system-resolves-a-correctly;system-resolves-aaaa-correctly;system-ipv4-works;system-ipv4-capable;system-ipv6-capable;system-ipv6-ula;system-ipv4-stable-30d;system-ipv4-stable-90d;system-ipv4-stable-1d;system-software
node_01438,fibre;home;native-ipv6;dual-stack;ipv4;ipv6;ftth;system-resolves-a-correctly;system-resolves-aaaa-correctly;system-ipv4-works;system-ipv6-works;native-ipv4;system-ipv4-capable;system-ipv6-capable;system-ipv4-rfc1918;pppoe;system-ipv6-stable-30d;system-ipv6-stable-1d;system-ipv4-stable-30d;system-ipv4-stable-90d;system-ipv6-stable-90d;system-ipv4-stable-1d;system-software;lxc;a2b
node_01439,fibre;academic;no-nat;native-ipv6;dual-stack;ipv4;ipv6;system-resolves-a-correctly;system-resolves-aaaa-correctly;system-ipv4-works;system-ipv6-works;native-ipv4;system-ipv4-capable;system-ipv6-capable;system-ipv6-stable-1d;system-ipv4-stable-90d;system-ipv4-stable-1d;system-software;docker
node_01440,system-resolves-a-correctly;system-resolves-aaaa-correctly;system-ipv4-works;system-ipv6-works;system-auto-geoip-city;system-ipv4-capable;system-ipv6-capable;system-ipv4-rfc1918;system-ipv6-stable-30d;system-ipv6-stable-1d;system-ipv4-stable-30d;system-ipv4-stable-90d;system-ipv6-stable-90d;system-ipv4-stable-1d;system-software
node_01441,fibre;home;nat;ipv4;ipv6;system-resolves-a-correctly;system-resolves-aaaa-correctly;system-ipv4-works;system-ipv6-works;system-ipv4-capable;system-ipv6-capable;system-ipv6-ula;system-ipv4-rfc1918;ipv6nat;homelab;system-ipv6-stable-30d;system-ipv6-stable-1d;system-ipv4-stable-30d;system-ipv4-stable-90d;system-ipv6-stable-90d;system-ipv4-stable-1d;system-software;docker
node_01442,datacentre;no-nat;native-ipv6;dual-stack;ipv4;ipv6;system-resolves-a-correctly;system-resolves-aaaa-correctly;system-ipv4-works;system-ipv6-works;native-ipv4;system-ipv4-capable;system-ipv6-capable;system-ipv6-stable-30d;system-ipv6-stable-1d;system-ipv4-stable-30d;system-ipv4-stable-90d;system-ipv6-stable-90d;system-ipv4-stable-1d;11;system-software;vps
node_01443,fibre;home;nat;ipv4;ftth;system-resolves-a-correctly;system-resolves-aaaa-correctly;system-ipv4-works;gpon;system-ipv4-capable;system-ipv4-rfc1918;no-ipv6;system-ipv4-stable-30d;system-ipv4-stable-90d;system-ipv4-stable-1d;system-software
node_01444,system-resolves-a-correctly;system-resolves-aaaa-correctly;system-ipv4-works;system-ipv4-capable;system-ipv4-rfc1918;system-ipv4-stable-30d;system-ipv4-stable-90d;system-ipv4-stable-1d;system-software
node_01445,home;ftth;system-resolves-a-correctly;system-resolves-aaaa-correctly;system-ipv4-works;gpon;native-ipv4;system-ipv4-capable;system-ipv4-rfc1918;system-ipv4-stable-30d;system-ipv4-stable-90d;system-ipv4-stable-1d;system-software;raspberry-pi
node_01446,system-resolves-a-correctly;system-resolves-aaaa-correctly;system-ipv4-works;system-ipv6-works;system-ipv4-capable;system-ipv6-capable;system-ipv4-rfc1918;system-ipv6-stable-30d;system-ipv6-stable-1d;system-ipv4-stable-30d;system-ipv4-stable-90d;system-ipv6-stable-90d;system-ipv4-stable-1d;system-software;zyner
node_01447,system-resolves-a-correctly;system-resolves-aaaa-correctly;system-ipv4-works;system-ipv4-capable;system-ipv4-rfc1918;system-ipv4-stable-30d;system-ipv4-stable-90d;system-ipv4-stable-1d;system-software
node_01448,fibre;home;ipv4;ftth;free;isp;system-resolves-a-correctly;system-resolves-aaaa-correctly;system-ipv4-works;system-ipv6-works;gpon;system-ipv4-capable;system-ipv6-capable;system-ipv4-rfc1918;system-ipv6-stable-1d;system-ipv4-stable-1d;system-software;raspberry-pi
node_01449,fibre;home;nat;native-ipv6;system-resolves-a-correctly;system-resolves-aaaa-correctly;system-ipv4-works;system-ipv6-works;system-ipv4-capable;system-ipv6-capable;system-ipv4-rfc1918;homelab;system-ipv6-stable-30d;system-ipv6-stable-1d;system-ipv4-stable-30d;system-ipv4-stable-90d;system-ipv6-stable-90d;system-ipv4-stable-1d;system-software;openwrt-3
node_01450,datacentre;system-resolves-a-correctly;system-resolves-aaaa-correctly;system-ipv4-works;system-auto-geoip-city;system-ipv4-capable;system-ipv4-rfc1918;system-ipv4-stable-30d;system-ipv4-stable-90d;system-ipv4-stable-1d;system-software
node_01451,ipv4;ftth;system-resolves-a-correctly;system-resolves-aaaa-correctly;system-ipv4-works;system-ipv4-capable;system-ipv6-capable;system-ipv6-ula;system-ipv4-rfc1918;system-ipv4-stable-30d;system-ipv4-stable-90d;system-ipv4-stable-1d;system-software;raspberry-pi
node_01452,datacentre;ipv6-tunnel;system-resolves-a-correctly;system-resolves-aaaa-correctly;system-ipv4-works;system-ipv6-works;system-auto-geoip-city;native-ipv4;system-ipv4-capable;system-ipv6-capable;system-ipv6-stable-30d;system-ipv6-stable-1d;system-ipv4-stable-30d;system-ipv4-stable-90d;system-ipv6-stable-90d;system-ipv4-stable-1d;system-software
node_01453,fibre;nat;ipv4;system-resolves-a-correctly;system-resolves-aaaa-correctly;system-ipv4-works;system-ipv4-capable;system-ipv4-rfc1918;system-ipv4-stable-30d;system-ipv4-stable-90d;system-ipv4-stable-1d;system-software
node_01454,system-resolves-a-correctly;system-resolves-aaaa-correctly;system-ipv4-works;system-auto-geoip-country;system-ipv4-capable;system-ipv4-rfc1918;system-ipv4-stable-30d;system-ipv4-stable-90d;system-ipv4-stable-1d;system-software
node_01455,system-resolves-a-correctly;system-resolves-aaaa-correctly;system-ipv4-works;system-auto-geoip-country;system-ipv4-capable;system-ipv4-rfc1918;system-ipv4-stable-30d;system-ipv4-stable-90d;system-ipv4-stable-1d;system-software
node_01456,system-resolves-a-correctly;system-resolves-aaaa-correctly;system-ipv4-works;system-auto-geoip-city;system-ipv4-capable;system-ipv4-rfc1918;system-ipv4-stable-30d;system-ipv4-stable-90d;system-ipv4-stable-1d;system-software;zgato
node_01457,system-resolves-a-correctly;system-resolves-aaaa-correctly;system-ipv4-works;system-ipv6-works;system-ipv4-capable;system-ipv6-capable;system-ipv6-stable-30d;system-ipv6-stable-1d;system-ipv4-stable-30d;system-ipv4-stable-90d;system-ipv6-stable-90d;system-ipv4-stable-1d;system-software;zgato
node_01458,system-resolves-a-correctly;system-resolves-aaaa-correctly;system-ipv4-works;system-auto-geoip-city;system-ipv4-capable;system-ipv4-rfc1918;system-ipv4-stable-30d;system-ipv4-stable-90d;system-ipv4-stable-1d;system-software
node_01459,system-resolves-a-correctly;system-resolves-aaaa-correctly;system-ipv4-works;system-ipv6-works;system-auto-geoip-city;system-ipv4-capable;system-ipv6-capable;system-ipv4-rfc1918;system-ipv6-stable-30d;system-ipv6-stable-1d;system-ipv4-stable-30d;system-ipv4-stable-90d;system-ipv6-stable-90d;system-ipv4-stable-1d;system-software
node_01460,datacentre;ixp;ipv4;ipv6;system-resolves-a-correctly;system-resolves-aaaa-correctly;system-ipv4-works;system-auto-geoip-city;system-ipv4-capable;system-ipv4-rfc1918;system-ipv4-stable-30d;system-ipv4-stable-90d;system-ipv4-stable-1d;system-software
node_01461,system-resolves-a-correctly;system-resolves-aaaa-correctly;system-ipv4-works;system-ipv6-works;system-auto-geoip-city;system-ipv4-capable;system-ipv6-capable;system-ipv6-stable-30d;system-ipv6-stable-1d;system-ipv4-stable-30d;system-ipv4-stable-90d;system-ipv6-stable-90d;system-ipv4-stable-1d;system-software;zgato
node_01462,system-resolves-a-correctly;system-resolves-aaaa-correctly;system-ipv4-works;system-auto-geoip-city;system-ipv4-capable;system-ipv4-stable-30d;system-ipv4-stable-90d;system-ipv4-stable-1d;system-software;zgato
node_01463,system-resolves-a-correctly;system-resolves-aaaa-correctly;system-ipv4-works;system-ipv6-works;system-ipv4-capable;system-ipv6-capable;system-ipv6-stable-30d;system-ipv6-stable-1d;system-ipv4-stable-30d;system-ipv4-stable-90d;system-ipv6-stable-90d;system-ipv4-stable-1d;system-software;zgato
node_01464,system-resolves-a-correctly;system-resolves-aaaa-correctly;system-ipv4-works;system-ipv6-works;system-ipv4-capable;system-ipv6-capable;system-ipv6-stable-30d;system-ipv6-stable-1d;system-ipv4-stable-30d;system-ipv4-stable-90d;system-ipv6-stable-90d;system-ipv4-stable-1d;system-software
node_01465,system-resolves-a-correctly;system-resolves-aaaa-correctly;system-ipv4-works;system-ipv6-works;system-ipv4-capable;system-ipv6-capable;system-ipv4-rfc1918;system-ipv6-stable-1d;system-ipv4-stable-30d;system-ipv4-stable-90d;system-ipv6-stable-90d;system-ipv4-stable-1d;system-software
node_01466,fibre;home;ipv4;ftth;system-resolves-a-correctly;system-resolves-aaaa-correctly;system-ipv4-works;system-ipv6-works;system-ipv4-capable;system-ipv6-capable;system-ipv6-ula;system-ipv4-rfc1918;system-ipv6-stable-30d;system-ipv6-stable-1d;system-ipv4-stable-30d;system-ipv4-stable-90d;system-ipv6-stable-90d;system-ipv4-stable-1d;system-software;docker
node_01467,system-resolves-a-correctly;system-resolves-aaaa-correctly;system-ipv4-works;system-ipv6-works;system-auto-geoip-city;system-ipv4-capable;system-ipv6-capable;system-ipv6-stable-30d;system-ipv6-stable-1d;system-ipv4-stable-30d;system-ipv4-stable-1d;system-software;zgato
node_01468,system-resolves-a-correctly;system-resolves-aaaa-correctly;system-ipv4-works;system-ipv6-works;system-auto-geoip-city;system-ipv4-capable;system-ipv6-capable;system-ipv6-stable-30d;system-ipv6-stable-1d;system-ipv4-stable-30d;system-ipv4-stable-90d;system-ipv6-stable-90d;system-ipv4-stable-1d;system-software;zgato
node_01469,fibre;datacentre;core;ipv4;multihomed;isp;system-resolves-a-correctly;system-resolves-aaaa-correctly;system-ipv4-works;system-ipv4-capable;system-ipv4-stable-30d;system-ipv4-stable-90d;system-ipv4-stable-1d;system-software
node_01470,system-resolves-a-correctly;system-resolves-aaaa-correctly;system-ipv4-works;system-auto-geoip-country;system-ipv4-capable;system-ipv4-stable-30d;system-ipv4-stable-90d;system-ipv4-stable-1d;system-software
node_01471,system-auto-geoip-city;system-ipv4-capable;system-ipv4-rfc1918;system-software
node_01472,system-resolves-a-correctly;system-resolves-aaaa-correctly;system-ipv4-works;system-ipv6-works;system-auto-geoip-city;system-ipv4-capable;system-ipv6-capable;system-ipv4-rfc1918;system-ipv6-stable-30d;system-ipv6-stable-1d;system-ipv4-stable-30d;system-ipv4-stable-90d;system-ipv6-stable-90d;system-ipv4-stable-1d;system-software
node_01473,system-resolves-a-correctly;system-resolves-aaaa-correctly;system-ipv4-works;system-ipv6-works;system-auto-geoip-city;system-ipv4-capable;system-ipv6-capable;system-ipv4-rfc1918;system-ipv6-stable-30d;system-ipv6-stable-1d;system-ipv4-stable-30d;system-ipv4-stable-90d;system-ipv6-stable-90d;system-ipv4-stable-1d;system-software
node_01474,system-resolves-a-correctly;system-resolves-aaaa-correctly;system-ipv4-works;system-ipv6-works;system-ipv4-capable;system-ipv6-capable;system-ipv6-stable-30d;system-ipv6-stable-1d;system-ipv4-stable-30d;system-ipv4-stable-90d;system-ipv6-stable-90d;system-ipv4-stable-1d;system-software;zgato
node_01475,system-resolves-a-correctly;system-resolves-aaaa-correctly;system-ipv4-works;system-ipv4-capable;system-ipv4-rfc1918;system-ipv4-stable-30d;system-ipv4-stable-90d;system-ipv4-stable-1d;system-software
node_01476,system-resolves-a-correctly;system-resolves-aaaa-correctly;system-ipv4-works;system-auto-geoip-city;system-ipv4-capable;system-ipv4-rfc1918;system-ipv4-stable-30d;system-ipv4-stable-90d;system-ipv4-stable-1d;system-software
node_01477,system-resolves-a-correctly;system-resolves-aaaa-correctly;system-ipv4-works;system-ipv6-works;system-auto-geoip-city;system-ipv4-capable;system-ipv6-capable;system-ipv6-stable-30d;system-ipv6-stable-1d;system-ipv4-stable-30d;system-ipv4-stable-90d;system-ipv6-stable-90d;system-ipv4-stable-1d;system-software
node_01478,system-resolves-a-correctly;system-resolves-aaaa-correctly;system-ipv4-works;system-auto-geoip-city;system-ipv4-capable;system-ipv4-rfc1918;system-ipv4-stable-30d;system-ipv4-stable-90d;system-ipv4-stable-1d;system-software
node_01479,datacentre;no-nat;ipv4;system-resolves-a-correctly;system-resolves-aaaa-correctly;system-ipv4-works;system-ipv4-capable;system-ipv4-rfc1918;no-ipv6;system-ipv4-stable-30d;system-ipv4-stable-90d;system-ipv4-stable-1d;system-software;docker
node_01480,system-resolves-a-correctly;system-resolves-aaaa-correctly;system-ipv4-works;gpon;native-ipv4;system-ipv4-capable;system-ipv4-stable-30d;system-ipv4-stable-90d;system-ipv4-stable-1d;system-software
node_01481,datacentre;native-ipv6;dual-stack;ipv4;ipv6;system-resolves-a-correctly;system-resolves-aaaa-correctly;system-ipv4-works;system-ipv6-works;system-auto-geoip-city;native-ipv4;system-ipv4-capable;system-ipv6-capable;system-ipv6-ula;system-ipv4-rfc1918;system-ipv6-stable-30d;system-ipv6-stable-1d;system-ipv4-stable-30d;system-ipv4-stable-90d;system-ipv6-stable-90d;system-ipv4-stable-1d;system-software;docker;vps
node_01482,system-resolves-a-correctly;system-resolves-aaaa-correctly;system-ipv4-works;system-ipv6-works;system-ipv4-capable;system-ipv6-capable;system-ipv6-stable-30d;system-ipv6-stable-1d;system-ipv4-stable-30d;system-ipv4-stable-90d;system-ipv6-stable-90d;system-ipv4-stable-1d;system-software
node_01483,system-resolves-a-correctly;system-resolves-aaaa-correctly;system-ipv4-works;system-ipv6-works;system-auto-geoip-country;system-ipv4-capable;system-ipv6-capable;system-ipv4-rfc1918;system-ipv6-stable-30d;system-ipv6-stable-1d;system-ipv4-stable-30d;system-ipv4-stable-90d;system-ipv6-stable-90d;system-ipv4-stable-1d;system-software
node_01484,system-resolves-a-correctly;system-resolves-aaaa-correctly;system-ipv4-works;system-ipv6-doesnt-work;system-ipv4-capable;system-ipv6-capable;system-ipv6-stable-30d;system-ipv6-stable-1d;system-ipv4-stable-30d;system-ipv4-stable-90d;system-ipv6-stable-90d;system-ipv4-stable-1d;system-software
node_01485,home;nat;ipv4;system-resolves-a-correctly;system-resolves-aaaa-correctly;system-ipv4-works;native-ipv4;system-ipv4-capable;system-ipv4-rfc1918;no-ipv6;system-ipv4-stable-30d;system-ipv4-stable-90d;system-ipv4-stable-1d;system-software
node_01486,datacentre;ipv4;ipv6;system-resolves-a-correctly;system-resolves-aaaa-correctly;system-ipv4-works;system-ipv6-works;system-ipv4-capable;system-ipv6-capable;system-ipv6-ula;system-ipv4-rfc1918;system-ipv6-stable-30d;system-ipv6-stable-1d;system-ipv4-stable-30d;system-ipv4-stable-90d;system-ipv6-stable-90d;system-ipv4-stable-1d;system-software
node_01487,native-ipv6;dual-stack;ipv4;ipv6;ftth;system-resolves-a-correctly;system-resolves-aaaa-correctly;system-ipv4-works;system-ipv6-works;native-ipv4;system-ipv4-capable;system-ipv6-capable;homelab;system-ipv6-stable-30d;system-ipv6-stable-1d;system-ipv4-stable-30d;system-ipv4-stable-90d;system-ipv6-stable-90d;system-ipv4-stable-1d;system-software;system-geoloc-disputed
node_01488,system-resolves-a-correctly;system-resolves-aaaa-correctly;system-ipv4-works;system-auto-geoip-city;system-ipv4-capable;system-ipv4-rfc1918;system-ipv4-stable-30d;system-ipv4-stable-90d;system-ipv4-stable-1d;system-software
node_01489,system-auto-geoip-city;system-ipv4-capable;system-ipv4-rfc1918;system-software
node_01490,system-auto-geoip-city;system-ipv4-capable;system-ipv4-rfc1918;system-software
node_01491,system-auto-geoip-city;system-ipv4-capable;system-ipv4-rfc1918;system-software
node_01492,system-auto-geoip-city;system-ipv4-capable;system-software
node_01493,system-auto-geoip-city;system-ipv4-capable;system-ipv4-rfc1918;system-software;system-geoloc-disputed
node_01494,system-auto-geoip-city;system-ipv4-capable;system-ipv4-rfc1918;system-software
node_01495,system-auto-geoip-city;system-ipv4-capable;system-ipv4-rfc1918;system-software
node_01496,system-auto-geoip-city;system-ipv4-capable;system-ipv4-rfc1918;system-software
node_01497,system-auto-geoip-city;system-ipv4-capable;system-ipv4-rfc1918;system-software
node_01498,system-auto-geoip-city;system-ipv4-capable;system-ipv4-rfc1918;system-software
node_01499,system-auto-geoip-city;system-ipv4-capable;system-ipv4-rfc1918;system-software
node_01500,system-auto-geoip-city;system-ipv4-capable;system-ipv4-rfc1918;system-software
node_01501,system-auto-geoip-city;system-ipv4-capable;system-ipv4-rfc1918;system-software
node_01502,system-auto-geoip-city;system-ipv4-capable;system-ipv4-rfc1918;system-software
node_01503,system-auto-geoip-city;system-ipv4-capable;system-ipv4-rfc1918;system-software;system-geoloc-disputed
node_01504,system-auto-geoip-city;system-ipv4-capable;system-ipv4-rfc1918;system-software
node_01505,system-auto-geoip-country;system-ipv4-capable;system-ipv4-rfc1918;system-ipv4-stable-1d;system-software;system-geoloc-disputed
node_01506,system-auto-geoip-city;system-ipv4-capable;system-ipv4-rfc1918;system-software
node_01507,system-resolves-a-correctly;system-resolves-aaaa-correctly;system-ipv4-works;system-auto-geoip-city;system-ipv4-capable;system-ipv6-capable;system-ipv6-ula;system-ipv4-stable-30d;system-ipv4-stable-90d;system-ipv4-stable-1d;system-software
node_01508,system-auto-geoip-city;system-ipv4-capable;system-ipv6-capable;system-ipv4-rfc1918;system-software
node_01509,datacentre;nat;native-ipv6;dual-stack;ipv4;ipv6;system-resolves-a-correctly;system-resolves-aaaa-correctly;system-ipv4-works;system-ipv6-works;native-ipv4;system-ipv4-capable;system-ipv6-capable;system-ipv6-ula;system-ipv4-rfc1918;ipv6nat;system-ipv6-stable-30d;system-ipv6-stable-1d;system-ipv4-stable-30d;system-ipv4-stable-90d;system-ipv6-stable-90d;system-ipv4-stable-1d;system-software
node_01510,system-resolves-a-correctly;system-resolves-aaaa-correctly;system-ipv4-works;system-ipv6-works;system-auto-geoip-city;system-ipv4-capable;system-ipv6-capable;system-ipv6-stable-30d;system-ipv6-stable-1d;system-ipv4-stable-30d;system-ipv4-stable-90d;system-ipv6-stable-90d;system-ipv4-stable-1d;system-software;zgato
node_01511,academic;ipv4;system-resolves-a-correctly;system-resolves-aaaa-correctly;system-ipv4-works;system-auto-geoip-city;system-ipv4-capable;system-ipv4-rfc1918;system-ipv4-stable-30d;system-ipv4-stable-90d;system-ipv4-stable-1d;system-software
node_01512,fibre;native-ipv6;ipv4;ipv6;system-resolves-a-correctly;system-resolves-aaaa-correctly;system-ipv4-works;system-ipv6-works;gpon;system-auto-geoip-city;system-ipv4-capable;system-ipv6-capable;system-ipv4-rfc1918;system-ipv6-stable-30d;system-ipv6-stable-1d;system-ipv4-stable-30d;system-ipv4-stable-90d;system-ipv6-stable-90d;system-ipv4-stable-1d;system-software
node_01513,system-resolves-a-correctly;system-resolves-aaaa-correctly;system-ipv4-works;system-auto-geoip-city;system-ipv4-capable;system-ipv4-stable-30d;system-ipv4-stable-90d;system-ipv4-stable-1d;system-software
node_01514,system-resolves-a-correctly;system-resolves-aaaa-correctly;system-ipv4-works;system-auto-geoip-city;system-ipv4-capable;system-ipv4-rfc1918;system-ipv4-stable-30d;system-ipv4-stable-1d;system-software
node_01515,system-resolves-a-correctly;system-resolves-aaaa-correctly;system-ipv4-works;system-auto-geoip-city;system-ipv4-capable;system-ipv4-stable-1d;system-software;zgato
node_01516,system-resolves-a-correctly;system-resolves-aaaa-correctly;system-ipv4-works;system-ipv6-works;system-auto-geoip-city;system-ipv4-capable;system-ipv6-capable;system-ipv6-ula;system-ipv4-rfc1918;system-ipv6-stable-30d;system-ipv6-stable-1d;system-ipv4-stable-30d;system-ipv4-stable-90d;system-ipv6-stable-90d;system-ipv4-stable-1d;system-software
node_01517,system-resolves-a-correctly;system-resolves-aaaa-correctly;system-ipv4-works;system-ipv6-works;system-ipv4-capable;system-ipv6-capable;system-ipv4-rfc1918;system-ipv6-stable-30d;system-ipv6-stable-1d;system-ipv4-stable-30d;system-ipv4-stable-90d;system-ipv6-stable-90d;system-ipv4-stable-1d;system-software
node_01518,system-resolves-a-correctly;system-resolves-aaaa-correctly;system-ipv4-works;system-ipv6-works;system-auto-geoip-city;system-ipv4-capable;system-ipv6-capable;system-ipv4-rfc1918;system-ipv6-stable-1d;system-ipv4-stable-1d;system-software
node_01519,system-resolves-a-correctly;system-resolves-aaaa-correctly;system-ipv4-works;system-ipv4-capable;system-ipv4-rfc1918;system-ipv4-stable-30d;system-ipv4-stable-90d;system-ipv4-stable-1d;system-software
node_01520,system-resolves-a-correctly;system-resolves-aaaa-correctly;system-ipv4-works;system-auto-geoip-city;system-ipv4-capable;system-ipv4-rfc1918;system-ipv4-stable-30d;system-ipv4-stable-90d;system-ipv4-stable-1d;system-software
node_01521,system-resolves-a-correctly;system-resolves-aaaa-correctly;system-ipv4-works;system-auto-geoip-city;system-ipv4-capable;system-ipv4-stable-30d;system-ipv4-stable-90d;system-ipv4-stable-1d;system-software
node_01522,system-resolves-a-correctly;system-resolves-aaaa-correctly;system-ipv4-works;system-ipv6-works;system-ipv4-capable;system-ipv6-capable;system-ipv6-ula;system-ipv4-rfc1918;system-ipv6-stable-30d;system-ipv6-stable-1d;system-ipv4-stable-30d;system-ipv4-stable-90d;system-ipv6-stable-90d;system-ipv4-stable-1d;system-software
node_01523,home;nat;ipv4;ftth;isp;system-resolves-a-correctly;system-resolves-aaaa-correctly;system-ipv4-works;gpon;system-auto-geoip-city;system-ipv4-capable;system-ipv4-rfc1918;homelab;pppoe;no-ipv6;system-ipv4-stable-30d;system-ipv4-stable-90d;system-ipv4-stable-1d;system-software;docker;openwrt-3
node_01524,system-ipv4-capable;system-ipv6-capable;system-ipv4-rfc1918;system-software
node_01525,datacentre;no-nat;ipv4;system-resolves-a-correctly;system-resolves-aaaa-correctly;system-ipv4-works;native-ipv4;system-ipv4-capable;system-ipv6-capable;system-ipv6-ula;no-ipv6;system-ipv4-stable-30d;system-ipv4-stable-90d;system-ipv4-stable-1d;system-software;vps;buyvm
node_01526,system-resolves-a-correctly;system-resolves-aaaa-correctly;system-ipv4-works;system-ipv6-works;system-auto-geoip-city;system-ipv4-capable;system-ipv6-capable;system-ipv6-stable-30d;system-ipv6-stable-1d;system-ipv4-stable-30d;system-ipv4-stable-90d;system-ipv6-stable-90d;system-ipv4-stable-1d;system-software;zgato
node_01527,system-auto-geoip-city;system-ipv4-capable;system-ipv4-rfc1918;system-software
node_01528,system-auto-geoip-country;system-ipv4-capable;system-ipv4-rfc1918;system-software
node_01529,system-resolves-a-correctly;system-resolves-aaaa-correctly;system-ipv4-works;system-auto-geoip-city;system-ipv4-capable;system-ipv6-capable;system-ipv6-ula;system-ipv4-stable-30d;system-ipv4-stable-90d;system-ipv4-stable-1d;system-software
node_01530,system-auto-geoip-city;system-ipv4-capable;system-ipv4-rfc1918;system-software
node_01531,nat;ipv6-tunnel;fios;system-resolves-a-correctly;system-resolves-aaaa-correctly;system-ipv4-works;system-ipv6-works;system-ipv4-capable;system-ipv6-capable;system-ipv4-rfc1918;system-ipv6-stable-30d;system-ipv6-stable-1d;system-ipv4-stable-30d;system-ipv4-stable-90d;system-ipv6-stable-90d;system-ipv4-stable-1d;system-software
node_01532,home;comcast;system-resolves-a-correctly;system-resolves-aaaa-correctly;system-ipv4-works;system-ipv4-capable;system-ipv4-rfc1918;system-ipv4-stable-30d;system-ipv4-stable-90d;system-ipv4-stable-1d;docsis-31;system-software;raspberry-pi
node_01533,system-resolves-a-correctly;system-resolves-aaaa-correctly;system-ipv4-works;system-ipv6-works;system-auto-geoip-city;system-ipv4-capable;system-ipv6-capable;system-ipv6-stable-30d;system-ipv6-stable-1d;system-ipv4-stable-30d;system-ipv4-stable-1d;system-software
node_01534,datacentre;dual-stack;ipv4;ipv6;system-resolves-a-correctly;system-resolves-aaaa-correctly;system-ipv4-works;system-ipv6-works;system-auto-geoip-city;system-ipv4-capable;system-ipv6-capable;system-ipv6-ula;system-ipv4-rfc1918;system-ipv6-stable-30d;system-ipv6-stable-1d;system-ipv4-stable-30d;system-ipv4-stable-90d;system-ipv6-stable-90d;system-ipv4-stable-1d;system-software
node_01535,system-resolves-a-correctly;system-resolves-aaaa-correctly;system-ipv4-works;system-ipv6-doesnt-work;system-auto-geoip-city;system-ipv4-capable;system-ipv6-capable;system-ipv6-stable-30d;system-ipv6-stable-1d;system-ipv4-stable-30d;system-ipv4-stable-90d;system-ipv6-stable-90d;system-ipv4-stable-1d;system-software;zgato
node_01536,system-resolves-a-correctly;system-resolves-aaaa-correctly;system-ipv4-works;system-ipv6-works;system-auto-geoip-city;system-ipv4-capable;system-ipv6-capable;system-ipv6-stable-30d;system-ipv6-stable-1d;system-ipv4-stable-30d;system-ipv4-stable-90d;system-ipv6-stable-90d;system-ipv4-stable-1d;system-software
node_01537,system-resolves-a-correctly;system-resolves-aaaa-correctly;system-ipv4-works;system-ipv6-works;system-auto-geoip-country;system-ipv4-capable;system-ipv6-capable;system-ipv6-stable-30d;system-ipv6-stable-1d;system-ipv4-stable-30d;system-ipv4-stable-90d;system-ipv6-stable-90d;system-ipv4-stable-1d;system-software
node_01538,system-resolves-a-correctly;system-resolves-aaaa-correctly;system-ipv4-works;system-ipv6-works;system-auto-geoip-country;system-ipv4-capable;system-ipv6-capable;system-ipv6-stable-30d;system-ipv6-stable-1d;system-ipv4-stable-30d;system-ipv4-stable-90d;system-ipv6-stable-90d;system-ipv4-stable-1d;system-software
node_01539,ipv4;ftth;system-resolves-a-correctly;system-resolves-aaaa-correctly;system-ipv4-works;system-auto-geoip-city;system-ipv4-capable;system-ipv4-rfc1918;system-ipv4-stable-30d;system-ipv4-stable-90d;system-ipv4-stable-1d;system-software
node_01540,system-resolves-a-correctly;system-resolves-aaaa-correctly;system-ipv4-works;system-ipv6-works;system-auto-geoip-city;system-ipv4-capable;system-ipv6-capable;system-ipv6-stable-30d;system-ipv6-stable-1d;system-ipv4-stable-30d;system-ipv4-stable-90d;system-ipv6-stable-90d;system-ipv4-stable-1d;system-software;zgato
node_01541,system-resolves-a-correctly;system-resolves-aaaa-correctly;system-ipv4-works;system-ipv6-works;system-auto-geoip-city;system-ipv4-capable;system-ipv6-capable;system-ipv6-stable-30d;system-ipv6-stable-1d;system-ipv4-stable-30d;system-ipv4-stable-90d;system-ipv6-stable-90d;system-ipv4-stable-1d;system-software
node_01542,system-resolves-a-correctly;system-resolves-aaaa-correctly;system-ipv4-works;system-auto-geoip-city;system-ipv4-capable;system-ipv4-rfc1918;system-ipv4-stable-30d;system-ipv4-stable-90d;system-ipv4-stable-1d;system-software
node_01543,system-resolves-a-correctly;system-resolves-aaaa-correctly;system-ipv4-works;system-ipv6-works;system-ipv4-capable;system-ipv6-capable;system-ipv6-stable-1d;system-ipv4-stable-1d;system-software
node_01544,system-resolver-mangles-case;system-ipv4-works;system-auto-geoip-city;system-ipv4-capable;system-ipv4-rfc1918;system-ipv4-stable-30d;system-ipv4-stable-90d;system-ipv4-stable-1d;system-software
node_01545,system-resolves-a-correctly;system-resolves-aaaa-correctly;system-ipv4-works;system-ipv6-works;system-ipv4-capable;system-ipv6-capable;system-ipv6-ula;system-ipv4-rfc1918;system-ipv6-stable-30d;system-ipv6-stable-1d;system-ipv4-stable-30d;system-ipv4-stable-90d;system-ipv6-stable-90d;system-ipv4-stable-1d;system-software
node_01546,system-resolves-a-correctly;system-resolves-aaaa-correctly;system-ipv4-works;system-auto-geoip-country;system-ipv4-capable;system-ipv4-rfc1918;system-ipv4-stable-30d;system-ipv4-stable-90d;system-ipv4-stable-1d;system-software
node_01547,system-resolves-a-correctly;system-resolves-aaaa-correctly;system-ipv4-works;system-auto-geoip-city;system-ipv4-capable;system-ipv4-rfc1918;system-ipv4-stable-30d;system-ipv4-stable-90d;system-ipv4-stable-1d;system-software
node_01548,system-resolves-a-correctly;system-doesnt-resolve-aaaa;system-ipv4-works;system-ipv6-doesnt-work;system-ipv4-capable;system-ipv6-capable;system-ipv4-rfc1918;system-ipv6-stable-30d;system-ipv6-stable-1d;system-ipv4-stable-30d;system-ipv4-stable-90d;system-ipv6-stable-90d;system-ipv4-stable-1d;system-software;docker
node_01549,system-resolves-a-correctly;system-resolves-aaaa-correctly;system-ipv4-works;system-ipv6-works;system-auto-geoip-city;system-ipv4-capable;system-ipv6-capable;system-ipv4-rfc1918;system-ipv6-stable-30d;system-ipv6-stable-1d;system-ipv4-stable-30d;system-ipv4-stable-90d;system-ipv6-stable-90d;system-ipv4-stable-1d;system-software
node_01550,system-resolves-a-correctly;system-resolves-aaaa-correctly;system-ipv4-works;system-auto-geoip-city;system-ipv4-capable;system-ipv6-capable;system-ipv4-rfc1918;system-ipv4-stable-30d;system-ipv4-stable-1d;system-software
node_01551,vodafone;system-resolves-a-correctly;system-resolves-aaaa-correctly;system-ipv4-works;system-ipv4-capable;system-ipv4-rfc1918;system-ipv4-stable-30d;system-ipv4-stable-1d;system-software;turis
node_01552,system-resolves-a-correctly;system-resolves-aaaa-correctly;system-ipv4-works;system-ipv6-works;system-auto-geoip-city;system-ipv4-capable;system-ipv6-capable;system-ipv6-stable-30d;system-ipv6-stable-1d;system-ipv4-stable-30d;system-ipv4-stable-1d;system-software
node_01553,system-resolves-a-correctly;system-resolves-aaaa-correctly;system-ipv4-works;system-ipv4-capable;system-ipv4-rfc1918;system-ipv4-stable-30d;system-ipv4-stable-1d;system-software
node_01554,system-resolves-a-correctly;system-resolves-aaaa-correctly;system-ipv4-works;system-ipv6-works;system-auto-geoip-country;system-ipv4-capable;system-ipv6-capable;system-ipv6-stable-30d;system-ipv6-stable-1d;system-ipv4-stable-30d;system-ipv4-stable-1d;system-software;zgato
node_01555,system-resolves-a-correctly;system-resolves-aaaa-correctly;system-ipv4-works;system-auto-geoip-city;system-ipv4-capable;system-ipv4-stable-30d;system-ipv4-stable-1d;system-software
node_01556,system-resolves-a-correctly;system-resolves-aaaa-correctly;system-ipv4-works;system-auto-geoip-city;system-ipv4-capable;system-ipv4-stable-30d;system-ipv4-stable-1d;system-software
node_01557,system-resolves-a-correctly;system-resolves-aaaa-correctly;system-ipv4-works;system-auto-geoip-country;system-ipv4-capable;system-ipv4-stable-1d;system-software
node_01558,system-resolves-a-correctly;system-resolves-aaaa-correctly;system-ipv4-works;system-auto-geoip-country;system-ipv4-capable;system-ipv4-stable-30d;system-ipv4-stable-1d;system-software
node_01559,system-auto-geoip-city;system-ipv4-capable;system-ipv4-rfc1918;system-software
node_01560,cable;home;native-ipv6;system-resolves-a-correctly;system-resolves-aaaa-correctly;system-ipv4-works;system-ipv6-works;system-ipv4-capable;system-ipv6-capable;system-ipv4-rfc1918;system-ipv6-stable-1d;system-ipv4-stable-30d;system-ipv4-stable-1d;docsis-31;system-software;raspberry-pi
node_01561,system-resolves-a-correctly;system-resolves-aaaa-correctly;system-ipv4-works;system-ipv6-works;system-auto-geoip-city;system-ipv4-capable;system-ipv6-capable;system-ipv4-rfc1918;system-ipv6-stable-30d;system-ipv6-stable-1d;system-ipv4-stable-30d;system-ipv4-stable-1d;system-software
node_01562,system-auto-geoip-city;system-ipv4-capable;system-ipv6-capable;system-software
node_01563,system-auto-geoip-city;system-ipv4-capable;system-ipv6-capable;system-software
node_01564,system-resolves-a-correctly;system-resolves-aaaa-correctly;system-ipv4-works;system-auto-geoip-country;system-ipv4-capable;system-ipv4-stable-30d;system-ipv4-stable-1d;system-software
node_01565,system-resolves-a-correctly;system-resolves-aaaa-correctly;system-ipv4-works;system-ipv6-works;system-auto-geoip-city;system-ipv4-capable;system-ipv6-capable;system-ipv6-stable-30d;system-ipv6-stable-1d;system-ipv4-stable-30d;system-ipv4-stable-1d;system-software
node_01566,system-resolves-a-correctly;system-resolves-aaaa-correctly;system-ipv4-works;system-auto-geoip-country;system-ipv4-capable;system-ipv4-stable-30d;system-ipv4-stable-1d;system-software
node_01567,system-resolves-a-correctly;system-resolves-aaaa-correctly;system-ipv4-works;system-auto-geoip-city;system-ipv4-capable;system-ipv4-rfc1918;system-ipv4-stable-30d;system-ipv4-stable-1d;system-software
node_01568,system-resolves-a-correctly;system-resolves-aaaa-correctly;system-ipv4-works;system-ipv4-capable;system-ipv4-stable-30d;system-ipv4-stable-1d;system-software
node_01569,system-resolves-a-correctly;system-resolves-aaaa-correctly;system-ipv4-works;system-ipv6-works;system-ipv4-capable;system-ipv6-capable;system-ipv4-rfc1918;system-ipv6-stable-1d;system-ipv4-stable-1d;system-software;raspberry-pi
node_01570,system-resolves-a-correctly;system-resolves-aaaa-correctly;system-ipv4-works;system-ipv6-works;system-auto-geoip-city;system-ipv4-capable;system-ipv6-capable;system-ipv6-stable-1d;system-ipv4-stable-1d;system-software
node_01571,system-ipv4-capable;system-ipv4-rfc1918;system-software
node_01572,system-resolves-a-correctly;system-resolves-aaaa-correctly;system-ipv4-works;system-ipv6-works;system-auto-geoip-city;system-ipv4-capable;system-ipv6-capable;system-ipv4-rfc1918;system-ipv6-stable-1d;system-ipv4-stable-1d;system-software
node_01573,system-resolves-a-correctly;system-resolves-aaaa-correctly;system-ipv4-works;system-ipv6-doesnt-work;system-auto-geoip-city;system-ipv4-capable;system-ipv6-capable;system-ipv6-ula;system-ipv4-rfc1918;system-ipv6-stable-1d;system-ipv4-stable-1d;system-software
node_01574,datacentre;system-auto-geoip-city;system-ipv4-capable;system-software;xtom
node_01575,system-resolves-a-correctly;system-resolves-aaaa-correctly;system-ipv4-works;system-ipv6-works;system-ipv4-capable;system-ipv6-capable;system-ipv4-rfc1918;system-ipv6-stable-1d;system-ipv4-stable-1d;system-software
node_01576,system-resolves-a-correctly;system-resolves-aaaa-correctly;system-ipv4-works;system-ipv6-works;system-ipv4-capable;system-ipv6-capable;system-ipv6-stable-1d;system-ipv4-stable-1d;system-software
node_01577,system-resolves-a-correctly;system-resolves-aaaa-correctly;system-ipv4-works;system-ipv6-works;system-auto-geoip-city;system-ipv4-capable;system-ipv6-capable;system-ipv4-rfc1918;system-ipv6-stable-1d;system-ipv4-stable-1d;system-software
